num_acc;lum;agg;inter;atm;col;dep;date
2017002898;1;2;1;1;3;570;28/08/2017
2017002899;1;2;1;1;3;570;04/10/2017
2017002900;1;2;1;1;6;570;05/05/2017
2017002901;3;1;1;1;1;570;24/05/2017
2017002902;1;2;1;1;6;570;22/07/2017
2017002903;1;2;3;1;3;570;02/09/2017
2017002904;4;2;1;1;6;570;20/01/2017
2017002905;3;1;1;1;7;570;15/03/2017
2017002906;3;1;1;2;6;570;07/05/2017
2017002907;1;1;1;7;6;570;24/05/2017
2017002908;1;2;1;1;7;570;25/05/2017
2017002909;1;1;1;1;7;570;19/06/2017
2017002910;1;2;1;1;6;570;21/09/2017
2017002911;2;2;2;1;3;570;01/11/2017
2017002912;5;2;1;2;6;570;14/12/2017
2017002913;1;1;1;2;6;570;17/12/2017
2017002914;1;2;1;1;6;570;20/05/2017
2017002915;1;1;3;2;3;570;01/07/2017
2017002916;1;1;1;1;7;570;13/07/2017
2017002917;1;2;4;1;6;570;14/07/2017
2017002918;1;1;1;1;1;570;26/08/2017
2017002919;1;2;1;1;6;570;01/09/2017
2017002920;1;2;1;1;3;570;15/09/2017
2017002921;1;1;1;1;1;570;07/10/2017
2017002922;1;2;3;1;1;570;07/10/2017
2017002923;3;1;1;1;1;570;21/01/2017
2017002924;1;1;1;1;5;570;30/04/2017
2017002925;1;2;3;1;1;570;03/05/2017
2017002926;1;2;1;1;1;570;01/06/2017
2017002927;3;1;1;1;7;570;11/06/2017
2017002928;1;1;1;1;6;570;25/06/2017
2017002929;1;2;6;1;3;570;25/06/2017
2017002930;1;2;3;2;3;570;16/09/2017
2017002931;3;1;1;1;7;570;17/09/2017
2017002932;1;1;1;1;7;570;15/11/2017
2017002933;5;1;1;2;1;570;21/02/2017
2017002934;2;1;1;1;6;570;02/03/2017
2017002935;3;1;1;1;7;570;28/03/2017
2017002936;1;2;4;1;1;570;25/05/2017
2017002937;5;2;1;2;6;570;08/01/2017
2017002938;3;1;1;2;6;570;10/01/2017
2017002939;1;2;6;1;6;570;25/01/2017
2017002940;1;2;3;7;6;570;06/01/2017
2017002941;5;2;1;1;6;570;03/03/2017
2017002942;1;2;4;1;6;570;29/03/2017
2017002943;1;2;1;1;3;570;26/06/2017
2017002944;1;1;3;8;1;570;01/08/2017
2017002945;5;2;1;1;6;570;30/09/2017
2017002946;5;2;7;2;6;570;28/11/2017
2017002947;5;2;6;1;6;570;12/12/2017
2017002948;1;2;1;1;3;540;25/03/2017
2017002949;1;1;1;1;4;540;30/05/2017
2017002950;1;2;6;1;6;540;11/06/2017
2017002951;1;2;1;1;6;540;20/11/2017
2017002952;5;1;1;2;6;540;24/11/2017
2017002953;5;2;9;1;6;540;19/12/2017
2017002954;5;2;9;2;1;540;27/12/2017
2017002955;3;1;1;2;6;540;30/12/2017
2017002956;3;1;1;1;5;540;23/01/2017
2017002957;1;1;1;8;1;540;25/01/2017
2017002958;1;1;1;1;7;540;02/05/2017
2017002959;1;1;1;1;3;540;24/06/2017
2017002960;1;2;1;1;6;540;05/07/2017
2017002961;2;1;1;1;3;540;27/07/2017
2017002962;1;1;1;1;3;540;29/07/2017
2017002963;1;2;1;2;7;540;16/09/2017
2017002964;2;2;3;1;3;540;22/09/2017
2017002965;1;2;2;7;3;540;22/11/2017
2017002966;1;2;3;1;3;540;18/12/2017
2017002967;1;2;3;1;3;30;19/12/2017
2017002968;1;2;6;1;6;30;18/12/2017
2017002969;1;2;1;1;1;30;10/02/2017
2017002970;1;2;3;2;6;30;22/12/2017
2017002971;1;2;1;1;6;30;10/02/2017
2017002972;5;2;1;1;6;30;10/02/2017
2017002973;5;2;6;1;6;30;02/03/2017
2017002974;5;2;1;1;6;30;14/03/2017
2017002975;1;2;1;1;3;30;16/03/2017
2017002976;5;2;1;1;6;30;25/03/2017
2017002977;1;2;5;1;3;30;11/04/2017
2017002978;3;2;1;1;6;30;04/04/2017
2017002979;1;2;2;1;3;30;30/03/2017
2017002980;5;2;2;1;3;30;21/04/2017
2017002981;2;2;1;1;6;30;23/04/2017
2017002982;1;1;3;1;1;30;08/05/2017
2017002983;1;2;1;1;6;30;09/05/2017
2017002984;1;2;3;1;3;30;29/05/2017
2017002985;1;2;1;1;3;30;02/06/2017
2017002986;1;2;1;2;3;30;29/06/2017
2017002987;1;2;2;1;3;30;06/07/2017
2017002988;1;2;1;1;3;30;06/07/2017
2017002989;1;2;2;2;5;30;09/07/2017
2017002990;1;2;2;1;3;30;17/07/2017
2017002991;1;2;1;1;3;30;16/07/2017
2017002992;1;2;1;1;2;30;04/08/2017
2017002993;1;2;3;1;3;30;14/08/2017
2017002994;5;2;3;1;1;30;23/08/2017
2017002995;1;2;3;1;3;30;30/08/2017
2017002996;1;2;7;1;6;30;12/09/2017
2017002997;1;1;1;1;6;30;28/09/2017
2017002998;1;2;3;1;6;30;09/10/2017
2017002999;1;2;7;1;6;30;10/11/2017
2017003000;5;2;2;1;6;30;17/11/2017
2017003001;3;2;3;1;3;30;22/11/2017
2017003002;1;2;2;1;3;30;02/12/2017
2017003003;1;1;1;9;1;540;01/01/2017
2017003004;1;1;1;7;7;540;28/03/2017
2017003005;1;1;1;8;2;540;09/11/2017
2017003006;1;1;1;4;2;540;29/11/2017
2017003007;1;1;1;1;7;540;21/04/2017
2017003008;3;1;1;4;1;540;29/12/2017
2017003009;1;1;3;1;2;540;31/12/2017
2017003010;1;1;1;8;6;540;05/02/2017
2017003011;1;1;3;9;3;540;26/02/2017
2017003012;1;2;1;1;1;540;10/03/2017
2017003013;1;1;1;7;1;540;30/04/2017
2017003014;1;1;1;1;7;540;12/06/2017
2017003015;1;1;1;1;6;540;25/08/2017
2017003016;3;1;1;1;7;540;28/08/2017
2017003017;1;1;2;1;1;540;25/10/2017
2017003018;1;2;1;1;6;550;07/04/2017
2017003019;5;2;1;1;6;550;08/04/2017
2017003020;5;2;1;1;6;550;25/05/2017
2017003021;1;1;2;1;3;550;26/07/2017
2017003022;2;1;2;3;3;550;10/11/2017
2017003023;1;1;1;4;6;880;10/02/2017
2017003024;1;1;3;1;3;880;11/04/2017
2017003025;1;1;2;1;3;880;17/06/2017
2017003026;1;1;1;1;6;880;13/08/2017
2017003027;1;1;9;1;2;880;07/10/2017
2017003028;1;1;1;3;6;880;27/10/2017
2017003029;1;2;1;4;5;880;13/01/2017
2017003030;3;1;1;2;7;880;12/02/2017
2017003031;3;2;1;1;6;880;23/02/2017
2017003032;1;1;1;1;1;880;11/06/2017
2017003033;4;2;1;1;6;880;24/06/2017
2017003034;1;2;1;1;2;880;17/07/2017
2017003035;2;2;1;2;6;880;17/08/2017
2017003036;1;2;1;1;3;880;23/09/2017
2017003037;1;1;9;1;7;880;14/10/2017
2017003038;1;1;1;1;7;880;01/04/2017
2017003039;1;1;3;1;4;880;11/06/2017
2017003040;1;1;1;1;7;880;29/07/2017
2017003041;1;1;9;1;6;880;08/09/2017
2017003042;1;2;2;2;3;880;27/10/2017
2017003043;3;2;1;1;7;880;16/12/2017
2017003044;2;2;2;2;6;880;19/12/2017
2017003045;3;1;1;1;6;880;19/02/2017
2017003046;3;1;1;1;6;880;08/04/2017
2017003047;1;1;1;7;6;880;28/05/2017
2017003048;1;2;1;1;3;880;26/05/2017
2017003049;1;1;1;1;1;880;29/05/2017
2017003050;1;1;1;1;6;880;10/06/2017
2017003051;1;1;6;7;3;880;18/06/2017
2017003052;1;1;1;1;3;880;17/08/2017
2017003053;1;1;1;1;2;880;17/08/2017
2017003054;2;1;1;2;6;880;31/08/2017
2017003055;3;1;1;1;7;880;13/11/2017
2017003056;1;1;2;2;3;880;11/01/2017
2017003057;1;1;1;8;1;880;10/02/2017
2017003058;1;1;1;1;1;880;02/03/2017
2017003059;1;1;1;8;7;880;19/03/2017
2017003060;1;1;1;7;6;880;27/03/2017
2017003061;1;1;1;1;2;880;10/04/2017
2017003062;1;1;1;1;7;880;21/05/2017
2017003063;1;1;3;1;7;880;24/05/2017
2017003064;1;2;2;1;3;880;06/07/2017
2017003065;1;1;1;1;3;880;06/08/2017
2017003066;1;2;1;7;6;880;06/10/2017
2017003067;3;1;1;5;7;880;05/12/2017
2017003068;1;1;1;1;1;880;26/03/2017
2017003069;1;1;1;2;3;880;17/04/2017
2017003070;1;2;1;1;6;880;18/04/2017
2017003071;1;1;1;1;6;880;23/04/2017
2017003072;1;1;3;1;7;880;29/05/2017
2017003073;1;1;6;7;3;880;18/06/2017
2017003074;1;1;9;1;4;880;14/07/2017
2017003075;1;1;1;1;1;880;15/10/2017
2017003076;1;1;1;1;3;880;15/10/2017
2017003077;3;1;1;2;6;670;31/01/2017
2017003078;1;1;1;1;2;670;17/03/2017
2017003079;1;2;1;8;3;670;15/04/2017
2017003080;1;1;1;1;1;670;15/05/2017
2017003081;1;1;1;7;1;670;31/05/2017
2017003082;1;1;1;7;6;670;08/07/2017
2017003083;3;1;1;1;6;670;12/09/2017
2017003084;1;2;1;1;3;670;18/09/2017
2017003085;3;1;1;8;5;670;07/12/2017
2017003086;1;2;1;1;3;670;12/03/2017
2017003087;1;2;1;1;3;670;06/05/2017
2017003088;1;1;1;1;4;670;19/06/2017
2017003089;1;2;1;1;3;670;30/06/2017
2017003090;5;2;2;1;3;670;03/07/2017
2017003091;1;2;1;1;7;670;11/07/2017
2017003092;1;2;1;1;3;670;01/09/2017
2017003093;1;1;1;4;5;670;14/01/2017
2017003094;1;2;6;1;6;670;27/01/2017
2017003095;1;1;1;1;6;670;15/04/2017
2017003096;1;2;6;2;6;670;02/07/2017
2017003097;2;2;1;1;3;670;13/07/2017
2017003098;1;1;1;1;6;670;29/07/2017
2017003099;1;2;1;7;3;670;29/08/2017
2017003100;2;1;1;1;7;670;20/10/2017
2017003101;2;1;1;3;7;670;05/11/2017
2017003102;3;1;1;2;7;670;13/11/2017
2017003103;1;2;9;1;6;670;15/03/2017
2017003104;1;2;1;1;6;670;03/05/2017
2017003105;1;2;1;1;1;670;09/07/2017
2017003106;1;2;1;1;6;670;16/01/2017
2017003107;1;2;1;1;6;670;22/03/2017
2017003108;5;2;1;5;1;670;11/08/2017
2017003109;1;2;1;8;6;670;12/10/2017
2017003110;1;2;9;8;3;670;21/10/2017
2017003111;1;1;1;1;5;670;14/11/2017
2017003112;1;2;1;1;3;670;20/11/2017
2017003113;1;2;1;8;6;670;22/12/2017
2017003114;1;1;1;1;1;670;02/06/2017
2017003115;1;1;3;1;6;670;30/06/2017
2017003116;1;2;1;1;6;670;27/01/2017
2017003117;1;2;1;2;6;670;04/02/2017
2017003118;1;2;6;1;3;670;26/03/2017
2017003119;1;1;1;1;7;670;28/11/2017
2017003120;1;2;1;1;1;670;21/04/2017
2017003121;1;1;1;7;6;670;30/04/2017
2017003122;1;2;1;1;3;670;12/05/2017
2017003123;3;2;1;1;1;670;27/05/2017
2017003124;1;2;1;1;1;670;14/07/2017
2017003125;3;1;1;1;6;670;13/07/2017
2017003126;1;2;1;1;3;670;17/07/2017
2017003127;1;1;1;1;1;670;23/07/2017
2017003128;1;2;1;1;3;670;03/08/2017
2017003129;1;1;1;1;1;670;24/08/2017
2017003130;5;2;1;1;2;670;31/08/2017
2017003131;1;2;1;8;2;670;30/09/2017
2017003132;1;2;8;1;3;670;06/10/2017
2017003133;1;1;1;1;1;670;13/10/2017
2017003134;1;2;6;1;6;670;19/10/2017
2017003135;5;2;1;3;6;670;12/11/2017
2017003136;5;2;1;1;6;670;19/12/2017
2017003137;1;2;1;1;6;670;13/03/2017
2017003138;1;1;1;1;3;670;25/05/2017
2017003139;1;1;1;1;1;670;17/06/2017
2017003140;1;2;1;1;2;670;22/09/2017
2017003141;1;1;1;1;7;670;18/11/2017
2017003142;2;1;1;1;6;670;23/02/2017
2017003143;1;2;1;1;7;670;27/05/2017
2017003144;1;1;3;1;3;670;13/06/2017
2017003145;1;1;1;1;7;670;15/07/2017
2017003146;1;1;1;1;5;670;27/09/2017
2017003147;1;1;1;1;2;670;25/10/2017
2017003148;1;1;1;7;7;670;31/10/2017
2017003149;3;1;1;1;6;670;01/11/2017
2017003150;2;2;1;1;6;670;23/11/2017
2017003151;5;2;1;2;6;670;30/12/2017
2017003152;1;1;1;1;6;670;01/01/2017
2017003153;1;2;1;1;6;670;07/02/2017
2017003154;2;2;1;2;2;670;21/02/2017
2017003155;1;2;1;1;1;670;11/03/2017
2017003156;1;2;1;1;2;670;05/04/2017
2017003157;5;2;1;1;6;670;22/04/2017
2017003158;1;1;1;1;3;670;24/08/2017
2017003159;2;1;1;1;1;670;28/02/2017
2017003160;1;2;6;1;3;670;28/04/2017
2017003161;1;2;1;1;3;670;21/08/2017
2017003162;3;1;1;5;1;670;26/10/2017
2017003163;1;2;1;1;3;670;27/02/2017
2017003164;1;2;1;1;7;670;16/04/2017
2017003165;1;1;1;1;1;670;07/06/2017
2017003166;1;2;1;1;3;670;13/06/2017
2017003167;1;1;1;1;5;670;12/06/2017
2017003168;1;1;1;1;3;670;26/06/2017
2017003169;1;1;1;1;1;670;30/06/2017
2017003170;1;2;1;1;6;670;01/09/2017
2017003171;1;2;1;1;6;670;10/09/2017
2017003172;5;2;1;1;3;670;10/10/2017
2017003173;5;2;1;8;3;670;06/12/2017
2017003174;1;1;1;1;3;670;27/02/2017
2017003175;3;1;1;2;3;670;08/03/2017
2017003176;1;1;1;2;6;670;18/03/2017
2017003177;1;1;1;1;6;670;28/03/2017
2017003178;1;1;1;1;3;670;11/05/2017
2017003179;1;1;1;1;6;670;13/05/2017
2017003180;1;2;1;1;1;670;27/05/2017
2017003181;1;1;1;1;3;670;29/09/2017
2017003182;3;1;1;1;6;670;06/11/2017
2017003183;1;1;1;1;6;670;16/11/2017
2017003184;5;2;1;1;6;670;13/01/2017
2017003185;1;1;1;1;7;670;10/05/2017
2017003186;1;1;1;1;7;670;21/05/2017
2017003187;1;1;1;1;7;670;04/05/2017
2017003188;1;1;1;1;7;670;27/05/2017
2017003189;1;1;1;1;7;670;26/05/2017
2017003190;1;1;1;1;1;670;11/06/2017
2017003191;1;1;1;1;7;670;12/06/2017
2017003192;1;1;1;1;1;670;16/06/2017
2017003193;1;1;1;1;6;670;30/06/2017
2017003194;1;2;9;1;6;670;15/07/2017
2017003195;1;2;1;1;7;670;05/08/2017
2017003196;3;1;1;1;6;670;17/08/2017
2017003197;1;1;1;1;7;670;17/08/2017
2017003198;3;1;1;2;2;670;22/02/2017
2017003199;1;2;1;1;7;670;02/04/2017
2017003200;1;2;9;2;6;670;11/05/2017
2017003201;1;1;1;1;5;670;18/08/2017
2017003202;1;2;1;1;2;670;17/08/2017
2017003203;1;2;1;1;6;670;27/08/2017
2017003204;1;2;1;1;3;670;26/09/2017
2017003205;5;2;9;1;6;670;29/09/2017
2017003206;3;1;1;1;6;670;27/10/2017
2017003207;1;1;1;1;6;670;25/02/2017
2017003208;1;1;1;1;7;670;23/06/2017
2017003209;1;2;1;1;6;670;26/06/2017
2017003210;1;2;1;1;6;670;29/06/2017
2017003211;1;2;1;1;1;670;04/07/2017
2017003212;1;2;1;1;6;670;12/07/2017
2017003213;1;2;1;1;6;670;06/08/2017
2017003214;1;1;1;1;6;670;19/08/2017
2017003215;1;2;3;4;2;680;04/01/2017
2017003216;2;1;3;4;3;680;04/01/2017
2017003217;5;2;3;4;6;680;13/01/2017
2017003218;2;2;4;1;6;680;16/02/2017
2017003219;2;2;3;7;1;680;26/02/2017
2017003220;5;2;1;1;6;680;09/04/2017
2017003221;1;2;2;1;2;680;27/05/2017
2017003222;1;1;1;1;1;680;02/06/2017
2017003223;1;2;3;1;1;680;06/06/2017
2017003224;1;1;1;1;1;680;11/06/2017
2017003225;1;2;1;7;5;680;07/07/2017
2017003226;1;1;1;1;5;680;11/07/2017
2017003227;3;1;1;2;6;680;13/07/2017
2017003228;1;1;1;1;3;680;16/07/2017
2017003229;1;1;1;1;6;680;16/07/2017
2017003230;3;1;1;1;2;680;03/09/2017
2017003231;1;2;6;1;3;680;28/09/2017
2017003232;5;2;3;2;6;680;30/09/2017
2017003233;1;2;4;7;4;680;06/12/2017
2017003234;1;2;1;1;6;680;06/12/2017
2017003235;1;1;1;1;7;680;09/01/2017
2017003236;1;2;1;4;3;680;10/01/2017
2017003237;1;1;1;1;4;680;13/01/2017
2017003238;3;1;1;1;6;680;18/01/2017
2017003239;3;1;1;1;6;680;23/01/2017
2017003240;1;2;2;1;3;680;17/02/2017
2017003241;1;1;1;6;3;680;08/03/2017
2017003242;1;1;3;1;7;680;12/04/2017
2017003243;3;1;1;1;6;680;10/05/2017
2017003244;1;2;2;1;3;680;27/07/2017
2017003245;1;2;1;1;6;680;27/08/2017
2017003246;1;2;3;1;3;680;16/09/2017
2017003247;1;1;2;8;3;680;11/12/2017
2017003248;1;1;1;1;2;680;22/12/2017
2017003249;2;1;1;8;2;680;05/02/2017
2017003250;3;1;1;1;6;680;18/02/2017
2017003251;2;1;1;1;7;680;27/03/2017
2017003252;1;1;1;1;5;680;09/04/2017
2017003253;1;1;1;1;6;680;20/05/2017
2017003254;1;1;1;1;7;680;12/06/2017
2017003255;1;1;1;1;6;680;26/07/2017
2017003256;1;1;3;1;3;680;26/08/2017
2017003257;1;1;1;1;7;680;24/09/2017
2017003258;3;1;1;1;6;680;06/10/2017
2017003259;2;1;2;1;3;680;02/12/2017
2017003260;1;2;3;1;6;680;22/02/2017
2017003261;1;1;1;1;7;680;04/03/2017
2017003262;1;2;1;1;6;680;13/03/2017
2017003263;1;2;6;2;3;680;25/04/2017
2017003264;1;2;1;1;2;680;05/05/2017
2017003265;1;1;1;1;6;680;21/05/2017
2017003266;1;2;6;1;3;680;07/06/2017
2017003267;1;1;1;1;7;680;11/06/2017
2017003268;1;1;1;1;6;680;06/08/2017
2017003269;1;1;1;1;6;680;15/08/2017
2017003270;1;1;1;1;7;680;01/10/2017
2017003271;1;1;1;2;1;680;05/10/2017
2017003272;1;1;1;1;7;680;11/10/2017
2017003273;3;1;1;8;6;680;24/10/2017
2017003274;1;1;1;2;6;680;28/11/2017
2017003275;1;1;3;1;6;680;01/01/2017
2017003276;5;2;1;9;5;680;01/01/2017
2017003277;5;2;1;9;6;680;02/01/2017
2017003278;1;1;1;5;6;680;02/01/2017
2017003279;1;2;2;1;6;680;17/01/2017
2017003280;1;2;9;1;1;680;02/03/2017
2017003281;3;1;1;1;7;680;23/03/2017
2017003282;5;2;1;1;6;680;25/03/2017
2017003283;1;1;4;1;6;680;12/04/2017
2017003284;1;1;1;1;3;680;13/05/2017
2017003285;5;2;1;1;6;680;27/06/2017
2017003286;3;2;3;1;6;680;25/12/2017
2017003287;2;2;1;4;6;680;03/01/2017
2017003288;1;2;2;1;3;680;20/01/2017
2017003289;1;2;2;2;2;680;31/01/2017
2017003290;5;2;2;3;6;680;31/01/2017
2017003291;2;2;6;1;3;680;14/02/2017
2017003292;1;2;1;2;2;680;28/02/2017
2017003293;4;2;1;2;6;680;28/02/2017
2017003294;2;2;6;1;3;680;25/03/2017
2017003295;2;2;1;1;3;680;31/03/2017
2017003296;1;2;1;1;6;680;07/04/2017
2017003297;1;2;1;1;1;680;24/04/2017
2017003298;2;2;1;2;6;680;26/04/2017
2017003299;1;2;2;1;1;680;19/06/2017
2017003300;1;2;2;1;3;680;16/07/2017
2017003301;2;2;4;1;3;680;19/07/2017
2017003302;1;2;1;1;3;680;06/09/2017
2017003303;1;2;3;1;5;680;29/09/2017
2017003304;1;2;1;2;6;680;08/10/2017
2017003305;1;2;2;3;3;680;25/11/2017
2017003306;5;2;2;2;6;680;24/11/2017
2017003307;1;2;3;1;2;680;03/01/2017
2017003308;5;2;1;2;3;680;20/02/2017
2017003309;2;1;1;1;7;680;13/03/2017
2017003310;3;1;1;1;6;680;14/04/2017
2017003311;1;1;1;2;1;680;26/04/2017
2017003312;1;1;9;1;6;680;11/05/2017
2017003313;1;1;1;1;6;680;19/06/2017
2017003314;3;2;4;1;6;680;26/06/2017
2017003315;1;2;2;1;2;680;17/07/2017
2017003316;1;2;2;1;3;680;17/07/2017
2017003317;2;2;3;1;3;680;14/08/2017
2017003318;1;1;3;1;6;680;23/08/2017
2017003319;1;1;1;1;7;680;03/09/2017
2017003320;1;1;1;8;6;680;27/10/2017
2017003321;3;1;1;1;7;680;26/11/2017
2017003322;1;1;1;8;6;680;01/12/2017
2017003323;1;2;1;1;6;680;02/02/2017
2017003324;1;2;3;1;4;680;09/02/2017
2017003325;1;2;3;7;6;680;14/02/2017
2017003326;5;2;2;1;3;680;22/02/2017
2017003327;1;2;7;2;6;680;28/02/2017
2017003328;1;1;4;1;1;680;01/04/2017
2017003329;1;2;1;1;6;680;09/04/2017
2017003330;1;1;2;1;3;680;08/04/2017
2017003331;1;2;3;1;3;680;08/07/2017
2017003332;1;1;1;1;3;680;10/09/2017
2017003333;1;2;1;8;1;680;13/11/2017
2017003334;5;2;2;1;3;680;07/12/2017
2017003335;1;2;3;3;3;680;13/12/2017
2017003336;1;2;1;4;1;680;05/01/2017
2017003337;1;2;4;8;2;680;12/01/2017
2017003338;1;2;1;1;2;680;26/01/2017
2017003339;1;2;1;1;2;680;27/01/2017
2017003340;1;2;1;1;6;680;03/02/2017
2017003341;1;1;1;1;6;680;18/02/2017
2017003342;1;1;4;1;2;680;27/02/2017
2017003343;2;1;1;1;1;680;12/03/2017
2017003344;1;1;2;1;2;680;28/03/2017
2017003345;1;1;1;1;7;680;14/04/2017
2017003346;1;1;6;1;3;680;27/05/2017
2017003347;1;2;1;1;6;680;31/05/2017
2017003348;3;1;1;1;6;680;10/06/2017
2017003349;2;1;1;1;6;680;07/07/2017
2017003350;1;2;3;3;1;680;09/07/2017
2017003351;3;1;1;1;6;680;30/09/2017
2017003352;1;2;2;1;6;680;14/11/2017
2017003353;5;2;8;2;3;680;08/12/2017
2017003354;5;2;1;1;6;680;29/01/2017
2017003355;2;1;1;2;3;680;17/02/2017
2017003356;1;1;4;1;5;680;19/02/2017
2017003357;1;2;3;1;3;680;26/02/2017
2017003358;1;2;1;1;6;680;02/03/2017
2017003359;1;2;1;5;2;680;10/03/2017
2017003360;1;2;3;1;3;680;13/03/2017
2017003361;1;1;1;1;1;680;26/03/2017
2017003362;1;1;3;2;1;680;14/05/2017
2017003363;1;1;1;3;1;680;14/05/2017
2017003364;1;2;1;1;3;680;21/05/2017
2017003365;1;2;1;1;1;680;10/06/2017
2017003366;1;1;1;1;7;680;18/06/2017
2017003367;5;2;6;1;6;680;29/07/2017
2017003368;1;1;1;1;1;680;09/08/2017
2017003369;1;1;1;1;6;680;22/08/2017
2017003370;1;1;1;1;3;680;27/08/2017
2017003371;1;1;1;1;7;680;04/09/2017
2017003372;1;1;1;1;7;680;10/09/2017
2017003373;1;1;1;1;7;680;24/09/2017
2017003374;1;2;1;1;3;680;04/10/2017
2017003375;1;1;1;1;7;680;15/10/2017
2017003376;2;1;1;1;1;680;13/11/2017
2017003377;3;1;1;4;6;680;08/12/2017
2017003378;2;2;1;1;1;680;25/12/2017
2017003379;3;1;1;1;6;510;19/02/2017
2017003380;2;1;1;5;3;510;10/03/2017
2017003381;1;1;1;1;6;510;22/04/2017
2017003382;1;1;1;1;6;510;03/09/2017
2017003383;2;2;1;2;1;510;12/09/2017
2017003384;3;1;1;1;3;510;16/12/2017
2017003385;1;1;1;8;6;80;03/01/2017
2017003386;3;1;1;1;4;80;03/01/2017
2017003387;3;1;1;8;6;80;17/02/2017
2017003388;1;1;1;2;2;80;20/02/2017
2017003389;3;1;1;5;2;80;10/03/2017
2017003390;1;1;1;3;5;80;09/06/2017
2017003391;1;1;1;1;7;80;08/10/2017
2017003392;2;1;1;2;4;80;08/11/2017
2017003393;2;1;1;1;6;80;28/02/2017
2017003394;1;2;1;1;7;80;25/06/2017
2017003395;1;2;1;1;7;80;30/07/2017
2017003396;1;2;1;1;7;80;01/09/2017
2017003397;5;2;3;3;6;80;12/11/2017
2017003398;5;2;1;1;7;80;12/12/2017
2017003399;1;1;1;1;1;100;02/01/2017
2017003400;2;1;1;5;7;100;01/01/2017
2017003401;1;1;3;2;3;100;02/01/2017
2017003402;2;1;1;4;6;100;02/01/2017
2017003403;3;2;1;9;6;520;29/01/2017
2017003404;1;1;1;1;7;520;14/06/2017
2017003405;3;1;1;4;1;520;30/11/2017
2017003406;1;1;1;5;7;520;04/12/2017
2017003407;3;2;1;2;6;520;12/01/2017
2017003408;1;1;1;8;3;520;13/01/2017
2017003409;1;1;2;2;3;520;13/01/2017
2017003410;1;1;1;1;6;520;24/01/2017
2017003411;1;1;3;2;1;520;08/03/2017
2017003412;1;2;1;2;3;520;07/03/2017
2017003413;1;1;1;1;1;520;14/03/2017
2017003414;1;2;1;2;1;520;07/05/2017
2017003415;1;2;9;1;3;520;22/05/2017
2017003416;1;1;2;1;3;520;26/05/2017
2017003417;1;2;7;1;6;520;29/05/2017
2017003418;1;1;1;1;5;520;26/06/2017
2017003419;3;1;3;1;3;520;14/07/2017
2017003420;1;1;3;8;3;520;30/07/2017
2017003421;2;1;1;5;1;520;20/09/2017
2017003422;3;1;3;1;6;520;20/09/2017
2017003423;1;2;1;2;2;520;30/09/2017
2017003424;1;1;1;1;6;520;18/10/2017
2017003425;5;2;3;3;6;520;14/12/2017
2017003426;1;1;1;8;6;520;12/12/2017
2017003427;1;1;1;7;3;210;17/03/2017
2017003428;1;1;1;1;4;210;03/04/2017
2017003429;1;2;1;1;7;210;14/06/2017
2017003430;1;1;1;1;7;210;07/08/2017
2017003431;3;1;1;1;1;210;14/11/2017
2017003432;2;1;2;2;3;210;06/03/2017
2017003433;1;1;1;1;1;210;22/04/2017
2017003434;1;1;1;1;4;210;31/05/2017
2017003435;1;1;1;1;6;210;15/06/2017
2017003436;1;2;1;1;6;210;27/06/2017
2017003437;2;1;1;1;1;210;16/07/2017
2017003438;1;1;1;1;1;210;27/09/2017
2017003439;5;2;1;1;3;210;11/12/2017
2017003440;1;1;1;1;6;210;13/04/2017
2017003441;1;1;1;1;1;210;24/05/2017
2017003442;5;2;1;1;7;210;21/06/2017
2017003443;1;1;2;1;6;210;13/08/2017
2017003444;1;1;3;1;3;210;15/08/2017
2017003445;3;1;3;1;3;210;22/09/2017
2017003446;5;2;6;1;6;210;15/10/2017
2017003447;3;1;1;1;7;210;02/11/2017
2017003448;1;1;1;1;3;210;22/11/2017
2017003449;5;2;1;1;6;210;15/03/2017
2017003450;1;1;1;1;7;210;14/05/2017
2017003451;1;2;6;1;3;210;15/06/2017
2017003452;1;1;1;1;6;210;24/06/2017
2017003453;1;1;1;1;7;210;21/07/2017
2017003454;1;2;3;1;3;210;23/07/2017
2017003455;1;1;1;1;7;210;23/07/2017
2017003456;2;1;3;2;3;210;09/09/2017
2017003457;1;1;1;1;7;210;28/09/2017
2017003458;1;1;1;2;7;210;23/03/2017
2017003459;1;1;1;1;6;210;09/04/2017
2017003460;1;2;1;2;3;210;25/04/2017
2017003461;2;1;1;1;1;210;05/06/2017
2017003462;1;1;1;1;6;210;17/06/2017
2017003463;1;2;1;1;7;210;05/07/2017
2017003464;1;1;1;1;7;210;16/07/2017
2017003465;1;1;1;1;6;210;20/07/2017
2017003466;1;2;2;1;3;210;24/08/2017
2017003467;1;1;2;7;3;210;19/09/2017
2017003468;3;1;1;1;6;210;23/09/2017
2017003469;5;2;1;1;6;580;11/03/2017
2017003470;1;2;1;1;7;580;21/05/2017
2017003471;1;2;1;1;1;580;21/05/2017
2017003472;1;2;1;1;3;580;05/06/2017
2017003473;1;2;1;1;3;580;22/07/2017
2017003474;1;2;1;3;6;580;14/09/2017
2017003475;1;1;2;2;3;580;06/11/2017
2017003476;5;2;1;2;6;580;15/11/2017