num_acc;lum;agg;inter;atm;col;dep;date
2017003477;3;1;1;3;1;580;24/11/2017
2017003478;5;2;2;8;3;580;16/12/2017
2017003479;1;2;1;1;6;710;16/01/2017
2017003480;5;2;6;1;6;710;02/04/2017
2017003481;3;1;1;1;3;710;12/03/2017
2017003482;5;2;1;1;6;710;12/03/2017
2017003483;1;1;1;1;2;710;17/03/2017
2017003484;1;2;3;1;3;710;24/03/2017
2017003485;1;1;2;3;3;710;11/05/2017
2017003486;1;1;1;2;3;710;19/05/2017
2017003487;2;1;1;1;6;710;03/06/2017
2017003488;1;1;1;1;2;710;09/06/2017
2017003489;1;1;1;3;4;710;15/06/2017
2017003490;4;2;9;1;6;710;05/07/2017
2017003491;1;1;4;1;3;710;06/07/2017
2017003492;3;1;1;1;6;710;16/07/2017
2017003493;1;1;1;1;3;710;01/08/2017
2017003494;2;2;1;2;6;710;09/09/2017
2017003495;1;1;1;1;4;710;16/10/2017
2017003496;3;1;1;1;1;710;07/12/2017
2017003497;1;1;3;2;3;710;19/12/2017
2017003498;5;2;1;2;7;710;27/12/2017
2017003499;1;2;1;1;2;710;10/02/2017
2017003500;1;1;1;7;2;710;09/04/2017
2017003501;1;1;1;2;6;710;26/04/2017
2017003502;1;1;1;1;6;710;30/07/2017
2017003503;3;1;1;1;6;710;03/01/2017
2017003504;3;1;1;1;7;710;12/03/2017
2017003505;4;1;1;1;7;710;09/06/2017
2017003506;3;1;1;9;6;710;08/01/2017
2017003507;3;1;1;8;6;710;09/01/2017
2017003508;1;1;1;4;1;710;14/01/2017
2017003509;1;1;1;1;1;710;09/08/2017
2017003510;1;1;1;1;1;710;06/09/2017
2017003511;3;1;1;5;6;710;07/10/2017
2017003512;1;1;1;1;1;710;13/05/2017
2017003513;1;2;1;1;6;710;26/06/2017
2017003514;1;2;3;1;6;710;01/09/2017
2017003515;1;2;2;1;3;710;05/12/2017
2017003516;1;1;1;1;1;710;12/01/2017
2017003517;2;1;2;1;3;710;27/01/2017
2017003518;1;1;2;2;2;710;06/02/2017
2017003519;1;1;1;1;7;710;16/04/2017
2017003520;1;2;1;1;6;710;21/05/2017
2017003521;5;2;1;1;7;710;02/06/2017
2017003522;1;1;1;1;7;710;05/08/2017
2017003523;1;1;1;1;1;710;08/08/2017
2017003524;3;1;1;1;6;710;03/03/2017
2017003525;1;2;1;1;6;710;14/03/2017
2017003526;1;1;1;3;1;710;23/03/2017
2017003527;1;1;1;1;4;710;01/06/2017
2017003528;1;1;1;1;7;710;15/07/2017
2017003529;2;1;1;1;4;710;28/07/2017
2017003530;1;1;1;1;2;890;16/01/2017
2017003531;3;1;1;1;2;890;15/02/2017
2017003532;1;1;1;1;2;890;01/03/2017
2017003533;1;1;1;1;7;890;20/04/2017
2017003534;1;1;1;1;6;890;20/05/2017
2017003535;1;1;1;1;6;890;07/06/2017
2017003536;1;1;1;1;6;890;24/06/2017
2017003537;1;1;1;2;2;890;30/06/2017
2017003538;3;1;1;1;2;890;22/07/2017
2017003539;1;1;1;1;6;890;31/08/2017
2017003540;3;1;1;1;6;890;30/09/2017
2017003541;1;1;1;1;7;890;11/10/2017
2017003542;3;1;1;2;6;890;13/01/2017
2017003543;3;1;1;5;3;890;31/01/2017
2017003544;3;1;1;1;6;890;08/04/2017
2017003545;1;1;1;1;7;890;02/05/2017
2017003546;1;1;1;1;6;890;14/05/2017
2017003547;3;1;1;1;6;890;17/06/2017
2017003548;3;1;1;1;6;890;04/07/2017
2017003549;1;1;1;1;2;890;18/07/2017
2017003550;3;1;1;1;6;890;18/07/2017
2017003551;3;1;9;2;6;890;18/08/2017
2017003552;3;1;1;1;4;890;12/10/2017
2017003553;3;1;1;1;7;890;13/10/2017
2017003554;3;1;1;5;6;890;26/10/2017
2017003555;3;1;1;9;6;890;09/11/2017
2017003556;3;1;3;5;6;890;19/02/2017
2017003557;1;2;2;1;3;890;19/02/2017
2017003558;5;2;2;2;3;890;31/03/2017
2017003559;1;1;1;1;6;890;07/05/2017
2017003560;1;1;1;1;2;890;20/07/2017
2017003561;1;1;1;2;1;890;25/07/2017
2017003562;1;1;1;1;7;890;03/08/2017
2017003563;1;1;2;1;3;890;12/07/2017
2017003564;2;2;1;2;4;890;23/10/2017
2017003565;1;1;1;2;1;890;28/11/2017
2017003566;3;1;1;1;6;890;10/01/2017
2017003567;1;2;3;1;3;890;27/05/2017
2017003568;5;2;1;1;7;890;14/09/2017
2017003569;1;1;1;1;5;890;31/10/2017
2017003570;3;1;1;1;1;890;29/11/2017
2017003571;5;2;1;1;7;890;17/01/2017
2017003572;2;1;1;1;5;890;24/03/2017
2017003573;2;1;6;1;7;890;22/05/2017
2017003574;1;2;1;1;1;890;25/05/2017
2017003575;1;1;3;1;3;890;25/05/2017
2017003576;5;2;1;1;6;890;16/06/2017
2017003577;1;1;1;1;3;890;04/08/2017
2017003578;1;1;1;2;6;890;13/09/2017
2017003579;3;1;1;5;6;890;22/09/2017
2017003580;1;2;2;1;3;890;09/10/2017
2017003581;2;1;3;8;3;890;21/12/2017
2017003582;1;2;1;1;1;250;16/01/2017
2017003583;3;1;1;3;6;250;25/04/2017
2017003584;1;2;1;1;6;250;16/06/2017
2017003585;1;2;1;1;1;250;24/06/2017
2017003586;2;2;1;1;6;250;20/07/2017
2017003587;1;2;1;1;7;250;26/10/2017
2017003588;1;2;3;1;3;250;22/11/2017
2017003589;3;1;1;8;1;40;05/02/2017
2017003590;1;1;1;1;4;40;27/03/2017
2017003591;1;2;1;1;6;40;31/03/2017
2017003592;1;1;1;1;6;40;04/04/2017
2017003593;1;2;1;1;6;40;18/05/2017
2017003594;2;2;6;1;6;40;08/07/2017
2017003595;1;2;1;1;3;40;13/07/2017
2017003596;1;2;1;1;2;40;29/07/2017
2017003597;1;2;1;2;6;40;06/08/2017
2017003598;1;2;3;1;3;40;04/09/2017
2017003599;1;2;1;1;6;40;02/10/2017
2017003600;1;1;1;1;7;390;02/02/2017
2017003601;1;1;1;1;6;390;25/02/2017
2017003602;1;1;1;7;7;390;12/04/2017
2017003603;1;1;1;1;3;390;29/04/2017
2017003604;1;1;1;2;1;390;11/05/2017
2017003605;1;2;2;1;3;390;14/05/2017
2017003606;1;1;1;1;1;390;30/07/2017
2017003607;1;2;1;7;6;390;07/08/2017
2017003608;1;2;1;1;6;390;13/10/2017
2017003609;3;1;1;2;6;390;21/10/2017
2017003610;3;1;1;9;6;390;26/12/2017
2017003611;3;1;1;1;1;40;28/01/2017
2017003612;5;2;3;1;3;40;15/02/2017
2017003613;5;2;1;1;7;40;22/02/2017
2017003614;1;1;3;1;3;40;10/03/2017
2017003615;1;2;1;1;6;40;16/04/2017
2017003616;1;2;3;1;3;40;22/04/2017
2017003617;1;2;1;1;2;40;04/05/2017
2017003618;1;2;9;1;3;40;08/05/2017
2017003619;3;2;1;8;6;40;14/05/2017
2017003620;1;2;1;1;7;40;10/06/2017
2017003621;2;1;1;1;6;40;12/06/2017
2017003622;1;2;1;1;6;40;12/06/2017
2017003623;1;1;1;1;1;40;08/06/2017
2017003624;1;1;1;1;2;40;03/07/2017
2017003625;1;1;1;1;6;40;22/08/2017
2017003626;5;1;6;1;6;40;25/08/2017
2017003627;1;2;6;1;3;40;29/09/2017
2017003628;5;2;1;1;6;40;17/10/2017
2017003629;1;2;3;1;6;40;20/10/2017
2017003630;1;2;1;1;6;40;27/11/2017
2017003631;5;2;1;1;3;40;30/11/2017
2017003632;2;2;1;1;6;40;13/12/2017
2017003633;1;1;2;1;3;40;20/12/2017
2017003634;3;2;1;1;1;40;23/12/2017
2017003635;1;2;6;1;6;40;28/12/2017
2017003636;3;1;1;2;7;700;05/03/2017
2017003637;1;2;1;1;3;700;22/04/2017
2017003638;1;1;2;1;3;700;17/05/2017
2017003639;1;1;1;1;1;700;24/11/2017
2017003640;3;2;1;1;1;700;03/12/2017
2017003641;1;1;3;1;2;700;14/01/2017
2017003642;3;1;1;1;6;700;27/01/2017
2017003643;3;1;1;8;5;700;21/02/2017
2017003644;1;1;1;2;7;700;21/03/2017
2017003645;1;1;1;7;6;700;30/03/2017
2017003646;1;2;6;1;3;700;04/06/2017
2017003647;1;2;3;7;3;700;12/06/2017
2017003648;1;1;1;1;7;700;13/08/2017
2017003649;1;2;1;1;3;700;29/09/2017
2017003650;3;1;1;2;6;260;29/01/2017
2017003651;1;1;1;1;2;260;07/02/2017
2017003652;3;1;1;3;6;380;28/02/2017
2017003653;3;1;1;1;3;260;11/03/2017
2017003654;3;1;1;1;3;380;17/03/2017
2017003655;1;1;1;1;2;380;09/05/2017
2017003656;1;1;1;1;5;260;18/05/2017
2017003657;1;1;1;1;6;260;26/05/2017
2017003658;1;1;1;1;2;380;05/06/2017
2017003659;1;2;9;1;3;380;09/06/2017
2017003660;3;1;9;1;2;380;15/06/2017
2017003661;3;1;1;1;2;260;05/07/2017
2017003662;1;1;1;1;6;380;08/07/2017
2017003663;1;2;1;1;1;380;19/07/2017
2017003664;1;1;1;1;2;260;25/07/2017
2017003665;1;1;1;1;2;380;19/08/2017
2017003666;1;1;1;1;6;260;20/09/2017
2017003667;1;1;1;1;5;260;20/10/2017
2017003668;3;1;1;1;2;380;27/10/2017
2017003669;1;1;1;1;6;260;31/10/2017
2017003670;1;1;1;1;3;380;19/11/2017
2017003671;3;1;1;1;5;260;25/11/2017
2017003672;1;1;1;1;2;260;26/11/2017
2017003673;3;1;1;1;6;260;03/01/2017
2017003674;1;1;1;1;5;260;19/01/2017
2017003675;1;1;1;1;6;260;26/02/2017
2017003676;3;1;1;1;3;260;09/03/2017
2017003677;1;1;1;1;4;260;21/04/2017
2017003678;1;1;1;1;6;260;20/05/2017
2017003679;1;1;1;1;5;260;10/06/2017
2017003680;1;1;1;1;6;260;09/08/2017
2017003681;1;1;1;1;3;260;13/08/2017
2017003682;1;1;1;1;3;260;14/09/2017
2017003683;1;1;9;1;3;130;10/02/2017
2017003684;1;2;1;1;1;130;27/03/2017
2017003685;1;2;1;1;6;130;13/04/2017
2017003686;1;2;3;1;3;130;16/10/2017
2017003687;1;1;1;1;1;130;14/01/2017
2017003688;1;1;1;1;1;130;07/03/2017
2017003689;1;1;2;1;1;130;19/03/2017
2017003690;1;1;3;1;5;130;14/04/2017
2017003691;1;1;2;1;3;130;17/04/2017
2017003692;3;1;1;1;2;130;25/04/2017
2017003693;5;2;1;1;6;130;06/05/2017
2017003694;1;2;1;1;2;130;11/05/2017
2017003695;5;2;1;1;6;130;16/05/2017
2017003696;1;1;1;1;3;130;25/06/2017
2017003697;1;1;1;1;6;130;26/06/2017
2017003698;1;2;1;1;6;130;15/07/2017
2017003699;5;2;6;1;1;130;29/09/2017
2017003700;2;1;9;1;3;130;09/10/2017
2017003701;5;2;6;1;2;130;21/10/2017
2017003702;1;1;1;1;1;130;17/01/2017
2017003703;5;2;1;4;6;130;25/01/2017
2017003704;1;1;1;8;6;130;26/01/2017
2017003705;1;1;9;1;6;130;10/03/2017
2017003706;3;1;1;1;6;130;12/03/2017
2017003707;3;1;1;1;6;130;14/05/2017
2017003708;3;1;1;1;6;130;06/06/2017
2017003709;5;2;1;1;1;130;24/07/2017
2017003710;3;1;1;1;6;130;07/08/2017
2017003711;2;1;9;1;3;130;08/09/2017
2017003712;3;1;1;1;6;130;14/09/2017
2017003713;3;1;1;1;1;130;11/10/2017
2017003714;1;2;1;2;6;130;08/12/2017
2017003715;1;1;1;1;2;130;19/04/2017
2017003716;1;1;3;1;2;130;26/06/2017
2017003717;3;1;1;1;6;130;02/09/2017
2017003718;2;2;3;1;6;130;08/11/2017
2017003719;5;2;6;1;3;130;22/11/2017
2017003720;1;1;1;1;6;130;17/04/2017
2017003721;1;1;1;1;2;130;17/06/2017
2017003722;3;1;1;1;6;130;09/11/2017
2017003723;1;1;1;2;1;130;27/02/2017
2017003724;3;1;1;1;3;130;19/03/2017
2017003725;3;1;1;1;6;130;15/04/2017
2017003726;1;1;1;1;6;130;17/06/2017
2017003727;1;1;1;1;2;130;26/06/2017
2017003728;3;1;1;1;6;130;02/07/2017
2017003729;1;1;1;1;3;130;14/08/2017
2017003730;1;1;1;2;6;130;05/11/2017
2017003731;1;1;1;1;6;130;15/11/2017
2017003732;3;1;1;1;2;130;15/11/2017
2017003733;1;1;1;1;1;130;24/12/2017
2017003734;3;1;9;1;7;130;21/01/2017
2017003735;1;1;3;1;5;130;19/01/2017
2017003736;1;2;1;1;1;130;14/02/2017
2017003737;1;1;2;1;3;130;03/03/2017
2017003738;1;1;2;8;5;130;27/04/2017
2017003739;1;2;1;1;6;130;19/05/2017
2017003740;1;2;1;1;7;130;21/05/2017
2017003741;1;1;1;1;1;130;03/06/2017
2017003742;3;1;1;1;1;130;11/06/2017
2017003743;1;2;1;1;2;130;27/06/2017
2017003744;2;1;1;1;2;130;01/07/2017
2017003745;1;1;2;1;3;130;03/07/2017
2017003746;1;1;2;1;3;130;12/07/2017
2017003747;1;1;1;1;6;130;25/07/2017
2017003748;5;2;6;1;3;130;02/08/2017
2017003749;1;1;2;1;2;130;05/09/2017
2017003750;3;1;1;1;6;130;19/09/2017
2017003751;1;1;3;7;3;130;10/10/2017
2017003752;1;2;1;7;2;130;30/11/2017
2017003753;3;1;2;1;3;130;21/12/2017
2017003754;3;1;1;1;3;130;23/12/2017
2017003755;3;1;1;1;2;130;29/12/2017
2017003756;1;1;1;1;6;130;06/01/2017
2017003757;3;1;1;1;6;130;14/03/2017
2017003758;1;1;1;1;3;130;22/06/2017
2017003759;1;1;1;1;6;130;24/06/2017
2017003760;1;1;1;1;1;130;21/07/2017
2017003761;1;1;1;1;1;130;22/08/2017
2017003762;2;1;1;1;1;130;19/01/2017
2017003763;2;1;2;1;5;130;20/02/2017
2017003764;2;1;1;2;6;130;25/03/2017
2017003765;1;1;6;1;3;130;04/05/2017
2017003766;1;1;1;1;5;130;13/07/2017
2017003767;1;1;1;1;2;130;12/08/2017
2017003768;1;2;6;1;3;130;01/09/2017
2017003769;1;1;1;1;6;130;02/09/2017
2017003770;2;1;1;1;6;130;05/12/2017
2017003771;3;1;1;1;6;130;24/12/2017
2017003772;2;1;2;1;3;130;29/01/2017
2017003773;3;1;1;1;6;130;04/03/2017
2017003774;1;1;1;8;5;130;26/04/2017
2017003775;1;1;1;1;6;130;20/05/2017
2017003776;1;2;1;1;1;130;27/05/2017
2017003777;1;1;3;1;3;130;08/07/2017
2017003778;1;1;4;1;7;130;07/08/2017
2017003779;1;1;3;1;3;130;17/09/2017
2017003780;1;2;4;1;6;130;04/10/2017
2017003781;3;1;1;1;6;130;11/10/2017
2017003782;3;1;1;1;6;130;30/11/2017
2017003783;3;1;1;1;1;130;12/02/2017
2017003784;1;1;1;1;7;130;06/10/2017
2017003785;1;1;6;1;4;130;25/07/2017
2017003786;1;1;1;1;2;130;03/09/2017
2017003787;1;1;1;1;1;130;17/09/2017
2017003788;1;1;1;1;3;130;24/09/2017
2017003789;1;2;9;1;6;130;24/09/2017
2017003790;1;1;1;1;6;130;21/10/2017
2017003791;1;2;1;1;1;130;28/02/2017
2017003792;3;1;1;1;7;130;16/03/2017
2017003793;1;1;9;1;2;130;17/04/2017
2017003794;1;1;1;9;6;130;26/04/2017
2017003795;1;1;1;1;7;130;15/05/2017
2017003796;1;1;1;1;5;130;25/05/2017
2017003797;1;2;1;1;3;130;26/05/2017
2017003798;1;1;1;1;1;130;15/06/2017
2017003799;1;1;1;1;5;130;17/09/2017
2017003800;1;2;4;1;2;130;12/10/2017
2017003801;5;2;1;8;1;130;24/09/2017
2017003802;5;2;9;1;7;130;08/05/2017
2017003803;1;2;1;1;5;130;09/06/2017
2017003804;5;2;1;9;6;130;11/01/2017
2017003805;1;2;1;1;6;130;31/03/2017
2017003806;1;2;1;8;2;130;01/04/2017
2017003807;3;1;1;2;7;130;05/04/2017
2017003808;1;1;1;1;2;130;20/05/2017
2017003809;2;2;1;1;3;130;23/05/2017
2017003810;1;1;1;1;6;130;29/07/2017
2017003811;1;2;1;1;6;130;31/07/2017
2017003812;1;1;1;1;3;130;27/08/2017
2017003813;2;2;6;1;6;130;27/08/2017
2017003814;1;1;9;1;3;130;28/08/2017
2017003815;1;2;1;1;2;130;03/09/2017
2017003816;1;2;1;1;6;130;10/11/2017
2017003817;3;2;1;1;7;130;10/12/2017
2017003818;2;2;1;2;6;130;12/12/2017
2017003819;1;2;1;1;1;130;12/01/2017
2017003820;1;1;1;1;6;130;18/03/2017
2017003821;1;1;1;1;1;130;24/03/2017
2017003822;3;1;1;1;6;130;02/04/2017
2017003823;1;1;1;1;3;130;20/05/2017
2017003824;1;2;3;1;2;130;07/09/2017
2017003825;1;1;1;1;3;130;22/11/2017
2017003826;5;2;3;1;6;130;01/12/2017
2017003827;1;2;3;1;6;130;17/12/2017
2017003828;2;1;1;1;6;130;03/04/2017
2017003829;1;1;3;1;3;130;12/05/2017
2017003830;1;2;1;1;2;130;24/07/2017
2017003831;2;1;1;1;1;130;28/12/2017
2017003832;3;1;3;8;6;130;05/02/2017
2017003833;3;1;1;1;6;130;17/02/2017
2017003834;1;2;1;1;6;130;18/05/2017
2017003835;1;1;1;1;1;130;02/06/2017
2017003836;1;1;1;1;3;130;25/07/2017
2017003837;5;2;3;1;3;130;30/07/2017
2017003838;1;1;4;1;3;130;27/09/2017
2017003839;3;1;1;1;6;130;17/12/2017
2017003840;1;2;2;1;6;130;06/02/2017
2017003841;1;1;2;1;3;130;05/03/2017
2017003842;1;1;2;1;3;130;18/03/2017
2017003843;3;1;1;1;6;130;14/04/2017
2017003844;3;1;2;1;1;130;28/04/2017
2017003845;1;1;3;1;3;130;17/05/2017
2017003846;2;1;2;1;3;130;03/10/2017
2017003847;3;1;5;1;3;130;04/12/2017
2017003848;3;1;3;1;6;130;10/03/2017
2017003849;3;1;1;1;6;130;02/07/2017
2017003850;3;1;1;1;6;130;05/08/2017
2017003851;3;1;2;1;2;130;16/09/2017
2017003852;1;1;1;1;6;130;26/02/2017
2017003853;1;1;1;1;6;130;21/03/2017
2017003854;1;1;1;1;7;130;21/07/2017
2017003855;1;1;1;1;7;130;23/07/2017
2017003856;2;1;1;1;3;130;09/08/2017
2017003857;1;1;1;1;4;130;19/09/2017
2017003858;3;1;1;1;7;130;16/11/2017
2017003859;1;1;1;6;6;40;06/03/2017
2017003860;1;1;5;1;3;40;21/04/2017
2017003861;2;1;1;1;7;40;30/04/2017
2017003862;1;2;1;1;2;40;03/05/2017
2017003863;1;1;3;1;3;40;16/06/2017
2017003864;1;2;7;1;3;40;20/06/2017
2017003865;2;2;2;1;3;40;22/08/2017
2017003866;3;1;1;1;6;40;14/10/2017
2017003867;3;1;1;1;7;40;08/01/2017
2017003868;3;1;1;1;1;40;21/02/2017
2017003869;2;2;1;1;6;40;27/02/2017
2017003870;1;1;1;1;1;40;14/04/2017
2017003871;2;1;1;1;6;40;24/04/2017
2017003872;1;1;1;1;1;40;15/06/2017
2017003873;2;1;1;9;6;40;13/06/2017
2017003874;1;1;1;1;7;40;18/06/2017
2017003875;1;1;1;1;7;40;20/06/2017
2017003876;1;1;1;1;3;40;01/07/2017
2017003877;5;1;1;1;6;40;16/07/2017
2017003878;2;1;1;1;7;40;10/08/2017
2017003879;1;1;1;1;7;40;19/08/2017
2017003880;1;1;1;1;7;40;19/08/2017
2017003881;1;1;1;1;7;40;10/09/2017
2017003882;1;1;1;1;1;40;12/09/2017
2017003883;1;1;1;1;3;40;25/09/2017
2017003884;3;1;1;1;2;40;04/12/2017
2017003885;1;1;1;2;6;40;22/01/2017
2017003886;1;1;1;1;1;40;11/03/2017
2017003887;1;1;1;1;1;40;30/03/2017
2017003888;1;1;1;1;1;40;08/04/2017
2017003889;1;2;1;1;7;40;16/04/2017
2017003890;1;1;1;1;7;40;17/04/2017
2017003891;1;1;1;1;1;40;26/05/2017
2017003892;1;1;1;1;7;40;28/05/2017
2017003893;1;1;1;1;6;40;15/06/2017
2017003894;1;1;1;1;7;40;18/06/2017
2017003895;1;1;1;1;7;40;15/07/2017
2017003896;1;1;1;1;6;40;25/08/2017
2017003897;1;1;1;1;6;40;03/09/2017
2017003898;1;1;1;1;7;40;28/10/2017
2017003899;1;1;1;1;5;40;20/01/2017
2017003900;2;1;1;1;5;40;07/02/2017
2017003901;2;2;3;1;3;40;09/04/2017
2017003902;1;2;3;1;3;40;01/03/2017
2017003903;1;1;1;1;1;40;24/06/2017
2017003904;1;1;1;1;2;40;12/08/2017
2017003905;1;2;7;7;6;40;27/11/2017
2017003906;1;1;1;4;1;50;13/01/2017
2017003907;1;2;1;1;1;50;08/04/2017
2017003908;1;1;3;1;3;50;07/06/2017
2017003909;1;2;3;1;1;50;05/08/2017
2017003910;1;1;1;1;1;50;06/12/2017
2017003911;2;1;1;1;6;50;13/07/2017
2017003912;1;1;1;2;7;50;26/12/2017
2017003913;2;1;1;4;6;50;14/01/2017
2017003914;1;1;1;1;6;50;26/02/2017
2017003915;1;1;1;1;6;50;12/05/2017
2017003916;1;1;1;1;1;50;28/07/2017
2017003917;1;1;1;1;6;50;21/09/2017
2017003918;3;1;1;1;6;50;20/11/2017
2017003919;1;1;1;1;1;50;07/01/2017
2017003920;1;1;1;1;6;50;03/03/2017
2017003921;1;1;3;1;3;50;22/04/2017
2017003922;1;1;1;1;4;50;10/05/2017
2017003923;1;1;1;1;7;50;02/07/2017
2017003924;1;2;1;1;6;50;27/07/2017
2017003925;1;2;4;1;1;50;10/08/2017
2017003926;1;1;1;1;7;50;25/08/2017
2017003927;1;2;3;1;3;50;03/09/2017
2017003928;3;1;1;8;6;50;02/10/2017
2017003929;1;1;1;8;1;50;13/12/2017
2017003930;1;1;3;1;3;50;14/08/2017
2017003931;1;1;1;1;7;50;24/09/2017
2017003932;1;1;1;1;6;50;14/01/2017
2017003933;1;2;1;1;6;50;14/02/2017
2017003934;1;2;3;1;6;50;17/04/2017
2017003935;1;2;1;1;6;50;08/05/2017
2017003936;1;1;1;1;7;50;23/05/2017
2017003937;1;1;2;1;3;50;17/06/2017
2017003938;2;1;2;7;3;50;15/07/2017
2017003939;1;1;1;1;1;50;17/08/2017
2017003940;1;1;1;1;3;50;23/09/2017
2017003941;1;1;1;1;6;50;26/09/2017
2017003942;1;2;3;1;2;50;27/10/2017
2017003943;3;1;1;8;6;50;15/12/2017
2017003944;1;2;1;1;6;50;17/12/2017
2017003945;1;2;1;1;3;60;07/04/2017
2017003946;2;1;1;1;2;60;04/05/2017
2017003947;3;2;1;1;6;60;30/06/2017
2017003948;1;2;1;1;1;60;30/07/2017
2017003949;1;2;1;1;6;60;05/01/2017
2017003950;3;1;1;2;6;60;08/02/2017
2017003951;5;2;1;2;1;60;27/02/2017
2017003952;1;1;1;1;6;60;29/07/2017
2017003953;1;1;9;1;7;60;04/08/2017
2017003954;1;1;1;1;3;60;25/08/2017
2017003955;1;1;1;1;6;60;26/08/2017
2017003956;1;2;1;1;7;60;31/08/2017
2017003957;1;2;1;1;3;60;06/09/2017
2017003958;2;2;3;1;3;60;15/09/2017
2017003959;5;2;1;1;6;60;28/10/2017
2017003960;1;2;4;1;3;60;02/11/2017
2017003961;1;2;1;1;1;60;07/11/2017
2017003962;1;2;1;1;6;60;17/04/2017
2017003963;5;1;1;1;6;60;26/05/2017
2017003964;1;2;1;1;6;60;19/07/2017
2017003965;1;2;3;1;1;60;22/08/2017
2017003966;1;1;1;1;6;60;06/10/2017
2017003967;1;2;1;1;6;60;08/10/2017
2017003968;5;1;1;1;6;60;08/10/2017
2017003969;5;2;1;1;6;60;14/10/2017
2017003970;1;1;1;1;6;60;14/10/2017
2017003971;1;2;1;1;2;60;10/02/2017
2017003972;1;2;1;1;6;60;24/06/2017
2017003973;1;2;3;1;6;60;07/07/2017
2017003974;1;2;1;1;3;60;31/07/2017
2017003975;1;2;1;1;6;60;02/08/2017
2017003976;1;2;1;1;3;60;05/08/2017
2017003977;5;2;1;1;1;60;16/08/2017
2017003978;1;2;3;1;6;60;03/10/2017
2017003979;1;2;3;1;6;60;15/10/2017
2017003980;1;1;1;1;6;60;02/06/2017
2017003981;1;1;1;7;7;60;17/07/2017
2017003982;1;1;1;1;7;60;05/08/2017
2017003983;3;1;1;1;7;60;06/08/2017
2017003984;5;2;1;1;6;60;01/01/2017
2017003985;5;2;1;1;6;60;03/01/2017
2017003986;1;2;1;1;1;60;27/01/2017
2017003987;5;2;1;1;7;60;12/02/2017
2017003988;1;2;9;1;6;60;24/02/2017
2017003989;1;2;9;1;2;60;10/04/2017
2017003990;3;1;1;1;6;60;24/04/2017
2017003991;1;2;9;1;3;60;29/04/2017
2017003992;1;1;1;1;6;60;16/05/2017
2017003993;1;1;1;1;6;60;01/06/2017
2017003994;1;1;1;1;1;60;10/06/2017
2017003995;1;1;1;1;7;60;03/07/2017
2017003996;1;2;1;1;2;60;31/07/2017
2017003997;1;1;1;1;3;60;09/08/2017
2017003998;1;1;1;1;6;60;11/08/2017
2017003999;1;2;8;8;6;60;18/09/2017
2017004000;1;2;1;3;6;60;10/12/2017
2017004001;5;2;3;1;3;60;14/12/2017
2017004002;1;2;9;1;6;60;21/12/2017
2017004003;1;1;1;1;1;60;01/01/2017
2017004004;1;1;1;1;6;60;24/02/2017
2017004005;1;2;1;1;6;60;30/03/2017
2017004006;1;1;1;1;5;60;04/08/2017
2017004007;1;1;1;1;6;60;10/08/2017
2017004008;1;1;1;1;3;60;18/08/2017
2017004009;1;1;1;1;1;60;19/08/2017
2017004010;1;2;1;1;1;60;14/09/2017
2017004011;1;1;1;1;6;60;07/10/2017
2017004012;1;1;1;1;1;60;05/01/2017
2017004013;1;1;9;1;3;60;25/02/2017
2017004014;1;1;9;1;3;60;20/09/2017
2017004015;1;2;1;1;7;60;30/11/2017
2017004016;3;1;1;1;7;830;15/01/2017
2017004017;3;1;1;1;6;830;16/02/2017
2017004018;1;1;1;1;7;830;18/02/2017
2017004019;3;1;1;1;5;830;22/02/2017
2017004020;1;1;1;1;6;830;03/03/2017
2017004021;1;1;1;1;3;830;12/04/2017
2017004022;1;1;1;1;7;830;23/04/2017
2017004023;1;1;3;1;3;830;23/05/2017
2017004024;1;1;9;1;6;830;04/06/2017
2017004025;3;1;1;1;6;830;11/06/2017
2017004026;5;2;1;1;6;830;06/07/2017
2017004027;1;1;1;1;1;830;24/07/2017
2017004028;1;1;1;1;6;830;22/08/2017
2017004029;2;1;1;1;2;830;04/09/2017
2017004030;2;1;1;1;6;830;02/10/2017
2017004031;1;1;3;1;3;830;15/12/2017
2017004032;3;2;1;1;7;830;17/12/2017
2017004033;1;1;1;2;6;830;12/03/2017
2017004034;1;2;4;1;1;830;01/06/2017
2017004035;1;2;2;1;1;830;28/07/2017
2017004036;1;1;1;1;2;830;26/08/2017
2017004037;1;1;1;1;6;830;15/09/2017
2017004038;5;2;1;1;1;830;24/10/2017
2017004039;1;2;9;1;3;830;02/11/2017
2017004040;5;2;6;1;6;830;18/12/2017
2017004041;1;1;1;1;7;830;16/03/2017
2017004042;5;2;1;1;1;830;08/04/2017
2017004043;1;1;1;1;1;830;04/06/2017
2017004044;1;2;1;1;1;830;14/06/2017
2017004045;1;1;1;1;6;830;16/06/2017
2017004046;1;1;1;1;1;830;04/07/2017
2017004047;1;1;1;1;6;830;30/07/2017
2017004048;1;1;1;1;7;830;22/09/2017
2017004049;3;1;1;1;7;830;12/11/2017
2017004050;1;1;1;1;3;830;08/12/2017
2017004051;5;2;1;1;3;830;01/03/2017
2017004052;1;1;1;1;3;830;13/03/2017
2017004053;1;1;1;1;6;830;15/03/2017
2017004054;1;2;1;1;3;830;08/06/2017
2017004055;3;1;1;1;6;830;16/07/2017
2017004056;1;1;1;1;3;830;08/08/2017
2017004057;1;1;1;1;1;830;14/09/2017
2017004058;1;1;1;1;1;830;16/01/2017