num_acc;lum;agg;inter;atm;col;dep;date
2017004637;3;1;1;6;7;660;06/11/2017
2017004638;5;2;1;1;7;660;10/11/2017
2017004639;1;1;1;8;6;660;12/11/2017
2017004640;1;1;8;1;3;660;27/11/2017
2017004641;3;1;1;1;5;660;11/12/2017
2017004642;1;1;1;1;6;660;30/12/2017
2017004643;1;1;1;1;6;201;09/01/2017
2017004644;1;1;1;1;1;201;24/06/2017
2017004645;1;1;1;1;5;201;06/07/2017
2017004646;3;1;3;1;1;201;05/09/2017
2017004647;1;2;9;1;6;201;31/10/2017
2017004648;2;1;3;1;6;201;11/11/2017
2017004649;1;1;1;1;5;201;18/11/2017
2017004650;1;2;1;1;4;201;10/02/2017
2017004651;3;1;1;1;7;201;11/02/2017
2017004652;5;2;9;1;6;201;18/03/2017
2017004653;1;1;1;1;3;201;22/03/2017
2017004654;1;1;1;1;3;201;09/04/2017
2017004655;2;2;1;1;2;201;13/04/2017
2017004656;5;2;1;1;1;201;15/04/2017
2017004657;1;2;4;1;3;201;19/04/2017
2017004658;1;1;1;1;1;201;21/04/2017
2017004659;1;2;3;1;1;201;26/04/2017
2017004660;1;1;1;1;7;201;03/05/2017
2017004661;1;1;1;2;1;201;06/05/2017
2017004662;1;1;1;1;6;201;07/05/2017
2017004663;1;2;3;1;3;201;23/05/2017
2017004664;1;2;1;1;2;201;28/05/2017
2017004665;1;2;1;1;2;201;31/05/2017
2017004666;1;2;2;1;5;201;13/06/2017
2017004667;2;1;3;1;6;201;19/06/2017
2017004668;1;1;1;1;3;201;22/06/2017
2017004669;5;2;1;1;6;201;25/06/2017
2017004670;5;2;1;1;6;201;25/06/2017
2017004671;3;1;1;1;7;201;26/06/2017
2017004672;1;2;3;1;3;201;02/07/2017
2017004673;1;2;3;1;6;201;02/07/2017
2017004674;3;1;1;1;7;201;28/07/2017
2017004675;1;2;1;1;5;201;05/08/2017
2017004676;1;2;1;1;3;201;10/08/2017
2017004677;5;2;3;1;3;201;19/08/2017
2017004678;1;2;1;1;6;201;23/08/2017
2017004679;1;1;4;1;1;201;24/08/2017
2017004680;1;1;1;1;3;201;26/08/2017
2017004681;1;1;1;1;2;201;03/09/2017
2017004682;1;2;1;1;1;201;04/09/2017
2017004683;1;2;1;1;1;201;05/09/2017
2017004684;1;1;1;1;3;201;14/09/2017
2017004685;1;2;6;1;6;201;02/10/2017
2017004686;2;2;1;1;5;201;19/11/2017
2017004687;2;2;4;1;1;201;23/11/2017
2017004688;5;2;1;1;6;201;13/12/2017
2017004689;2;1;1;9;1;202;05/01/2017
2017004690;1;1;1;1;3;202;08/01/2017
2017004691;2;1;1;1;1;202;20/01/2017
2017004692;1;1;1;1;7;202;25/01/2017
2017004693;1;1;1;1;1;202;03/03/2017
2017004694;2;1;1;3;3;202;24/02/2017
2017004695;1;1;1;1;2;202;09/03/2017
2017004696;1;2;1;1;2;202;15/03/2017
2017004697;1;1;1;2;5;202;02/04/2017
2017004698;1;1;1;1;1;202;31/03/2017
2017004699;1;1;1;1;5;202;06/04/2017
2017004700;1;1;1;1;3;202;17/04/2017
2017004701;1;1;1;1;7;202;26/05/2017
2017004702;1;1;2;1;3;202;07/06/2017
2017004703;1;1;6;1;4;202;08/06/2017
2017004704;1;1;1;1;7;202;16/07/2017
2017004705;1;2;1;6;2;202;12/09/2017
2017004706;1;1;1;1;1;202;20/09/2017
2017004707;1;1;1;1;4;202;20/11/2017
2017004708;1;2;1;1;6;202;05/12/2017
2017004709;3;1;1;2;3;202;10/12/2017
2017004710;2;1;1;1;6;202;16/07/2017
2017004711;1;2;1;1;6;202;20/07/2017
2017004712;1;1;1;1;3;202;12/08/2017
2017004713;3;1;1;1;6;202;18/08/2017
2017004714;1;1;1;1;7;202;04/09/2017
2017004715;3;2;1;2;2;202;10/09/2017
2017004716;3;2;1;1;6;202;22/09/2017
2017004717;1;2;1;1;2;202;29/09/2017
2017004718;2;1;1;1;6;202;19/11/2017
2017004719;3;1;1;1;6;202;20/11/2017
2017004720;3;2;1;1;1;202;28/11/2017
2017004721;3;1;1;1;2;202;30/11/2017
2017004722;1;1;1;2;1;202;16/12/2017
2017004723;2;1;1;1;6;202;14/02/2017
2017004724;1;1;1;1;7;202;15/02/2017
2017004725;1;1;1;1;6;202;24/03/2017
2017004726;1;2;1;1;6;202;26/03/2017
2017004727;1;2;3;1;6;202;27/03/2017
2017004728;1;2;1;1;7;202;30/03/2017
2017004729;1;2;1;1;7;202;23/04/2017
2017004730;1;1;1;1;3;202;15/05/2017
2017004731;1;2;1;1;7;202;19/05/2017
2017004732;2;1;1;1;7;202;20/06/2017
2017004733;5;2;3;1;1;202;26/06/2017
2017004734;1;2;1;1;6;202;27/07/2017
2017004735;1;1;1;1;1;202;30/07/2017
2017004736;5;2;1;1;6;202;30/07/2017
2017004737;1;2;9;1;3;202;21/08/2017
2017004738;1;1;1;1;3;202;25/08/2017
2017004739;1;2;8;1;1;202;28/10/2017
2017004740;1;1;1;2;7;202;01/12/2017
2017004741;1;1;1;1;1;202;17/12/2017
2017004742;1;1;1;1;6;202;01/02/2017
2017004743;1;1;1;1;6;202;14/03/2017
2017004744;1;1;1;1;6;202;22/04/2017
2017004745;1;1;1;1;7;202;09/05/2017
2017004746;1;1;1;1;6;202;02/06/2017
2017004747;1;1;1;1;1;202;19/06/2017
2017004748;3;1;1;1;1;202;14/08/2017
2017004749;1;1;1;1;2;202;19/09/2017
2017004750;2;2;1;1;6;202;25/09/2017
2017004751;1;1;1;1;6;202;16/10/2017
2017004752;5;2;1;2;2;202;15/11/2017
2017004753;3;1;1;1;7;202;20/11/2017
2017004754;3;2;1;1;6;202;16/12/2017
2017004755;5;2;1;3;4;202;08/01/2017
2017004756;2;2;1;1;6;202;13/02/2017
2017004757;1;2;1;1;1;202;11/03/2017
2017004758;5;2;1;1;6;202;22/03/2017
2017004759;1;1;3;1;6;202;09/04/2017
2017004760;5;2;1;1;6;202;14/04/2017
2017004761;1;1;9;1;3;202;26/04/2017
2017004762;1;2;1;1;6;202;29/05/2017
2017004763;1;2;1;1;4;202;07/06/2017
2017004764;1;2;3;1;3;202;04/07/2017
2017004765;5;1;1;1;6;202;13/07/2017
2017004766;1;2;1;1;6;202;19/08/2017
2017004767;3;1;1;1;6;202;22/08/2017
2017004768;1;1;1;1;1;202;07/10/2017
2017004769;5;1;1;1;6;202;19/10/2017
2017004770;1;1;1;1;1;202;19/11/2017
2017004771;1;2;1;8;2;50;25/01/2017
2017004772;1;2;4;1;2;50;23/02/2017
2017004773;5;2;4;1;1;50;19/03/2017
2017004774;1;2;3;1;3;50;30/03/2017
2017004775;1;2;1;1;6;50;06/04/2017
2017004776;1;2;4;1;3;50;12/04/2017
2017004777;1;2;1;1;3;50;13/05/2017
2017004778;1;2;7;1;6;50;02/06/2017
2017004779;1;1;1;1;1;50;04/06/2017
2017004780;1;2;1;7;6;50;12/06/2017
2017004781;1;2;1;1;6;50;13/06/2017
2017004782;1;1;1;1;2;50;16/06/2017
2017004783;1;2;1;1;1;50;24/06/2017
2017004784;1;2;3;1;1;50;23/06/2017
2017004785;1;2;1;1;6;50;14/07/2017
2017004786;1;2;1;1;2;50;27/07/2017
2017004787;1;1;3;1;7;50;01/08/2017
2017004788;1;2;1;1;6;50;02/08/2017
2017004789;1;2;1;1;6;50;03/09/2017
2017004790;1;2;1;1;6;50;10/09/2017
2017004791;1;2;1;1;3;50;16/09/2017
2017004792;1;2;4;1;3;50;26/09/2017
2017004793;1;2;6;1;5;50;13/10/2017
2017004794;1;2;7;1;3;50;26/10/2017
2017004795;1;2;1;9;6;50;20/01/2017
2017004796;1;2;1;1;3;50;30/01/2017
2017004797;1;2;1;1;6;50;13/02/2017
2017004798;1;2;1;1;7;50;22/02/2017
2017004799;1;2;1;1;6;50;22/03/2017
2017004800;1;2;1;1;2;50;30/03/2017
2017004801;1;2;4;1;3;50;07/04/2017
2017004802;1;2;1;1;6;50;04/04/2017
2017004803;1;2;1;1;4;50;19/04/2017
2017004804;1;2;1;1;2;50;24/04/2017
2017004805;1;2;7;1;3;50;26/04/2017
2017004806;5;2;1;2;1;50;27/04/2017
2017004807;1;2;6;1;3;50;09/05/2017
2017004808;1;2;2;1;3;50;11/05/2017
2017004809;1;2;1;3;3;50;11/05/2017
2017004810;1;2;3;1;7;50;15/05/2017
2017004811;1;1;1;1;7;50;16/05/2017
2017004812;1;2;7;1;3;50;22/05/2017
2017004813;3;2;1;1;7;50;26/05/2017
2017004814;1;1;1;1;7;50;02/06/2017
2017004815;1;2;6;1;3;50;05/06/2017
2017004816;1;2;1;1;6;50;07/06/2017
2017004817;1;2;1;1;6;50;10/06/2017
2017004818;1;2;1;1;2;50;12/06/2017
2017004819;1;1;3;1;3;50;12/06/2017
2017004820;1;2;1;1;2;50;13/06/2017
2017004821;1;1;1;1;7;50;16/06/2017
2017004822;1;2;1;1;6;50;16/06/2017
2017004823;1;2;6;1;5;50;24/06/2017
2017004824;1;2;1;1;6;50;27/06/2017
2017004825;5;2;1;2;7;50;01/07/2017
2017004826;1;2;1;1;7;50;05/07/2017
2017004827;3;1;6;1;7;50;07/07/2017
2017004828;2;1;1;1;7;50;07/07/2017
2017004829;1;2;1;1;6;50;10/07/2017
2017004830;1;2;2;1;3;50;11/07/2017
2017004831;1;2;1;1;6;50;11/07/2017
2017004832;1;2;1;1;6;50;15/07/2017
2017004833;1;2;1;1;6;50;24/07/2017
2017004834;1;2;1;1;2;50;29/07/2017
2017004835;1;2;3;1;3;50;03/08/2017
2017004836;1;2;3;2;3;50;08/08/2017
2017004837;1;2;1;2;7;50;08/08/2017
2017004838;3;1;1;9;7;50;15/08/2017
2017004839;2;2;1;3;3;50;08/08/2017
2017004840;1;2;1;1;6;50;17/08/2017
2017004841;1;2;3;1;1;50;26/08/2017
2017004842;1;2;6;1;3;50;21/08/2017
2017004843;2;2;1;1;2;50;27/08/2017
2017004844;1;2;1;1;6;50;29/08/2017
2017004845;1;2;1;1;4;50;29/08/2017
2017004846;1;2;1;1;3;50;29/08/2017
2017004847;1;2;6;7;3;50;01/09/2017
2017004848;1;2;1;1;6;50;25/08/2017
2017004849;2;2;9;2;2;50;09/09/2017
2017004850;1;2;3;1;6;50;13/09/2017
2017004851;1;2;1;1;6;50;13/09/2017
2017004852;1;2;1;1;3;50;14/09/2017
2017004853;1;2;1;1;1;50;18/09/2017
2017004854;1;2;1;1;6;50;27/09/2017
2017004855;1;2;3;1;1;50;29/09/2017
2017004856;2;2;1;1;6;50;24/09/2017
2017004857;5;2;6;1;1;50;03/10/2017
2017004858;1;2;1;1;6;50;09/10/2017
2017004859;1;2;9;1;6;50;13/10/2017
2017004860;5;2;1;1;6;50;14/10/2017
2017004861;1;2;7;1;6;50;14/10/2017
2017004862;1;2;1;1;6;50;15/10/2017
2017004863;4;2;9;1;1;50;15/10/2017
2017004864;1;2;1;1;2;50;10/10/2017
2017004865;5;2;6;1;2;50;16/10/2017
2017004866;1;2;1;1;6;50;17/10/2017
2017004867;1;2;1;1;6;50;19/10/2017
2017004868;1;2;6;1;3;50;21/10/2017
2017004869;1;2;1;1;6;50;23/10/2017
2017004870;1;2;1;1;6;50;25/10/2017
2017004871;1;2;6;1;3;50;31/10/2017
2017004872;1;1;1;1;7;50;02/11/2017
2017004873;1;2;1;8;4;50;06/11/2017
2017004874;5;2;6;1;6;50;12/11/2017
2017004875;1;2;1;1;4;50;04/11/2017
2017004876;1;2;1;1;4;50;14/11/2017
2017004877;1;2;3;1;3;50;15/11/2017
2017004878;1;2;1;1;4;50;16/11/2017
2017004879;5;2;1;1;6;50;18/11/2017
2017004880;1;2;1;1;3;50;04/12/2017
2017004881;1;2;1;1;6;50;06/12/2017
2017004882;1;2;1;1;3;50;21/12/2017
2017004883;1;2;1;1;2;50;21/12/2017
2017004884;5;1;1;1;6;50;21/12/2017
2017004885;1;2;1;1;6;50;12/12/2017
2017004886;2;1;1;9;6;780;27/01/2017
2017004887;3;1;1;5;2;780;16/03/2017
2017004888;1;1;1;1;2;780;01/04/2017
2017004889;1;1;1;1;6;780;07/04/2017
2017004890;3;1;1;1;6;780;23/04/2017
2017004891;1;1;1;1;7;780;23/06/2017
2017004892;1;1;1;1;1;780;20/08/2017
2017004893;3;1;1;1;2;780;23/09/2017
2017004894;1;1;1;1;3;780;25/09/2017
2017004895;3;1;1;1;6;780;29/09/2017
2017004896;3;1;1;1;2;780;13/10/2017
2017004897;3;1;1;1;2;780;29/10/2017
2017004898;3;1;1;1;1;780;24/11/2017
2017004899;1;1;1;1;2;780;18/12/2017
2017004900;3;1;1;7;6;780;01/02/2017
2017004901;5;2;1;1;3;780;17/03/2017
2017004902;2;1;1;2;2;780;24/03/2017
2017004903;1;2;4;1;7;780;11/05/2017
2017004904;1;2;1;1;1;780;23/05/2017
2017004905;5;2;1;1;1;780;19/06/2017
2017004906;1;1;1;2;3;780;29/10/2017
2017004907;2;2;1;8;6;780;04/11/2017
2017004908;1;1;1;9;6;780;24/01/2017
2017004909;1;1;1;1;1;780;27/03/2017
2017004910;1;2;1;1;3;780;19/04/2017
2017004911;1;1;1;1;6;780;26/05/2017
2017004912;1;1;1;1;3;780;09/05/2017
2017004913;1;1;1;1;1;780;06/06/2017
2017004914;1;2;1;1;6;780;24/08/2017
2017004915;1;2;3;1;3;780;01/07/2017
2017004916;1;1;1;1;6;780;28/07/2017
2017004917;1;1;1;1;1;780;06/04/2017
2017004918;1;1;1;1;1;780;25/07/2017
2017004919;1;2;1;2;3;780;03/02/2017
2017004920;2;2;1;1;6;780;12/02/2017
2017004921;3;1;1;1;6;780;25/03/2017
2017004922;5;2;1;1;7;780;16/05/2017
2017004923;1;2;1;1;2;780;12/06/2017
2017004924;1;1;3;1;3;780;06/08/2017
2017004925;1;2;3;7;6;780;12/12/2017
2017004926;1;2;1;1;6;780;02/02/2017
2017004927;1;1;1;1;6;780;28/03/2017
2017004928;1;2;1;1;7;780;23/07/2017
2017004929;1;1;1;1;1;780;19/07/2017
2017004930;3;1;1;1;6;780;21/01/2017
2017004931;1;1;1;1;6;780;25/01/2017
2017004932;3;1;1;1;6;780;16/02/2017
2017004933;1;1;6;1;1;780;01/04/2017
2017004934;1;1;1;1;7;780;11/04/2017
2017004935;1;1;1;2;7;780;03/05/2017
2017004936;3;1;1;1;6;780;14/05/2017
2017004937;1;1;1;1;6;780;22/05/2017
2017004938;1;1;6;1;2;780;14/06/2017
2017004939;1;1;1;1;3;780;04/07/2017
2017004940;1;1;1;7;3;780;07/07/2017
2017004941;2;1;1;1;3;780;07/08/2017
2017004942;1;1;2;1;3;780;08/09/2017
2017004943;2;1;1;2;3;780;21/10/2017
2017004944;1;1;1;1;5;780;06/11/2017
2017004945;1;2;2;7;6;780;26/01/2017
2017004946;1;1;1;1;3;780;02/04/2017
2017004947;1;1;1;7;6;780;09/04/2017
2017004948;1;2;3;1;2;780;07/04/2017
2017004949;2;1;1;1;6;780;08/06/2017
2017004950;1;1;1;1;7;780;25/06/2017
2017004951;1;1;1;1;6;780;29/06/2017
2017004952;1;1;1;1;6;780;05/07/2017
2017004953;1;2;3;1;5;780;14/07/2017
2017004954;1;1;1;1;3;780;21/07/2017
2017004955;1;2;1;1;5;780;17/10/2017
2017004956;3;1;1;1;7;780;01/01/2017
2017004957;1;2;1;1;1;780;20/01/2017
2017004958;1;1;1;7;3;780;27/03/2017
2017004959;1;1;1;1;3;780;13/04/2017
2017004960;1;1;1;1;7;780;14/09/2017
2017004961;1;1;3;1;3;780;15/09/2017
2017004962;3;1;1;1;7;780;20/11/2017
2017004963;1;2;1;2;3;780;09/01/2017
2017004964;3;1;1;2;1;780;10/01/2017
2017004965;1;2;1;1;3;780;17/03/2017
2017004966;1;1;1;1;3;780;25/04/2017
2017004967;1;2;1;1;2;780;27/05/2017
2017004968;1;2;9;1;2;780;30/05/2017
2017004969;1;1;1;1;7;780;11/06/2017
2017004970;1;2;1;1;1;780;03/07/2017
2017004971;1;2;1;1;2;780;08/07/2017
2017004972;1;2;3;1;6;780;09/07/2017
2017004973;1;2;6;1;6;780;27/07/2017
2017004974;2;1;1;1;2;780;01/08/2017
2017004975;1;1;6;1;6;780;03/08/2017
2017004976;1;1;1;3;6;780;13/09/2017
2017004977;5;2;3;2;1;780;18/09/2017
2017004978;1;2;1;1;3;780;22/09/2017
2017004979;1;2;1;1;6;780;28/09/2017
2017004980;3;1;1;1;2;780;04/10/2017
2017004981;1;1;3;1;5;780;17/10/2017
2017004982;3;1;1;1;3;780;20/10/2017
2017004983;3;2;1;2;7;780;22/10/2017
2017004984;1;2;1;1;6;780;02/11/2017
2017004985;2;1;1;8;2;780;20/11/2017
2017004986;3;1;1;9;1;780;29/11/2017
2017004987;5;2;1;8;1;780;04/12/2017
2017004988;3;1;1;1;7;780;06/12/2017
2017004989;1;1;1;1;4;780;28/12/2017
2017004990;1;1;2;1;1;780;28/12/2017
2017004991;1;1;2;1;3;780;20/01/2017
2017004992;3;1;1;9;5;780;20/02/2017
2017004993;1;1;1;1;6;780;11/06/2017
2017004994;1;1;1;2;6;780;27/06/2017
2017004995;1;2;3;1;3;780;11/10/2017
2017004996;1;2;1;1;2;780;26/10/2017
2017004997;1;2;1;1;3;780;10/11/2017
2017004998;1;2;1;8;6;780;29/12/2017
2017004999;3;2;1;1;6;780;15/02/2017
2017005000;1;1;1;1;7;780;23/04/2017
2017005001;1;1;1;1;2;780;29/04/2017
2017005002;1;1;1;1;7;780;28/05/2017
2017005003;1;1;1;1;7;780;18/06/2017
2017005004;1;1;1;2;6;780;09/07/2017
2017005005;1;1;1;1;7;780;06/08/2017
2017005006;1;1;1;7;3;780;04/10/2017
2017005007;1;2;1;1;3;780;28/10/2017
2017005008;2;1;1;2;5;780;14/12/2017
2017005009;1;2;1;1;6;780;25/12/2017
2017005010;1;2;1;1;6;910;16/01/2017
2017005011;3;1;1;2;6;910;01/02/2017
2017005012;1;1;1;2;6;910;16/02/2017
2017005013;1;1;6;1;3;910;22/03/2017
2017005014;2;2;1;1;6;910;09/04/2017
2017005015;1;2;1;1;4;910;21/04/2017
2017005016;1;2;1;1;6;910;29/04/2017
2017005017;1;2;1;3;1;910;10/07/2017
2017005018;3;1;1;1;6;910;03/02/2017
2017005019;1;1;1;1;6;910;02/07/2017
2017005020;1;1;1;1;6;910;10/10/2017
2017005021;3;1;1;1;6;910;21/11/2017
2017005022;1;1;1;2;3;910;24/12/2017
2017005023;3;1;1;8;1;910;28/01/2017
2017005024;1;2;1;8;7;910;03/02/2017
2017005025;1;1;1;1;7;910;14/03/2017
2017005026;1;1;1;1;2;910;16/03/2017
2017005027;1;2;1;1;3;910;08/04/2017
2017005028;1;2;1;1;6;910;21/04/2017
2017005029;1;2;1;1;3;910;15/05/2017
2017005030;1;1;9;1;7;910;17/05/2017
2017005031;1;1;1;1;3;910;21/05/2017
2017005032;1;2;1;1;3;910;23/05/2017
2017005033;3;1;1;1;7;910;06/09/2017
2017005034;2;1;1;2;6;910;17/09/2017
2017005035;1;2;1;7;6;910;20/10/2017
2017005036;3;1;1;2;2;910;28/01/2017
2017005037;1;2;1;1;3;910;22/02/2017
2017005038;1;1;1;1;4;910;07/03/2017
2017005039;1;1;1;1;3;910;11/03/2017
2017005040;1;2;1;1;6;910;01/05/2017
2017005041;2;2;1;1;6;910;25/06/2017
2017005042;1;1;1;1;3;910;02/08/2017
2017005043;1;2;1;1;4;910;11/08/2017
2017005044;2;2;1;5;6;910;13/10/2017
2017005045;1;2;1;1;3;910;19/10/2017
2017005046;1;1;1;2;2;910;03/12/2017
2017005047;1;1;1;2;6;910;12/01/2017
2017005048;1;2;1;8;6;910;14/01/2017
2017005049;1;1;1;1;6;910;28/01/2017
2017005050;3;1;1;1;7;910;28/01/2017
2017005051;1;2;1;1;2;910;23/03/2017
2017005052;1;2;1;1;1;910;26/03/2017
2017005053;1;1;1;1;3;910;27/03/2017
2017005054;1;1;1;7;2;910;29/03/2017
2017005055;1;2;1;1;2;910;04/04/2017
2017005056;1;2;4;1;7;910;04/04/2017
2017005057;1;2;1;1;3;910;05/04/2017
2017005058;1;2;1;1;6;910;20/04/2017
2017005059;1;2;2;1;2;910;09/05/2017
2017005060;1;2;3;7;3;910;17/05/2017
2017005061;1;2;1;1;1;910;07/07/2017
2017005062;1;2;1;1;1;910;17/12/2017
2017005063;3;1;1;4;6;910;02/01/2017
2017005064;1;1;1;4;6;910;02/01/2017
2017005065;3;1;1;1;6;910;03/01/2017
2017005066;3;1;1;1;6;910;02/02/2017
2017005067;2;1;1;1;1;910;18/02/2017
2017005068;1;2;3;1;1;910;18/02/2017
2017005069;1;1;1;1;6;910;21/02/2017
2017005070;1;2;9;1;6;910;24/02/2017
2017005071;1;2;1;1;7;910;16/07/2017
2017005072;1;1;1;1;6;910;11/10/2017
2017005073;2;2;1;1;6;910;22/11/2017
2017005074;1;2;1;1;3;910;19/12/2017
2017005075;3;2;1;1;6;910;19/01/2017
2017005076;1;2;1;1;2;910;23/02/2017
2017005077;2;2;6;1;3;910;02/08/2017
2017005078;1;2;1;1;6;910;20/09/2017
2017005079;1;2;9;1;3;910;22/09/2017
2017005080;1;2;3;2;3;910;23/10/2017
2017005081;1;2;1;7;6;910;06/11/2017
2017005082;1;2;1;1;6;910;17/02/2017
2017005083;5;1;9;1;2;910;28/04/2017
2017005084;1;1;1;1;2;910;17/06/2017
2017005085;1;1;1;7;3;910;07/07/2017
2017005086;2;1;1;8;1;910;23/10/2017
2017005087;3;1;6;3;7;910;17/12/2017
2017005088;5;2;6;2;7;910;21/12/2017
2017005089;1;2;1;8;3;910;30/12/2017
2017005090;1;2;1;7;3;910;25/03/2017
2017005091;1;2;6;1;1;910;31/07/2017
2017005092;3;1;1;1;7;910;06/01/2017
2017005093;1;1;6;8;5;910;28/01/2017
2017005094;5;2;1;1;6;910;07/02/2017
2017005095;3;1;1;1;3;910;12/02/2017
2017005096;1;1;1;1;6;910;21/02/2017
2017005097;1;1;1;8;7;910;22/02/2017
2017005098;1;1;2;8;1;910;08/03/2017
2017005099;1;1;3;1;3;910;10/04/2017
2017005100;1;2;6;1;3;910;14/04/2017
2017005101;1;2;3;1;3;910;14/04/2017
2017005102;1;2;3;2;3;910;17/04/2017
2017005103;1;2;3;1;7;910;27/04/2017
2017005104;1;1;1;1;3;910;30/04/2017
2017005105;1;1;2;3;6;910;06/05/2017
2017005106;1;2;2;1;3;910;22/05/2017
2017005107;3;2;2;1;3;910;12/06/2017
2017005108;5;2;1;1;6;910;09/07/2017
2017005109;1;2;1;1;6;910;18/07/2017
2017005110;1;1;3;1;3;910;29/09/2017
2017005111;1;1;3;1;3;910;13/10/2017
2017005112;1;1;1;1;5;910;17/10/2017
2017005113;2;2;1;5;1;910;26/10/2017
2017005114;3;1;3;2;5;910;14/12/2017
2017005115;2;1;1;1;2;910;02/02/2017
2017005116;3;2;6;1;2;910;06/02/2017
2017005117;1;1;1;1;7;910;26/03/2017
2017005118;1;1;1;1;5;910;05/04/2017
2017005119;1;2;6;1;3;910;11/04/2017
2017005120;1;1;1;1;4;910;04/05/2017
2017005121;1;1;1;1;6;910;24/05/2017
2017005122;1;1;9;1;3;910;13/06/2017
2017005123;1;1;1;1;6;910;27/06/2017
2017005124;1;1;1;1;1;910;03/07/2017
2017005125;1;1;1;1;4;910;02/10/2017
2017005126;3;2;1;2;6;910;01/12/2017
2017005127;5;2;1;8;3;910;16/12/2017
2017005128;1;1;6;1;3;910;23/06/2017
2017005129;1;2;2;1;1;910;08/07/2017
2017005130;5;1;1;1;3;910;14/11/2017
2017005131;1;2;3;1;2;910;26/11/2017
2017005132;1;1;1;2;3;950;12/01/2017
2017005133;1;1;1;1;6;950;23/06/2017
2017005134;1;1;1;1;1;950;25/06/2017
2017005135;1;1;1;1;1;950;27/07/2017
2017005136;3;1;1;1;1;950;20/09/2017
2017005137;1;1;1;1;7;950;21/09/2017
2017005138;2;1;1;1;5;950;20/10/2017
2017005139;1;1;1;1;6;950;03/11/2017
2017005140;2;1;1;8;6;950;30/11/2017
2017005141;1;1;1;7;6;950;01/12/2017
2017005142;3;1;1;1;2;950;01/12/2017
2017005143;2;1;1;1;6;950;24/01/2017
2017005144;3;1;1;1;1;950;24/02/2017
2017005145;1;1;1;1;6;950;28/03/2017
2017005146;1;1;1;1;6;950;28/03/2017
2017005147;1;2;3;1;3;950;07/06/2017
2017005148;3;1;1;1;6;950;13/08/2017
2017005149;1;1;1;1;3;950;23/08/2017
2017005150;3;1;1;1;6;950;23/09/2017
2017005151;3;1;1;5;6;950;01/01/2017
2017005152;1;2;1;1;7;950;20/03/2017
2017005153;1;1;1;2;7;950;02/07/2017
2017005154;5;2;1;1;6;950;14/10/2017
2017005155;1;1;1;1;2;950;11/03/2017
2017005156;1;1;1;1;6;950;04/05/2017
2017005157;1;1;1;1;6;950;07/05/2017
2017005158;1;1;1;1;7;950;17/05/2017
2017005159;2;1;1;1;7;950;27/05/2017
2017005160;2;1;1;1;2;950;22/06/2017
2017005161;1;1;1;1;1;950;25/09/2017
2017005162;1;2;1;1;2;950;15/10/2017
2017005163;3;1;1;2;6;950;04/11/2017
2017005164;1;1;1;2;6;950;11/11/2017
2017005165;5;2;1;1;3;950;01/11/2017
2017005166;3;1;1;2;6;950;20/12/2017
2017005167;3;1;1;2;7;950;20/12/2017
2017005168;1;1;1;1;2;950;25/03/2017
2017005169;1;1;1;1;3;950;24/05/2017
2017005170;1;1;1;1;1;950;18/10/2017
2017005171;3;1;1;1;2;950;07/12/2017
2017005172;5;2;1;2;6;950;13/12/2017
2017005173;2;1;1;5;1;770;18/09/2017
2017005174;1;1;1;2;7;770;23/03/2017
2017005175;1;1;3;3;6;770;18/08/2017
2017005176;1;2;2;1;6;770;16/09/2017
2017005177;1;1;1;1;1;770;27/09/2017
2017005178;1;1;1;1;1;770;17/01/2017
2017005179;1;1;1;1;1;770;22/03/2017
2017005180;1;1;2;1;3;770;05/05/2017
2017005181;1;1;1;1;6;770;21/05/2017
2017005182;1;1;4;1;3;770;22/05/2017
2017005183;1;1;1;3;5;770;22/07/2017
2017005184;1;1;1;8;1;770;07/09/2017
2017005185;3;1;1;1;2;770;24/09/2017
2017005186;1;1;1;6;1;770;11/12/2017
2017005187;2;1;1;1;6;770;05/05/2017
2017005188;1;1;1;1;4;770;16/05/2017
2017005189;1;1;1;1;1;770;09/07/2017
2017005190;1;1;1;1;1;770;31/07/2017
2017005191;1;2;3;1;3;770;06/08/2017
2017005192;3;1;2;1;6;770;02/09/2017
2017005193;1;1;1;8;5;770;01/12/2017
2017005194;3;1;1;1;6;770;27/01/2017
2017005195;1;1;2;1;5;770;10/03/2017
2017005196;1;1;4;1;1;770;08/05/2017
2017005197;2;2;1;1;6;770;25/06/2017
2017005198;2;1;2;2;3;770;12/08/2017
2017005199;2;1;2;1;3;770;15/09/2017
2017005200;3;1;3;2;1;770;08/10/2017
2017005201;1;1;2;1;3;770;12/10/2017
2017005202;2;1;1;1;2;770;18/11/2017
2017005203;1;2;4;1;6;770;21/11/2017
2017005204;1;1;1;1;2;770;28/05/2017
2017005205;1;1;2;1;6;770;22/06/2017
2017005206;1;2;3;1;3;770;29/07/2017
2017005207;3;1;1;2;6;770;13/09/2017
2017005208;3;1;1;5;7;770;22/09/2017
2017005209;1;1;1;1;6;770;24/09/2017
2017005210;1;1;1;1;6;770;06/10/2017
2017005211;3;1;1;2;5;770;10/12/2017
2017005212;3;1;1;6;6;770;03/02/2017
2017005213;3;1;1;1;6;770;21/02/2017
2017005214;2;2;3;1;3;770;15/03/2017
2017005215;1;1;1;1;6;770;20/03/2017
2017005216;1;1;1;1;7;770;26/03/2017