num_acc;lum;agg;inter;atm;col;dep;date
2017006397;1;2;1;1;6;60;23/10/2017
2017006398;3;2;1;1;3;60;24/10/2017
2017006399;1;2;1;1;2;60;24/10/2017
2017006400;1;2;1;1;6;60;24/10/2017
2017006401;1;2;1;1;3;60;25/10/2017
2017006402;1;2;1;1;3;60;27/10/2017
2017006403;5;2;1;1;3;60;27/10/2017
2017006404;5;2;1;1;2;60;28/10/2017
2017006405;5;2;1;1;6;60;31/10/2017
2017006406;1;2;1;1;6;60;31/10/2017
2017006407;1;2;1;1;6;60;01/11/2017
2017006408;1;2;1;1;3;60;01/11/2017
2017006409;1;2;1;1;2;60;02/11/2017
2017006410;5;2;1;1;3;60;02/11/2017
2017006411;5;2;1;1;7;60;04/11/2017
2017006412;1;2;1;1;1;60;07/11/2017
2017006413;1;2;3;1;3;60;09/11/2017
2017006414;5;2;1;1;2;60;10/11/2017
2017006415;1;2;2;1;3;60;10/11/2017
2017006416;5;2;1;1;3;60;10/11/2017
2017006417;1;2;1;1;6;60;11/11/2017
2017006418;1;2;9;1;3;60;11/11/2017
2017006419;1;2;1;1;6;60;11/11/2017
2017006420;1;2;1;1;1;60;12/11/2017
2017006421;1;2;1;1;2;60;15/11/2017
2017006422;1;2;3;1;3;60;16/11/2017
2017006423;1;2;3;1;5;60;19/11/2017
2017006424;5;2;3;1;3;60;20/11/2017
2017006425;5;2;1;1;6;60;21/11/2017
2017006426;1;2;1;1;3;60;22/11/2017
2017006427;1;2;1;1;2;60;23/11/2017
2017006428;1;2;1;1;3;60;23/11/2017
2017006429;1;2;1;1;3;60;24/11/2017
2017006430;1;2;1;1;6;60;24/11/2017
2017006431;1;2;1;1;6;60;24/11/2017
2017006432;5;2;2;1;3;60;26/11/2017
2017006433;1;2;1;1;3;60;27/11/2017
2017006434;5;2;2;1;3;60;29/11/2017
2017006435;1;2;1;1;3;60;30/11/2017
2017006436;5;2;1;1;2;60;30/11/2017
2017006437;5;2;1;1;6;60;01/12/2017
2017006438;1;2;1;1;2;60;02/12/2017
2017006439;5;2;1;1;4;60;04/12/2017
2017006440;1;2;1;1;6;60;05/12/2017
2017006441;4;2;1;1;6;60;07/12/2017
2017006442;1;2;1;1;3;60;08/12/2017
2017006443;1;2;1;1;1;60;09/12/2017
2017006444;5;2;1;1;2;60;10/12/2017
2017006445;1;2;2;3;5;60;11/12/2017
2017006446;1;2;2;3;3;60;11/12/2017
2017006447;1;1;1;1;3;60;13/12/2017
2017006448;1;2;2;1;3;60;14/12/2017
2017006449;1;2;1;1;6;60;17/12/2017
2017006450;1;2;1;1;6;60;15/12/2017
2017006451;2;2;1;1;7;60;19/12/2017
2017006452;1;2;1;1;6;60;21/12/2017
2017006453;5;2;1;1;6;60;21/12/2017
2017006454;1;2;1;1;3;60;23/12/2017
2017006455;1;2;2;1;1;60;24/12/2017
2017006456;1;2;2;1;3;60;25/12/2017
2017006457;5;2;1;1;6;60;25/12/2017
2017006458;3;2;1;1;3;60;27/12/2017
2017006459;5;2;1;1;3;60;28/12/2017
2017006460;5;2;2;1;3;60;30/12/2017
2017006461;3;1;1;8;7;330;05/01/2017
2017006462;1;2;1;1;6;330;21/05/2017
2017006463;1;1;1;1;7;330;28/05/2017
2017006464;1;1;3;1;6;330;05/07/2017
2017006465;1;2;2;1;3;330;05/10/2017
2017006466;1;2;1;1;6;210;03/04/2017
2017006467;1;2;1;1;6;210;14/06/2017
2017006468;1;2;1;1;4;210;22/06/2017
2017006469;3;1;1;1;6;210;07/07/2017
2017006470;1;2;6;1;4;210;26/07/2017
2017006471;1;2;1;1;7;210;05/10/2017
2017006472;3;1;1;1;6;130;27/01/2017
2017006473;1;2;2;7;6;130;02/03/2017
2017006474;1;2;1;1;5;130;20/03/2017
2017006475;1;2;1;1;2;130;26/03/2017
2017006476;1;1;2;1;3;130;07/04/2017
2017006477;1;1;3;1;5;130;08/04/2017
2017006478;1;1;1;1;6;130;30/04/2017
2017006479;1;2;3;1;3;130;16/05/2017
2017006480;1;1;3;7;3;130;20/05/2017
2017006481;1;2;7;1;6;130;03/07/2017
2017006482;3;1;1;1;7;130;15/08/2017
2017006483;1;1;1;1;3;130;15/08/2017
2017006484;1;2;3;1;3;130;02/10/2017
2017006485;5;2;6;1;1;130;22/12/2017
2017006486;1;2;6;1;3;70;08/02/2017
2017006487;3;1;1;1;1;70;17/03/2017
2017006488;1;1;1;1;5;70;02/04/2017
2017006489;1;2;7;1;1;70;09/04/2017
2017006490;1;2;1;1;4;70;05/04/2017
2017006491;1;2;1;1;6;70;23/05/2017
2017006492;1;2;1;1;3;70;31/05/2017
2017006493;1;1;1;1;6;70;03/06/2017
2017006494;1;2;6;1;3;70;14/06/2017
2017006495;1;1;1;1;2;70;24/06/2017
2017006496;1;1;6;1;2;70;10/07/2017
2017006497;1;1;3;1;3;70;20/08/2017
2017006498;1;2;1;1;5;70;22/08/2017
2017006499;1;1;2;1;3;70;28/08/2017
2017006500;2;2;3;1;3;70;01/09/2017
2017006501;1;1;1;1;6;70;15/09/2017
2017006502;1;2;1;1;3;70;21/09/2017
2017006503;1;1;1;1;5;70;09/10/2017
2017006504;1;1;2;1;3;70;29/09/2017
2017006505;1;1;1;1;2;70;19/10/2017
2017006506;5;2;1;1;6;70;17/11/2017
2017006507;1;2;1;7;6;70;21/11/2017
2017006508;5;2;9;1;6;70;14/12/2017
2017006509;1;2;1;1;6;70;13/12/2017
2017006510;1;1;1;1;1;70;30/12/2017
2017006511;1;2;1;1;4;70;20/01/2017
2017006512;1;2;1;1;6;70;19/12/2017
2017006513;1;2;1;1;5;70;20/01/2017
2017006514;1;2;6;1;2;70;17/03/2017
2017006515;5;2;1;1;2;70;01/04/2017
2017006516;1;2;6;1;3;70;04/04/2017
2017006517;1;2;6;1;6;70;20/04/2017
2017006518;1;1;1;1;1;70;18/09/2017
2017006519;1;2;6;1;3;70;26/09/2017
2017006520;2;2;6;1;3;70;05/10/2017
2017006521;1;1;1;1;6;70;24/10/2017
2017006522;3;1;3;1;7;70;29/10/2017
2017006523;1;2;6;1;3;70;21/11/2017
2017006524;1;1;1;1;1;110;25/01/2017
2017006525;1;1;9;1;5;110;07/05/2017
2017006526;1;1;3;1;2;110;01/08/2017
2017006527;4;1;1;1;1;110;23/08/2017
2017006528;1;1;1;1;1;110;28/08/2017
2017006529;1;2;9;1;2;110;29/09/2017
2017006530;5;1;9;1;1;110;29/09/2017
2017006531;1;1;3;5;7;70;01/01/2017
2017006532;1;2;1;1;6;70;19/01/2017
2017006533;1;2;7;1;7;70;20/01/2017
2017006534;1;1;1;2;5;70;04/02/2017
2017006535;1;1;1;1;7;70;12/06/2017
2017006536;1;2;1;1;6;70;09/06/2017
2017006537;1;2;1;1;6;70;28/06/2017
2017006538;1;1;1;1;7;70;11/07/2017
2017006539;3;1;1;8;6;70;01/07/2017
2017006540;1;2;1;1;7;70;11/08/2017
2017006541;1;1;1;1;7;70;23/08/2017
2017006542;1;1;9;1;1;70;22/08/2017
2017006543;1;2;1;1;6;70;22/08/2017
2017006544;1;2;1;1;6;70;23/08/2017
2017006545;3;1;1;1;6;70;24/09/2017
2017006546;1;1;1;1;6;70;03/09/2017
2017006547;1;2;1;1;6;70;06/11/2017
2017006548;1;1;6;1;3;70;18/11/2017
2017006549;1;2;1;1;6;70;24/11/2017
2017006550;1;2;1;3;6;70;11/12/2017
2017006551;1;2;1;1;3;340;04/01/2017
2017006552;1;2;1;1;3;340;15/03/2017
2017006553;1;1;1;1;7;340;29/03/2017
2017006554;2;1;1;1;3;340;23/05/2017
2017006555;1;1;1;1;2;340;31/05/2017
2017006556;1;1;1;1;1;340;05/07/2017
2017006557;1;2;3;1;3;340;07/07/2017
2017006558;1;1;1;1;1;340;16/07/2017
2017006559;1;1;1;1;3;340;11/08/2017
2017006560;1;1;9;1;3;340;28/09/2017
2017006561;1;2;1;1;3;340;28/09/2017
2017006562;1;2;1;1;6;340;05/12/2017
2017006563;5;2;1;1;3;340;13/12/2017
2017006564;1;2;1;1;1;340;24/12/2017
2017006565;3;1;1;1;6;280;07/01/2017
2017006566;1;1;1;1;6;280;20/01/2017
2017006567;2;1;1;9;2;780;27/01/2017
2017006568;3;1;1;8;1;280;20/03/2017
2017006569;3;1;1;1;2;280;09/04/2017
2017006570;3;1;1;1;6;780;10/04/2017
2017006571;1;1;1;1;6;780;25/05/2017
2017006572;1;1;1;1;7;780;25/05/2017
2017006573;1;1;1;1;6;780;21/06/2017
2017006574;1;1;1;1;2;780;22/06/2017
2017006575;1;1;1;1;2;780;08/07/2017
2017006576;1;1;1;1;2;780;19/08/2017
2017006577;1;1;1;8;2;910;10/09/2017
2017006578;3;1;1;1;6;910;24/09/2017
2017006579;1;1;1;1;6;910;01/10/2017
2017006580;3;1;1;1;6;910;05/10/2017
2017006581;1;1;1;1;6;780;01/10/2017
2017006582;3;1;1;1;2;910;27/09/2017
2017006583;3;1;1;5;2;910;26/10/2017
2017006584;3;1;1;1;2;780;30/10/2017
2017006585;1;1;1;1;6;910;13/11/2017
2017006586;3;1;1;1;4;780;27/11/2017
2017006587;1;1;1;1;7;690;01/02/2017
2017006588;1;1;9;1;3;690;21/02/2017
2017006589;1;2;1;1;4;690;15/03/2017
2017006590;1;2;1;1;6;690;29/03/2017
2017006591;1;1;2;1;3;690;21/05/2017
2017006592;3;1;1;1;7;690;18/06/2017
2017006593;1;1;1;1;1;690;17/06/2017
2017006594;1;2;1;1;6;690;12/07/2017
2017006595;1;1;1;1;7;690;26/07/2017
2017006596;1;1;1;1;5;690;28/07/2017
2017006597;1;2;1;1;4;690;08/09/2017
2017006598;3;1;1;1;7;690;22/10/2017
2017006599;1;1;1;1;3;690;23/11/2017
2017006600;2;2;1;1;6;690;05/12/2017
2017006601;1;2;2;5;6;330;04/01/2017
2017006602;3;1;1;2;6;330;09/01/2017
2017006603;1;2;1;1;6;330;20/01/2017
2017006604;1;2;2;2;3;330;13/02/2017
2017006605;3;1;1;1;7;330;26/02/2017
2017006606;5;2;1;1;6;330;07/06/2017
2017006607;1;2;1;1;1;330;24/06/2017
2017006608;3;1;1;1;7;330;15/07/2017
2017006609;1;1;6;1;6;330;05/10/2017
2017006610;1;2;1;1;1;330;19/10/2017
2017006611;1;2;1;1;1;330;20/10/2017
2017006612;1;2;1;1;3;600;03/07/2017
2017006613;1;1;1;8;3;600;22/09/2017
2017006614;1;1;1;1;7;510;26/04/2017
2017006615;1;1;1;1;6;510;15/05/2017
2017006616;3;1;1;2;5;510;24/07/2017
2017006617;1;1;1;1;3;510;06/08/2017
2017006618;2;1;1;5;2;510;11/08/2017
2017006619;3;1;1;1;6;510;02/09/2017
2017006620;1;1;1;1;6;510;04/09/2017
2017006621;1;1;1;1;6;770;23/01/2017
2017006622;3;1;1;3;6;770;05/02/2017
2017006623;3;1;1;1;2;770;10/02/2017
2017006624;3;1;1;1;2;770;22/02/2017
2017006625;3;1;1;2;7;450;09/03/2017
2017006626;5;1;1;1;6;770;28/03/2017
2017006627;1;1;1;1;6;770;29/03/2017
2017006628;1;1;1;1;6;770;26/05/2017
2017006629;1;1;1;1;7;770;23/06/2017
2017006630;1;1;1;1;2;770;14/07/2017
2017006631;1;1;4;1;6;770;01/08/2017
2017006632;1;1;1;1;6;770;05/08/2017
2017006633;1;1;1;3;6;770;09/08/2017
2017006634;1;1;1;8;6;770;11/08/2017
2017006635;1;1;1;1;7;770;09/09/2017
2017006636;1;1;1;1;6;770;17/09/2017
2017006637;1;1;1;1;7;770;14/10/2017
2017006638;1;1;2;1;3;770;15/10/2017
2017006639;1;1;1;1;3;770;16/10/2017
2017006640;1;1;1;1;2;770;19/10/2017
2017006641;5;1;9;2;6;770;25/10/2017
2017006642;3;1;1;8;6;770;30/10/2017
2017006643;3;1;1;3;6;770;05/11/2017
2017006644;1;1;1;1;6;770;06/11/2017
2017006645;1;1;1;1;6;770;14/12/2017
2017006646;3;1;2;1;3;770;19/12/2017
2017006647;3;1;1;2;6;770;20/12/2017
2017006648;2;1;1;8;1;770;25/12/2017
2017006649;3;1;1;1;2;620;14/01/2017
2017006650;3;1;9;1;7;620;16/02/2017
2017006651;1;1;1;1;2;620;17/02/2017
2017006652;3;1;1;2;6;620;01/03/2017
2017006653;1;1;1;1;6;620;14/03/2017
2017006654;1;1;1;1;6;620;30/04/2017
2017006655;1;1;1;1;7;620;11/05/2017
2017006656;1;1;1;1;6;620;11/06/2017
2017006657;1;1;1;1;6;620;23/07/2017
2017006658;1;1;1;1;6;620;29/08/2017
2017006659;1;1;1;1;6;620;22/09/2017
2017006660;1;1;1;1;6;620;18/09/2017
2017006661;1;1;1;1;5;620;20/10/2017
2017006662;1;1;1;1;7;620;03/11/2017
2017006663;1;1;1;8;2;620;05/12/2017
2017006664;1;1;1;1;5;620;18/12/2017
2017006665;1;1;1;5;6;800;01/01/2017
2017006666;3;1;1;2;3;800;05/01/2017
2017006667;3;1;1;5;6;800;01/02/2017
2017006668;3;1;1;8;6;800;01/03/2017
2017006669;2;1;1;2;6;800;18/03/2017
2017006670;3;1;1;1;2;800;03/06/2017
2017006671;1;1;1;1;2;800;14/06/2017
2017006672;1;1;1;1;6;800;25/06/2017
2017006673;1;1;1;1;2;800;27/06/2017
2017006674;3;1;1;1;2;800;20/07/2017
2017006675;3;1;1;1;7;800;25/07/2017
2017006676;1;1;1;1;6;800;12/08/2017
2017006677;1;1;1;3;5;800;08/09/2017
2017006678;2;1;1;1;2;800;08/11/2017
2017006679;1;1;1;2;7;800;08/12/2017
2017006680;1;1;1;1;2;130;04/01/2017
2017006681;1;1;1;1;7;130;17/01/2017
2017006682;1;1;1;1;2;130;30/01/2017
2017006683;1;1;1;2;3;130;05/02/2017
2017006684;1;1;1;1;2;130;17/02/2017
2017006685;3;1;1;1;2;130;26/02/2017
2017006686;1;1;1;1;6;130;09/03/2017
2017006687;3;1;1;1;5;130;12/03/2017
2017006688;3;1;1;1;5;130;26/03/2017
2017006689;1;1;1;1;4;130;14/04/2017
2017006690;3;1;1;1;2;130;24/04/2017
2017006691;3;1;1;1;2;130;06/05/2017
2017006692;1;1;1;1;2;130;11/05/2017
2017006693;1;1;1;1;6;130;14/05/2017
2017006694;1;1;9;1;6;130;14/05/2017
2017006695;3;1;9;1;2;130;18/05/2017
2017006696;1;1;9;1;7;130;08/06/2017
2017006697;3;1;1;1;6;130;13/06/2017
2017006698;1;1;1;1;4;130;24/06/2017
2017006699;3;1;1;1;2;130;17/07/2017
2017006700;1;1;1;1;4;130;23/07/2017
2017006701;1;1;1;1;4;130;28/07/2017
2017006702;1;1;1;1;5;130;01/08/2017
2017006703;1;1;1;7;3;130;03/08/2017
2017006704;1;1;1;1;2;130;05/08/2017
2017006705;1;1;1;1;2;130;07/08/2017
2017006706;1;1;1;7;5;130;25/08/2017
2017006707;1;1;1;1;4;130;17/09/2017
2017006708;3;1;1;1;6;130;16/10/2017
2017006709;5;1;4;1;2;130;19/11/2017
2017006710;4;1;1;1;2;;18/11/2017
2017006711;1;1;1;1;5;130;05/12/2017
2017006712;1;1;1;9;2;130;12/12/2017
2017006713;1;1;1;1;5;130;22/12/2017
2017006714;3;1;1;1;6;130;26/12/2017
2017006715;2;1;1;1;2;840;02/02/2017
2017006716;1;1;1;6;6;840;10/03/2017
2017006717;1;1;9;1;7;840;09/05/2017
2017006718;3;1;1;1;4;840;30/07/2017
2017006719;1;1;1;1;2;300;08/08/2017
2017006720;1;1;9;9;6;840;14/08/2017
2017006721;1;1;1;1;2;840;17/08/2017
2017006722;1;1;1;1;4;840;28/08/2017
2017006723;1;1;1;2;6;840;27/12/2017
2017006724;1;1;4;1;1;760;20/01/2017
2017006725;1;1;2;1;4;270;25/01/2017
2017006726;4;1;1;1;2;760;22/04/2017
2017006727;1;1;1;1;2;760;24/04/2017
2017006728;1;1;4;1;1;270;23/05/2017
2017006729;1;1;1;1;2;270;25/05/2017
2017006730;1;1;1;1;6;760;30/05/2017
2017006731;1;1;1;7;4;760;17/06/2017
2017006732;1;1;1;1;6;270;25/06/2017
2017006733;1;1;1;1;6;270;27/07/2017
2017006734;3;1;1;8;2;270;15/08/2017
2017006735;3;1;1;2;7;760;03/09/2017
2017006736;1;1;1;2;2;760;22/10/2017
2017006737;5;1;1;2;4;760;23/10/2017
2017006738;1;1;1;1;6;760;31/10/2017
2017006739;2;1;1;1;4;760;16/11/2017
2017006740;3;1;1;1;2;270;23/11/2017
2017006741;5;1;1;1;4;760;12/12/2017
2017006742;1;1;1;2;6;270;07/01/2017
2017006743;1;1;1;2;6;270;07/01/2017
2017006744;2;1;1;8;5;270;12/01/2017
2017006745;3;1;1;1;2;270;13/04/2017
2017006746;1;1;1;1;6;270;18/04/2017
2017006747;3;1;1;1;7;270;06/05/2017
2017006748;1;1;1;3;4;270;06/06/2017
2017006749;1;1;1;2;4;270;06/06/2017
2017006750;1;1;1;1;2;270;06/07/2017
2017006751;1;1;1;1;6;270;12/07/2017
2017006752;3;1;1;1;2;270;30/07/2017
2017006753;1;1;1;1;6;270;26/08/2017
2017006754;1;1;1;2;5;270;08/09/2017
2017006755;3;1;1;1;5;270;22/10/2017
2017006756;3;1;1;1;2;270;14/11/2017
2017006757;3;1;1;5;5;600;08/01/2017
2017006758;2;1;1;1;2;600;03/02/2017
2017006759;2;1;1;8;7;600;03/02/2017
2017006760;3;1;1;2;2;600;10/02/2017
2017006761;3;1;1;1;6;600;13/02/2017
2017006762;3;1;1;2;2;600;06/03/2017
2017006763;3;1;1;1;5;600;18/03/2017
2017006764;1;1;1;1;6;600;19/04/2017
2017006765;3;1;1;3;6;600;07/05/2017
2017006766;1;1;1;1;2;600;17/05/2017
2017006767;1;2;3;1;3;600;18/06/2017
2017006768;3;1;1;1;6;600;23/06/2017
2017006769;1;1;1;1;2;600;16/07/2017
2017006770;3;1;1;1;2;600;20/09/2017
2017006771;3;1;1;1;2;600;26/09/2017
2017006772;3;1;1;5;6;690;02/01/2017
2017006773;2;1;1;9;3;690;02/01/2017
2017006774;5;1;1;1;6;690;02/01/2017
2017006775;3;1;1;1;4;690;04/03/2017
2017006776;1;1;1;1;6;690;12/03/2017
2017006777;1;1;1;1;2;690;29/04/2017
2017006778;1;1;1;1;2;690;08/05/2017
2017006779;1;1;1;1;2;690;24/05/2017
2017006780;1;1;9;1;3;690;09/06/2017
2017006781;1;1;1;1;6;690;16/06/2017
2017006782;1;1;1;1;4;690;28/06/2017
2017006783;1;1;9;3;7;690;22/07/2017
2017006784;1;1;1;1;6;690;13/08/2017
2017006785;3;1;1;1;5;690;17/08/2017
2017006786;3;1;1;2;6;690;11/12/2017
2017006787;3;1;1;1;5;690;12/12/2017
2017006788;1;1;1;5;4;590;02/01/2017
2017006789;1;1;1;1;2;590;18/06/2017
2017006790;1;1;1;2;3;640;25/03/2017
2017006791;1;1;1;5;7;380;01/01/2017
2017006792;3;1;1;1;7;380;29/01/2017
2017006793;1;1;1;1;1;380;03/03/2017
2017006794;1;1;1;1;4;380;21/04/2017
2017006795;1;1;1;1;5;380;12/06/2017
2017006796;2;1;1;1;7;380;17/06/2017
2017006797;1;1;1;1;5;380;10/10/2017
2017006798;3;1;1;1;4;380;24/12/2017
2017006799;1;1;1;1;7;380;25/12/2017
2017006800;2;2;4;1;6;680;04/01/2017
2017006801;1;2;1;1;2;680;27/09/2017
2017006802;1;2;2;2;2;680;08/10/2017
2017006803;1;2;3;1;6;680;08/11/2017
2017006804;5;2;1;3;6;680;13/12/2017
2017006805;5;2;1;1;6;680;19/12/2017
2017006806;1;2;1;1;6;950;27/01/2017
2017006807;2;1;1;1;2;950;15/03/2017
2017006808;1;2;1;1;3;950;16/03/2017
2017006809;1;2;1;1;6;950;18/05/2017
2017006810;1;1;6;1;3;950;26/05/2017
2017006811;1;1;1;1;7;950;29/05/2017
2017006812;1;1;1;1;5;950;04/06/2017
2017006813;1;1;1;1;2;950;21/06/2017
2017006814;3;1;1;1;1;950;29/06/2017
2017006815;1;2;1;1;6;950;29/09/2017
2017006816;1;1;1;1;4;950;19/10/2017
2017006817;5;2;1;1;6;950;18/12/2017
2017006818;1;1;1;1;7;510;13/11/2017
2017006819;1;1;1;1;4;170;28/03/2017
2017006820;1;1;3;1;3;170;12/05/2017
2017006821;1;1;1;5;6;170;08/01/2017
2017006822;3;1;1;2;2;170;09/01/2017
2017006823;3;1;1;1;6;170;06/04/2017
2017006824;1;1;1;1;5;170;21/04/2017
2017006825;3;1;1;1;2;170;07/07/2017
2017006826;1;1;1;1;2;170;13/07/2017
2017006827;1;1;2;1;3;170;19/07/2017
2017006828;1;1;1;1;6;170;04/08/2017
2017006829;1;1;1;8;6;170;07/09/2017
2017006830;1;2;1;1;1;170;15/11/2017
2017006831;2;1;1;1;4;170;27/11/2017
2017006832;2;1;1;3;6;170;10/12/2017
2017006833;1;2;1;1;5;250;23/03/2017
2017006834;2;1;2;2;3;250;26/04/2017
2017006835;1;2;1;1;6;250;28/06/2017
2017006836;1;1;6;1;2;250;31/10/2017
2017006837;3;1;1;4;3;250;28/12/2017
2017006838;1;1;1;1;4;830;20/07/2017
2017006839;2;1;1;1;6;830;06/08/2017
2017006840;1;1;1;1;5;130;01/10/2017
2017006841;3;1;1;1;2;130;09/10/2017
2017006842;1;1;1;1;2;830;16/12/2017
2017006843;2;2;2;8;3;510;24/01/2017
2017006844;1;1;1;2;1;510;30/01/2017
2017006845;5;1;1;1;4;740;20/01/2017
2017006846;1;1;1;1;3;740;17/10/2017
2017006847;4;1;6;1;6;340;02/01/2017
2017006848;1;1;1;1;3;340;21/01/2017
2017006849;3;1;9;1;6;340;11/02/2017
2017006850;3;1;1;1;7;340;12/03/2017
2017006851;1;1;1;1;2;340;09/04/2017
2017006852;1;1;1;1;5;340;10/05/2017
2017006853;1;1;1;1;2;300;12/05/2017
2017006854;1;1;4;1;4;300;24/05/2017
2017006855;3;1;1;1;2;340;14/06/2017
2017006856;1;1;1;1;2;340;28/06/2017
2017006857;1;1;4;9;2;300;18/07/2017
2017006858;2;1;1;1;6;300;04/08/2017
2017006859;3;1;1;1;6;300;10/08/2017
2017006860;3;1;1;1;3;300;30/09/2017
2017006861;1;1;1;1;6;300;15/10/2017
2017006862;3;1;1;1;5;300;20/10/2017
2017006863;1;1;1;1;7;300;21/10/2017
2017006864;3;1;1;1;3;340;02/11/2017
2017006865;1;1;1;6;2;340;13/11/2017
2017006866;3;1;1;1;1;300;07/12/2017
2017006867;1;1;1;7;4;340;08/12/2017
2017006868;3;1;1;9;2;340;18/12/2017
2017006869;3;1;1;1;6;110;26/01/2017
2017006870;1;1;1;8;6;110;27/01/2017
2017006871;1;1;1;1;3;110;22/03/2017
2017006872;2;1;1;1;7;110;30/07/2017
2017006873;1;1;1;1;6;110;01/08/2017
2017006874;3;1;1;1;4;110;24/08/2017
2017006875;3;1;1;1;6;110;19/09/2017
2017006876;3;1;1;1;6;110;18/12/2017
2017006877;1;1;1;1;5;280;06/01/2017
2017006878;3;1;1;1;4;280;22/01/2017
2017006879;3;1;1;1;3;280;01/02/2017
2017006880;1;1;1;5;7;280;18/02/2017
2017006881;1;1;1;8;5;450;20/02/2017
2017006882;1;1;1;3;2;450;06/03/2017
2017006883;1;1;1;1;7;450;21/03/2017
2017006884;1;1;1;1;6;450;22/03/2017
2017006885;1;1;1;1;2;280;10/04/2017
2017006886;1;1;1;1;6;280;12/04/2017
2017006887;1;1;1;1;7;450;23/05/2017
2017006888;1;1;9;1;2;280;29/05/2017
2017006889;1;1;1;1;3;450;18/06/2017
2017006890;1;1;1;1;2;450;29/06/2017
2017006891;3;1;1;1;2;280;02/07/2017
2017006892;1;1;1;1;6;450;09/07/2017
2017006893;1;1;1;8;2;450;09/08/2017
2017006894;1;1;1;1;6;280;10/08/2017
2017006895;1;1;1;1;5;280;16/08/2017
2017006896;1;1;1;1;6;450;24/08/2017
2017006897;1;1;1;1;4;450;26/08/2017
2017006898;1;1;1;1;7;450;24/09/2017
2017006899;1;2;1;1;6;280;03/10/2017
2017006900;3;1;1;1;5;450;02/11/2017
2017006901;1;1;1;2;6;450;08/11/2017
2017006902;1;2;1;1;6;730;24/04/2017
2017006903;1;2;1;1;1;130;24/01/2017
2017006904;1;2;1;8;3;130;27/01/2017
2017006905;1;2;1;1;2;130;01/02/2017
2017006906;1;2;6;1;3;130;07/02/2017
2017006907;3;1;1;1;3;130;01/03/2017
2017006908;3;1;1;1;2;130;19/03/2017
2017006909;1;2;1;1;3;130;07/04/2017
2017006910;1;2;6;1;6;130;07/05/2017
2017006911;1;1;1;1;1;130;15/05/2017
2017006912;2;2;6;7;3;130;19/05/2017
2017006913;1;1;1;7;1;130;29/05/2017
2017006914;1;2;1;1;5;130;13/06/2017
2017006915;1;2;3;1;7;130;24/06/2017
2017006916;1;1;3;1;1;130;15/07/2017
2017006917;1;1;1;1;3;130;04/08/2017
2017006918;1;2;3;1;6;130;29/08/2017
2017006919;2;1;1;1;3;130;10/10/2017
2017006920;2;1;1;6;6;130;26/11/2017
2017006921;1;1;1;1;1;460;29/05/2017
2017006922;1;1;1;7;6;560;06/06/2017
2017006923;1;1;1;1;6;210;16/01/2017
2017006924;1;1;1;1;7;210;06/02/2017
2017006925;1;1;1;1;2;210;25/02/2017
2017006926;1;1;1;1;6;210;05/04/2017
2017006927;3;1;1;1;2;210;10/05/2017
2017006928;1;1;1;1;5;210;05/07/2017
2017006929;1;1;1;1;2;210;22/07/2017
2017006930;1;1;1;8;3;210;20/11/2017
2017006931;1;1;1;1;2;730;10/02/2017
2017006932;1;1;4;1;2;730;07/05/2017
2017006933;5;1;1;1;6;730;13/06/2017
2017006934;1;1;1;1;4;730;16/07/2017
2017006935;1;1;1;1;4;730;17/07/2017
2017006936;1;1;1;2;7;730;11/08/2017
2017006937;1;1;1;2;3;730;02/09/2017
2017006938;3;1;1;1;4;730;28/09/2017
2017006939;1;1;1;1;2;730;06/10/2017
2017006940;3;1;1;1;4;730;19/11/2017
2017006941;3;1;1;1;6;730;25/12/2017
2017006942;1;1;1;1;2;380;31/01/2017
2017006943;3;1;1;1;3;380;14/02/2017
2017006944;3;1;1;3;3;380;05/03/2017
2017006945;5;1;9;1;2;380;12/05/2017
2017006946;3;1;1;1;6;380;28/05/2017
2017006947;3;1;1;1;7;380;26/06/2017
2017006948;1;1;1;1;2;380;16/07/2017
2017006949;1;1;1;1;6;380;20/07/2017
2017006950;1;1;1;1;6;380;26/07/2017
2017006951;1;1;1;1;2;380;17/08/2017
2017006952;1;1;1;8;6;380;02/09/2017
2017006953;1;1;1;1;2;380;15/10/2017
2017006954;1;1;1;4;5;380;29/11/2017
2017006955;3;1;1;2;4;380;30/11/2017
2017006956;1;1;1;3;2;550;28/02/2017
2017006957;1;1;1;2;7;550;28/01/2017
2017006958;1;1;1;1;6;550;26/04/2017
2017006959;2;1;1;1;7;550;09/05/2017
2017006960;3;1;1;2;4;550;22/10/2017
2017006961;3;1;1;1;4;550;08/09/2017
2017006962;1;2;1;1;6;80;22/11/2017
2017006963;5;2;1;1;6;80;25/11/2017
2017006964;5;2;1;3;6;80;27/11/2017
2017006965;5;2;6;2;6;80;27/11/2017
2017006966;1;2;3;1;3;80;04/12/2017
2017006967;5;2;3;2;3;80;21/12/2017
2017006968;1;2;3;1;6;80;29/12/2017
2017006969;1;2;1;4;7;80;29/12/2017
2017006970;3;2;3;2;3;80;03/01/2017
2017006971;1;2;3;1;6;80;20/01/2017
2017006972;1;2;1;1;2;80;19/01/2017
2017006973;5;2;1;1;6;80;26/01/2017
2017006974;1;2;3;1;6;80;24/01/2017
2017006975;5;1;1;1;5;80;03/02/2017
2017006976;1;2;6;1;6;80;03/02/2017
2017006977;1;2;1;1;6;80;09/02/2017