num_acc;lum;agg;inter;atm;col;dep;date
2017006978;1;2;3;1;3;80;10/02/2017
2017006979;1;2;2;1;3;80;12/03/2017
2017006980;1;2;3;1;3;80;13/03/2017
2017006981;1;2;1;1;3;80;14/03/2017
2017006982;1;2;3;1;1;80;14/03/2017
2017006983;1;2;1;1;6;80;30/03/2017
2017006984;5;2;1;1;6;80;09/04/2017
2017006985;1;1;1;1;6;80;09/04/2017
2017006986;5;2;1;1;3;80;24/04/2017
2017006987;1;2;3;1;3;80;29/04/2017
2017006988;1;2;3;1;6;80;01/06/2017
2017006989;1;2;1;1;6;80;12/05/2017
2017006990;1;2;3;1;3;80;16/05/2017
2017006991;1;2;1;1;6;80;18/05/2017
2017006992;1;2;1;1;6;80;30/05/2017
2017006993;1;2;1;1;7;80;04/06/2017
2017006994;2;2;1;1;3;80;02/06/2017
2017006995;5;2;1;1;6;80;24/06/2017
2017006996;1;2;1;1;6;80;26/06/2017
2017006997;3;1;1;1;7;80;28/06/2017
2017006998;2;2;1;1;7;80;02/07/2017
2017006999;1;1;9;1;3;80;19/07/2017
2017007000;1;2;1;1;6;80;21/07/2017
2017007001;5;2;1;1;7;80;08/08/2017
2017007002;1;2;3;1;2;80;11/08/2017
2017007003;1;2;1;1;2;80;23/09/2017
2017007004;1;2;1;1;2;80;24/09/2017
2017007005;1;2;3;1;3;80;01/10/2017
2017007006;5;2;1;1;7;80;24/10/2017
2017007007;5;1;1;2;2;80;04/11/2017
2017007008;2;2;3;1;6;80;07/11/2017
2017007009;2;2;3;1;3;80;10/11/2017
2017007010;1;2;3;1;3;80;14/11/2017
2017007011;2;1;1;1;6;240;30/10/2017
2017007012;1;1;1;1;5;240;07/07/2017
2017007013;1;1;1;1;6;140;29/01/2017
2017007014;1;1;1;8;2;140;21/02/2017
2017007015;3;1;1;1;5;140;28/02/2017
2017007016;3;1;1;2;2;140;07/03/2017
2017007017;1;1;1;1;6;140;22/03/2017
2017007018;1;1;1;1;7;140;13/04/2017
2017007019;1;1;1;7;6;140;21/04/2017
2017007020;1;1;1;1;5;140;21/04/2017
2017007021;1;1;1;1;2;140;10/05/2017
2017007022;3;1;1;1;2;140;15/06/2017
2017007023;1;1;1;1;6;140;30/06/2017
2017007024;1;1;1;7;2;140;05/07/2017
2017007025;1;1;1;1;6;140;19/07/2017
2017007026;1;1;1;2;6;140;20/07/2017
2017007027;1;1;1;1;2;140;30/07/2017
2017007028;3;1;1;1;6;140;23/08/2017
2017007029;1;1;1;4;5;140;05/11/2017
2017007030;1;1;1;4;5;140;25/11/2017
2017007031;3;1;9;4;6;140;08/12/2017
2017007032;1;1;1;4;1;140;08/12/2017
2017007033;1;1;1;4;6;140;29/11/2017
2017007034;1;1;9;6;2;140;27/12/2017
2017007035;1;1;1;1;1;130;15/05/2017
2017007036;1;1;1;1;7;130;06/06/2017
2017007037;1;2;2;7;1;130;03/07/2017
2017007038;1;2;1;1;6;130;31/07/2017
2017007039;1;1;3;5;3;130;17/10/2017
2017007040;2;1;1;1;6;130;07/11/2017
2017007041;2;1;1;1;5;130;28/11/2017
2017007042;1;2;1;1;6;440;30/09/2017
2017007043;1;1;9;1;2;720;04/08/2017
2017007044;1;1;1;1;5;720;12/10/2017
2017007045;1;1;1;1;7;720;19/10/2017
2017007046;1;1;1;1;3;270;19/06/2017
2017007047;1;2;1;1;6;270;14/09/2017
2017007048;1;1;2;1;3;270;04/10/2017
2017007049;1;1;1;1;6;690;06/01/2017
2017007050;1;1;9;1;3;690;18/02/2017
2017007051;1;2;6;1;4;690;21/02/2017
2017007052;1;1;1;1;3;690;14/04/2017
2017007053;1;1;1;1;1;690;17/04/2017
2017007054;1;2;1;2;6;690;02/05/2017
2017007055;1;2;1;2;1;690;15/06/2017
2017007056;3;2;9;1;3;690;22/06/2017
2017007057;2;2;1;1;3;690;13/06/2017
2017007058;1;1;1;2;6;690;25/07/2017
2017007059;1;1;1;1;3;690;27/07/2017
2017007060;5;2;1;2;3;690;29/11/2017
2017007061;1;1;1;2;3;690;07/02/2017
2017007062;1;1;6;1;3;690;07/02/2017
2017007063;3;1;1;1;4;690;17/02/2017
2017007064;1;1;1;1;1;690;04/04/2017
2017007065;1;1;1;1;7;690;17/05/2017
2017007066;2;2;1;1;6;690;22/05/2017
2017007067;1;2;1;1;2;690;17/07/2017
2017007068;4;1;3;1;3;690;22/09/2017
2017007069;1;2;1;1;3;690;24/10/2017
2017007070;2;1;1;8;1;690;04/05/2017
2017007071;1;1;1;2;7;690;28/11/2017
2017007072;1;1;1;1;6;860;17/07/2017
2017007073;1;2;1;1;2;860;08/03/2017
2017007074;3;1;1;1;3;860;31/03/2017
2017007075;1;2;1;1;4;860;06/04/2017
2017007076;1;1;1;1;7;860;15/05/2017
2017007077;4;2;2;1;3;860;11/08/2017
2017007078;3;1;6;3;7;860;09/09/2017
2017007079;1;1;1;1;7;860;13/10/2017
2017007080;3;1;1;1;6;340;03/01/2017
2017007081;3;1;1;1;5;340;04/01/2017
2017007082;1;1;1;1;2;340;09/01/2017
2017007083;1;1;1;3;6;340;22/01/2017
2017007084;3;1;1;1;6;340;13/01/2017
2017007085;1;1;1;1;2;340;04/02/2017
2017007086;1;1;1;6;7;340;06/02/2017
2017007087;3;1;1;1;6;340;12/02/2017
2017007088;3;1;1;1;2;340;21/02/2017
2017007089;3;2;1;1;2;340;03/03/2017
2017007090;1;1;1;1;3;340;11/03/2017
2017007091;1;1;1;1;6;;30/03/2017
2017007092;1;1;1;1;2;340;20/05/2017
2017007093;1;1;1;1;6;340;25/05/2017
2017007094;1;1;1;1;2;340;29/05/2017
2017007095;3;1;1;1;6;340;05/06/2017
2017007096;1;1;1;1;6;340;10/06/2017
2017007097;1;1;1;1;7;340;13/06/2017
2017007098;1;1;1;1;6;340;18/06/2017
2017007099;3;1;1;1;6;340;26/06/2017
2017007100;3;1;1;1;4;340;01/07/2017
2017007101;1;1;1;1;7;340;02/07/2017
2017007102;1;1;1;1;2;340;15/07/2017
2017007103;3;1;1;2;2;340;10/08/2017
2017007104;3;1;1;1;2;340;19/09/2017
2017007105;1;1;1;1;4;340;27/09/2017
2017007106;3;1;1;1;6;340;06/10/2017
2017007107;1;1;9;1;6;340;13/10/2017
2017007108;2;1;9;1;6;340;30/10/2017
2017007109;3;1;1;1;7;340;17/11/2017
2017007110;5;1;1;1;6;340;01/12/2017
2017007111;3;1;1;1;7;330;19/01/2017
2017007112;3;1;9;1;6;330;02/03/2017
2017007113;1;1;1;1;3;330;02/04/2017
2017007114;1;1;1;1;7;330;22/04/2017
2017007115;2;1;1;1;2;330;04/07/2017
2017007116;1;1;1;1;7;330;24/07/2017
2017007117;2;1;1;7;2;330;04/08/2017
2017007118;1;1;2;1;3;310;18/02/2017
2017007119;1;1;1;1;5;310;29/05/2017
2017007120;1;1;1;1;2;310;31/08/2017
2017007121;1;2;2;1;6;310;27/09/2017
2017007122;2;2;1;2;2;310;24/11/2017
2017007123;1;2;1;1;1;310;01/12/2017
2017007124;3;1;1;5;7;310;25/12/2017
2017007125;1;1;1;1;6;260;19/01/2017
2017007126;1;1;1;1;1;260;04/07/2017
2017007127;1;1;2;1;1;260;20/09/2017
2017007128;1;1;3;1;2;260;21/11/2017
2017007129;3;1;1;8;1;260;22/12/2017
2017007130;3;1;1;8;5;260;22/12/2017
2017007131;1;1;1;1;5;260;26/12/2017
2017007132;1;1;1;1;5;630;19/04/2017
2017007133;3;1;1;1;5;630;16/05/2017
2017007134;2;1;9;3;4;630;26/06/2017
2017007135;3;1;9;1;6;630;14/10/2017
2017007136;1;1;1;1;4;630;26/10/2017
2017007137;3;1;9;1;5;630;11/11/2017
2017007138;1;1;9;1;5;640;26/01/2017
2017007139;1;1;1;1;5;640;08/02/2017
2017007140;3;1;1;1;6;640;09/02/2017
2017007141;2;1;1;1;6;640;11/04/2017
2017007142;3;1;9;1;6;640;30/04/2017
2017007143;1;1;1;1;2;640;27/05/2017
2017007144;1;1;1;1;7;640;23/06/2017
2017007145;1;1;1;1;7;640;21/09/2017
2017007146;1;1;1;1;2;640;28/11/2017
2017007147;3;1;1;1;6;80;25/02/2017
2017007148;1;2;1;1;7;80;23/03/2017
2017007149;1;2;1;1;6;80;19/01/2017
2017007150;1;2;2;3;6;80;03/05/2017
2017007151;1;2;1;1;3;80;11/07/2017
2017007152;1;2;3;1;2;80;17/07/2017
2017007153;1;2;2;1;6;80;10/10/2017
2017007154;3;1;1;1;6;80;04/11/2017
2017007155;1;2;1;1;6;80;18/11/2017
2017007156;1;1;1;1;7;80;11/10/2017
2017007157;5;2;1;2;6;80;23/12/2017
2017007158;1;1;1;1;1;20;21/06/2017
2017007159;1;1;1;1;6;510;26/01/2017
2017007160;1;1;1;1;2;510;14/02/2017
2017007161;1;1;1;1;7;510;26/06/2017
2017007162;2;1;9;1;6;510;25/07/2017
2017007163;1;1;9;1;2;510;11/08/2017
2017007164;1;1;1;2;7;510;15/08/2017
2017007165;1;1;1;1;7;510;09/09/2017
2017007166;2;1;1;1;4;510;27/10/2017
2017007167;3;1;1;5;2;510;31/10/2017
2017007168;1;1;9;1;6;510;30/11/2017
2017007169;1;1;1;1;6;910;07/02/2017
2017007170;1;2;1;1;3;910;14/08/2017
2017007171;2;1;1;2;2;910;26/11/2017
2017007172;1;1;1;1;2;910;20/12/2017
2017007173;1;1;1;5;7;10;03/01/2017
2017007174;1;1;1;1;1;10;28/08/2017
2017007175;1;2;1;1;3;70;31/05/2017
2017007176;1;1;1;1;7;70;20/09/2017
2017007177;1;2;3;2;3;380;07/02/2017
2017007178;1;2;2;1;7;380;10/03/2017
2017007179;1;2;1;1;7;380;21/03/2017
2017007180;1;1;1;3;6;380;01/04/2017
2017007181;1;2;1;1;3;380;18/09/2017
2017007182;1;2;1;1;2;380;28/09/2017
2017007183;3;1;1;1;7;380;01/01/2017
2017007184;3;1;1;9;1;380;02/01/2017
2017007185;1;2;1;9;6;380;16/01/2017
2017007186;5;2;1;1;6;380;16/02/2017
2017007187;1;1;1;1;6;380;10/03/2017
2017007188;1;1;1;1;1;380;14/03/2017
2017007189;2;1;1;1;3;380;19/03/2017
2017007190;1;1;1;1;6;380;23/04/2017
2017007191;1;1;1;1;7;380;27/05/2017
2017007192;1;1;1;1;7;380;27/05/2017
2017007193;1;1;1;1;6;380;28/05/2017
2017007194;1;2;1;1;6;380;09/06/2017
2017007195;1;1;1;1;3;380;17/07/2017
2017007196;1;2;1;1;7;380;30/07/2017
2017007197;1;1;1;1;6;380;10/08/2017
2017007198;1;1;1;1;3;380;12/08/2017
2017007199;1;1;1;1;6;380;13/08/2017
2017007200;1;1;1;1;7;380;18/08/2017
2017007201;1;1;1;1;7;380;26/08/2017
2017007202;1;1;1;1;3;380;23/09/2017
2017007203;3;1;1;1;7;380;26/08/2017
2017007204;1;1;1;1;6;380;30/09/2017
2017007205;1;1;1;2;6;380;03/10/2017
2017007206;1;2;1;1;6;380;13/12/2017
2017007207;1;1;1;8;1;380;26/12/2017
2017007208;2;1;1;4;6;380;27/12/2017
2017007209;1;1;1;1;2;510;27/06/2017
2017007210;1;1;1;1;7;510;01/10/2017
2017007211;1;1;1;5;4;570;01/02/2017
2017007212;3;1;1;1;5;570;02/03/2017
2017007213;2;1;1;1;6;570;25/04/2017
2017007214;1;1;9;1;4;570;27/04/2017
2017007215;1;1;9;1;3;570;30/04/2017
2017007216;1;1;1;1;3;570;29/05/2017
2017007217;1;1;1;2;7;570;01/07/2017
2017007218;2;1;1;2;7;570;14/07/2017
2017007219;1;1;1;1;6;570;24/08/2017
2017007220;1;1;1;2;5;570;02/10/2017
2017007221;1;1;1;2;3;570;05/10/2017
2017007222;3;1;1;1;6;570;05/12/2017
2017007223;3;1;1;1;1;570;07/12/2017
2017007224;1;1;1;2;2;860;11/01/2017
2017007225;3;1;1;1;3;860;21/02/2017
2017007226;1;1;1;1;6;860;03/03/2017
2017007227;1;1;1;1;2;860;10/03/2017
2017007228;1;1;1;1;3;860;07/04/2017
2017007229;1;1;1;1;6;860;25/06/2017
2017007230;1;2;1;1;7;860;17/07/2017
2017007231;1;1;1;2;6;860;27/07/2017
2017007232;1;1;1;1;5;860;04/09/2017
2017007233;1;1;2;7;3;860;09/10/2017
2017007234;1;1;1;1;2;860;28/10/2017
2017007235;1;1;1;1;6;170;28/04/2017
2017007236;1;1;1;2;5;170;27/07/2017
2017007237;1;1;1;1;2;170;19/09/2017
2017007238;1;1;1;5;2;170;06/12/2017
2017007239;1;1;2;1;3;790;24/02/2017
2017007240;1;1;9;1;3;360;25/10/2017
2017007241;3;1;1;1;6;360;27/10/2017
2017007242;1;1;1;8;1;370;02/01/2017
2017007243;1;1;1;8;2;370;25/09/2017
2017007244;1;1;1;1;7;370;30/10/2017
2017007245;1;1;1;8;5;370;11/01/2017
2017007246;1;2;1;1;3;370;31/05/2017
2017007247;1;1;1;1;1;370;22/11/2017
2017007248;1;1;6;5;5;370;04/12/2017
2017007249;1;1;1;1;6;370;11/04/2017
2017007250;2;1;1;1;1;370;13/05/2017
2017007251;1;2;1;1;1;370;28/06/2017
2017007252;1;1;2;1;3;490;15/02/2017
2017007253;1;1;1;1;1;490;15/02/2017
2017007254;3;1;1;1;2;490;21/05/2017
2017007255;1;1;1;1;7;490;24/06/2017
2017007256;1;1;1;1;6;490;29/06/2017
2017007257;1;1;9;2;3;490;29/09/2017
2017007258;1;1;2;1;3;490;20/10/2017
2017007259;1;1;1;4;7;490;27/12/2017
2017007260;5;1;6;1;6;310;17/02/2017
2017007261;3;1;1;1;7;310;20/08/2017
2017007262;3;1;1;9;6;20;07/01/2017
2017007263;2;1;1;1;7;20;30/05/2017
2017007264;3;1;1;2;2;20;24/10/2017
2017007265;1;1;1;4;6;20;25/11/2017
2017007266;1;1;1;9;6;90;12/01/2017
2017007267;1;1;1;1;6;90;31/01/2017
2017007268;3;1;1;1;6;90;13/02/2017
2017007269;1;1;1;1;2;60;25/01/2017
2017007270;5;1;1;1;2;60;28/02/2017
2017007271;1;1;1;1;2;60;03/03/2017
2017007272;1;1;1;1;7;60;17/03/2017
2017007273;1;1;1;1;4;60;22/03/2017
2017007274;1;1;9;1;2;60;11/04/2017
2017007275;1;1;1;1;2;60;22/04/2017
2017007276;1;1;1;1;7;60;09/05/2017
2017007277;1;1;1;1;7;60;30/04/2017
2017007278;1;1;1;1;3;60;27/05/2017
2017007279;2;1;1;1;7;60;31/05/2017
2017007280;1;1;1;1;2;60;04/06/2017
2017007281;3;1;1;1;5;60;22/06/2017
2017007282;1;1;1;1;7;60;23/06/2017
2017007283;1;1;1;1;7;60;07/07/2017
2017007284;1;1;9;1;6;60;20/07/2017
2017007285;1;1;1;1;2;60;02/08/2017
2017007286;1;1;1;1;6;60;02/08/2017
2017007287;5;1;1;1;7;60;02/08/2017
2017007288;1;1;1;1;2;60;20/09/2017
2017007289;5;1;1;1;7;60;21/10/2017
2017007290;3;2;1;1;2;60;01/11/2017
2017007291;2;1;1;1;6;60;04/11/2017
2017007292;1;1;1;3;6;60;08/11/2017
2017007293;5;1;1;1;7;60;14/11/2017
2017007294;1;1;1;1;2;60;16/11/2017
2017007295;5;1;1;1;6;60;29/11/2017
2017007296;3;1;1;1;3;60;20/12/2017
2017007297;1;1;9;8;2;570;17/02/2017
2017007298;3;1;1;5;5;570;03/09/2017
2017007299;3;1;1;2;3;570;05/10/2017
2017007300;1;1;9;1;2;670;30/10/2017
2017007301;3;1;1;3;5;570;21/12/2017
2017007302;1;1;1;1;5;680;17/05/2017
2017007303;1;1;1;1;1;900;23/07/2017
2017007304;3;1;1;1;2;680;27/09/2017
2017007305;3;1;1;1;6;680;02/10/2017
2017007306;1;1;1;2;1;900;24/10/2017
2017007307;1;1;1;1;4;900;01/12/2017
2017007308;3;1;3;2;3;900;19/12/2017
2017007309;3;1;1;2;6;670;18/03/2017
2017007310;1;1;1;1;1;670;08/06/2017
2017007311;3;1;1;2;2;670;06/12/2017
2017007312;1;1;1;6;4;620;06/06/2017
2017007313;1;1;1;1;4;620;29/06/2017
2017007314;1;1;1;1;6;620;29/10/2017
2017007315;3;1;1;1;5;620;02/11/2017
2017007316;3;1;1;1;2;620;03/11/2017
2017007317;1;1;1;7;1;560;24/01/2017
2017007318;2;1;1;4;7;560;01/12/2017
2017007319;1;2;6;7;2;610;18/12/2017
2017007320;1;1;1;1;3;440;07/04/2017
2017007321;1;1;1;2;1;440;19/07/2017
2017007322;1;1;1;1;1;490;02/03/2017
2017007323;1;1;1;1;1;490;30/11/2017
2017007324;1;1;1;1;1;530;06/11/2017
2017007325;2;1;1;1;3;530;21/11/2017
2017007326;2;1;1;1;2;620;27/05/2017
2017007327;1;1;1;2;2;620;07/10/2017
2017007328;3;1;1;1;7;620;29/12/2017
2017007329;1;2;1;2;1;760;10/08/2017
2017007330;1;1;1;4;7;760;25/11/2017
2017007331;1;1;3;1;2;270;14/02/2017
2017007332;1;1;2;1;3;400;12/04/2017
2017007333;1;1;1;1;1;400;19/08/2017
2017007334;1;1;1;1;1;400;05/10/2017
2017007335;1;1;1;1;2;170;05/05/2017
2017007336;1;1;2;1;3;170;25/09/2017
2017007337;1;1;4;1;3;170;26/10/2017
2017007338;1;2;1;1;1;90;17/02/2017
2017007339;1;2;1;1;6;90;12/04/2017
2017007340;1;2;1;1;3;90;01/09/2017
2017007341;1;1;1;8;5;910;24/01/2017
2017007342;1;1;1;2;5;770;26/04/2017
2017007343;2;2;1;1;1;770;02/06/2017
2017007344;1;1;1;1;3;770;13/07/2017
2017007345;1;1;1;1;6;180;24/04/2017
2017007346;1;1;1;1;6;180;17/05/2017
2017007347;1;1;1;1;6;180;24/06/2017
2017007348;2;1;1;2;2;180;10/07/2017
2017007349;1;1;1;1;2;180;07/09/2017
2017007350;1;1;1;1;6;180;08/10/2017
2017007351;2;1;1;2;2;180;08/12/2017
2017007352;1;1;1;8;3;70;01/02/2017
2017007353;2;1;1;1;3;70;06/10/2017
2017007354;1;1;1;1;7;70;05/12/2017
2017007355;2;1;2;1;3;420;26/05/2017
2017007356;1;1;1;1;4;420;06/09/2017
2017007357;1;1;1;1;1;390;24/01/2017
2017007358;1;1;1;1;5;130;30/06/2017
2017007359;2;1;1;1;7;60;31/03/2017
2017007360;1;2;1;1;3;840;16/03/2017
2017007361;1;1;1;1;7;840;23/11/2017
2017007362;3;1;1;3;6;380;12/01/2017
2017007363;1;1;1;1;4;380;06/07/2017
2017007364;3;1;1;1;4;380;22/09/2017
2017007365;3;1;1;2;4;380;30/09/2017
2017007366;3;1;1;1;6;380;14/10/2017
2017007367;3;1;1;1;1;130;18/02/2017
2017007368;3;1;1;1;4;130;13/03/2017
2017007369;1;1;9;1;5;130;21/03/2017
2017007370;1;1;1;1;3;130;01/06/2017
2017007371;1;1;1;1;3;130;29/06/2017
2017007372;1;1;1;1;5;130;05/07/2017
2017007373;1;1;1;1;2;130;17/07/2017
2017007374;1;1;1;7;2;130;28/07/2017
2017007375;1;1;9;1;6;130;12/10/2017
2017007376;1;1;1;1;2;130;14/10/2017
2017007377;1;1;1;7;3;130;17/10/2017
2017007378;3;1;1;1;3;130;23/10/2017
2017007379;3;1;1;1;2;130;30/10/2017
2017007380;1;1;1;1;5;130;13/11/2017
2017007381;3;1;1;1;5;130;24/11/2017
2017007382;1;1;1;4;4;130;02/12/2017
2017007383;2;1;1;4;3;130;01/12/2017
2017007384;3;1;9;1;5;130;04/12/2017
2017007385;1;1;9;9;6;130;26/12/2017
2017007386;3;1;1;1;3;830;27/01/2017
2017007387;1;1;1;1;7;60;10/02/2017
2017007388;1;1;1;1;4;60;17/03/2017
2017007389;1;1;1;3;2;60;23/03/2017
2017007390;1;1;1;1;6;830;31/03/2017
2017007391;1;1;1;1;7;60;07/04/2017
2017007392;1;1;1;1;3;60;10/04/2017
2017007393;3;1;1;1;7;60;17/04/2017
2017007394;1;1;9;1;2;830;19/04/2017
2017007395;2;1;1;1;3;830;16/05/2017
2017007396;1;1;1;1;4;60;18/05/2017
2017007397;2;1;1;1;2;60;20/05/2017
2017007398;1;1;1;1;7;60;31/05/2017
2017007399;1;1;1;1;4;60;21/06/2017
2017007400;1;1;1;1;2;60;01/07/2017
2017007401;1;1;1;1;3;830;01/07/2017
2017007402;1;1;1;1;7;60;29/06/2017
2017007403;3;1;1;1;2;60;06/07/2017
2017007404;1;1;1;1;4;60;11/07/2017
2017007405;1;1;1;1;2;60;16/07/2017
2017007406;3;1;1;1;7;60;18/07/2017
2017007407;2;1;1;1;7;60;28/07/2017
2017007408;1;1;1;1;2;60;28/07/2017
2017007409;3;1;1;1;3;60;31/08/2017
2017007410;1;1;1;1;7;60;05/09/2017
2017007411;1;1;1;1;4;60;07/09/2017
2017007412;3;1;1;1;6;60;17/09/2017
2017007413;1;1;9;1;3;60;20/09/2017
2017007414;3;1;1;1;4;60;10/10/2017
2017007415;5;1;1;1;2;60;13/10/2017
2017007416;3;1;1;1;2;60;15/11/2017
2017007417;1;1;1;1;6;60;25/11/2017
2017007418;1;1;1;1;5;830;14/12/2017
2017007419;1;1;1;8;6;830;20/12/2017
2017007420;1;1;1;1;7;60;28/12/2017
2017007421;1;1;9;1;2;640;19/08/2017
2017007422;1;1;1;2;6;640;09/09/2017
2017007423;1;1;1;1;1;640;09/10/2017
2017007424;3;1;1;1;5;640;20/10/2017
2017007425;3;1;1;5;6;640;19/11/2017
2017007426;2;1;1;1;1;660;19/01/2017
2017007427;1;1;1;1;3;660;30/06/2017
2017007428;3;1;1;1;6;660;28/08/2017
2017007429;3;2;1;1;7;290;05/07/2017
2017007430;3;1;1;1;2;630;31/12/2017
2017007431;3;1;1;2;2;630;11/01/2017
2017007432;3;1;1;1;2;630;22/02/2017
2017007433;1;1;1;1;5;630;17/07/2017
2017007434;3;1;1;1;5;630;14/11/2017
2017007435;2;2;1;1;6;740;09/02/2017
2017007436;1;2;1;1;6;740;27/02/2017
2017007437;1;2;1;1;6;740;15/03/2017
2017007438;1;1;1;1;3;740;15/03/2017
2017007439;3;1;1;1;6;740;02/04/2017
2017007440;1;2;3;1;3;740;29/04/2017
2017007441;1;2;1;1;6;740;27/05/2017
2017007442;1;1;1;1;6;740;30/05/2017
2017007443;1;2;1;1;6;740;17/06/2017
2017007444;1;1;1;7;3;740;23/06/2017
2017007445;3;1;9;1;6;740;02/07/2017
2017007446;1;2;1;1;3;740;09/07/2017
2017007447;1;2;1;1;6;740;18/07/2017
2017007448;1;2;3;1;3;740;27/07/2017
2017007449;4;2;1;1;6;740;04/08/2017
2017007450;3;1;1;1;7;740;29/08/2017
2017007451;1;2;6;1;3;740;04/09/2017
2017007452;1;2;3;1;1;740;05/09/2017
2017007453;2;1;1;1;7;740;08/09/2017
2017007454;5;2;2;8;6;740;09/09/2017
2017007455;1;2;1;8;6;740;02/10/2017
2017007456;1;2;3;1;3;740;28/10/2017
2017007457;5;2;1;1;6;740;29/10/2017
2017007458;1;2;1;1;6;740;01/11/2017
2017007459;5;2;1;1;4;740;01/12/2017
2017007460;2;2;1;1;3;740;24/11/2017
2017007461;1;2;1;1;6;740;13/12/2017
2017007462;3;1;1;1;6;740;19/12/2017
2017007463;1;1;1;1;1;740;26/12/2017
2017007464;1;1;1;1;1;240;29/05/2017
2017007465;1;1;1;1;2;720;15/02/2017
2017007466;1;1;1;1;7;720;31/03/2017
2017007467;1;1;1;7;7;720;07/04/2017
2017007468;3;1;1;1;2;720;15/05/2017
2017007469;1;1;1;3;1;720;18/05/2017
2017007470;1;1;1;1;5;720;24/05/2017
2017007471;1;1;1;1;6;720;12/06/2017
2017007472;3;1;1;1;4;720;05/07/2017
2017007473;3;1;1;1;2;720;10/10/2017
2017007474;3;1;1;1;2;720;06/12/2017
2017007475;1;1;1;7;2;890;18/04/2017
2017007476;1;1;1;1;7;890;22/05/2017
2017007477;1;1;1;1;7;890;24/05/2017
2017007478;3;1;1;1;2;890;15/06/2017
2017007479;1;1;1;1;7;890;15/06/2017
2017007480;1;1;9;1;6;890;08/07/2017
2017007481;3;1;1;1;2;890;13/08/2017
2017007482;1;1;1;1;2;890;10/10/2017
2017007483;3;1;1;2;2;890;13/11/2017
2017007484;3;1;1;1;7;890;09/12/2017
2017007485;5;2;3;1;1;850;11/03/2017
2017007486;1;2;4;1;2;850;05/04/2017
2017007487;1;1;1;1;1;850;12/06/2017
2017007488;1;1;1;1;4;850;28/08/2017
2017007489;1;1;3;1;3;850;13/09/2017
2017007490;1;1;1;1;6;850;17/10/2017
2017007491;1;1;1;1;6;850;17/10/2017
2017007492;1;1;3;1;5;850;09/11/2017
2017007493;1;2;4;1;3;850;01/12/2017
2017007494;3;1;1;1;5;850;15/12/2017
2017007495;1;2;1;1;7;90;24/02/2017
2017007496;1;1;1;1;1;90;07/06/2017
2017007497;1;2;3;2;3;90;26/06/2017
2017007498;1;2;1;1;6;90;11/06/2017
2017007499;1;1;1;1;5;90;05/08/2017
2017007500;1;2;1;3;6;90;27/08/2017
2017007501;1;2;1;7;6;90;28/09/2017
2017007502;1;2;4;2;4;90;30/10/2017
2017007503;1;2;1;1;3;90;27/11/2017
2017007504;5;1;1;9;1;380;26/03/2017
2017007505;1;1;1;1;1;380;21/08/2017
2017007506;5;2;1;1;6;90;22/01/2017
2017007507;1;1;1;2;6;90;03/02/2017
2017007508;1;2;1;1;6;90;19/03/2017
2017007509;1;2;1;1;6;90;13/04/2017
2017007510;5;2;1;1;6;90;14/05/2017
2017007511;1;2;1;1;1;90;08/06/2017
2017007512;1;2;1;1;6;90;18/07/2017
2017007513;1;2;1;1;6;90;25/08/2017
2017007514;1;1;1;1;6;90;22/09/2017
2017007515;1;1;1;1;6;90;06/10/2017
2017007516;5;2;4;1;3;90;30/11/2017
2017007517;1;2;6;1;3;310;31/01/2017
2017007518;1;1;1;1;2;310;16/02/2017
2017007519;1;1;1;1;6;310;04/04/2017
2017007520;1;1;1;1;5;310;18/04/2017
2017007521;1;1;3;1;5;310;15/05/2017
2017007522;3;1;1;1;3;310;14/06/2017
2017007523;3;1;1;1;2;310;17/06/2017
2017007524;1;1;1;8;3;90;23/06/2017
2017007525;1;1;1;3;4;310;27/06/2017
2017007526;5;1;1;1;2;310;15/07/2017
2017007527;1;1;1;1;6;110;16/07/2017
2017007528;1;1;1;1;4;110;12/08/2017
2017007529;1;1;1;1;6;310;22/11/2017
2017007530;1;1;1;1;2;330;13/01/2017
2017007531;1;1;1;1;4;330;13/04/2017
2017007532;1;1;1;1;4;330;20/04/2017
2017007533;1;1;1;1;2;330;09/05/2017
2017007534;1;1;1;1;2;330;17/05/2017
2017007535;1;1;1;1;3;330;24/05/2017
2017007536;1;1;1;1;4;330;27/05/2017
2017007537;1;1;1;1;7;330;07/06/2017
2017007538;3;1;1;1;5;330;13/08/2017
2017007539;1;1;9;1;2;330;21/08/2017
2017007540;1;1;1;1;5;330;03/10/2017
2017007541;1;1;1;5;2;330;12/10/2017
2017007542;1;1;1;1;3;330;27/10/2017
2017007543;3;1;1;5;2;330;28/10/2017
2017007544;1;1;1;2;2;330;11/11/2017
2017007545;3;1;1;1;6;330;18/11/2017
2017007546;1;1;1;1;2;330;27/11/2017
2017007547;3;1;1;2;6;740;01/07/2017
2017007548;1;1;1;1;1;740;28/07/2017
2017007549;1;1;1;2;2;740;08/08/2017
2017007550;1;1;1;1;6;740;25/08/2017
2017007551;1;1;1;2;6;740;31/08/2017
2017007552;5;2;7;2;7;350;29/01/2017
2017007553;1;1;1;1;4;690;11/01/2017
2017007554;1;1;1;1;7;690;15/02/2017
2017007555;2;1;1;8;5;690;08/03/2017
2017007556;1;1;1;1;6;690;19/03/2017
2017007557;1;1;1;1;6;690;27/03/2017
2017007558;1;1;1;1;6;690;20/05/2017