num_acc;lum;agg;inter;atm;col;dep;date
2017008717;5;1;3;1;3;130;16/11/2017
2017008718;1;1;9;7;6;130;21/11/2017
2017008719;5;2;1;1;6;130;22/11/2017
2017008720;2;2;2;1;3;130;19/11/2017
2017008721;1;1;1;8;5;130;25/11/2017
2017008722;1;2;1;1;6;130;27/11/2017
2017008723;5;2;1;1;3;130;05/12/2017
2017008724;5;1;1;1;1;130;06/12/2017
2017008725;3;1;1;2;3;130;07/12/2017
2017008726;5;2;1;2;6;130;11/12/2017
2017008727;1;1;1;1;1;130;13/12/2017
2017008728;5;2;1;1;2;130;30/11/2017
2017008729;1;2;2;8;2;130;25/12/2017
2017008730;1;1;3;1;3;130;24/12/2017
2017008731;1;2;3;1;1;130;03/01/2017
2017008732;2;2;2;1;2;130;04/01/2017
2017008733;1;2;4;1;7;130;04/01/2017
2017008734;3;2;1;1;3;130;11/01/2017
2017008735;2;2;2;1;1;130;20/01/2017
2017008736;1;2;1;1;3;130;30/01/2017
2017008737;1;2;1;2;7;130;03/02/2017
2017008738;1;2;1;1;1;130;14/02/2017
2017008739;1;2;2;1;3;130;17/02/2017
2017008740;1;2;1;1;7;130;17/02/2017
2017008741;1;2;1;1;3;130;18/02/2017
2017008742;1;2;1;1;3;130;18/02/2017
2017008743;1;2;6;1;3;130;23/02/2017
2017008744;5;2;3;1;2;130;10/03/2017
2017008745;1;2;1;1;5;130;11/03/2017
2017008746;1;2;1;1;1;130;15/03/2017
2017008747;1;2;1;1;2;130;20/03/2017
2017008748;1;2;3;1;3;130;20/03/2017
2017008749;1;2;6;1;3;130;27/03/2017
2017008750;1;2;2;1;7;130;28/03/2017
2017008751;1;2;1;1;3;130;06/04/2017
2017008752;1;2;6;1;2;130;07/04/2017
2017008753;1;2;1;1;2;130;08/04/2017
2017008754;1;2;2;1;7;130;11/04/2017
2017008755;1;1;1;1;1;130;16/04/2017
2017008756;1;2;1;1;3;130;16/04/2017
2017008757;1;2;4;1;3;130;29/04/2017
2017008758;5;2;1;1;3;130;08/05/2017
2017008759;1;2;1;1;6;130;03/05/2017
2017008760;1;1;3;1;3;130;07/05/2017
2017008761;1;2;1;1;1;130;13/05/2017
2017008762;1;2;1;1;3;130;15/05/2017
2017008763;1;2;1;1;2;130;24/05/2017
2017008764;1;1;1;1;2;130;28/05/2017
2017008765;1;2;6;1;4;130;31/05/2017
2017008766;1;1;1;1;2;130;02/06/2017
2017008767;5;2;1;1;1;130;13/06/2017
2017008768;1;2;1;1;3;130;21/06/2017
2017008769;3;2;2;1;3;130;22/06/2017
2017008770;1;2;2;1;3;130;24/06/2017
2017008771;1;1;1;1;4;130;03/07/2017
2017008772;1;2;1;1;3;130;07/07/2017
2017008773;5;2;1;1;2;130;14/07/2017
2017008774;5;2;3;1;3;130;15/07/2017
2017008775;5;2;1;1;2;130;14/07/2017
2017008776;1;2;1;1;5;130;15/07/2017
2017008777;1;2;6;1;2;130;12/07/2017
2017008778;1;2;6;1;2;130;18/07/2017
2017008779;1;2;3;1;7;130;24/07/2017
2017008780;1;2;1;1;6;130;03/08/2017
2017008781;1;2;1;1;4;130;07/08/2017
2017008782;1;2;3;1;3;130;14/08/2017
2017008783;5;2;1;1;3;130;30/08/2017
2017008784;1;2;6;1;2;130;28/08/2017
2017008785;1;2;9;1;2;130;03/09/2017
2017008786;1;1;1;1;3;130;03/09/2017
2017008787;1;2;1;1;3;130;01/09/2017
2017008788;5;2;2;1;3;130;27/09/2017
2017008789;5;2;2;1;3;130;18/10/2017
2017008790;1;2;2;1;3;130;20/10/2017
2017008791;1;2;1;1;6;130;28/10/2017
2017008792;1;2;1;1;3;130;30/10/2017
2017008793;1;2;1;1;2;130;18/11/2017
2017008794;1;2;1;1;6;130;12/12/2017
2017008795;5;2;1;1;6;130;25/12/2017
2017008796;1;1;1;1;7;130;31/12/2017
2017008797;3;1;1;1;6;130;03/02/2017
2017008798;1;1;1;1;1;130;19/04/2017
2017008799;1;1;1;1;1;130;14/06/2017
2017008800;3;1;1;1;6;130;02/07/2017
2017008801;2;2;1;1;5;130;17/06/2017
2017008802;1;1;1;1;1;130;14/06/2017
2017008803;3;1;2;1;3;130;17/08/2017
2017008804;3;1;1;1;1;130;14/08/2017
2017008805;1;1;1;1;1;130;01/05/2017
2017008806;1;2;3;1;3;130;17/05/2017
2017008807;1;1;1;1;4;130;23/05/2017
2017008808;1;1;1;2;5;130;05/11/2017
2017008809;2;2;1;1;2;130;03/01/2017
2017008810;1;2;1;1;6;130;16/01/2017
2017008811;1;2;1;8;1;130;03/02/2017
2017008812;1;2;1;1;1;130;10/02/2017
2017008813;1;2;9;1;2;130;10/02/2017
2017008814;5;2;1;1;3;130;14/02/2017
2017008815;1;2;1;1;2;130;15/02/2017
2017008816;1;1;1;1;4;130;17/02/2017
2017008817;1;2;2;1;3;130;24/02/2017
2017008818;1;1;1;1;2;130;01/03/2017
2017008819;1;2;2;1;3;130;03/03/2017
2017008820;2;2;1;2;5;130;06/03/2017
2017008821;1;2;1;1;3;130;14/03/2017
2017008822;5;2;6;1;3;130;19/03/2017
2017008823;1;2;1;1;4;130;25/03/2017
2017008824;1;2;1;1;1;130;27/03/2017
2017008825;1;2;1;1;2;130;29/03/2017
2017008826;1;2;1;1;1;130;29/03/2017
2017008827;1;2;1;1;4;130;31/03/2017
2017008828;5;2;2;1;6;130;01/01/2017
2017008829;5;2;2;1;3;130;01/01/2017
2017008830;1;2;1;1;5;130;01/01/2017
2017008831;5;2;1;1;7;130;01/01/2017
2017008832;1;1;1;1;6;130;02/01/2017
2017008833;1;2;1;1;3;130;03/01/2017
2017008834;1;2;3;1;6;130;03/01/2017
2017008835;1;2;1;1;6;130;03/01/2017
2017008836;1;1;1;1;3;130;03/01/2017
2017008837;5;2;1;1;5;130;03/01/2017
2017008838;1;2;1;1;2;130;04/01/2017
2017008839;1;2;1;1;4;130;04/01/2017
2017008840;5;2;1;1;6;130;01/01/2017
2017008841;1;2;1;1;6;130;05/01/2017
2017008842;5;2;1;1;2;130;05/01/2017
2017008843;1;2;1;1;7;130;05/01/2017
2017008844;1;2;1;1;3;130;06/01/2017
2017008845;1;2;1;1;2;130;06/01/2017
2017008846;1;1;1;1;7;130;06/01/2017
2017008847;5;2;6;1;6;130;07/01/2017
2017008848;5;2;3;2;3;130;26/12/2017
2017008849;4;2;3;1;3;130;07/01/2017
2017008850;1;2;3;1;3;130;07/01/2017
2017008851;1;2;1;1;2;130;07/01/2017
2017008852;1;2;1;1;1;130;07/01/2017
2017008853;1;2;1;1;3;130;08/01/2017
2017008854;5;2;1;1;3;130;08/01/2017
2017008855;1;2;1;1;6;130;01/01/2017
2017008856;1;2;1;1;1;130;04/01/2017
2017008857;1;2;2;1;2;130;09/01/2017
2017008858;1;2;1;1;7;130;09/01/2017
2017008859;1;2;3;1;6;130;09/01/2017
2017008860;1;2;1;1;2;130;10/01/2017
2017008861;1;2;1;2;3;130;10/01/2017
2017008862;5;2;1;2;2;130;10/01/2017
2017008863;1;2;2;2;6;130;10/01/2017
2017008864;5;2;1;1;6;130;10/01/2017
2017008865;5;2;3;1;3;130;11/01/2017
2017008866;5;2;1;1;6;130;09/01/2017
2017008867;1;2;3;1;1;130;11/01/2017
2017008868;5;2;3;1;3;130;11/01/2017
2017008869;1;2;1;1;2;130;12/01/2017
2017008870;1;2;1;1;6;130;12/01/2017
2017008871;1;1;1;1;6;130;11/01/2017
2017008872;1;2;1;1;3;130;12/01/2017
2017008873;1;2;2;1;3;130;12/01/2017
2017008874;2;2;1;1;3;130;12/01/2017
2017008875;5;2;3;1;3;130;12/01/2017
2017008876;5;2;3;1;3;130;12/01/2017
2017008877;5;2;1;1;6;130;12/01/2017
2017008878;5;2;1;1;3;130;13/01/2017
2017008879;1;2;1;1;3;130;13/01/2017
2017008880;1;2;3;1;2;130;13/01/2017
2017008881;5;2;9;1;3;130;02/01/2017
2017008882;1;2;1;1;5;130;10/01/2017
2017008883;1;2;1;1;3;130;13/01/2017
2017008884;1;2;5;1;3;130;13/01/2017
2017008885;1;2;1;1;6;130;13/01/2017
2017008886;1;2;1;1;6;130;13/01/2017
2017008887;5;2;1;1;3;130;13/01/2017
2017008888;5;2;3;1;3;130;14/01/2017
2017008889;1;2;1;1;1;130;14/01/2017
2017008890;5;2;1;6;6;130;13/01/2017
2017008891;1;2;1;1;3;130;04/01/2017
2017008892;1;2;1;1;6;130;14/01/2017
2017008893;5;2;3;1;3;130;15/01/2017
2017008894;5;2;1;1;6;130;15/01/2017
2017008895;5;2;1;1;6;130;14/01/2017
2017008896;1;2;1;1;1;130;15/01/2017
2017008897;1;2;1;1;6;130;12/01/2017
2017008898;1;2;1;1;3;130;15/01/2017
2017008899;1;2;1;1;6;130;15/01/2017
2017008900;5;2;1;1;6;130;15/01/2017
2017008901;2;2;1;1;3;130;15/01/2017
2017008902;5;2;1;1;7;130;15/01/2017
2017008903;1;2;1;1;6;130;16/01/2017
2017008904;1;2;1;1;6;130;16/01/2017
2017008905;1;2;2;1;6;130;16/01/2017
2017008906;1;2;1;1;3;130;16/01/2017
2017008907;5;2;1;1;3;130;15/01/2017
2017008908;1;2;1;1;4;130;03/01/2017
2017008909;1;2;1;1;3;130;16/01/2017
2017008910;1;2;1;1;6;130;11/01/2017
2017008911;2;2;1;1;7;130;16/01/2017
2017008912;5;2;1;1;6;130;16/01/2017
2017008913;2;2;1;1;6;130;16/01/2017
2017008914;5;2;1;1;6;130;16/01/2017
2017008915;5;2;2;1;3;130;17/01/2017
2017008916;1;2;3;1;3;130;17/01/2017
2017008917;1;2;1;1;2;130;17/01/2017
2017008918;1;2;1;1;3;130;12/01/2017
2017008919;1;1;1;1;6;130;17/01/2017
2017008920;1;2;2;1;3;130;17/01/2017
2017008921;5;2;1;1;7;130;17/01/2017
2017008922;5;2;3;1;3;130;17/01/2017
2017008923;5;2;1;1;6;130;04/01/2017
2017008924;5;2;1;1;3;130;04/01/2017
2017008925;5;2;2;1;3;130;18/01/2017
2017008926;2;2;1;1;6;130;19/01/2017
2017008927;1;2;2;1;1;130;19/01/2017
2017008928;1;2;1;1;3;130;19/01/2017
2017008929;1;2;2;1;3;130;19/01/2017
2017008930;5;2;1;1;6;130;19/01/2017
2017008931;1;2;1;1;6;130;20/01/2017
2017008932;1;2;1;1;6;130;20/01/2017
2017008933;1;2;1;1;6;130;20/01/2017
2017008934;1;2;3;1;6;130;20/01/2017
2017008935;1;2;1;1;3;130;20/01/2017
2017008936;1;2;9;1;3;130;20/01/2017
2017008937;4;2;1;1;2;130;20/01/2017
2017008938;5;2;1;2;6;130;20/01/2017
2017008939;5;1;1;1;3;130;20/01/2017
2017008940;1;2;4;1;3;130;20/01/2017
2017008941;1;2;7;1;6;130;21/01/2017
2017008942;1;1;1;1;2;130;21/01/2017
2017008943;3;2;1;1;7;130;21/01/2017
2017008944;1;2;1;1;6;130;22/01/2017
2017008945;1;2;1;1;3;130;22/01/2017
2017008946;2;2;1;1;3;130;10/01/2017
2017008947;1;2;1;1;6;130;04/01/2017
2017008948;5;2;1;2;6;130;22/01/2017
2017008949;1;2;1;2;3;130;23/01/2017
2017008950;1;2;2;1;3;130;30/11/2017
2017008951;1;2;6;1;2;130;23/01/2017
2017008952;1;2;1;1;2;130;23/01/2017
2017008953;2;2;3;1;3;130;23/01/2017
2017008954;1;2;4;1;3;130;23/01/2017
2017008955;1;2;1;2;3;130;23/01/2017
2017008956;2;2;3;1;3;130;24/01/2017
2017008957;1;1;2;1;6;130;24/01/2017
2017008958;1;2;1;1;7;130;24/01/2017
2017008959;1;2;1;1;6;130;24/01/2017
2017008960;1;2;1;1;2;130;24/01/2017
2017008961;1;2;1;1;3;130;24/01/2017
2017008962;1;2;1;1;6;130;24/01/2017
2017008963;2;2;1;1;2;130;24/01/2017
2017008964;1;2;3;1;1;130;24/01/2017
2017008965;1;2;1;1;3;130;24/01/2017
2017008966;5;2;1;1;5;130;24/01/2017
2017008967;5;2;1;1;3;130;24/01/2017
2017008968;5;2;1;1;6;130;24/01/2017
2017008969;5;2;1;1;3;130;24/01/2017
2017008970;5;2;1;1;5;130;23/01/2017
2017008971;1;2;2;1;3;130;13/01/2017
2017008972;1;2;1;1;6;130;21/01/2017
2017008973;1;2;1;2;6;130;25/01/2017
2017008974;2;2;1;1;3;130;25/01/2017
2017008975;1;2;1;1;3;130;19/01/2017
2017008976;2;2;1;2;6;130;26/01/2017
2017008977;1;2;1;2;1;130;26/01/2017
2017008978;1;2;1;1;1;130;25/01/2017
2017008979;1;2;1;2;3;130;26/01/2017
2017008980;5;1;1;3;6;130;26/01/2017
2017008981;5;2;1;2;6;130;26/01/2017
2017008982;1;2;3;1;6;130;27/01/2017
2017008983;1;2;3;1;3;130;23/01/2017
2017008984;1;2;1;1;6;130;28/01/2017
2017008985;1;2;1;1;6;130;28/01/2017
2017008986;2;2;1;1;6;130;28/01/2017
2017008987;5;2;9;1;6;130;28/01/2017
2017008988;5;2;1;1;6;130;28/01/2017
2017008989;5;2;1;1;6;130;07/11/2017
2017008990;5;2;2;1;3;130;29/01/2017
2017008991;1;2;1;1;2;130;30/01/2017
2017008992;5;2;2;1;6;130;30/01/2017
2017008993;1;2;3;1;3;130;30/01/2017
2017008994;1;2;1;1;3;130;30/01/2017
2017008995;2;2;1;1;6;130;30/01/2017
2017008996;5;2;1;1;6;130;30/01/2017
2017008997;5;2;1;1;6;130;30/01/2017
2017008998;5;2;2;1;3;130;30/01/2017
2017008999;1;2;1;1;7;130;31/01/2017
2017009000;1;2;3;1;6;130;12/01/2017
2017009001;1;2;3;1;2;130;31/01/2017
2017009002;1;2;1;1;6;130;31/01/2017
2017009003;5;1;1;1;3;130;31/01/2017
2017009004;5;2;1;1;7;130;31/01/2017
2017009005;1;2;1;1;7;130;01/02/2017
2017009006;1;2;2;1;3;130;01/02/2017
2017009007;5;2;3;1;1;130;01/02/2017
2017009008;1;2;2;1;2;130;01/02/2017
2017009009;1;2;3;1;5;130;01/02/2017
2017009010;1;2;1;1;3;130;01/02/2017
2017009011;1;2;1;1;3;130;01/02/2017
2017009012;1;2;1;1;6;130;01/02/2017
2017009013;1;2;1;1;3;130;01/02/2017
2017009014;5;2;1;1;3;130;01/02/2017
2017009015;1;2;1;1;3;130;02/02/2017
2017009016;2;2;1;1;3;130;02/02/2017
2017009017;5;2;1;1;1;130;02/02/2017
2017009018;5;2;1;1;2;130;02/02/2017
2017009019;5;2;1;2;3;130;02/02/2017
2017009020;5;2;1;2;2;130;02/02/2017
2017009021;5;1;1;2;2;130;03/02/2017
2017009022;5;2;1;2;2;130;02/02/2017
2017009023;1;2;2;1;3;130;03/02/2017
2017009024;1;2;1;2;6;130;03/02/2017
2017009025;2;2;1;1;7;130;02/02/2017
2017009026;1;2;1;1;3;130;02/02/2017
2017009027;1;2;1;1;6;130;01/02/2017
2017009028;1;2;1;1;3;130;04/02/2017
2017009029;2;2;6;1;3;130;04/02/2017
2017009030;1;2;1;1;3;130;04/02/2017
2017009031;5;2;3;2;1;130;04/02/2017
2017009032;5;2;2;2;3;130;05/02/2017
2017009033;1;2;3;2;3;130;03/02/2017
2017009034;5;2;1;1;6;130;04/02/2017
2017009035;1;2;3;2;3;130;05/02/2017
2017009036;1;2;1;1;3;130;06/02/2017
2017009037;1;2;1;1;4;130;03/02/2017
2017009038;1;2;1;6;3;130;06/02/2017
2017009039;1;1;1;1;6;130;06/02/2017
2017009040;5;2;1;1;5;130;06/02/2017
2017009041;1;2;1;1;6;130;07/02/2017
2017009042;2;2;1;1;6;130;07/02/2017
2017009043;1;2;3;1;3;130;07/02/2017
2017009044;1;2;1;1;6;130;07/02/2017
2017009045;1;2;3;1;3;130;07/02/2017
2017009046;5;2;1;1;1;130;08/02/2017
2017009047;1;2;1;1;3;130;08/02/2017
2017009048;1;2;9;9;6;130;08/02/2017
2017009049;1;1;1;1;1;130;08/02/2017
2017009050;1;2;2;2;1;130;08/02/2017
2017009051;4;1;3;8;3;130;08/02/2017
2017009052;5;2;1;2;7;130;08/02/2017
2017009053;5;2;1;2;6;130;08/02/2017
2017009054;5;2;1;1;7;130;30/01/2017
2017009055;1;2;1;1;2;130;06/02/2017
2017009056;1;2;1;1;5;130;08/02/2017
2017009057;3;2;1;2;3;130;09/02/2017
2017009058;5;2;1;2;7;130;09/02/2017
2017009059;5;2;2;1;1;130;10/02/2017
2017009060;1;2;2;1;3;130;02/02/2017
2017009061;1;2;1;1;6;130;09/02/2017
2017009062;1;2;1;1;3;130;10/02/2017
2017009063;1;2;1;1;6;130;10/02/2017
2017009064;2;2;7;1;6;130;10/02/2017
2017009065;5;2;2;1;3;130;10/02/2017
2017009066;5;2;1;1;2;130;10/02/2017
2017009067;1;1;1;8;5;130;11/02/2017
2017009068;1;2;5;1;1;130;12/02/2017
2017009069;1;2;1;1;3;130;12/02/2017
2017009070;5;2;1;1;6;130;09/02/2017
2017009071;5;2;1;1;3;130;12/02/2017
2017009072;1;2;1;1;6;130;13/02/2017
2017009073;1;1;2;1;3;130;13/02/2017
2017009074;1;2;1;1;2;130;13/02/2017
2017009075;5;2;1;6;2;130;13/02/2017
2017009076;5;2;1;1;3;130;12/02/2017
2017009077;1;2;1;1;2;130;13/02/2017
2017009078;1;2;1;1;2;130;14/02/2017
2017009079;1;2;1;1;6;130;14/02/2017
2017009080;2;2;1;1;6;130;14/02/2017
2017009081;5;2;1;1;3;130;12/02/2017
2017009082;1;2;1;1;1;130;15/02/2017
2017009083;1;1;1;1;3;130;16/02/2017
2017009084;5;2;3;1;3;130;13/02/2017
2017009085;1;2;1;1;6;130;17/02/2017
2017009086;1;2;2;1;5;130;17/02/2017
2017009087;2;2;1;1;3;130;17/02/2017
2017009088;5;2;1;1;6;130;17/02/2017
2017009089;5;2;1;1;6;130;18/02/2017
2017009090;5;2;1;1;2;130;13/02/2017
2017009091;1;2;1;1;1;130;02/01/2017
2017009092;1;2;1;1;2;130;19/02/2017
2017009093;4;2;3;1;3;130;18/02/2017
2017009094;2;2;2;1;6;130;19/02/2017
2017009095;5;2;1;1;1;130;20/02/2017
2017009096;1;2;1;7;2;130;20/02/2017
2017009097;1;1;1;1;1;130;20/02/2017
2017009098;5;2;1;1;3;130;20/02/2017
2017009099;1;2;1;1;6;130;16/01/2017
2017009100;1;1;1;1;2;130;03/02/2017
2017009101;1;2;1;1;1;130;18/02/2017
2017009102;1;2;3;1;3;130;21/02/2017
2017009103;1;2;1;1;3;130;21/02/2017
2017009104;1;1;7;1;6;130;09/02/2017
2017009105;1;2;1;1;6;130;21/02/2017
2017009106;1;2;1;1;2;130;17/02/2017
2017009107;1;2;2;1;3;130;21/02/2017
2017009108;1;2;2;1;3;130;11/02/2017
2017009109;1;2;1;1;3;130;21/02/2017
2017009110;1;2;1;1;3;130;21/02/2017
2017009111;5;2;1;1;2;130;21/02/2017
2017009112;5;2;1;1;3;130;21/02/2017
2017009113;5;2;1;1;6;130;22/02/2017
2017009114;1;2;1;1;6;130;22/02/2017
2017009115;2;2;1;1;3;130;22/02/2017
2017009116;1;2;1;1;6;130;22/02/2017
2017009117;2;2;3;1;1;130;22/02/2017
2017009118;5;2;3;1;3;130;22/02/2017
2017009119;5;2;1;1;3;130;23/02/2017
2017009120;1;2;1;1;2;130;23/02/2017
2017009121;2;2;1;1;6;130;17/01/2017
2017009122;1;2;2;1;6;130;23/02/2017
2017009123;2;2;1;1;6;130;23/02/2017
2017009124;5;2;2;1;1;130;23/02/2017
2017009125;5;2;1;1;1;130;24/02/2017
2017009126;1;2;2;1;3;130;24/02/2017
2017009127;1;2;1;1;1;130;24/02/2017
2017009128;1;2;2;3;6;130;26/01/2017
2017009129;1;2;1;1;2;130;24/02/2017
2017009130;1;1;2;1;3;130;28/01/2017
2017009131;1;2;3;1;3;130;24/02/2017
2017009132;5;2;1;1;3;130;24/02/2017
2017009133;5;2;1;1;6;130;24/02/2017
2017009134;1;2;1;1;2;130;24/02/2017
2017009135;1;2;1;1;3;130;25/02/2017
2017009136;1;1;1;1;6;130;25/02/2017
2017009137;1;2;2;1;1;130;21/02/2017
2017009138;1;2;1;1;3;130;24/02/2017
2017009139;1;2;1;1;6;130;25/02/2017
2017009140;1;2;1;1;6;130;26/02/2017
2017009141;1;2;1;1;3;130;26/02/2017
2017009142;1;2;1;1;1;130;27/02/2017
2017009143;1;2;1;2;3;130;27/02/2017
2017009144;5;2;1;2;1;130;27/02/2017
2017009145;1;2;1;2;3;130;27/02/2017
2017009146;5;2;1;8;3;130;27/02/2017
2017009147;5;2;1;2;2;130;27/02/2017
2017009148;1;2;1;1;6;130;28/02/2017
2017009149;2;2;1;3;4;130;28/02/2017
2017009150;5;2;9;1;6;130;28/02/2017
2017009151;5;2;4;1;3;130;28/02/2017
2017009152;1;2;1;1;1;130;01/03/2017
2017009153;1;2;1;1;3;130;28/02/2017
2017009154;1;2;1;1;3;130;01/03/2017
2017009155;1;2;1;1;3;130;01/03/2017
2017009156;1;2;1;1;2;130;01/03/2017
2017009157;1;2;2;1;3;130;01/03/2017
2017009158;5;2;3;1;6;130;02/03/2017
2017009159;1;2;1;1;6;130;02/03/2017
2017009160;1;1;1;1;6;130;02/03/2017
2017009161;2;1;3;1;3;130;02/03/2017
2017009162;5;2;3;1;1;130;02/03/2017
2017009163;5;2;1;1;2;130;02/03/2017
2017009164;5;2;4;1;5;130;03/03/2017
2017009165;1;2;1;1;2;130;02/03/2017
2017009166;1;2;1;1;6;130;23/02/2017
2017009167;1;2;3;1;3;130;03/03/2017
2017009168;1;1;9;1;6;130;03/03/2017
2017009169;1;2;1;1;2;130;03/03/2017
2017009170;1;2;1;1;6;130;03/03/2017
2017009171;1;2;3;1;3;130;03/03/2017
2017009172;1;2;2;2;3;130;04/03/2017
2017009173;1;1;1;3;6;130;04/03/2017
2017009174;1;2;1;6;6;130;04/03/2017
2017009175;1;2;2;2;3;130;04/03/2017
2017009176;2;2;1;1;6;130;04/03/2017
2017009177;5;2;1;2;2;130;04/03/2017
2017009178;5;2;2;1;3;130;05/03/2017
2017009179;1;2;3;1;6;130;05/03/2017
2017009180;1;2;1;1;6;130;05/03/2017
2017009181;1;2;1;1;2;130;14/01/2017
2017009182;1;2;1;1;3;130;28/02/2017
2017009183;1;1;1;2;7;130;05/03/2017
2017009184;1;2;1;1;1;130;03/03/2017
2017009185;1;2;6;2;7;130;06/03/2017
2017009186;1;2;1;2;6;130;06/03/2017
2017009187;1;2;1;2;6;130;06/03/2017
2017009188;1;2;8;1;1;130;02/03/2017
2017009189;5;2;1;6;2;130;06/03/2017
2017009190;5;2;1;1;6;130;06/03/2017
2017009191;5;2;1;1;1;130;02/03/2017
2017009192;1;2;1;2;2;130;06/03/2017
2017009193;1;2;4;8;3;130;06/03/2017
2017009194;1;2;3;1;3;130;07/03/2017
2017009195;1;2;1;6;3;130;06/03/2017
2017009196;1;2;1;1;5;130;07/03/2017
2017009197;5;2;3;1;3;130;07/03/2017
2017009198;1;2;3;1;1;130;08/03/2017
2017009199;1;2;1;1;3;130;08/03/2017
2017009200;1;1;1;1;7;130;08/03/2017
2017009201;5;2;2;1;3;130;08/03/2017
2017009202;1;2;1;1;3;130;09/03/2017
2017009203;1;2;1;1;4;130;09/03/2017
2017009204;1;2;1;1;3;130;09/03/2017
2017009205;5;2;1;1;2;130;08/03/2017
2017009206;1;2;1;1;6;130;10/03/2017
2017009207;1;2;1;1;3;130;10/03/2017
2017009208;1;2;3;1;3;130;10/03/2017
2017009209;1;2;3;1;3;130;10/03/2017
2017009210;1;2;1;1;2;130;10/03/2017
2017009211;1;2;1;1;2;130;10/03/2017
2017009212;1;2;1;1;6;130;10/03/2017
2017009213;1;2;1;1;2;130;10/03/2017
2017009214;1;2;2;1;3;130;10/03/2017
2017009215;1;2;1;1;2;130;10/03/2017
2017009216;5;2;2;1;5;130;09/03/2017
2017009217;5;2;1;1;6;130;11/03/2017
2017009218;5;2;1;1;5;130;08/03/2017
2017009219;2;2;1;1;3;130;24/02/2017
2017009220;1;2;1;1;3;130;11/03/2017
2017009221;1;2;1;1;6;130;11/03/2017
2017009222;5;2;1;1;3;130;11/03/2017
2017009223;1;2;1;1;6;130;11/03/2017
2017009224;1;2;1;1;5;130;11/03/2017
2017009225;1;2;8;1;3;130;08/03/2017
2017009226;1;1;1;1;1;130;12/03/2017
2017009227;1;2;1;1;2;130;12/03/2017
2017009228;1;2;3;1;1;130;05/03/2017
2017009229;1;2;1;1;6;130;13/03/2017
2017009230;1;2;1;1;6;130;13/03/2017
2017009231;1;2;1;1;2;130;13/03/2017
2017009232;1;2;1;1;2;130;13/03/2017
2017009233;1;2;1;1;6;130;13/03/2017
2017009234;1;2;3;1;3;130;01/03/2017
2017009235;1;2;1;1;4;130;13/03/2017
2017009236;1;2;1;1;2;130;14/03/2017
2017009237;1;2;1;1;2;130;14/03/2017
2017009238;1;2;1;1;3;130;15/03/2017
2017009239;1;1;1;1;2;130;15/03/2017
2017009240;1;2;1;1;1;130;14/03/2017
2017009241;1;2;1;1;6;130;15/03/2017
2017009242;1;2;1;1;6;130;14/03/2017
2017009243;1;2;1;1;3;130;16/03/2017
2017009244;1;2;1;1;7;130;16/03/2017
2017009245;1;2;3;1;2;130;16/03/2017
2017009246;1;2;1;1;6;130;16/03/2017
2017009247;1;2;1;1;7;130;16/03/2017
2017009248;1;2;1;1;2;130;17/03/2017
2017009249;1;2;1;1;1;130;17/03/2017
2017009250;1;2;1;1;7;130;16/03/2017
2017009251;1;2;3;1;3;130;17/03/2017
2017009252;1;2;3;1;6;130;15/03/2017
2017009253;5;2;1;1;3;130;18/03/2017
2017009254;1;2;1;1;3;130;18/03/2017
2017009255;5;2;1;1;6;130;18/03/2017
2017009256;1;1;1;1;7;130;18/03/2017
2017009257;5;2;2;1;5;130;19/03/2017
2017009258;1;2;1;1;5;130;19/03/2017
2017009259;1;2;1;1;1;130;19/03/2017
2017009260;1;2;1;1;6;130;19/03/2017
2017009261;2;2;2;1;3;130;03/02/2017
2017009262;1;1;1;1;6;130;20/03/2017
2017009263;1;1;1;1;3;130;20/03/2017
2017009264;1;2;1;1;1;130;20/03/2017
2017009265;1;2;1;1;6;130;20/03/2017
2017009266;1;2;3;1;3;130;20/03/2017
2017009267;1;2;1;1;6;130;20/03/2017
2017009268;1;2;1;2;7;130;08/02/2017
2017009269;5;2;1;1;6;130;13/02/2017
2017009270;1;2;1;1;6;130;21/03/2017
2017009271;1;2;1;1;3;130;21/03/2017
2017009272;5;2;1;1;3;130;20/03/2017
2017009273;1;2;5;1;3;130;21/03/2017
2017009274;1;2;1;1;2;130;21/03/2017
2017009275;1;2;3;1;3;130;21/03/2017
2017009276;5;2;1;1;6;130;21/03/2017
2017009277;5;1;1;1;6;130;22/03/2017
2017009278;5;2;1;1;7;130;22/03/2017
2017009279;1;2;1;1;2;130;21/03/2017
2017009280;1;2;2;1;3;130;10/03/2017
2017009281;1;2;1;1;2;130;21/02/2017
2017009282;1;2;1;1;6;130;22/03/2017
2017009283;1;2;1;1;3;130;22/03/2017
2017009284;1;2;1;1;2;130;22/03/2017
2017009285;1;2;3;1;6;130;22/03/2017
2017009286;5;2;9;1;3;130;21/03/2017
2017009287;1;2;1;1;6;130;22/03/2017
2017009288;1;2;1;1;3;130;22/03/2017
2017009289;1;2;1;1;6;130;18/03/2017
2017009290;1;2;1;1;2;130;22/03/2017
2017009291;5;2;1;2;2;130;23/03/2017
2017009292;1;2;6;1;6;130;23/03/2017
2017009293;2;2;1;1;6;130;15/03/2017