num_acc;lum;agg;inter;atm;col;dep;date
2017012182;1;1;1;1;3;230;19/08/2017
2017012183;1;1;1;1;7;230;27/08/2017
2017012184;2;1;1;1;6;230;21/06/2017
2017012185;3;1;1;1;6;230;27/07/2017
2017012186;1;1;5;1;3;230;30/07/2017
2017012187;1;2;1;1;7;230;02/08/2017
2017012188;1;1;4;1;1;230;25/08/2017
2017012189;1;1;1;1;7;230;16/07/2017
2017012190;2;1;1;1;7;230;12/08/2017
2017012191;1;1;1;1;1;230;26/08/2017
2017012192;1;1;1;8;6;230;15/09/2017
2017012193;1;1;3;1;3;170;14/01/2017
2017012194;2;2;1;1;6;170;15/01/2017
2017012195;1;2;3;1;3;170;13/05/2017
2017012196;1;2;2;1;3;170;23/05/2017
2017012197;1;1;1;1;1;170;01/06/2017
2017012198;3;1;1;1;7;170;16/07/2017
2017012199;3;1;1;1;6;170;14/08/2017
2017012200;3;1;1;1;6;170;31/08/2017
2017012201;1;2;1;1;1;170;08/09/2017
2017012202;1;1;1;8;6;170;10/09/2017
2017012203;3;1;1;1;1;170;23/09/2017
2017012204;1;2;6;1;3;170;22/10/2017
2017012205;1;1;1;1;7;170;08/11/2017
2017012206;3;1;1;1;7;170;22/01/2017
2017012207;1;2;2;2;3;170;26/02/2017
2017012208;2;1;2;1;2;170;27/02/2017
2017012209;3;1;1;1;1;170;18/03/2017
2017012210;1;1;2;1;3;170;24/04/2017
2017012211;1;1;3;1;3;170;15/06/2017
2017012212;1;1;1;1;6;170;15/07/2017
2017012213;1;1;1;8;6;170;13/08/2017
2017012214;3;1;9;1;6;170;30/09/2017
2017012215;3;2;3;1;1;170;12/10/2017
2017012216;1;2;9;1;3;170;13/11/2017
2017012217;1;1;1;9;6;170;06/12/2017
2017012218;1;1;1;1;1;170;04/04/2017
2017012219;2;1;1;1;6;170;25/04/2017
2017012220;1;1;2;2;1;170;17/05/2017
2017012221;2;2;2;7;3;170;04/07/2017
2017012222;5;2;3;1;6;170;06/08/2017
2017012223;1;1;1;7;1;170;21/08/2017
2017012224;1;1;1;1;6;170;01/09/2017
2017012225;1;1;1;1;1;170;15/10/2017
2017012226;1;1;3;1;7;170;09/11/2017
2017012227;1;1;1;9;7;170;03/01/2017
2017012228;1;1;3;1;3;170;22/04/2017
2017012229;2;1;4;1;5;170;10/05/2017
2017012230;1;1;2;1;3;170;27/10/2017
2017012231;3;1;1;5;5;170;12/12/2017
2017012232;2;1;1;2;6;170;06/02/2017
2017012233;1;1;1;1;6;170;12/02/2017
2017012234;1;1;1;2;1;170;13/02/2017
2017012235;1;1;1;2;1;170;07/03/2017
2017012236;2;1;1;1;6;170;16/03/2017
2017012237;1;1;1;1;7;170;19/03/2017
2017012238;1;1;1;1;6;170;30/07/2017
2017012239;1;1;1;1;6;170;04/08/2017
2017012240;1;1;1;1;6;170;23/07/2017
2017012241;1;1;3;1;3;170;18/08/2017
2017012242;3;1;1;2;2;170;13/09/2017
2017012243;3;1;2;8;6;170;04/11/2017
2017012244;2;1;1;1;1;170;30/12/2017
2017012245;1;2;1;1;6;170;20/02/2017
2017012246;1;2;3;1;3;170;17/03/2017
2017012247;1;2;1;1;6;170;22/04/2017
2017012248;1;1;1;1;7;170;16/05/2017
2017012249;1;1;1;1;6;170;07/06/2017
2017012250;1;1;1;1;1;170;03/07/2017
2017012251;1;2;1;1;1;170;06/07/2017
2017012252;1;1;1;1;7;170;09/07/2017
2017012253;1;2;2;1;1;170;02/08/2017
2017012254;1;2;1;1;3;170;06/08/2017
2017012255;3;1;1;2;6;170;09/08/2017
2017012256;2;1;1;2;3;170;10/10/2017
2017012257;1;1;1;1;6;170;19/10/2017
2017012258;4;2;1;1;6;170;13/11/2017
2017012259;1;2;3;1;1;170;14/12/2017
2017012260;1;1;1;1;5;170;20/12/2017
2017012261;4;2;6;1;6;170;22/01/2017
2017012262;1;2;3;1;3;170;19/04/2017
2017012263;5;1;1;1;2;170;04/05/2017
2017012264;1;2;6;1;3;170;03/06/2017
2017012265;1;1;1;1;6;170;16/06/2017
2017012266;1;2;9;1;6;170;09/07/2017
2017012267;1;1;1;1;3;170;22/07/2017
2017012268;1;1;3;1;3;170;02/08/2017
2017012269;3;1;1;1;7;170;06/08/2017
2017012270;1;1;3;1;3;170;11/08/2017
2017012271;1;1;2;1;3;170;10/08/2017
2017012272;1;1;3;1;3;170;13/08/2017
2017012273;1;1;9;1;6;170;15/08/2017
2017012274;3;1;1;1;6;170;16/08/2017
2017012275;1;1;1;1;3;170;02/09/2017
2017012276;1;2;2;1;7;170;06/09/2017
2017012277;1;2;1;1;6;170;06/01/2017
2017012278;1;1;1;2;6;170;12/01/2017
2017012279;5;2;1;1;6;170;11/02/2017
2017012280;3;1;1;3;6;170;28/02/2017
2017012281;1;1;1;1;6;170;10/03/2017
2017012282;1;2;1;2;6;170;12/03/2017
2017012283;1;1;1;1;3;170;11/03/2017
2017012284;1;1;1;1;2;170;20/03/2017
2017012285;1;2;2;1;2;170;26/03/2017
2017012286;1;2;1;1;6;170;10/04/2017
2017012287;1;1;9;1;3;170;13/04/2017
2017012288;1;2;1;1;6;170;13/04/2017
2017012289;1;1;2;7;3;170;27/05/2017
2017012290;1;1;1;1;6;170;01/06/2017
2017012291;1;1;1;1;3;170;09/06/2017
2017012292;2;1;1;1;6;170;22/06/2017
2017012293;1;2;1;1;3;170;02/07/2017
2017012294;1;1;2;1;3;170;22/08/2017
2017012295;1;2;9;1;6;170;21/09/2017
2017012296;1;1;9;1;5;170;22/09/2017
2017012297;1;1;4;1;7;170;29/09/2017
2017012298;2;1;1;1;6;170;29/09/2017
2017012299;2;1;2;1;2;170;27/10/2017
2017012300;2;2;4;1;3;170;02/11/2017
2017012301;1;1;4;1;2;170;04/11/2017
2017012302;1;1;1;1;7;170;10/11/2017
2017012303;3;1;1;1;3;170;20/11/2017
2017012304;2;1;1;1;2;170;22/11/2017
2017012305;1;1;2;8;3;170;24/11/2017
2017012306;1;2;1;1;1;170;16/12/2017
2017012307;1;2;2;1;3;170;10/02/2017
2017012308;1;2;1;1;6;170;30/03/2017
2017012309;1;1;3;1;1;170;12/04/2017
2017012310;1;1;1;3;1;170;10/05/2017
2017012311;5;2;2;1;3;170;18/06/2017
2017012312;1;1;1;1;6;170;24/07/2017
2017012313;1;1;1;1;6;170;13/08/2017
2017012314;1;2;1;1;2;170;31/08/2017
2017012315;5;2;1;1;6;170;07/09/2017
2017012316;5;2;2;1;3;170;27/12/2017
2017012317;1;1;1;2;6;170;09/01/2017
2017012318;1;1;1;1;7;170;18/02/2017
2017012319;1;2;1;1;6;170;19/03/2017
2017012320;1;2;1;2;6;170;21/03/2017
2017012321;1;1;4;1;6;170;21/05/2017
2017012322;2;1;1;1;7;170;05/08/2017
2017012323;1;1;1;2;6;170;01/09/2017
2017012324;3;1;1;1;6;170;31/12/2017
2017012325;1;2;3;1;3;170;16/01/2017
2017012326;1;2;1;1;6;170;07/04/2017
2017012327;1;2;2;1;3;170;13/04/2017
2017012328;1;1;1;1;7;170;12/05/2017
2017012329;3;1;1;1;6;170;13/05/2017
2017012330;1;2;1;1;1;170;24/05/2017
2017012331;1;2;1;1;6;170;29/08/2017
2017012332;4;1;1;1;6;170;10/10/2017
2017012333;2;2;1;1;6;280;09/07/2017
2017012334;1;1;1;1;6;280;20/07/2017
2017012335;3;1;1;1;1;280;26/08/2017
2017012336;3;1;1;2;6;280;14/12/2017
2017012337;1;1;1;6;1;280;15/12/2017
2017012338;3;1;1;1;6;280;25/12/2017
2017012339;1;2;1;1;3;280;13/02/2017
2017012340;1;1;2;1;3;280;18/02/2017
2017012341;3;1;2;1;3;280;24/02/2017
2017012342;1;2;1;7;1;280;24/02/2017
2017012343;3;1;1;1;1;280;09/03/2017
2017012344;1;2;2;1;6;280;03/04/2017
2017012345;3;1;1;1;6;280;09/04/2017
2017012346;5;2;1;1;6;280;10/04/2017
2017012347;1;1;1;1;6;280;04/06/2017
2017012348;1;2;6;1;1;280;22/06/2017
2017012349;2;2;6;1;3;280;05/07/2017
2017012350;1;2;1;1;3;280;11/08/2017
2017012351;3;1;1;1;3;280;17/08/2017
2017012352;3;1;1;1;6;280;24/09/2017
2017012353;3;1;4;1;6;280;18/11/2017
2017012354;5;2;3;1;6;280;30/11/2017
2017012355;3;1;1;2;5;280;07/12/2017
2017012356;1;1;4;1;6;280;20/08/2017
2017012357;1;2;3;1;3;280;21/09/2017
2017012358;3;1;1;1;5;280;08/10/2017
2017012359;3;1;9;2;7;280;14/01/2017
2017012360;1;1;2;1;3;280;26/01/2017
2017012361;1;2;1;1;6;280;28/01/2017
2017012362;2;1;2;1;3;280;03/02/2017
2017012363;2;1;1;1;4;280;10/02/2017
2017012364;3;1;2;2;1;280;20/02/2017
2017012365;1;2;1;1;6;280;06/04/2017
2017012366;2;1;1;2;5;280;30/04/2017
2017012367;1;1;1;1;1;280;13/05/2017
2017012368;3;1;1;1;1;280;25/06/2017
2017012369;3;1;1;1;6;280;20/01/2017
2017012370;5;2;1;1;6;280;25/01/2017
2017012371;1;1;1;2;2;280;14/03/2017
2017012372;1;1;1;1;3;280;28/04/2017
2017012373;1;1;1;1;5;280;21/06/2017
2017012374;1;1;1;7;5;280;23/06/2017
2017012375;1;2;1;1;6;280;02/07/2017
2017012376;1;2;2;1;3;280;16/07/2017
2017012377;1;2;4;1;1;280;15/05/2017
2017012378;1;2;1;3;1;280;18/05/2017
2017012379;3;1;1;1;6;280;17/07/2017
2017012380;1;1;1;1;7;280;31/07/2017
2017012381;3;1;1;1;1;280;29/08/2017
2017012382;2;1;1;2;3;280;14/09/2017
2017012383;1;1;1;1;7;280;20/09/2017
2017012384;1;1;1;1;6;280;13/10/2017
2017012385;2;2;1;5;6;280;07/12/2017
2017012386;3;1;1;1;1;280;16/04/2017
2017012387;1;2;1;1;6;280;24/04/2017
2017012388;1;1;3;1;1;280;05/07/2017
2017012389;1;1;1;1;6;280;15/07/2017
2017012390;3;1;1;1;7;280;25/08/2017
2017012391;1;2;3;1;1;280;30/10/2017
2017012392;3;1;4;1;6;280;05/11/2017
2017012393;1;1;2;1;3;280;26/01/2017
2017012394;2;1;1;1;6;280;14/02/2017
2017012395;1;1;1;8;6;280;26/02/2017
2017012396;3;1;2;1;3;280;02/03/2017
2017012397;3;1;1;1;3;280;15/07/2017
2017012398;1;1;1;1;7;280;25/08/2017
2017012399;1;1;1;1;7;280;01/09/2017
2017012400;1;1;1;1;6;280;23/09/2017
2017012401;1;2;1;1;6;280;06/10/2017
2017012402;3;1;1;4;6;280;08/12/2017
2017012403;3;1;1;9;6;280;08/12/2017
2017012404;5;2;1;1;6;270;11/01/2017
2017012405;1;2;3;1;3;270;23/02/2017
2017012406;1;1;1;1;1;270;28/03/2017
2017012407;3;1;6;1;1;270;11/04/2017
2017012408;1;1;9;7;6;270;23/04/2017
2017012409;1;1;1;1;6;270;14/06/2017
2017012410;1;1;5;1;3;270;15/06/2017
2017012411;1;1;9;1;3;270;07/07/2017
2017012412;1;1;2;1;3;270;08/07/2017
2017012413;1;1;1;1;7;270;21/07/2017
2017012414;1;1;2;1;3;270;20/08/2017
2017012415;1;1;3;1;3;270;21/09/2017
2017012416;1;1;2;3;3;270;12/01/2017
2017012417;1;1;1;1;1;270;25/01/2017
2017012418;5;2;2;2;3;270;30/01/2017
2017012419;1;2;1;1;2;270;10/02/2017
2017012420;1;1;2;1;3;270;26/04/2017
2017012421;1;1;2;8;3;270;04/05/2017
2017012422;1;1;9;1;5;270;09/05/2017
2017012423;3;2;1;1;6;270;16/05/2017
2017012424;2;1;6;1;6;270;30/05/2017
2017012425;1;1;1;1;7;270;01/06/2017
2017012426;5;2;1;1;6;270;24/06/2017
2017012427;2;1;1;1;6;270;15/07/2017
2017012428;1;1;2;1;1;270;15/07/2017
2017012429;2;1;1;2;7;270;08/09/2017
2017012430;1;1;2;1;3;270;09/11/2017
2017012431;3;1;1;1;2;270;01/11/2017
2017012432;1;1;1;1;6;270;19/11/2017
2017012433;5;2;1;1;6;270;02/12/2017
2017012434;1;1;2;1;3;270;23/12/2017
2017012435;3;1;1;2;2;270;30/12/2017
2017012436;3;1;1;1;1;270;09/02/2017
2017012437;5;2;1;2;6;270;04/03/2017
2017012438;3;2;2;1;6;270;20/03/2017
2017012439;2;1;1;5;7;270;03/04/2017
2017012440;1;1;1;1;3;270;12/04/2017
2017012441;5;2;7;1;7;270;16/04/2017
2017012442;2;1;1;5;2;270;23/04/2017
2017012443;1;1;1;1;6;270;24/04/2017
2017012444;1;1;1;1;3;270;21/07/2017
2017012445;1;1;2;1;3;270;30/07/2017
2017012446;1;1;1;1;7;270;14/08/2017
2017012447;1;2;1;7;6;270;18/08/2017
2017012448;1;1;2;1;2;270;29/08/2017
2017012449;1;1;1;1;1;270;13/09/2017
2017012450;2;1;1;3;7;270;15/09/2017
2017012451;1;2;1;1;6;270;19/09/2017
2017012452;1;2;1;1;3;270;21/09/2017
2017012453;5;2;9;1;3;270;20/10/2017
2017012454;1;1;1;1;3;270;25/09/2017
2017012455;1;1;1;1;6;270;27/09/2017
2017012456;2;1;1;2;7;270;08/10/2017
2017012457;1;2;1;1;3;270;16/10/2017
2017012458;5;2;1;2;6;270;26/11/2017
2017012459;3;1;1;5;5;270;01/01/2017
2017012460;1;1;1;1;1;270;20/01/2017
2017012461;3;2;4;1;3;270;14/02/2017
2017012462;1;1;1;1;1;270;16/02/2017
2017012463;1;1;2;1;3;270;22/04/2017
2017012464;1;1;2;2;6;270;06/05/2017
2017012465;1;2;1;1;6;270;04/06/2017
2017012466;1;1;1;1;6;270;09/07/2017
2017012467;1;1;1;1;7;270;07/09/2017
2017012468;1;1;1;1;7;270;26/09/2017
2017012469;3;1;2;2;3;270;26/11/2017
2017012470;3;2;2;3;3;270;13/12/2017
2017012471;1;1;1;3;6;270;31/12/2017
2017012472;1;2;1;7;6;270;05/01/2017
2017012473;1;1;1;1;6;270;17/03/2017
2017012474;1;1;1;1;6;270;16/04/2017
2017012475;3;1;1;1;6;270;24/04/2017
2017012476;1;1;1;1;1;270;17/06/2017
2017012477;1;2;1;1;6;270;08/07/2017
2017012478;1;1;1;1;3;270;21/07/2017
2017012479;1;1;1;8;1;270;12/09/2017
2017012480;1;2;1;1;1;270;06/10/2017
2017012481;1;2;1;8;6;270;07/01/2017
2017012482;1;1;2;7;3;270;17/01/2017
2017012483;1;2;1;1;7;270;19/02/2017
2017012484;3;1;2;1;3;270;19/02/2017
2017012485;1;2;3;1;6;270;25/02/2017
2017012486;3;1;1;1;6;270;01/03/2017
2017012487;2;2;3;1;4;270;28/02/2017
2017012488;1;2;1;1;6;270;14/06/2017
2017012489;1;1;1;1;2;270;09/07/2017
2017012490;1;2;1;1;7;270;14/07/2017
2017012491;1;1;1;1;2;270;24/08/2017
2017012492;1;1;1;1;7;270;06/09/2017
2017012493;5;2;1;2;1;270;12/09/2017
2017012494;1;1;1;1;7;270;15/10/2017
2017012495;3;1;2;1;3;270;13/10/2017
2017012496;1;1;4;1;7;270;21/10/2017
2017012497;1;1;1;1;5;270;28/10/2017
2017012498;1;1;1;1;6;270;13/11/2017
2017012499;5;2;3;1;1;270;22/11/2017
2017012500;3;1;1;2;6;270;04/03/2017
2017012501;3;1;2;1;1;270;06/04/2017
2017012502;3;2;1;2;6;270;30/04/2017
2017012503;1;1;2;1;6;270;03/05/2017
2017012504;1;1;2;1;3;270;23/05/2017
2017012505;1;1;1;1;7;270;08/06/2017
2017012506;1;2;1;1;3;270;19/08/2017
2017012507;1;1;1;1;6;270;06/09/2017
2017012508;2;2;1;1;6;270;07/09/2017
2017012509;1;1;2;1;2;270;21/09/2017
2017012510;3;1;1;2;6;270;07/10/2017
2017012511;3;1;1;1;2;270;10/10/2017
2017012512;1;1;9;1;6;270;18/10/2017
2017012513;2;1;1;1;3;270;28/10/2017
2017012514;3;1;2;2;3;270;15/12/2017
2017012515;3;1;9;1;6;270;12/03/2017
2017012516;1;1;1;1;6;270;25/03/2017
2017012517;1;1;1;1;7;270;27/03/2017
2017012518;3;1;1;1;6;270;16/04/2017
2017012519;1;1;1;8;1;270;24/07/2017
2017012520;1;1;1;1;5;270;04/08/2017
2017012521;3;2;1;1;7;270;27/08/2017
2017012522;5;1;1;1;3;270;25/12/2017
2017012523;3;1;1;1;1;270;11/01/2017
2017012524;1;2;1;1;3;270;17/02/2017
2017012525;3;1;1;1;1;270;07/03/2017
2017012526;3;2;1;2;6;270;18/03/2017
2017012527;5;1;1;1;6;270;07/04/2017
2017012528;1;1;1;1;6;270;10/04/2017
2017012529;2;2;2;1;3;270;28/05/2017
2017012530;1;1;2;1;3;270;21/06/2017
2017012531;1;1;3;1;3;270;05/07/2017
2017012532;3;2;4;1;3;270;17/11/2017
2017012533;5;2;1;8;6;270;02/12/2017
2017012534;3;1;1;1;2;270;05/05/2017
2017012535;3;1;1;1;6;270;24/06/2017
2017012536;1;1;1;1;2;270;06/07/2017
2017012537;1;2;1;2;1;270;22/07/2017
2017012538;1;1;1;3;1;270;29/10/2017
2017012539;3;1;1;2;6;270;09/11/2017
2017012540;1;1;1;1;2;850;06/04/2017
2017012541;1;1;2;1;3;850;07/04/2017
2017012542;3;1;2;1;3;850;23/05/2017
2017012543;1;2;1;1;1;850;05/06/2017
2017012544;1;1;1;1;2;850;11/07/2017
2017012545;2;1;1;1;6;850;16/07/2017
2017012546;5;2;1;1;6;850;27/07/2017
2017012547;3;1;2;1;3;850;03/08/2017
2017012548;3;1;1;1;6;850;17/08/2017
2017012549;1;2;1;1;1;850;02/10/2017
2017012550;1;1;1;7;7;850;04/10/2017
2017012551;1;1;2;1;1;850;15/10/2017
2017012552;3;1;1;5;6;850;26/10/2017
2017012553;1;1;1;7;7;850;05/11/2017
2017012554;5;2;1;8;6;850;05/01/2017
2017012555;1;2;9;2;6;850;09/01/2017
2017012556;2;1;3;1;3;850;14/02/2017
2017012557;1;1;1;1;2;850;16/03/2017
2017012558;1;2;1;1;3;850;17/03/2017
2017012559;1;2;1;1;3;850;06/04/2017
2017012560;5;1;1;1;6;850;29/04/2017
2017012561;1;1;1;1;3;850;24/05/2017
2017012562;3;1;1;1;7;850;03/06/2017
2017012563;1;2;6;1;3;850;06/08/2017
2017012564;1;1;1;5;7;850;16/09/2017
2017012565;1;2;1;1;3;850;28/09/2017
2017012566;3;1;2;1;1;850;02/10/2017
2017012567;1;1;3;1;5;850;13/11/2017
2017012568;3;2;1;5;6;850;22/11/2017
2017012569;3;1;3;1;1;850;15/12/2017
2017012570;3;1;2;2;3;850;12/01/2017
2017012571;1;2;1;1;1;850;06/02/2017
2017012572;1;2;1;1;6;850;16/02/2017
2017012573;2;2;6;3;3;850;01/03/2017
2017012574;2;1;3;7;3;850;24/04/2017
2017012575;1;1;1;7;3;850;04/05/2017
2017012576;1;1;3;1;1;850;21/07/2017
2017012577;1;1;1;1;5;850;15/08/2017
2017012578;1;2;1;1;6;850;15/09/2017
2017012579;3;1;1;5;6;850;26/10/2017
2017012580;3;1;1;1;7;850;31/10/2017
2017012581;3;1;1;2;6;850;03/11/2017
2017012582;3;1;1;3;5;850;09/12/2017
2017012583;1;1;1;1;2;850;02/03/2017
2017012584;1;2;2;1;3;850;28/03/2017
2017012585;1;2;3;1;3;850;03/08/2017
2017012586;1;2;3;1;3;850;09/08/2017
2017012587;1;1;1;1;6;850;17/08/2017
2017012588;1;2;1;1;2;850;22/08/2017
2017012589;1;1;1;1;5;850;25/08/2017
2017012590;2;1;1;1;7;850;01/09/2017
2017012591;5;2;2;1;6;850;08/11/2017
2017012592;1;1;2;1;4;850;14/11/2017
2017012593;2;2;1;1;6;850;19/12/2017
2017012594;1;2;6;1;3;850;26/01/2017
2017012595;1;1;1;1;6;850;25/03/2017
2017012596;1;1;1;1;6;850;09/04/2017
2017012597;1;1;2;1;3;850;26/04/2017
2017012598;2;1;2;1;3;850;05/06/2017
2017012599;1;2;1;1;1;850;16/06/2017
2017012600;1;1;1;1;3;850;11/07/2017
2017012601;1;1;1;1;7;850;02/09/2017
2017012602;2;1;1;2;3;850;04/09/2017
2017012603;1;2;1;7;6;850;27/09/2017
2017012604;3;1;2;1;3;850;02/11/2017
2017012605;1;1;1;2;7;850;11/11/2017
2017012606;1;1;1;2;6;850;02/02/2017
2017012607;3;1;1;1;2;850;03/03/2017
2017012608;1;2;6;2;3;850;22/03/2017
2017012609;1;1;1;1;6;850;22/05/2017
2017012610;1;2;1;1;7;850;25/05/2017
2017012611;1;1;3;1;3;850;28/05/2017
2017012612;1;1;1;1;6;850;04/06/2017
2017012613;1;1;9;2;6;850;29/06/2017
2017012614;1;1;1;1;7;850;26/07/2017
2017012615;1;1;1;8;7;850;04/08/2017
2017012616;3;1;1;1;7;850;23/09/2017
2017012617;1;2;1;1;3;850;03/11/2017
2017012618;3;1;1;1;6;850;05/12/2017
2017012619;3;1;1;5;6;850;06/12/2017
2017012620;1;2;1;1;6;850;13/01/2017
2017012621;3;1;2;1;3;850;29/01/2017
2017012622;1;2;3;1;5;850;03/03/2017
2017012623;1;2;3;1;3;850;14/03/2017
2017012624;1;2;1;1;1;850;14/03/2017
2017012625;1;2;2;1;5;850;23/04/2017
2017012626;1;2;3;1;3;850;20/05/2017
2017012627;1;1;1;1;1;850;03/06/2017
2017012628;1;1;1;1;6;850;27/07/2017
2017012629;1;1;1;7;3;850;16/08/2017
2017012630;1;1;1;1;1;850;27/08/2017
2017012631;1;2;2;1;3;850;16/09/2017
2017012632;2;1;6;1;3;850;12/10/2017
2017012633;3;1;1;5;5;850;01/11/2017
2017012634;1;2;1;1;6;850;20/11/2017
2017012635;3;1;2;3;3;850;04/02/2017
2017012636;1;2;2;1;3;850;17/02/2017
2017012637;1;2;1;1;1;850;02/04/2017
2017012638;1;2;1;1;7;850;11/04/2017
2017012639;1;2;3;1;3;850;24/04/2017
2017012640;1;2;1;1;5;850;29/04/2017
2017012641;1;1;1;1;1;850;06/05/2017
2017012642;1;1;3;1;3;850;12/05/2017
2017012643;1;1;1;1;6;850;02/06/2017
2017012644;1;1;2;1;3;850;08/06/2017
2017012645;1;2;1;1;6;850;14/06/2017
2017012646;2;2;1;1;6;850;17/06/2017
2017012647;1;1;1;1;3;850;18/06/2017
2017012648;3;1;1;2;1;850;10/07/2017
2017012649;1;1;2;1;3;850;19/07/2017
2017012650;1;2;6;1;3;850;27/07/2017
2017012651;1;1;2;8;6;850;29/07/2017
2017012652;1;2;2;1;6;850;06/08/2017
2017012653;1;1;1;1;5;850;27/08/2017
2017012654;1;1;1;1;6;850;22/09/2017
2017012655;1;1;3;1;3;850;26/09/2017
2017012656;5;2;1;1;6;850;10/11/2017
2017012657;5;2;3;1;3;850;10/11/2017
2017012658;1;1;1;2;6;850;11/11/2017
2017012659;2;2;1;1;6;850;23/12/2017
2017012660;3;1;9;2;6;850;05/02/2017
2017012661;1;2;1;1;4;850;17/03/2017
2017012662;1;2;2;1;3;850;26/03/2017
2017012663;1;1;2;1;6;850;14/04/2017
2017012664;1;1;1;1;7;850;16/04/2017
2017012665;3;1;1;1;2;850;13/06/2017
2017012666;1;1;1;1;7;850;17/06/2017
2017012667;1;1;1;1;2;850;16/07/2017
2017012668;1;1;2;1;1;850;25/07/2017
2017012669;3;1;1;1;6;850;06/08/2017
2017012670;2;1;6;1;3;850;22/08/2017
2017012671;1;1;2;1;4;850;25/08/2017
2017012672;1;2;3;8;2;850;30/08/2017
2017012673;1;1;1;1;1;850;01/09/2017
2017012674;1;2;4;1;1;850;18/09/2017
2017012675;1;1;1;1;2;850;23/09/2017
2017012676;3;2;1;1;7;850;23/09/2017
2017012677;1;2;6;1;1;850;30/09/2017
2017012678;1;1;2;5;2;850;13/10/2017
2017012679;2;1;2;1;3;850;30/10/2017
2017012680;3;1;1;1;6;850;09/12/2017
2017012681;1;2;1;1;7;40;25/04/2017
2017012682;1;2;1;1;6;40;12/05/2017
2017012683;1;1;1;1;2;40;16/05/2017
2017012684;1;1;1;1;7;40;27/05/2017
2017012685;3;2;1;1;6;40;31/05/2017
2017012686;1;1;1;1;6;40;10/06/2017
2017012687;1;1;1;1;1;40;09/07/2017
2017012688;1;1;3;1;4;40;19/07/2017
2017012689;3;1;1;1;2;40;24/07/2017
2017012690;1;1;1;1;1;40;17/08/2017
2017012691;1;1;1;2;7;40;31/08/2017
2017012692;1;1;1;1;3;40;06/10/2017
2017012693;1;1;1;1;7;40;28/10/2017
2017012694;3;1;1;1;6;40;26/11/2017
2017012695;5;1;1;1;1;40;21/12/2017
2017012696;1;1;1;1;6;40;08/01/2017
2017012697;1;1;1;2;7;40;28/02/2017
2017012698;3;1;1;1;5;40;11/03/2017
2017012699;3;1;1;8;1;40;27/04/2017
2017012700;1;1;1;1;1;40;30/04/2017
2017012701;1;1;1;1;4;40;10/05/2017
2017012702;1;2;1;1;6;40;10/06/2017
2017012703;1;1;1;1;7;40;17/06/2017
2017012704;3;1;1;1;1;40;13/08/2017
2017012705;3;1;1;6;2;40;22/10/2017
2017012706;3;1;1;1;6;40;01/11/2017
2017012707;3;1;1;1;6;40;11/11/2017
2017012708;1;2;7;1;6;40;10/11/2017
2017012709;2;1;1;1;3;40;16/11/2017
2017012710;1;1;1;1;6;40;04/04/2017
2017012711;2;1;2;1;3;40;11/04/2017
2017012712;1;2;3;1;3;40;16/05/2017
2017012713;1;2;1;1;6;40;06/06/2017
2017012714;5;2;1;1;6;40;19/06/2017
2017012715;1;1;1;1;5;40;12/07/2017
2017012716;1;1;3;1;3;40;13/07/2017
2017012717;4;2;1;1;6;40;16/07/2017
2017012718;1;1;1;1;2;40;07/08/2017
2017012719;1;1;3;1;2;40;09/08/2017
2017012720;1;2;3;1;3;40;09/08/2017
2017012721;5;2;1;1;6;40;12/08/2017
2017012722;3;1;1;1;1;40;23/11/2017
2017012723;5;2;1;4;6;40;02/12/2017
2017012724;1;1;1;2;6;40;10/12/2017
2017012725;5;1;1;1;6;40;11/03/2017
2017012726;1;1;1;1;1;40;08/06/2017
2017012727;1;1;1;1;7;40;10/06/2017
2017012728;1;1;1;1;4;40;29/06/2017
2017012729;1;1;1;1;5;40;04/07/2017
2017012730;1;1;1;1;1;40;21/07/2017
2017012731;1;1;1;1;1;40;01/09/2017
2017012732;3;1;1;1;6;40;10/11/2017
2017012733;3;1;1;1;6;40;20/11/2017
2017012734;1;1;1;1;6;40;05/04/2017
2017012735;1;1;1;1;6;40;16/04/2017
2017012736;1;1;1;2;6;40;28/04/2017
2017012737;1;1;3;1;2;40;30/05/2017
2017012738;1;1;1;7;6;40;13/06/2017
2017012739;3;1;1;1;6;40;13/08/2017
2017012740;1;1;1;1;7;40;21/05/2017
2017012741;1;1;1;1;6;40;29/06/2017
2017012742;1;1;3;1;3;40;11/08/2017
2017012743;1;1;1;1;1;40;14/08/2017
2017012744;1;1;1;1;6;40;19/08/2017
2017012745;1;1;1;1;3;40;27/08/2017
2017012746;5;2;1;1;6;40;01/03/2017
2017012747;1;2;1;1;6;40;08/05/2017
2017012748;1;1;1;1;7;40;14/05/2017
2017012749;1;1;1;1;6;40;21/05/2017
2017012750;1;1;2;1;1;40;24/06/2017
2017012751;1;2;1;1;4;40;28/06/2017
2017012752;3;1;3;1;6;40;03/07/2017
2017012753;3;1;1;1;6;40;12/08/2017
2017012754;1;2;1;1;6;40;05/09/2017
2017012755;1;1;1;1;7;40;28/09/2017
2017012756;1;1;1;1;3;40;08/10/2017
2017012757;1;1;1;1;7;40;08/10/2017
2017012758;2;1;1;7;3;40;16/10/2017
2017012759;3;1;1;1;7;40;24/12/2017
2017012760;1;1;1;1;6;40;04/02/2017