num_acc;lum;agg;inter;atm;col;dep;date
2017012761;1;1;1;1;1;40;25/02/2017
2017012762;1;1;1;2;6;40;04/03/2017
2017012763;2;1;1;1;1;40;10/03/2017
2017012764;1;1;1;1;7;40;29/03/2017
2017012765;3;1;2;1;3;40;14/05/2017
2017012766;1;1;1;1;3;40;03/06/2017
2017012767;1;1;1;7;1;40;25/06/2017
2017012768;1;1;3;2;6;40;20/07/2017
2017012769;1;1;1;1;1;40;25/07/2017
2017012770;1;2;1;1;7;40;02/08/2017
2017012771;1;1;2;1;3;40;20/08/2017
2017012772;3;1;1;5;7;40;10/09/2017
2017012773;1;1;1;1;7;40;18/11/2017
2017012774;1;1;1;1;7;40;19/11/2017
2017012775;1;1;1;9;7;40;13/01/2017
2017012776;1;1;1;1;6;40;09/07/2017
2017012777;1;1;1;1;6;40;25/07/2017
2017012778;1;1;6;1;1;40;20/05/2017
2017012779;2;1;1;1;6;40;08/07/2017
2017012780;1;2;1;1;6;40;31/07/2017
2017012781;3;1;1;1;6;40;15/07/2017
2017012782;1;1;3;1;3;40;22/07/2017
2017012783;1;2;1;1;6;40;24/09/2017
2017012784;1;1;1;1;2;40;26/09/2017
2017012785;3;1;1;9;6;40;22/10/2017
2017012786;1;1;1;1;1;40;08/06/2017
2017012787;1;1;1;1;2;40;15/08/2017
2017012788;2;1;3;1;3;240;03/01/2017
2017012789;1;2;1;1;6;240;08/01/2017
2017012790;1;1;3;1;3;240;21/01/2017
2017012791;1;1;1;1;7;240;27/01/2017
2017012792;2;1;1;2;1;240;21/02/2017
2017012793;1;1;1;1;1;240;22/02/2017
2017012794;1;1;1;1;7;240;11/03/2017
2017012795;3;1;1;1;6;240;13/03/2017
2017012796;1;1;1;1;6;240;15/03/2017
2017012797;1;1;1;1;7;240;23/04/2017
2017012798;1;1;1;1;6;240;04/05/2017
2017012799;1;1;1;1;1;240;05/05/2017
2017012800;1;1;1;1;6;240;10/05/2017
2017012801;1;1;1;8;6;240;26/06/2017
2017012802;1;1;3;1;3;240;06/07/2017
2017012803;1;1;1;8;5;240;10/07/2017
2017012804;3;1;1;1;1;240;14/07/2017
2017012805;1;1;1;1;6;240;07/08/2017
2017012806;1;1;1;1;7;240;15/10/2017
2017012807;2;1;1;1;6;240;09/11/2017
2017012808;3;1;1;5;6;240;21/11/2017
2017012809;2;1;1;1;6;240;22/11/2017
2017012810;3;2;1;1;1;240;25/12/2017
2017012811;3;1;1;1;6;240;26/12/2017
2017012812;3;1;1;1;6;240;24/01/2017
2017012813;1;1;1;1;7;240;14/03/2017
2017012814;1;1;1;1;1;240;09/04/2017
2017012815;1;1;1;1;6;240;21/06/2017
2017012816;1;1;1;1;7;240;25/06/2017
2017012817;1;1;1;7;2;240;05/07/2017
2017012818;1;2;1;8;6;240;10/07/2017
2017012819;1;1;1;1;1;240;14/07/2017
2017012820;3;1;1;1;3;240;28/08/2017
2017012821;1;1;3;7;3;240;12/10/2017
2017012822;3;1;1;1;1;240;19/12/2017
2017012823;1;1;3;1;1;240;14/01/2017
2017012824;3;1;1;2;6;240;26/02/2017
2017012825;1;1;1;8;7;240;21/03/2017
2017012826;1;1;1;1;1;240;09/06/2017
2017012827;1;1;1;1;7;240;25/06/2017
2017012828;1;1;1;2;7;240;27/07/2017
2017012829;1;1;2;1;3;240;11/08/2017
2017012830;5;1;3;1;3;240;31/08/2017
2017012831;3;1;1;2;5;240;10/09/2017
2017012832;1;2;3;1;1;240;27/09/2017
2017012833;3;1;1;1;7;240;30/09/2017
2017012834;1;1;1;1;5;240;06/10/2017
2017012835;1;1;3;1;3;240;02/11/2017
2017012836;1;1;2;7;1;240;14/11/2017
2017012837;1;1;1;1;7;240;02/12/2017
2017012838;1;1;1;1;6;240;19/02/2017
2017012839;1;2;1;1;6;240;13/04/2017
2017012840;2;1;1;1;7;240;14/04/2017
2017012841;1;2;1;1;7;240;28/07/2017
2017012842;3;1;1;1;7;240;01/08/2017
2017012843;4;1;1;1;6;240;02/08/2017
2017012844;1;1;1;8;1;240;15/08/2017
2017012845;1;1;1;1;6;240;09/10/2017
2017012846;1;1;1;1;6;240;13/10/2017
2017012847;1;2;2;7;3;240;17/10/2017
2017012848;5;1;3;1;2;240;05/01/2017
2017012849;1;1;3;1;3;240;11/04/2017
2017012850;1;1;9;1;2;240;23/04/2017
2017012851;1;1;1;1;7;240;08/05/2017
2017012852;1;2;1;1;6;240;26/10/2017
2017012853;1;1;1;1;6;240;26/10/2017
2017012854;1;1;1;1;1;240;07/11/2017
2017012855;3;1;1;1;6;240;21/01/2017
2017012856;1;2;1;1;6;240;06/02/2017
2017012857;2;1;1;2;6;240;05/03/2017
2017012858;1;1;1;1;3;240;29/04/2017
2017012859;1;1;1;2;3;240;02/05/2017
2017012860;3;1;1;2;1;240;09/06/2017
2017012861;1;1;1;1;6;240;25/07/2017
2017012862;1;1;1;1;4;240;01/08/2017
2017012863;3;1;1;1;6;240;20/08/2017
2017012864;1;1;1;3;5;240;25/09/2017
2017012865;1;2;1;1;6;240;04/10/2017
2017012866;3;1;1;1;6;240;13/01/2017
2017012867;5;2;1;2;7;240;28/01/2017
2017012868;1;2;1;1;3;240;22/04/2017
2017012869;1;1;1;1;7;240;24/04/2017
2017012870;2;1;1;1;7;240;14/05/2017
2017012871;1;1;1;1;6;240;22/05/2017
2017012872;1;1;2;1;1;240;19/08/2017
2017012873;1;1;1;2;3;240;11/09/2017
2017012874;1;1;1;1;7;240;08/10/2017
2017012875;1;1;1;1;1;240;26/10/2017
2017012876;3;1;1;2;6;240;10/11/2017
2017012877;1;1;1;1;7;240;17/03/2017
2017012878;2;1;1;8;6;240;23/03/2017
2017012879;1;1;1;1;7;240;16/04/2017
2017012880;1;1;1;1;1;240;14/05/2017
2017012881;1;2;1;1;3;240;06/06/2017
2017012882;1;2;1;1;2;240;13/06/2017
2017012883;1;1;1;2;3;240;13/09/2017
2017012884;1;1;1;1;6;240;29/09/2017
2017012885;2;1;1;5;6;240;18/09/2017
2017012886;3;1;2;1;3;240;19/11/2017
2017012887;1;1;1;1;3;240;17/04/2017
2017012888;3;1;1;1;1;240;30/04/2017
2017012889;1;1;1;1;6;240;09/05/2017
2017012890;1;2;1;1;6;240;20/06/2017
2017012891;1;1;3;1;1;240;19/08/2017
2017012892;1;1;1;1;7;240;08/09/2017
2017012893;3;1;1;1;6;240;12/10/2017
2017012894;1;2;3;1;3;240;06/11/2017
2017012895;1;2;1;1;6;240;03/01/2017
2017012896;3;1;2;1;3;240;24/03/2017
2017012897;1;2;1;1;2;240;14/04/2017
2017012898;1;1;3;1;5;240;21/04/2017
2017012899;1;1;1;1;1;240;21/04/2017
2017012900;1;1;1;1;1;240;28/04/2017
2017012901;1;1;1;1;7;240;25/05/2017
2017012902;1;1;1;1;1;240;24/05/2017
2017012903;1;2;1;1;6;240;31/05/2017
2017012904;1;1;1;3;7;240;30/06/2017
2017012905;1;2;1;1;7;240;20/07/2017
2017012906;1;1;2;1;1;240;19/08/2017
2017012907;1;1;1;1;7;240;26/08/2017
2017012908;1;1;1;1;6;240;08/12/2017
2017012909;1;2;2;1;3;240;19/03/2017
2017012910;1;1;2;1;1;240;24/03/2017
2017012911;1;1;1;1;6;240;01/04/2017
2017012912;2;1;1;5;7;240;05/04/2017
2017012913;1;1;2;1;3;240;13/04/2017
2017012914;1;1;1;1;6;240;21/05/2017
2017012915;1;2;1;1;6;240;04/07/2017
2017012916;1;2;1;1;6;240;04/08/2017
2017012917;1;1;1;1;6;240;30/08/2017
2017012918;1;1;1;1;1;240;07/09/2017
2017012919;3;1;2;1;6;240;23/11/2017
2017012920;1;1;2;1;3;400;08/02/2017
2017012921;1;1;6;1;3;400;17/02/2017
2017012922;3;1;6;1;3;400;25/02/2017
2017012923;3;1;1;1;2;400;11/03/2017
2017012924;3;1;1;1;7;400;09/04/2017
2017012925;1;1;1;3;7;400;10/05/2017
2017012926;1;1;1;1;5;400;07/07/2017
2017012927;1;1;9;1;1;400;09/07/2017
2017012928;1;1;1;1;6;400;20/11/2017
2017012929;3;1;1;2;2;400;11/12/2017
2017012930;1;1;1;1;5;400;04/05/2017
2017012931;1;1;2;1;3;400;29/05/2017
2017012932;1;1;1;1;6;400;06/06/2017
2017012933;1;1;1;1;6;400;14/06/2017
2017012934;1;2;2;1;3;400;21/06/2017
2017012935;3;1;1;3;7;400;09/07/2017
2017012936;1;1;3;1;3;400;30/07/2017
2017012937;3;1;1;1;7;400;17/04/2017
2017012938;1;1;1;1;6;400;30/03/2017
2017012939;1;1;9;1;1;400;27/09/2017
2017012940;2;1;1;1;6;400;22/09/2017
2017012941;1;1;1;1;3;400;29/09/2017
2017012942;1;2;9;1;1;400;24/02/2017
2017012943;1;2;1;1;6;400;16/03/2017
2017012944;1;1;3;1;1;400;12/04/2017
2017012945;1;1;3;1;3;400;04/05/2017
2017012946;1;2;1;1;1;400;15/06/2017
2017012947;1;2;9;1;3;400;27/06/2017
2017012948;1;1;1;1;7;400;10/07/2017
2017012949;1;1;1;1;1;400;20/02/2017
2017012950;1;2;1;1;6;400;09/05/2017
2017012951;1;1;9;1;1;400;13/06/2017
2017012952;1;1;1;1;7;400;27/06/2017
2017012953;5;2;1;1;7;400;07/07/2017
2017012954;1;2;2;1;5;400;11/07/2017
2017012955;1;1;1;8;5;400;24/07/2017
2017012956;1;2;2;1;3;400;31/07/2017
2017012957;1;2;3;1;3;400;03/08/2017
2017012958;1;1;1;1;3;400;03/08/2017
2017012959;5;2;2;2;3;400;13/01/2017
2017012960;1;1;3;1;5;400;14/02/2017
2017012961;1;2;2;1;3;400;28/03/2017
2017012962;1;2;1;1;3;400;13/06/2017
2017012963;1;1;1;1;2;400;16/07/2017
2017012964;1;2;1;1;6;400;18/07/2017
2017012965;1;2;1;1;1;400;08/08/2017
2017012966;3;1;1;1;6;400;05/10/2017
2017012967;1;1;1;1;6;400;13/10/2017
2017012968;1;2;2;7;6;400;08/11/2017
2017012969;1;2;3;1;3;400;05/12/2017
2017012970;3;1;1;1;1;400;23/12/2017
2017012971;5;2;3;1;6;400;12/02/2017
2017012972;1;1;1;1;6;400;17/02/2017
2017012973;1;2;3;1;3;400;27/03/2017
2017012974;5;1;6;1;6;400;29/04/2017
2017012975;1;1;1;1;6;400;23/05/2017
2017012976;1;1;1;1;1;400;02/08/2017
2017012977;1;1;1;1;1;400;25/08/2017
2017012978;1;2;9;1;3;400;30/08/2017
2017012979;1;2;4;1;1;400;29/09/2017
2017012980;1;1;1;2;6;400;30/01/2017
2017012981;3;1;1;1;1;400;19/02/2017
2017012982;1;1;2;1;3;400;01/06/2017
2017012983;1;2;1;1;7;400;12/07/2017
2017012984;3;1;1;1;6;400;12/08/2017
2017012985;4;1;1;1;1;400;29/09/2017
2017012986;2;1;1;5;6;400;29/09/2017
2017012987;1;2;1;1;3;400;04/10/2017
2017012988;1;1;1;2;6;400;30/09/2017
2017012989;1;2;1;1;7;400;15/10/2017
2017012990;1;2;3;2;6;400;12/12/2017
2017012991;2;1;1;2;6;400;16/12/2017
2017012992;2;1;1;2;6;400;28/12/2017
2017012993;1;2;1;2;7;400;28/01/2017
2017012994;1;1;1;1;4;400;09/02/2017
2017012995;1;1;1;1;7;400;02/03/2017
2017012996;1;1;1;1;6;400;23/04/2017
2017012997;1;2;3;1;1;400;04/07/2017
2017012998;1;2;1;1;6;400;02/09/2017
2017012999;1;1;1;1;2;400;04/09/2017
2017013000;1;1;1;1;6;400;08/10/2017
2017013001;1;1;1;3;6;400;12/11/2017
2017013002;1;2;1;1;2;400;04/12/2017
2017013003;1;1;1;1;7;400;12/12/2017
2017013004;1;1;1;1;1;400;24/02/2017
2017013005;1;2;2;1;6;400;02/03/2017
2017013006;1;1;2;1;2;400;12/06/2017
2017013007;1;2;3;1;1;400;15/10/2017
2017013008;1;1;3;3;5;400;11/11/2017
2017013009;1;1;4;8;3;400;14/01/2017
2017013010;1;1;3;1;7;400;30/03/2017
2017013011;1;2;1;2;6;400;01/04/2017
2017013012;1;1;1;1;7;400;09/04/2017
2017013013;1;2;1;1;6;400;29/04/2017
2017013014;1;2;2;1;5;400;16/05/2017
2017013015;1;1;1;3;6;400;03/06/2017
2017013016;1;1;4;1;2;400;11/06/2017
2017013017;4;2;1;1;6;400;19/06/2017
2017013018;1;1;1;1;3;400;11/08/2017
2017013019;1;1;1;1;6;400;18/08/2017
2017013020;1;1;1;1;6;400;28/11/2017
2017013021;3;1;1;3;6;400;01/07/2017
2017013022;1;1;1;1;6;400;21/08/2017
2017013023;1;1;9;1;7;210;08/02/2017
2017013024;1;1;1;1;7;210;13/08/2017
2017013025;1;1;1;2;6;210;09/09/2017
2017013026;1;1;1;1;1;210;25/09/2017
2017013027;1;1;1;1;3;210;18/10/2017
2017013028;5;2;1;2;6;210;31/12/2017
2017013029;3;1;1;9;7;210;07/01/2017
2017013030;1;2;1;1;6;210;12/02/2017
2017013031;1;1;2;1;6;210;17/02/2017
2017013032;1;2;3;1;3;210;14/03/2017
2017013033;1;1;2;1;3;210;28/05/2017
2017013034;1;1;1;1;6;210;30/05/2017
2017013035;1;2;2;1;3;210;07/06/2017
2017013036;1;1;1;7;6;210;20/06/2017
2017013037;1;1;1;1;7;210;23/06/2017
2017013038;1;1;1;1;1;210;23/06/2017
2017013039;1;1;1;2;1;210;29/06/2017
2017013040;1;1;1;1;6;210;10/09/2017
2017013041;2;2;1;2;6;210;25/11/2017
2017013042;3;2;1;2;6;210;08/01/2017
2017013043;1;1;2;1;3;210;27/03/2017
2017013044;1;2;1;1;3;210;12/04/2017
2017013045;3;1;1;1;6;210;14/04/2017
2017013046;1;1;1;1;1;210;18/04/2017
2017013047;1;2;1;1;1;210;11/08/2017
2017013048;1;2;1;1;6;210;11/08/2017
2017013049;2;2;1;1;3;210;18/08/2017
2017013050;2;1;1;2;3;210;06/02/2017
2017013051;3;1;1;1;6;210;11/03/2017
2017013052;1;1;3;1;3;210;02/05/2017
2017013053;3;2;7;1;6;210;11/05/2017
2017013054;2;1;1;1;7;210;12/08/2017
2017013055;5;2;1;1;6;210;21/02/2017
2017013056;3;1;1;1;7;210;11/03/2017
2017013057;1;2;1;1;6;210;15/04/2017
2017013058;1;1;1;1;7;210;15/05/2017
2017013059;1;1;1;1;6;210;16/06/2017
2017013060;3;1;1;2;7;210;17/09/2017
2017013061;2;1;3;1;3;210;09/11/2017
2017013062;1;1;1;2;6;210;01/03/2017
2017013063;1;1;1;1;5;210;13/06/2017
2017013064;1;1;1;1;6;210;16/07/2017
2017013065;3;1;1;2;6;210;13/11/2017
2017013066;2;1;1;1;1;210;27/01/2017
2017013067;1;2;1;1;6;210;26/01/2017
2017013068;1;1;1;3;1;210;06/03/2017
2017013069;1;1;3;2;3;210;09/03/2017
2017013070;3;1;1;1;7;210;24/03/2017
2017013071;3;2;1;1;6;210;28/03/2017
2017013072;1;1;1;1;7;210;21/05/2017
2017013073;1;1;1;1;3;210;17/07/2017
2017013074;1;2;1;1;6;210;17/07/2017
2017013075;1;1;1;1;3;210;12/10/2017
2017013076;1;1;1;1;6;210;25/06/2017
2017013077;1;1;1;1;7;210;16/09/2017
2017013078;3;1;2;1;5;210;27/01/2017
2017013079;1;1;1;1;6;210;12/06/2017
2017013080;3;1;1;1;3;210;02/09/2017
2017013081;1;1;1;7;3;210;29/09/2017
2017013082;1;2;1;2;6;210;30/09/2017
2017013083;1;2;1;1;3;210;25/10/2017
2017013084;1;2;1;8;3;210;27/10/2017
2017013085;3;1;1;1;7;210;28/10/2017
2017013086;1;1;3;1;1;210;21/11/2017
2017013087;1;1;1;1;6;210;18/06/2017
2017013088;1;1;1;1;6;210;22/06/2017
2017013089;1;1;1;1;7;210;06/07/2017
2017013090;1;1;2;7;5;210;04/08/2017
2017013091;1;2;3;1;3;210;13/09/2017
2017013092;1;1;3;1;3;210;13/09/2017
2017013093;3;1;1;1;6;210;18/09/2017
2017013094;3;1;1;1;6;210;06/10/2017
2017013095;5;2;1;1;1;210;09/12/2017
2017013096;3;1;1;1;6;210;04/02/2017
2017013097;3;1;1;1;6;210;10/04/2017
2017013098;3;1;1;1;6;210;05/11/2017
2017013099;1;1;1;1;2;530;16/06/2017
2017013100;5;2;6;1;6;530;24/06/2017
2017013101;1;1;1;1;6;530;27/06/2017
2017013102;1;1;1;2;6;530;29/09/2017
2017013103;1;1;1;1;3;530;13/10/2017
2017013104;3;1;1;5;7;530;06/12/2017
2017013105;5;2;1;2;6;530;08/12/2017
2017013106;1;1;1;1;7;530;16/12/2017
2017013107;3;1;1;1;6;530;21/04/2017
2017013108;1;1;1;1;6;530;20/05/2017
2017013109;2;1;1;1;7;530;02/06/2017
2017013110;1;1;1;1;1;530;21/07/2017
2017013111;3;1;1;3;2;530;04/08/2017
2017013112;3;1;1;1;7;530;23/09/2017
2017013113;3;1;1;1;6;530;24/10/2017
2017013114;1;1;1;1;7;530;12/02/2017
2017013115;3;1;1;1;6;530;10/04/2017
2017013116;1;1;1;1;3;530;14/04/2017
2017013117;1;1;3;1;6;530;27/05/2017
2017013118;1;2;6;1;3;530;04/06/2017
2017013119;1;2;1;1;6;530;28/06/2017
2017013120;1;1;1;1;6;530;11/08/2017
2017013121;1;2;1;1;6;530;07/10/2017
2017013122;3;1;1;1;7;530;12/10/2017
2017013123;3;1;1;5;6;530;24/10/2017
2017013124;1;1;1;7;6;530;06/11/2017
2017013125;1;2;1;2;1;530;14/12/2017
2017013126;3;1;1;5;7;530;09/01/2017
2017013127;1;1;1;1;7;530;08/03/2017
2017013128;1;1;1;1;7;530;07/04/2017
2017013129;1;1;1;1;6;530;22/04/2017
2017013130;1;1;1;1;3;530;23/04/2017
2017013131;1;1;1;1;6;530;02/06/2017
2017013132;1;1;1;1;7;530;06/06/2017
2017013133;1;1;1;1;7;530;22/06/2017
2017013134;1;1;1;2;1;530;29/06/2017
2017013135;1;1;2;1;3;530;14/07/2017
2017013136;1;2;1;1;2;530;21/07/2017
2017013137;3;2;1;1;7;530;28/07/2017
2017013138;2;2;1;1;6;530;03/08/2017
2017013139;3;1;1;8;6;530;09/08/2017
2017013140;1;1;4;3;6;530;30/08/2017
2017013141;3;2;1;1;6;530;17/10/2017
2017013142;1;1;1;2;6;530;23/10/2017
2017013143;5;2;1;1;6;530;25/10/2017
2017013144;3;1;1;1;1;530;25/01/2017
2017013145;5;2;1;1;6;530;26/01/2017
2017013146;2;1;1;1;7;530;26/03/2017
2017013147;3;2;1;1;6;530;02/04/2017
2017013148;1;1;1;1;7;530;29/05/2017
2017013149;1;1;1;1;6;530;22/09/2017
2017013150;3;1;1;8;7;530;01/11/2017
2017013151;1;1;1;2;1;530;28/11/2017
2017013152;1;2;9;1;6;530;10/03/2017
2017013153;3;1;1;1;6;530;11/03/2017
2017013154;1;1;1;1;6;530;25/06/2017
2017013155;1;1;3;1;1;530;04/07/2017
2017013156;1;2;1;1;6;530;28/07/2017
2017013157;1;1;1;1;2;530;04/09/2017
2017013158;1;1;1;1;3;530;26/09/2017
2017013159;1;1;1;1;6;530;20/01/2017
2017013160;3;1;1;1;1;530;01/03/2017
2017013161;1;2;1;7;6;530;06/04/2017
2017013162;1;1;2;1;3;530;22/06/2017
2017013163;1;1;1;1;7;530;28/07/2017
2017013164;1;2;7;1;3;530;01/08/2017
2017013165;1;1;1;1;6;530;07/09/2017
2017013166;1;1;1;2;7;530;19/10/2017
2017013167;2;1;1;1;1;530;25/10/2017
2017013168;1;1;2;2;3;530;12/03/2017
2017013169;1;1;1;2;6;530;04/04/2017
2017013170;1;1;1;1;6;530;08/04/2017
2017013171;1;1;1;1;6;530;20/05/2017
2017013172;1;1;1;1;7;530;25/05/2017
2017013173;1;2;1;1;7;530;17/07/2017
2017013174;1;1;1;1;5;530;29/07/2017
2017013175;2;1;1;1;6;530;30/07/2017
2017013176;1;1;1;2;6;530;17/09/2017
2017013177;1;1;2;1;3;530;31/10/2017
2017013178;1;2;1;7;6;530;17/01/2017
2017013179;1;2;1;3;7;530;01/05/2017
2017013180;1;1;1;1;6;530;09/07/2017
2017013181;3;1;1;1;6;530;25/07/2017
2017013182;1;1;1;1;6;530;01/08/2017
2017013183;1;2;4;1;3;530;12/09/2017
2017013184;1;1;1;7;6;530;15/09/2017
2017013185;3;1;1;1;1;530;05/10/2017
2017013186;1;1;1;1;6;530;15/12/2017
2017013187;2;2;1;8;3;70;05/01/2017
2017013188;1;1;1;1;3;70;13/03/2017
2017013189;1;1;1;1;3;70;07/04/2017
2017013190;1;1;1;3;3;70;30/04/2017
2017013191;2;2;1;7;1;70;08/05/2017
2017013192;1;1;1;1;3;70;20/05/2017
2017013193;1;1;1;1;5;70;21/05/2017
2017013194;2;2;9;1;5;70;23/05/2017
2017013195;1;1;1;1;3;70;26/05/2017
2017013196;3;1;1;1;3;70;28/05/2017
2017013197;1;1;1;1;5;70;14/06/2017
2017013198;1;1;1;1;7;70;18/06/2017
2017013199;1;1;9;1;2;70;30/06/2017
2017013200;1;1;1;1;3;70;15/07/2017
2017013201;3;1;1;1;6;70;10/09/2017
2017013202;1;1;1;1;3;70;27/09/2017
2017013203;5;2;1;1;7;70;11/11/2017
2017013204;5;2;1;1;6;70;19/11/2017
2017013205;1;1;1;1;5;70;02/12/2017
2017013206;3;1;1;1;1;70;05/12/2017
2017013207;1;2;1;1;6;70;09/12/2017
2017013208;3;1;1;8;1;70;15/12/2017
2017013209;1;1;1;1;5;70;19/12/2017
2017013210;1;2;1;1;3;70;18/01/2017
2017013211;1;1;1;1;1;70;07/02/2017
2017013212;1;1;1;5;1;70;17/02/2017
2017013213;1;1;1;1;1;70;11/04/2017
2017013214;1;2;1;7;3;70;11/04/2017
2017013215;1;2;1;1;1;70;09/05/2017
2017013216;1;2;1;1;6;70;22/05/2017
2017013217;1;1;1;1;3;70;31/05/2017
2017013218;1;1;1;1;7;70;01/06/2017
2017013219;1;2;1;1;3;70;24/06/2017
2017013220;1;1;1;1;1;70;17/07/2017
2017013221;1;2;1;1;3;70;16/07/2017
2017013222;2;1;1;1;3;70;29/09/2017
2017013223;1;1;1;1;6;70;09/10/2017
2017013224;5;1;1;1;3;70;02/11/2017
2017013225;1;1;1;1;3;70;26/11/2017
2017013226;1;1;1;1;2;70;19/11/2017
2017013227;1;1;1;1;1;70;16/12/2017
2017013228;1;1;1;1;7;70;28/12/2017
2017013229;1;1;1;4;7;70;14/01/2017
2017013230;1;1;1;4;6;70;16/01/2017
2017013231;1;1;1;8;6;70;03/02/2017
2017013232;3;1;1;1;6;70;09/02/2017
2017013233;3;1;1;1;6;70;02/04/2017
2017013234;1;2;1;1;7;70;16/04/2017
2017013235;1;1;1;1;6;70;22/04/2017
2017013236;1;1;1;1;6;70;17/05/2017
2017013237;1;1;1;1;7;70;25/05/2017
2017013238;1;1;1;1;7;70;07/06/2017
2017013239;2;1;1;1;6;70;11/06/2017
2017013240;1;1;1;1;7;70;21/06/2017
2017013241;1;1;1;2;2;70;29/06/2017
2017013242;2;1;1;2;6;70;09/07/2017
2017013243;1;1;1;1;6;70;05/09/2017
2017013244;1;1;1;1;6;70;11/09/2017
2017013245;1;1;1;1;2;70;26/09/2017
2017013246;3;1;1;1;6;70;02/10/2017
2017013247;1;1;1;1;7;70;15/10/2017
2017013248;1;1;1;1;6;70;27/10/2017
2017013249;1;1;1;1;6;70;20/01/2017
2017013250;3;1;1;1;6;70;16/02/2017
2017013251;1;2;1;1;3;70;03/03/2017
2017013252;3;1;1;8;6;70;05/03/2017
2017013253;3;1;1;1;6;70;15/03/2017
2017013254;1;2;1;1;3;70;15/04/2017
2017013255;1;2;1;1;6;70;11/04/2017
2017013256;1;1;1;1;6;70;29/04/2017
2017013257;1;1;1;7;6;70;21/05/2017
2017013258;1;1;1;1;6;70;26/05/2017
2017013259;2;1;1;1;6;70;03/06/2017
2017013260;1;2;1;1;1;70;04/07/2017
2017013261;1;1;1;1;6;70;13/07/2017
2017013262;1;2;1;1;3;70;29/08/2017
2017013263;1;1;1;1;5;70;05/09/2017
2017013264;1;1;1;1;6;70;19/10/2017
2017013265;3;1;1;1;7;70;18/11/2017
2017013266;3;1;1;3;7;70;10/12/2017
2017013267;3;1;1;5;6;70;30/12/2017
2017013268;1;1;1;1;3;70;08/04/2017
2017013269;2;1;1;1;7;70;12/04/2017
2017013270;1;1;1;1;6;70;02/05/2017
2017013271;1;1;1;1;1;70;06/05/2017
2017013272;5;1;1;1;6;70;14/05/2017
2017013273;1;1;1;1;6;70;07/09/2017
2017013274;1;1;1;1;1;70;14/10/2017
2017013275;3;1;1;1;6;70;01/11/2017
2017013276;1;1;1;2;7;70;02/02/2017
2017013277;3;1;1;1;7;70;06/06/2017
2017013278;1;1;1;1;3;70;18/06/2017
2017013279;1;1;1;1;3;70;20/08/2017
2017013280;1;2;1;1;1;70;14/01/2017
2017013281;1;1;1;9;7;70;19/01/2017
2017013282;1;1;1;1;1;70;21/04/2017
2017013283;1;1;1;1;4;70;17/06/2017
2017013284;1;2;1;1;6;70;20/06/2017
2017013285;1;2;1;1;3;70;09/07/2017
2017013286;1;2;1;1;6;70;15/09/2017
2017013287;3;1;1;1;1;70;20/09/2017
2017013288;3;1;1;1;1;70;07/01/2017
2017013289;1;1;1;1;6;70;11/01/2017
2017013290;1;1;1;1;7;70;19/02/2017
2017013291;3;2;1;1;6;70;18/03/2017
2017013292;1;1;1;1;7;70;18/05/2017
2017013293;1;1;1;1;2;70;03/06/2017
2017013294;1;2;1;1;3;70;07/06/2017
2017013295;1;1;1;1;1;70;10/06/2017
2017013296;1;2;1;1;6;70;07/07/2017
2017013297;1;1;1;7;5;70;14/08/2017
2017013298;1;2;1;1;2;70;17/08/2017
2017013299;3;2;1;1;6;70;08/09/2017
2017013300;1;1;1;1;3;70;20/09/2017
2017013301;1;2;1;1;6;70;31/10/2017
2017013302;1;2;1;1;1;70;28/12/2017
2017013303;5;2;1;3;6;70;04/02/2017
2017013304;1;1;1;1;4;70;08/02/2017
2017013305;1;2;1;1;2;70;16/03/2017
2017013306;1;1;1;1;6;70;28/03/2017
2017013307;3;1;1;1;6;70;17/06/2017
2017013308;1;2;1;1;5;70;06/04/2017
2017013309;1;1;1;1;1;70;09/04/2017
2017013310;1;2;1;1;6;70;29/04/2017
2017013311;1;2;1;1;7;70;16/05/2017
2017013312;1;1;1;1;2;70;28/05/2017
2017013313;1;1;1;1;1;70;23/07/2017
2017013314;1;1;1;1;1;70;01/09/2017
2017013315;1;2;1;1;3;70;06/09/2017
2017013316;3;2;1;8;3;70;01/10/2017
2017013317;1;2;2;1;3;70;04/10/2017
2017013318;3;1;1;1;1;70;30/10/2017
2017013319;1;2;1;1;3;70;12/11/2017
2017013320;1;2;1;1;2;70;25/11/2017
2017013321;1;2;1;1;3;70;29/11/2017
2017013322;1;1;1;1;5;70;02/12/2017
2017013323;5;2;1;4;6;70;18/12/2017
2017013324;2;1;1;4;6;70;10/01/2017
2017013325;3;1;1;4;6;70;17/01/2017
2017013326;1;1;1;1;7;70;11/03/2017
2017013327;5;2;1;1;1;70;16/03/2017
2017013328;1;1;1;1;3;70;11/06/2017
2017013329;3;1;1;1;2;70;23/06/2017
2017013330;1;1;1;1;6;70;25/06/2017
2017013331;2;1;1;1;6;70;11/08/2017
2017013332;1;1;1;1;3;70;18/08/2017
2017013333;1;1;1;1;2;70;26/08/2017
2017013334;1;1;1;1;1;70;15/10/2017
2017013335;1;1;1;1;6;70;28/10/2017
2017013336;3;1;1;5;6;70;18/11/2017
2017013337;1;2;1;1;1;70;23/01/2017
2017013338;2;1;1;8;7;70;28/02/2017
2017013339;1;1;1;1;7;70;09/04/2017
2017013340;1;1;1;1;7;70;20/04/2017
2017013341;1;1;1;1;7;70;25/05/2017
2017013342;1;1;1;1;1;70;05/06/2017
2017013343;1;1;1;1;6;70;16/06/2017