num_acc;lum;agg;inter;atm;col;dep;date
2017015662;3;1;1;1;1;150;10/10/2017
2017015663;1;1;1;2;6;150;14/12/2017
2017015664;1;1;1;1;2;150;28/03/2017
2017015665;1;1;1;1;6;150;14/05/2017
2017015666;1;1;2;1;3;150;08/06/2017
2017015667;1;1;1;1;1;150;10/06/2017
2017015668;1;1;1;1;6;150;07/07/2017
2017015669;1;1;1;1;7;150;08/08/2017
2017015670;1;2;1;1;6;150;12/08/2017
2017015671;1;2;1;1;6;150;15/10/2017
2017015672;1;1;1;1;6;150;23/12/2017
2017015673;3;1;1;5;7;150;24/12/2017
2017015674;1;2;1;1;6;150;12/03/2017
2017015675;1;1;9;1;3;150;03/05/2017
2017015676;1;1;1;1;7;150;23/06/2017
2017015677;1;1;1;1;6;150;04/07/2017
2017015678;1;1;1;1;3;150;27/11/2017
2017015679;1;1;1;1;6;150;18/03/2017
2017015680;2;1;1;1;6;150;30/03/2017
2017015681;1;1;1;1;7;150;09/05/2017
2017015682;1;2;2;1;3;150;15/05/2017
2017015683;2;1;1;2;7;150;01/07/2017
2017015684;1;1;1;1;7;150;14/07/2017
2017015685;1;1;1;1;1;150;18/07/2017
2017015686;1;1;1;2;1;150;08/08/2017
2017015687;1;1;1;1;7;150;06/08/2017
2017015688;1;1;1;1;2;150;09/08/2017
2017015689;5;1;1;1;1;150;08/12/2017
2017015690;3;1;1;2;4;150;13/12/2017
2017015691;1;1;1;1;3;30;01/02/2017
2017015692;1;2;1;1;6;30;25/05/2017
2017015693;1;1;2;1;3;30;23/11/2017
2017015694;3;1;1;5;7;30;06/12/2017
2017015695;1;1;1;1;6;30;14/02/2017
2017015696;3;1;1;1;6;30;23/02/2017
2017015697;1;2;2;1;3;30;16/03/2017
2017015698;3;1;1;1;7;30;18/03/2017
2017015699;3;1;1;1;6;30;13/05/2017
2017015700;1;1;2;1;3;30;02/06/2017
2017015701;1;1;2;1;3;30;15/06/2017
2017015702;1;1;1;2;7;30;02/07/2017
2017015703;1;1;1;1;4;30;20/07/2017
2017015704;1;2;4;1;1;30;25/07/2017
2017015705;1;1;1;7;1;30;16/10/2017
2017015706;3;1;1;1;3;30;20/10/2017
2017015707;3;1;1;5;7;30;29/10/2017
2017015708;1;1;1;1;6;30;03/01/2017
2017015709;1;1;1;8;7;30;24/03/2017
2017015710;1;1;1;1;3;;30/03/2017
2017015711;1;1;2;1;3;30;08/04/2017
2017015712;2;1;1;1;7;30;21/05/2017
2017015713;4;2;1;1;6;30;03/06/2017
2017015714;3;1;1;2;6;30;03/06/2017
2017015715;1;1;1;1;3;30;14/06/2017
2017015716;1;1;9;1;3;30;24/06/2017
2017015717;1;1;1;7;7;30;25/08/2017
2017015718;1;1;1;1;7;30;25/11/2017
2017015719;1;1;1;1;6;30;29/11/2017
2017015720;1;1;2;7;3;30;16/02/2017
2017015721;1;2;3;7;3;30;21/05/2017
2017015722;1;1;1;1;7;30;19/06/2017
2017015723;1;1;1;1;2;30;04/08/2017
2017015724;1;2;3;1;3;30;22/08/2017
2017015725;3;1;1;1;6;30;25/08/2017
2017015726;1;1;1;2;7;30;08/01/2017
2017015727;3;2;1;1;6;30;20/02/2017
2017015728;3;1;1;1;7;30;24/02/2017
2017015729;2;2;3;1;3;30;11/04/2017
2017015730;2;1;1;1;6;30;23/04/2017
2017015731;1;1;1;1;7;30;12/05/2017
2017015732;1;1;1;1;2;30;03/08/2017
2017015733;2;2;9;8;6;30;15/08/2017
2017015734;1;1;9;1;7;30;26/08/2017
2017015735;2;1;1;2;6;30;22/10/2017
2017015736;2;1;1;8;1;30;28/02/2017
2017015737;1;2;1;1;3;30;10/04/2017
2017015738;1;1;1;1;1;30;18/08/2017
2017015739;1;1;1;1;7;30;03/09/2017
2017015740;1;2;1;1;6;30;21/11/2017
2017015741;2;1;6;5;7;30;20/11/2017
2017015742;3;1;3;4;3;30;03/12/2017
2017015743;1;1;1;1;7;30;22/01/2017
2017015744;3;1;1;1;6;30;03/02/2017
2017015745;1;1;1;1;3;30;22/03/2017
2017015746;1;1;1;1;7;30;03/04/2017
2017015747;1;1;1;7;7;30;09/04/2017
2017015748;1;1;1;7;3;30;09/04/2017
2017015749;1;2;4;1;6;30;16/04/2017
2017015750;1;2;1;7;4;30;24/05/2017
2017015751;1;1;1;1;7;30;13/06/2017
2017015752;1;1;1;2;1;30;07/08/2017
2017015753;3;2;1;1;6;30;30/09/2017
2017015754;1;2;1;1;5;30;05/10/2017
2017015755;1;2;3;7;1;30;12/10/2017
2017015756;1;2;1;1;3;30;15/10/2017
2017015757;3;2;1;1;2;30;03/11/2017
2017015758;1;2;1;1;6;30;05/11/2017
2017015759;3;1;1;5;6;30;08/01/2017
2017015760;1;2;9;1;2;30;20/04/2017
2017015761;1;1;1;1;6;30;01/05/2017
2017015762;1;1;1;2;2;30;08/05/2017
2017015763;1;2;1;1;2;30;17/05/2017
2017015764;1;1;2;1;3;30;15/08/2017
2017015765;1;1;1;1;1;30;19/08/2017
2017015766;1;1;2;1;3;30;05/10/2017
2017015767;5;2;1;1;7;30;14/10/2017
2017015768;2;2;1;1;6;30;19/10/2017
2017015769;1;1;1;2;1;30;08/11/2017
2017015770;3;1;1;9;7;30;29/11/2017
2017015771;1;1;1;1;6;30;12/12/2017
2017015772;1;2;1;1;7;30;18/02/2017
2017015773;1;1;1;1;6;30;14/03/2017
2017015774;1;1;1;1;1;30;17/03/2017
2017015775;1;1;6;1;3;30;22/03/2017
2017015776;1;1;1;1;7;30;22/04/2017
2017015777;1;1;1;1;6;30;25/05/2017
2017015778;1;1;3;1;1;30;01/06/2017
2017015779;2;1;1;1;7;30;20/06/2017
2017015780;1;1;1;8;6;30;10/07/2017
2017015781;1;1;1;1;7;30;30/07/2017
2017015782;1;2;1;1;1;30;05/08/2017
2017015783;1;1;1;2;1;30;10/08/2017
2017015784;1;1;1;1;7;30;14/08/2017
2017015785;1;2;7;1;6;30;23/09/2017
2017015786;1;1;2;1;3;30;07/10/2017
2017015787;1;1;1;1;3;30;05/12/2017
2017015788;1;1;1;8;6;30;03/01/2017
2017015789;1;1;1;1;3;30;17/01/2017
2017015790;3;1;1;1;7;30;23/01/2017
2017015791;1;2;1;1;6;30;19/02/2017
2017015792;3;1;2;1;3;30;02/03/2017
2017015793;2;2;1;1;4;30;09/03/2017
2017015794;1;1;3;1;3;30;22/04/2017
2017015795;1;1;1;1;7;30;14/07/2017
2017015796;1;1;1;1;7;30;24/07/2017
2017015797;1;1;1;1;3;30;08/08/2017
2017015798;1;1;3;1;3;30;14/09/2017
2017015799;1;2;1;1;6;30;25/09/2017
2017015800;1;1;1;1;6;30;01/11/2017
2017015801;3;1;1;1;1;840;04/01/2017
2017015802;3;1;1;2;7;840;09/01/2017
2017015803;1;1;3;1;1;840;18/02/2017
2017015804;1;1;1;1;2;840;10/03/2017
2017015805;1;1;1;1;1;840;26/03/2017
2017015806;3;1;1;1;6;840;16/04/2017
2017015807;1;1;1;1;1;840;16/07/2017
2017015808;1;1;1;1;6;840;06/08/2017
2017015809;1;2;1;1;3;840;02/09/2017
2017015810;1;1;1;1;2;840;01/10/2017
2017015811;2;1;1;1;7;840;15/01/2017
2017015812;5;2;1;1;6;840;19/01/2017
2017015813;4;1;1;1;3;840;03/03/2017
2017015814;1;1;2;8;2;840;24/03/2017
2017015815;1;2;9;7;6;840;12/04/2017
2017015816;2;1;1;2;1;840;26/04/2017
2017015817;3;1;1;1;6;840;30/04/2017
2017015818;1;2;9;1;5;840;24/05/2017
2017015819;1;2;1;1;1;840;31/05/2017
2017015820;1;1;1;1;6;840;26/06/2017
2017015821;1;2;1;1;6;840;04/08/2017
2017015822;1;2;2;1;6;840;11/08/2017
2017015823;2;2;1;2;6;840;11/12/2017
2017015824;3;1;1;1;3;840;16/12/2017
2017015825;5;2;1;1;6;840;20/12/2017
2017015826;1;1;1;7;1;840;21/12/2017
2017015827;1;1;1;1;3;840;01/01/2017
2017015828;1;1;1;1;6;840;11/03/2017
2017015829;1;1;1;1;7;840;11/04/2017
2017015830;2;1;1;1;6;840;23/04/2017
2017015831;1;1;3;1;3;840;21/05/2017
2017015832;1;1;1;1;7;840;08/06/2017
2017015833;1;1;1;1;6;840;13/06/2017
2017015834;1;1;1;1;7;840;22/06/2017
2017015835;1;1;1;1;6;840;30/06/2017
2017015836;1;1;1;1;1;840;02/08/2017
2017015837;1;1;1;1;1;840;25/08/2017
2017015838;1;1;1;1;3;840;26/08/2017
2017015839;1;2;1;1;1;840;26/08/2017
2017015840;1;1;1;1;7;840;02/09/2017
2017015841;3;1;1;2;1;840;26/09/2017
2017015842;1;1;1;1;6;840;17/09/2017
2017015843;2;1;1;5;2;840;15/10/2017
2017015844;3;1;1;1;6;840;22/10/2017
2017015845;2;1;1;1;1;840;08/12/2017
2017015846;1;1;3;1;3;20;26/01/2017
2017015847;1;2;1;1;1;20;28/08/2017
2017015848;3;2;1;1;6;20;07/09/2017
2017015849;1;2;8;1;6;20;06/10/2017
2017015850;5;2;1;1;1;20;17/01/2017
2017015851;1;2;1;1;6;20;14/03/2017
2017015852;1;2;3;1;1;20;04/05/2017
2017015853;2;1;6;1;3;20;04/07/2017
2017015854;1;2;1;1;7;20;11/09/2017
2017015855;1;2;3;2;3;20;23/10/2017
2017015856;3;1;1;1;1;20;01/11/2017
2017015857;3;1;1;2;1;20;01/02/2017
2017015858;1;1;1;1;1;20;20/06/2017
2017015859;1;1;1;1;6;20;12/08/2017
2017015860;1;1;1;1;1;20;29/08/2017
2017015861;1;2;1;1;1;20;06/09/2017
2017015862;3;1;1;2;1;20;07/10/2017
2017015863;3;1;1;5;5;20;31/01/2017
2017015864;3;1;1;1;5;20;17/02/2017
2017015865;1;1;3;1;1;20;31/05/2017
2017015866;3;2;1;1;6;20;07/06/2017
2017015867;1;1;1;1;2;20;11/06/2017
2017015868;3;2;1;1;6;20;08/08/2017
2017015869;1;2;2;1;3;20;29/08/2017
2017015870;4;2;1;1;1;20;18/10/2017
2017015871;1;2;1;8;6;20;25/01/2017
2017015872;5;2;1;1;1;20;13/02/2017
2017015873;1;2;1;1;6;20;25/04/2017
2017015874;1;1;1;7;7;20;11/06/2017
2017015875;1;1;1;1;6;20;23/06/2017
2017015876;1;2;1;1;1;20;06/07/2017
2017015877;3;1;4;1;6;20;30/07/2017
2017015878;1;2;3;1;6;20;14/08/2017
2017015879;1;1;2;1;3;20;05/09/2017
2017015880;3;2;1;2;1;20;07/10/2017
2017015881;1;1;1;7;3;20;14/10/2017
2017015882;1;1;1;5;3;20;03/01/2017
2017015883;1;1;1;1;6;20;08/04/2017
2017015884;1;1;4;1;3;20;10/05/2017
2017015885;1;1;4;1;3;20;03/07/2017
2017015886;1;1;2;1;4;20;19/07/2017
2017015887;1;1;2;1;1;20;06/10/2017
2017015888;1;2;1;3;6;20;13/12/2017
2017015889;3;1;1;9;1;20;28/12/2017
2017015890;1;1;1;8;2;20;28/02/2017
2017015891;3;1;1;2;2;20;06/03/2017
2017015892;1;1;1;1;6;20;10/03/2017
2017015893;1;2;1;1;1;20;19/05/2017
2017015894;1;1;2;1;1;20;02/06/2017
2017015895;1;1;1;1;6;20;31/07/2017
2017015896;1;1;1;1;5;20;21/11/2017
2017015897;3;1;1;1;6;20;03/12/2017
2017015898;1;2;1;1;1;20;19/02/2017
2017015899;1;2;4;1;3;20;03/05/2017
2017015900;1;2;1;1;2;20;03/07/2017
2017015901;1;2;3;1;3;20;06/07/2017
2017015902;1;1;1;2;1;20;10/07/2017
2017015903;1;1;1;1;2;20;30/07/2017
2017015904;5;2;1;1;6;20;28/08/2017
2017015905;2;1;2;7;3;20;30/10/2017
2017015906;5;2;1;1;6;20;31/10/2017
2017015907;1;2;1;1;3;20;17/03/2017
2017015908;1;2;1;1;2;20;22/04/2017
2017015909;1;1;3;1;3;20;23/06/2017
2017015910;1;2;1;1;3;20;26/06/2017
2017015911;2;1;1;8;2;20;19/11/2017
2017015912;3;1;1;1;3;20;26/11/2017
2017015913;3;1;1;5;6;20;05/12/2017
2017015914;3;1;1;1;5;20;06/04/2017
2017015915;1;1;1;1;7;20;14/04/2017
2017015916;1;1;1;2;3;20;06/05/2017
2017015917;1;1;1;1;1;20;13/06/2017
2017015918;2;1;1;1;5;20;22/11/2017
2017015919;1;1;3;8;3;20;21/03/2017
2017015920;1;2;1;1;3;20;28/04/2017
2017015921;1;1;1;1;6;20;14/06/2017
2017015922;1;1;1;1;3;20;23/06/2017
2017015923;1;1;1;1;6;20;27/07/2017
2017015924;1;1;2;1;3;20;22/08/2017
2017015925;2;1;3;9;1;20;06/10/2017
2017015926;1;1;2;8;3;20;19/03/2017
2017015927;1;1;1;1;5;20;20/03/2017
2017015928;3;1;1;1;1;20;27/03/2017
2017015929;1;1;2;1;6;20;01/05/2017
2017015930;1;1;1;1;3;20;17/05/2017
2017015931;1;2;3;1;1;20;31/05/2017
2017015932;3;1;1;1;4;20;10/06/2017
2017015933;1;1;6;1;7;20;12/06/2017
2017015934;3;2;1;1;7;20;25/06/2017
2017015935;3;1;1;1;7;20;03/08/2017
2017015936;1;2;1;1;1;20;27/10/2017
2017015937;1;1;1;1;6;20;01/11/2017
2017015938;1;1;1;1;2;20;03/11/2017
2017015939;1;1;1;1;6;20;27/11/2017
2017015940;1;2;1;4;6;20;14/01/2017
2017015941;1;1;1;1;7;20;14/01/2017
2017015942;2;2;3;1;3;20;11/03/2017
2017015943;1;1;1;1;1;20;02/04/2017
2017015944;1;2;1;1;6;20;26/04/2017
2017015945;1;2;2;1;6;20;06/05/2017
2017015946;1;2;3;1;1;20;13/06/2017
2017015947;1;2;1;1;3;20;18/06/2017
2017015948;1;1;1;1;2;20;06/09/2017
2017015949;1;1;1;8;1;20;12/09/2017
2017015950;1;1;2;1;5;20;03/10/2017
2017015951;3;1;1;1;2;20;07/10/2017
2017015952;1;1;1;2;6;20;04/11/2017
2017015953;3;1;1;1;6;20;15/11/2017
2017015954;1;1;1;4;1;20;25/11/2017
2017015955;5;2;1;2;6;20;23/12/2017
2017015956;3;1;1;1;6;20;31/12/2017
2017015957;1;2;1;1;6;20;06/03/2017
2017015958;1;2;1;5;1;20;14/03/2017
2017015959;1;2;1;1;2;20;14/04/2017
2017015960;4;2;1;1;6;20;02/08/2017
2017015961;1;2;1;1;6;20;01/09/2017
2017015962;3;1;9;3;3;20;30/09/2017
2017015963;3;1;1;1;6;20;07/11/2017
2017015964;5;2;1;2;6;20;20/11/2017
2017015965;3;1;1;4;7;20;14/01/2017
2017015966;3;1;1;5;6;20;18/02/2017
2017015967;1;2;1;1;1;20;10/04/2017
2017015968;1;1;1;1;1;20;23/05/2017
2017015969;1;2;1;1;3;20;03/06/2017
2017015970;1;2;1;7;2;20;14/06/2017
2017015971;1;2;2;1;3;20;21/07/2017
2017015972;1;2;1;1;2;20;03/08/2017
2017015973;1;1;1;1;3;20;01/10/2017
2017015974;3;1;1;2;7;20;17/12/2017
2017015975;3;1;1;9;4;20;29/12/2017
2017015976;3;1;1;1;7;130;29/01/2017
2017015977;1;1;1;1;1;130;19/02/2017
2017015978;1;1;1;1;3;130;23/02/2017
2017015979;1;1;2;1;3;130;28/05/2017
2017015980;3;1;1;1;7;130;13/06/2017
2017015981;1;1;6;1;2;130;21/07/2017
2017015982;1;1;1;1;3;130;09/08/2017
2017015983;3;1;1;1;6;130;10/09/2017
2017015984;1;1;1;1;2;130;17/09/2017
2017015985;1;1;1;1;1;130;10/10/2017
2017015986;1;2;2;1;2;130;19/10/2017
2017015987;3;1;1;3;7;130;05/11/2017
2017015988;3;1;1;1;5;130;27/12/2017
2017015989;1;1;1;4;1;380;10/01/2017
2017015990;1;1;1;1;7;380;16/01/2017
2017015991;2;2;1;1;7;380;10/03/2017
2017015992;1;1;1;1;6;380;09/04/2017
2017015993;4;1;1;4;7;380;28/04/2017
2017015994;3;1;1;1;1;380;28/04/2017
2017015995;1;1;3;1;1;380;03/05/2017
2017015996;1;1;1;1;7;380;21/05/2017
2017015997;1;1;1;3;6;380;06/06/2017
2017015998;3;1;1;1;7;380;28/07/2017
2017015999;1;1;1;8;7;380;02/09/2017
2017016000;1;2;1;4;6;380;06/11/2017
2017016001;3;1;2;2;3;380;12/01/2017
2017016002;3;1;1;6;1;380;16/01/2017
2017016003;1;1;2;1;3;380;16/05/2017
2017016004;1;2;1;1;7;380;09/06/2017
2017016005;1;2;1;1;2;380;06/07/2017
2017016006;1;2;1;1;7;380;16/07/2017
2017016007;5;2;3;1;1;380;18/07/2017
2017016008;2;2;1;8;6;380;20/07/2017
2017016009;1;1;1;1;7;380;06/08/2017
2017016010;1;1;1;1;3;380;11/09/2017
2017016011;1;1;1;1;7;380;15/10/2017
2017016012;3;1;1;1;1;380;09/11/2017
2017016013;3;1;1;1;6;380;24/11/2017
2017016014;1;1;1;2;1;380;25/11/2017
2017016015;1;1;1;8;1;380;06/03/2017
2017016016;5;2;6;1;1;380;21/04/2017
2017016017;1;1;1;1;1;380;29/05/2017
2017016018;1;1;1;1;1;380;24/06/2017
2017016019;3;1;1;2;6;380;02/07/2017
2017016020;1;1;1;1;7;380;18/10/2017
2017016021;2;1;3;1;1;380;10/11/2017
2017016022;1;2;7;1;6;380;21/11/2017
2017016023;2;1;2;1;5;380;13/03/2017
2017016024;1;2;1;1;6;380;05/06/2017
2017016025;3;2;1;1;7;380;14/06/2017
2017016026;1;2;1;1;2;380;08/06/2017
2017016027;5;1;1;1;5;380;07/07/2017
2017016028;1;1;1;1;2;380;09/07/2017
2017016029;2;2;1;5;1;380;07/10/2017
2017016030;3;1;9;1;3;380;23/11/2017
2017016031;1;2;9;1;3;380;23/11/2017
2017016032;1;2;1;1;6;380;11/01/2017
2017016033;1;1;6;2;6;380;08/02/2017
2017016034;2;2;1;2;6;380;05/03/2017
2017016035;1;2;2;1;6;380;07/04/2017
2017016036;1;2;9;7;3;380;23/04/2017
2017016037;1;2;1;;1;380;06/04/2017
2017016038;1;2;1;1;6;380;19/06/2017
2017016039;1;2;2;1;1;380;21/06/2017
2017016040;1;2;9;1;3;380;20/06/2017
2017016041;1;2;1;1;2;380;27/06/2017
2017016042;1;1;6;1;3;380;03/07/2017
2017016043;1;2;1;1;3;380;29/07/2017
2017016044;1;2;1;1;6;380;17/08/2017
2017016045;1;2;1;1;3;380;25/08/2017
2017016046;1;1;1;2;1;380;02/09/2017
2017016047;1;1;1;1;2;380;08/10/2017
2017016048;1;2;1;7;6;380;29/09/2017
2017016049;2;2;1;1;3;380;24/10/2017
2017016050;5;2;1;1;6;380;24/10/2017
2017016051;5;2;9;1;3;380;16/11/2017
2017016052;5;2;1;1;6;380;13/12/2017
2017016053;1;2;1;1;6;380;29/12/2017
2017016054;1;2;1;1;3;380;17/03/2017
2017016055;1;1;6;1;3;380;14/03/2017
2017016056;1;2;3;1;3;380;26/03/2017
2017016057;1;2;1;1;3;380;05/04/2017
2017016058;1;1;1;1;1;380;21/04/2017
2017016059;1;1;1;1;6;380;17/05/2017
2017016060;1;2;1;1;5;380;17/05/2017
2017016061;1;1;1;1;2;380;18/05/2017
2017016062;1;1;1;1;7;380;26/05/2017
2017016063;3;1;1;1;7;380;22/06/2017
2017016064;1;2;1;1;6;380;09/07/2017
2017016065;1;1;1;1;1;380;14/07/2017
2017016066;1;2;6;1;6;380;18/07/2017
2017016067;1;1;1;1;7;380;26/07/2017
2017016068;1;2;9;1;6;380;13/09/2017
2017016069;3;1;1;1;6;380;01/11/2017
2017016070;1;1;1;1;4;380;06/11/2017
2017016071;1;2;1;1;3;380;04/12/2017
2017016072;4;1;1;1;6;380;08/01/2017
2017016073;5;1;1;1;6;380;23/04/2017
2017016074;2;1;1;1;1;380;13/09/2017
2017016075;1;1;1;1;5;380;24/09/2017
2017016076;2;1;3;5;1;380;10/10/2017
2017016077;1;1;1;1;6;380;12/03/2017
2017016078;1;1;4;7;7;380;08/04/2017
2017016079;1;2;1;1;1;380;08/04/2017
2017016080;3;1;1;2;6;380;04/05/2017
2017016081;2;1;1;1;3;380;16/07/2017
2017016082;1;2;4;1;3;380;28/07/2017
2017016083;1;1;1;1;7;380;27/08/2017
2017016084;1;1;1;2;7;380;10/01/2017
2017016085;3;1;3;1;6;380;19/01/2017
2017016086;2;1;1;8;7;380;20/01/2017
2017016087;5;2;6;2;6;380;09/02/2017
2017016088;5;2;1;1;1;380;14/02/2017
2017016089;5;2;1;2;6;380;05/03/2017
2017016090;1;1;2;8;1;380;15/04/2017
2017016091;1;1;1;1;1;380;20/05/2017
2017016092;2;1;1;1;2;380;20/05/2017
2017016093;1;1;1;1;5;380;25/05/2017
2017016094;1;2;1;2;6;380;04/06/2017
2017016095;2;1;3;1;3;380;27/06/2017
2017016096;1;1;2;1;3;380;19/07/2017
2017016097;1;1;1;2;6;380;12/11/2017
2017016098;3;1;1;1;6;380;18/11/2017
2017016099;2;2;2;1;1;380;21/11/2017
2017016100;1;1;1;1;6;380;14/12/2017
2017016101;2;1;1;2;6;380;29/12/2017
2017016102;3;1;1;4;6;380;09/01/2017
2017016103;1;1;1;9;6;380;11/01/2017
2017016104;1;1;1;1;7;380;23/01/2017
2017016105;5;2;3;2;6;380;31/01/2017
2017016106;5;2;3;1;1;380;13/02/2017
2017016107;3;1;6;1;7;380;29/03/2017
2017016108;1;1;1;1;7;380;07/06/2017
2017016109;1;2;2;1;3;380;20/06/2017
2017016110;1;1;1;1;2;380;01/07/2017
2017016111;1;1;2;1;3;380;01/07/2017
2017016112;1;1;1;1;6;380;19/08/2017
2017016113;1;2;2;7;3;380;28/08/2017
2017016114;1;1;1;1;1;380;04/10/2017
2017016115;1;1;1;1;3;380;24/10/2017
2017016116;1;2;6;1;3;380;03/11/2017
2017016117;3;1;2;1;5;380;17/12/2017
2017016118;1;2;1;1;7;380;11/02/2017
2017016119;1;1;1;1;6;380;18/02/2017
2017016120;2;1;9;1;6;380;19/02/2017
2017016121;1;1;1;2;6;380;01/04/2017
2017016122;1;2;4;1;3;380;18/04/2017
2017016123;1;2;9;1;6;380;09/05/2017
2017016124;5;2;9;1;6;380;22/06/2017
2017016125;1;1;1;1;5;380;05/07/2017
2017016126;1;1;1;1;7;380;07/07/2017
2017016127;1;1;1;1;6;380;14/08/2017
2017016128;1;1;1;8;2;380;07/09/2017
2017016129;2;1;1;1;6;380;16/09/2017
2017016130;2;1;1;5;3;380;05/10/2017
2017016131;3;1;1;1;7;380;05/12/2017
2017016132;3;1;2;1;3;380;04/01/2017
2017016133;1;2;3;1;3;380;11/01/2017
2017016134;1;1;2;1;1;380;17/01/2017
2017016135;2;1;2;2;5;380;07/02/2017
2017016136;1;1;1;8;6;380;05/03/2017
2017016137;3;1;1;1;6;380;16/03/2017
2017016138;3;1;1;1;6;380;31/03/2017
2017016139;1;2;2;1;6;380;10/04/2017
2017016140;1;2;1;1;6;380;09/06/2017
2017016141;1;1;1;1;6;380;08/07/2017
2017016142;1;1;3;1;3;380;08/07/2017
2017016143;1;1;1;1;3;380;20/07/2017
2017016144;1;1;1;8;1;380;21/07/2017
2017016145;3;1;1;1;6;380;23/07/2017
2017016146;1;2;1;1;7;380;30/07/2017
2017016147;3;2;1;1;6;380;02/08/2017
2017016148;2;1;2;1;3;380;12/09/2017
2017016149;1;2;3;1;3;380;12/09/2017
2017016150;1;2;2;1;3;380;22/09/2017
2017016151;2;1;1;1;6;380;23/09/2017
2017016152;4;1;6;2;6;380;30/09/2017
2017016153;3;2;1;1;7;380;12/10/2017
2017016154;1;1;1;1;6;380;25/10/2017
2017016155;3;1;2;1;3;380;25/10/2017
2017016156;1;1;2;1;3;380;06/11/2017
2017016157;1;1;4;1;1;380;08/02/2017
2017016158;1;2;1;1;6;380;12/02/2017
2017016159;5;2;3;2;6;380;01/03/2017
2017016160;1;1;1;1;6;380;13/03/2017
2017016161;1;2;1;1;6;380;20/03/2017
2017016162;1;1;4;1;7;380;30/03/2017
2017016163;1;1;1;1;1;380;05/04/2017
2017016164;1;2;7;1;6;380;05/04/2017
2017016165;1;1;1;1;1;380;09/04/2017
2017016166;1;1;1;1;7;380;15/04/2017
2017016167;1;2;1;1;1;380;16/04/2017
2017016168;1;1;1;1;6;380;28/04/2017
2017016169;1;1;1;3;1;380;03/05/2017
2017016170;1;1;1;7;1;380;05/05/2017
2017016171;2;2;2;1;3;380;24/05/2017
2017016172;1;1;2;1;3;380;30/05/2017
2017016173;1;1;1;1;7;380;31/05/2017
2017016174;1;1;1;1;1;380;09/06/2017
2017016175;2;2;1;1;2;380;17/06/2017
2017016176;1;1;1;6;6;380;19/06/2017
2017016177;1;2;3;1;3;380;11/08/2017
2017016178;3;1;1;1;3;380;07/09/2017
2017016179;1;2;1;1;6;380;17/09/2017
2017016180;1;1;3;1;3;380;29/09/2017
2017016181;3;1;1;1;6;380;13/10/2017
2017016182;1;1;1;1;1;380;13/10/2017
2017016183;1;2;2;1;3;380;15/10/2017
2017016184;1;1;6;1;6;380;22/10/2017
2017016185;1;1;1;1;6;380;29/10/2017
2017016186;1;1;9;1;3;380;02/11/2017
2017016187;1;1;1;1;1;380;25/11/2017
2017016188;3;2;1;4;6;380;18/12/2017
2017016189;2;1;1;4;6;380;18/12/2017
2017016190;1;2;1;1;6;310;07/01/2017
2017016191;1;1;1;1;1;310;22/03/2017
2017016192;1;2;1;1;1;310;29/03/2017
2017016193;1;1;3;1;3;310;03/05/2017
2017016194;1;1;1;1;1;310;04/05/2017
2017016195;1;2;1;8;3;310;23/06/2017
2017016196;5;2;1;1;3;310;26/09/2017
2017016197;1;2;1;1;2;310;29/09/2017
2017016198;2;2;1;1;5;310;14/10/2017
2017016199;1;1;1;1;3;310;24/11/2017
2017016200;5;2;1;1;2;310;11/11/2017
2017016201;5;2;1;1;6;310;25/01/2017
2017016202;1;1;1;1;7;310;06/08/2017
2017016203;1;2;5;1;6;310;22/09/2017
2017016204;1;1;1;1;1;310;07/12/2017
2017016205;3;1;1;2;6;310;04/02/2017
2017016206;1;2;9;1;6;310;03/05/2017
2017016207;1;1;1;1;1;310;05/05/2017
2017016208;1;1;3;2;3;310;06/05/2017
2017016209;4;2;1;2;6;310;13/05/2017
2017016210;1;2;1;1;1;310;16/05/2017
2017016211;1;2;1;1;3;310;20/06/2017
2017016212;1;2;1;1;3;310;26/07/2017
2017016213;1;1;2;1;4;310;13/09/2017
2017016214;1;2;1;1;1;310;08/10/2017
2017016215;3;2;1;1;6;310;29/10/2017
2017016216;2;1;1;5;1;310;10/11/2017
2017016217;3;2;1;1;6;310;26/11/2017
2017016218;1;1;1;2;6;310;12/01/2017
2017016219;3;1;1;1;6;310;01/03/2017
2017016220;1;1;2;1;3;310;03/03/2017
2017016221;1;1;1;1;5;310;09/05/2017
2017016222;5;2;2;1;3;310;07/06/2017
2017016223;1;1;1;1;1;310;11/06/2017
2017016224;1;1;1;1;7;310;23/07/2017
2017016225;1;1;2;1;2;310;26/07/2017
2017016226;1;1;1;1;3;310;02/08/2017
2017016227;1;1;1;1;2;310;08/08/2017
2017016228;1;1;2;1;3;310;15/08/2017
2017016229;1;1;1;8;7;310;31/08/2017
2017016230;1;2;3;1;6;310;07/10/2017
2017016231;1;1;1;1;1;310;17/10/2017
2017016232;1;1;1;8;6;310;20/11/2017
2017016233;1;1;1;1;6;310;11/03/2017
2017016234;3;1;1;2;6;310;23/03/2017
2017016235;1;2;8;1;6;310;30/03/2017
2017016236;1;1;1;1;7;310;09/04/2017
2017016237;1;1;1;1;6;310;10/04/2017
2017016238;1;1;1;2;6;310;02/05/2017
2017016239;1;2;1;2;3;310;02/05/2017
2017016240;1;1;1;1;6;310;13/05/2017
2017016241;1;1;3;1;1;310;25/08/2017
2017016242;1;1;1;1;5;310;30/08/2017
2017016243;5;2;9;1;3;310;20/09/2017
2017016244;2;2;1;1;5;310;10/11/2017
2017016245;3;1;1;1;6;310;22/11/2017