num_acc;lum;agg;inter;atm;col;dep;date
2017016246;1;1;2;1;6;310;24/11/2017
2017016247;3;1;1;2;6;310;01/12/2017
2017016248;2;1;1;1;6;310;05/01/2017
2017016249;3;1;1;2;6;310;10/01/2017
2017016250;3;1;1;8;6;310;09/02/2017
2017016251;1;2;1;1;7;310;16/02/2017
2017016252;1;1;1;1;2;310;22/02/2017
2017016253;1;2;2;7;3;310;01/03/2017
2017016254;1;1;2;1;3;310;16/03/2017
2017016255;1;1;1;1;6;310;26/03/2017
2017016256;1;1;1;1;7;310;08/04/2017
2017016257;1;1;1;1;6;310;04/05/2017
2017016258;1;2;3;1;3;310;12/05/2017
2017016259;1;1;1;1;7;310;15/05/2017
2017016260;1;1;1;1;6;310;23/05/2017
2017016261;3;2;1;1;6;310;27/05/2017
2017016262;1;1;1;1;7;310;16/07/2017
2017016263;1;1;1;1;7;310;30/07/2017
2017016264;1;1;1;1;6;310;23/08/2017
2017016265;5;2;1;1;6;310;17/09/2017
2017016266;5;2;1;2;7;310;01/10/2017
2017016267;2;1;1;1;2;310;03/10/2017
2017016268;1;1;1;1;6;310;21/10/2017
2017016269;1;1;1;1;7;310;24/10/2017
2017016270;1;2;3;1;6;310;21/03/2017
2017016271;1;1;1;1;6;310;08/05/2017
2017016272;1;1;1;1;7;310;13/08/2017
2017016273;1;1;1;1;6;310;22/08/2017
2017016274;1;2;1;1;6;310;20/09/2017
2017016275;5;2;1;1;3;310;15/11/2017
2017016276;3;1;1;2;7;310;10/12/2017
2017016277;5;2;1;1;5;310;19/12/2017
2017016278;1;2;3;1;6;310;09/02/2017
2017016279;1;1;1;1;7;310;22/02/2017
2017016280;1;1;6;1;3;310;02/03/2017
2017016281;1;1;1;2;3;310;07/03/2017
2017016282;3;1;2;1;3;310;08/04/2017
2017016283;1;2;3;1;1;310;27/05/2017
2017016284;1;1;1;1;6;310;03/06/2017
2017016285;1;2;1;1;5;310;23/06/2017
2017016286;3;2;1;1;7;310;23/09/2017
2017016287;5;2;3;1;3;310;13/10/2017
2017016288;1;2;1;1;6;310;11/11/2017
2017016289;5;2;1;2;6;310;25/01/2017
2017016290;1;2;1;1;6;310;26/02/2017
2017016291;2;2;1;2;6;310;04/03/2017
2017016292;5;2;6;1;6;310;15/03/2017
2017016293;1;1;3;1;3;310;26/03/2017
2017016294;1;1;2;1;3;310;27/03/2017
2017016295;1;2;1;1;6;310;29/03/2017
2017016296;1;2;1;1;7;310;08/04/2017
2017016297;5;1;1;1;7;310;29/04/2017
2017016298;1;2;1;3;6;310;02/05/2017
2017016299;1;1;1;1;6;310;10/05/2017
2017016300;1;1;1;3;7;650;04/06/2017
2017016301;1;1;3;1;3;310;29/06/2017
2017016302;2;2;1;1;6;650;02/07/2017
2017016303;1;2;1;1;2;310;12/08/2017
2017016304;2;2;1;1;6;310;24/08/2017
2017016305;1;2;5;1;3;310;24/08/2017
2017016306;3;1;1;1;6;650;21/10/2017
2017016307;5;1;1;1;6;310;29/10/2017
2017016308;1;2;1;1;6;310;04/12/2017
2017016309;1;1;1;1;5;310;21/12/2017
2017016310;2;1;1;3;1;310;27/12/2017
2017016311;1;1;1;1;3;310;13/04/2017
2017016312;1;1;1;1;1;310;18/04/2017
2017016313;1;2;1;1;3;310;08/06/2017
2017016314;3;2;1;1;6;310;21/08/2017
2017016315;1;1;1;1;6;310;03/09/2017
2017016316;3;1;1;1;6;310;19/03/2017
2017016317;1;1;1;1;6;310;23/03/2017
2017016318;1;2;7;1;7;310;09/04/2017
2017016319;1;1;1;1;6;310;29/04/2017
2017016320;1;2;1;1;6;310;17/05/2017
2017016321;3;1;1;2;6;310;30/06/2017
2017016322;3;1;1;1;6;310;26/09/2017
2017016323;1;1;1;1;6;310;30/10/2017
2017016324;1;1;1;1;6;310;09/12/2017
2017016325;3;1;1;2;6;310;08/01/2017
2017016326;1;1;1;1;6;310;12/01/2017
2017016327;1;1;1;1;6;310;02/03/2017
2017016328;1;1;1;1;1;310;07/05/2017
2017016329;1;2;1;1;5;310;21/05/2017
2017016330;1;1;1;1;6;310;05/06/2017
2017016331;1;2;1;1;6;310;18/06/2017
2017016332;1;2;1;1;6;310;08/07/2017
2017016333;1;1;1;1;1;310;16/09/2017
2017016334;5;2;4;1;7;310;23/09/2017
2017016335;1;2;1;8;3;310;03/10/2017
2017016336;1;1;1;1;3;310;11/10/2017
2017016337;1;1;1;1;6;310;27/10/2017
2017016338;3;1;1;1;6;310;16/02/2017
2017016339;1;1;1;3;6;310;25/03/2017
2017016340;1;1;4;1;2;310;06/04/2017
2017016341;1;1;3;1;3;310;07/04/2017
2017016342;1;1;3;1;3;310;11/04/2017
2017016343;1;1;1;1;7;310;01/05/2017
2017016344;1;1;1;1;3;310;27/05/2017
2017016345;1;2;2;1;2;310;25/06/2017
2017016346;1;1;1;1;2;310;14/07/2017
2017016347;1;1;1;1;6;310;12/09/2017
2017016348;1;1;3;1;3;310;29/10/2017
2017016349;3;1;1;1;1;310;04/12/2017
2017016350;3;1;1;2;6;310;18/12/2017
2017016351;2;1;1;9;7;310;19/12/2017
2017016352;1;2;3;5;3;310;02/01/2017
2017016353;1;1;2;1;5;310;29/01/2017
2017016354;1;2;1;2;6;310;23/03/2017
2017016355;3;1;1;1;6;310;13/04/2017
2017016356;1;1;1;1;1;310;17/04/2017
2017016357;1;2;1;1;6;310;22/04/2017
2017016358;1;1;1;1;6;310;15/05/2017
2017016359;1;1;1;1;3;310;11/06/2017
2017016360;1;1;1;1;2;310;12/06/2017
2017016361;1;2;6;1;6;310;25/06/2017
2017016362;1;1;1;1;1;310;06/07/2017
2017016363;3;1;1;2;3;310;18/09/2017
2017016364;1;2;1;1;3;310;04/10/2017
2017016365;5;2;6;1;6;310;09/12/2017
2017016366;3;1;1;2;6;310;15/12/2017
2017016367;5;2;1;1;6;310;16/12/2017
2017016368;3;2;1;1;7;290;03/01/2017
2017016369;1;1;2;1;3;290;18/01/2017
2017016370;3;1;9;2;6;290;04/03/2017
2017016371;1;2;3;1;3;290;25/03/2017
2017016372;1;1;3;7;3;290;09/04/2017
2017016373;1;1;1;1;3;290;13/04/2017
2017016374;1;1;2;1;2;290;19/04/2017
2017016375;4;1;1;1;6;290;15/04/2017
2017016376;1;1;9;1;4;290;10/05/2017
2017016377;1;1;3;1;1;290;26/05/2017
2017016378;1;1;2;1;2;290;07/06/2017
2017016379;1;1;1;1;7;290;05/07/2017
2017016380;2;1;2;1;1;290;05/07/2017
2017016381;1;1;4;1;7;290;06/07/2017
2017016382;1;1;1;2;1;290;26/07/2017
2017016383;1;2;1;1;6;290;25/08/2017
2017016384;1;1;6;1;3;290;29/08/2017
2017016385;1;1;6;3;3;290;03/09/2017
2017016386;1;1;1;1;6;290;17/09/2017
2017016387;3;1;1;1;6;290;15/10/2017
2017016388;1;1;1;1;2;290;03/11/2017
2017016389;5;2;1;2;6;290;10/12/2017
2017016390;5;2;3;1;1;290;06/01/2017
2017016391;2;2;1;1;3;290;22/01/2017
2017016392;1;2;1;1;6;290;23/03/2017
2017016393;1;1;3;1;3;290;21/03/2017
2017016394;1;1;1;1;7;290;07/05/2017
2017016395;5;2;1;1;1;290;09/05/2017
2017016396;1;1;9;1;2;290;27/05/2017
2017016397;1;1;1;1;1;290;16/06/2017
2017016398;1;1;2;1;2;290;20/06/2017
2017016399;3;2;1;1;7;290;25/06/2017
2017016400;1;1;1;1;2;290;01/07/2017
2017016401;4;1;3;2;3;290;11/07/2017
2017016402;5;2;1;1;6;290;14/07/2017
2017016403;1;2;1;1;2;290;18/07/2017
2017016404;1;1;6;1;2;290;16/07/2017
2017016405;1;1;2;1;2;290;27/07/2017
2017016406;1;1;1;1;3;290;29/07/2017
2017016407;1;2;6;1;3;290;17/08/2017
2017016408;1;2;6;5;6;290;21/08/2017
2017016409;3;1;1;2;6;290;07/09/2017
2017016410;2;2;1;1;6;290;03/10/2017
2017016411;1;1;6;1;3;290;14/10/2017
2017016412;3;1;1;1;1;290;18/10/2017
2017016413;3;2;9;1;6;290;29/10/2017
2017016414;5;1;1;1;1;290;01/11/2017
2017016415;3;1;6;1;3;290;13/11/2017
2017016416;3;1;1;1;1;290;20/11/2017
2017016417;3;1;3;1;3;290;19/11/2017
2017016418;3;1;1;2;6;290;26/11/2017
2017016419;2;1;2;1;3;290;29/11/2017
2017016420;3;1;1;1;5;290;30/11/2017
2017016421;1;2;9;1;6;290;08/12/2017
2017016422;3;1;1;8;6;290;28/01/2017
2017016423;1;2;6;3;2;290;29/01/2017
2017016424;1;1;1;1;2;290;10/02/2017
2017016425;3;1;1;1;3;290;10/03/2017
2017016426;1;2;1;1;4;290;15/03/2017
2017016427;1;2;3;7;6;290;17/03/2017
2017016428;5;2;6;1;6;290;14/04/2017
2017016429;3;1;1;1;6;290;03/05/2017
2017016430;1;1;2;1;3;290;04/06/2017
2017016431;1;2;1;1;3;290;13/06/2017
2017016432;1;2;1;2;1;290;30/06/2017
2017016433;1;2;1;1;6;290;30/10/2017
2017016434;1;2;1;1;5;290;05/12/2017
2017016435;3;1;1;1;6;290;24/12/2017
2017016436;1;1;1;1;1;290;17/01/2017
2017016437;5;2;1;1;6;290;28/01/2017
2017016438;1;2;6;1;7;290;04/02/2017
2017016439;1;2;3;3;3;290;05/02/2017
2017016440;1;2;1;1;6;290;07/02/2017
2017016441;3;1;3;1;6;290;14/02/2017
2017016442;1;1;2;1;3;290;16/03/2017
2017016443;3;1;1;1;6;290;19/03/2017
2017016444;2;1;1;1;6;290;09/04/2017
2017016445;1;1;3;1;3;290;14/04/2017
2017016446;1;1;1;1;6;290;05/05/2017
2017016447;1;1;3;1;3;290;30/05/2017
2017016448;1;2;9;1;3;290;07/06/2017
2017016449;1;2;2;1;6;290;20/06/2017
2017016450;1;1;1;1;3;290;27/06/2017
2017016451;5;2;3;1;1;290;04/07/2017
2017016452;1;2;1;2;6;290;11/07/2017
2017016453;1;1;1;1;5;290;13/07/2017
2017016454;1;1;1;2;6;290;26/07/2017
2017016455;3;1;1;1;2;290;04/08/2017
2017016456;1;1;3;1;1;290;05/08/2017
2017016457;3;1;1;5;7;290;25/09/2017
2017016458;1;1;3;1;3;290;03/10/2017
2017016459;1;1;9;1;3;290;09/10/2017
2017016460;3;1;1;8;2;290;24/11/2017
2017016461;1;2;6;1;3;290;17/12/2017
2017016462;1;2;3;1;6;290;27/01/2017
2017016463;1;1;1;1;2;290;25/01/2017
2017016464;1;1;1;1;1;290;03/02/2017
2017016465;1;2;2;1;3;290;08/02/2017
2017016466;1;2;6;1;7;290;15/02/2017
2017016467;1;1;1;3;6;290;04/03/2017
2017016468;1;1;1;7;6;290;13/03/2017
2017016469;3;1;2;1;3;290;06/04/2017
2017016470;1;2;1;1;2;290;17/04/2017
2017016471;1;1;1;1;6;290;27/04/2017
2017016472;1;2;2;1;3;290;02/05/2017
2017016473;1;2;6;1;7;290;14/06/2017
2017016474;1;1;1;1;7;290;28/06/2017
2017016475;1;1;2;3;3;290;30/06/2017
2017016476;1;2;1;1;6;290;06/07/2017
2017016477;1;2;6;7;1;290;05/08/2017
2017016478;1;1;1;1;1;290;27/08/2017
2017016479;2;1;1;1;2;290;15/09/2017
2017016480;3;2;1;1;6;290;24/09/2017
2017016481;1;2;2;1;6;290;06/11/2017
2017016482;2;1;1;1;1;290;17/11/2017
2017016483;5;2;6;1;6;290;08/01/2017
2017016484;1;2;6;2;4;290;11/01/2017
2017016485;3;1;1;1;6;290;22/01/2017
2017016486;3;1;1;1;1;290;22/01/2017
2017016487;3;1;1;9;6;290;25/01/2017
2017016488;5;2;1;3;5;290;05/02/2017
2017016489;1;1;1;8;1;290;07/02/2017
2017016490;1;1;1;1;6;290;14/03/2017
2017016491;1;1;4;1;3;290;06/04/2017
2017016492;1;1;3;5;1;290;07/04/2017
2017016493;3;1;1;1;6;290;16/04/2017
2017016494;1;1;1;7;1;290;25/05/2017
2017016495;1;1;6;1;7;290;31/05/2017
2017016496;1;2;1;1;1;290;04/06/2017
2017016497;5;2;1;1;6;290;16/06/2017
2017016498;1;2;1;1;6;290;23/06/2017
2017016499;2;1;1;1;1;290;30/06/2017
2017016500;1;1;9;1;6;290;14/08/2017
2017016501;1;1;1;1;6;290;24/08/2017
2017016502;1;1;1;1;1;290;05/09/2017
2017016503;1;1;1;2;1;290;13/09/2017
2017016504;1;2;2;1;3;290;29/09/2017
2017016505;1;2;3;1;3;290;15/10/2017
2017016506;1;1;2;1;1;290;23/10/2017
2017016507;1;1;6;1;2;290;31/10/2017
2017016508;2;1;1;1;1;290;05/11/2017
2017016509;2;1;3;2;1;290;15/12/2017
2017016510;1;2;2;1;3;290;17/12/2017
2017016511;3;1;1;5;6;290;22/12/2017
2017016512;1;1;1;8;6;290;07/02/2017
2017016513;1;1;3;1;3;290;05/04/2017
2017016514;1;1;1;1;7;290;22/06/2017
2017016515;1;1;1;8;7;290;02/07/2017
2017016516;3;1;1;1;5;290;07/07/2017
2017016517;3;1;1;2;1;290;08/09/2017
2017016518;1;2;7;1;6;290;10/10/2017
2017016519;3;1;9;1;6;290;23/10/2017
2017016520;1;2;3;1;3;290;27/10/2017
2017016521;1;1;1;1;6;290;08/11/2017
2017016522;3;1;3;2;6;290;13/12/2017
2017016523;1;2;1;1;6;290;28/01/2017
2017016524;1;1;3;7;3;290;02/04/2017
2017016525;1;1;3;7;3;290;12/04/2017
2017016526;2;1;3;1;6;290;23/04/2017
2017016527;1;1;3;1;3;290;22/04/2017
2017016528;1;2;1;1;3;290;26/04/2017
2017016529;1;2;1;3;3;290;30/04/2017
2017016530;1;1;1;1;7;290;03/05/2017
2017016531;2;1;1;5;6;290;11/06/2017
2017016532;1;1;1;2;6;290;22/07/2017
2017016533;1;2;1;1;6;290;10/08/2017
2017016534;3;1;1;1;6;290;26/08/2017
2017016535;1;2;7;1;6;290;10/10/2017
2017016536;3;1;1;2;6;290;04/11/2017
2017016537;1;2;1;1;6;290;25/11/2017
2017016538;2;1;2;2;3;290;07/12/2017
2017016539;1;2;2;2;6;290;09/12/2017
2017016540;1;1;3;2;6;290;15/12/2017
2017016541;1;1;1;2;1;290;21/12/2017
2017016542;3;1;1;1;7;290;29/01/2017
2017016543;3;1;1;1;6;290;27/01/2017
2017016544;1;1;1;1;1;290;14/02/2017
2017016545;1;2;1;1;6;290;15/02/2017
2017016546;1;1;1;1;7;290;17/03/2017
2017016547;1;2;2;8;7;290;18/03/2017
2017016548;1;1;1;1;7;290;11/04/2017
2017016549;1;1;2;1;5;290;22/04/2017
2017016550;4;2;1;1;7;290;23/04/2017
2017016551;1;1;3;1;7;290;25/04/2017
2017016552;1;1;1;1;6;290;10/05/2017
2017016553;1;1;6;1;4;290;16/05/2017
2017016554;3;1;1;1;6;290;17/06/2017
2017016555;1;1;2;1;6;290;24/06/2017
2017016556;1;1;9;1;1;290;18/07/2017
2017016557;1;1;3;1;1;290;20/07/2017
2017016558;1;1;3;2;2;290;21/07/2017
2017016559;1;1;1;1;3;290;15/08/2017
2017016560;3;1;3;1;6;290;23/09/2017
2017016561;1;1;3;1;2;290;07/10/2017
2017016562;4;2;1;1;6;290;15/10/2017
2017016563;1;1;1;1;6;290;15/10/2017
2017016564;1;1;2;1;2;290;03/11/2017
2017016565;1;1;6;1;4;290;29/11/2017
2017016566;2;1;5;1;3;290;19/12/2017
2017016567;5;2;1;2;6;290;05/02/2017
2017016568;3;2;1;1;6;290;19/02/2017
2017016569;1;1;3;8;2;290;01/04/2017
2017016570;1;1;1;1;6;290;16/05/2017
2017016571;1;1;2;1;3;290;12/06/2017
2017016572;1;2;1;2;1;290;30/06/2017
2017016573;1;1;1;7;5;290;05/07/2017
2017016574;1;1;3;1;3;290;28/08/2017
2017016575;3;2;1;3;1;290;04/11/2017
2017016576;2;1;1;1;1;290;12/12/2017
2017016577;1;1;1;3;6;290;14/12/2017
2017016578;1;2;1;1;6;290;18/12/2017
2017016579;5;2;1;2;6;290;15/01/2017
2017016580;1;1;1;1;3;290;26/03/2017
2017016581;1;1;1;1;1;290;09/04/2017
2017016582;1;1;1;1;1;290;10/05/2017
2017016583;1;2;6;2;3;290;02/06/2017
2017016584;1;1;1;1;3;290;03/07/2017
2017016585;1;1;1;2;6;290;29/07/2017
2017016586;3;1;1;2;6;290;02/08/2017
2017016587;1;1;1;1;1;290;05/09/2017
2017016588;2;1;1;1;6;290;19/09/2017
2017016589;1;1;2;2;3;290;21/09/2017
2017016590;1;2;1;1;3;290;23/09/2017
2017016591;1;1;1;1;6;290;02/10/2017
2017016592;1;1;1;1;3;290;28/10/2017
2017016593;3;1;6;9;3;290;08/12/2017
2017016594;1;1;1;1;6;290;26/01/2017
2017016595;1;1;1;1;7;290;16/04/2017
2017016596;2;1;1;1;1;290;20/04/2017
2017016597;1;2;1;1;3;290;22/04/2017
2017016598;1;1;1;1;7;290;21/05/2017
2017016599;1;2;1;7;1;290;25/05/2017
2017016600;1;2;1;1;6;290;29/05/2017
2017016601;1;2;1;6;6;290;06/06/2017
2017016602;1;1;5;1;3;290;16/06/2017
2017016603;1;1;2;1;3;290;21/06/2017
2017016604;1;1;3;1;3;290;15/06/2017
2017016605;1;1;1;2;3;290;22/07/2017
2017016606;1;2;3;2;3;290;26/07/2017
2017016607;2;1;4;2;2;290;02/08/2017
2017016608;1;1;3;1;3;290;16/08/2017
2017016609;1;2;2;1;3;290;20/08/2017
2017016610;3;1;1;1;6;290;22/09/2017
2017016611;1;2;9;1;2;290;19/09/2017
2017016612;1;1;4;2;3;290;02/10/2017
2017016613;3;2;1;1;6;290;06/10/2017
2017016614;1;2;3;1;3;290;14/10/2017
2017016615;5;1;1;5;1;290;25/10/2017
2017016616;3;1;1;1;6;290;27/10/2017
2017016617;3;1;1;2;1;290;17/11/2017
2017016618;3;1;3;1;4;290;21/12/2017
2017016619;2;2;1;1;6;290;23/12/2017
2017016620;1;1;1;7;3;290;09/04/2017
2017016621;1;1;3;7;3;290;29/04/2017
2017016622;1;1;9;1;1;290;02/05/2017
2017016623;1;2;1;8;1;290;27/05/2017
2017016624;2;2;9;7;6;290;24/06/2017
2017016625;1;1;1;1;3;290;16/07/2017
2017016626;5;2;6;2;6;290;19/07/2017
2017016627;1;2;3;1;3;290;05/08/2017
2017016628;3;1;6;1;7;290;07/09/2017
2017016629;3;1;1;1;7;290;07/09/2017
2017016630;1;1;3;1;3;290;16/10/2017
2017016631;1;2;3;1;6;290;21/12/2017
2017016632;1;1;1;2;2;290;23/12/2017
2017016633;3;2;1;1;6;290;12/03/2017
2017016634;1;2;1;1;3;290;31/03/2017
2017016635;1;2;9;1;6;290;05/04/2017
2017016636;4;2;1;1;6;290;24/04/2017
2017016637;1;1;1;1;6;290;13/05/2017
2017016638;1;1;1;1;6;290;21/05/2017
2017016639;1;1;1;7;1;290;18/06/2017
2017016640;3;1;1;1;6;290;21/06/2017
2017016641;3;2;6;1;7;290;23/06/2017
2017016642;1;1;1;1;3;290;23/06/2017
2017016643;1;1;9;1;2;290;14/07/2017
2017016644;1;1;2;1;4;290;25/07/2017
2017016645;3;1;1;1;6;290;01/08/2017
2017016646;1;2;1;1;6;290;04/08/2017
2017016647;1;2;1;1;6;290;17/08/2017
2017016648;1;1;1;1;6;290;01/09/2017
2017016649;2;1;1;7;3;290;26/09/2017
2017016650;1;1;1;1;6;290;08/12/2017
2017016651;2;1;1;1;1;290;03/01/2017
2017016652;5;2;1;1;6;290;06/01/2017
2017016653;3;1;1;6;6;290;12/01/2017
2017016654;3;1;1;2;5;290;27/01/2017
2017016655;2;1;1;1;6;290;11/02/2017
2017016656;1;2;2;1;1;290;17/02/2017
2017016657;1;1;1;1;6;290;26/03/2017
2017016658;1;1;1;2;6;290;17/05/2017
2017016659;1;2;2;1;2;290;12/06/2017
2017016660;1;1;3;1;3;290;02/07/2017
2017016661;1;1;1;6;6;290;28/07/2017
2017016662;1;1;3;1;3;290;14/08/2017
2017016663;1;1;2;1;3;290;03/10/2017
2017016664;1;1;2;2;3;290;29/10/2017
2017016665;3;1;1;6;6;290;31/12/2017
2017016666;3;1;1;1;6;340;15/01/2017
2017016667;2;2;1;1;6;340;04/04/2017
2017016668;3;2;1;1;6;340;18/04/2017
2017016669;1;1;1;1;7;340;29/04/2017
2017016670;1;1;9;1;1;340;22/07/2017
2017016671;1;1;1;1;1;340;23/07/2017
2017016672;1;2;1;1;6;340;21/11/2017
2017016673;1;2;7;1;6;350;18/01/2017
2017016674;2;2;8;3;6;350;07/02/2017
2017016675;3;1;1;2;6;350;07/02/2017
2017016676;1;2;3;1;3;350;18/03/2017
2017016677;1;1;3;1;1;350;07/04/2017
2017016678;1;1;2;1;3;350;26/05/2017
2017016679;1;1;1;1;1;350;16/06/2017
2017016680;1;1;2;1;1;350;20/07/2017
2017016681;1;1;3;1;3;350;26/08/2017
2017016682;1;1;1;1;1;350;15/11/2017
2017016683;2;1;3;1;1;350;21/02/2017
2017016684;1;1;3;1;3;350;19/03/2017
2017016685;3;1;1;1;7;350;09/04/2017
2017016686;2;1;1;1;7;350;10/04/2017
2017016687;1;1;2;1;3;350;22/04/2017
2017016688;1;1;1;1;3;350;11/04/2017
2017016689;3;1;1;2;1;350;01/05/2017
2017016690;1;1;1;1;6;350;06/05/2017
2017016691;1;1;2;1;3;350;07/05/2017
2017016692;1;1;1;1;6;350;07/05/2017
2017016693;1;1;1;1;1;350;14/05/2017
2017016694;2;1;1;1;2;350;15/05/2017
2017016695;1;1;2;1;5;350;27/05/2017
2017016696;1;2;1;1;1;350;21/06/2017
2017016697;1;1;1;1;6;350;23/06/2017
2017016698;2;1;1;1;7;350;01/07/2017
2017016699;2;1;1;1;1;350;07/09/2017
2017016700;5;2;2;1;3;350;23/09/2017
2017016701;3;1;1;2;2;350;01/10/2017
2017016702;1;1;1;1;2;350;13/11/2017
2017016703;3;1;2;2;3;350;12/11/2017
2017016704;2;1;1;2;1;350;16/01/2017
2017016705;2;1;1;5;6;350;25/01/2017
2017016706;1;1;2;7;3;350;16/03/2017
2017016707;1;1;3;1;3;350;25/05/2017
2017016708;1;1;1;1;7;350;18/07/2017
2017016709;1;1;6;8;3;350;10/08/2017
2017016710;1;1;2;1;3;350;23/09/2017
2017016711;2;1;1;2;7;350;23/10/2017
2017016712;1;1;6;1;2;350;14/11/2017
2017016713;3;1;3;5;6;350;20/11/2017
2017016714;2;1;1;1;1;350;08/04/2017
2017016715;3;1;1;1;6;350;08/04/2017
2017016716;1;1;1;1;1;350;27/05/2017
2017016717;1;1;1;1;7;350;27/05/2017
2017016718;3;1;1;8;7;350;30/06/2017
2017016719;1;1;2;1;2;350;10/07/2017
2017016720;1;1;1;1;6;350;13/08/2017
2017016721;3;1;1;1;3;350;18/08/2017
2017016722;2;1;1;1;6;350;25/08/2017
2017016723;1;1;3;8;2;350;29/09/2017
2017016724;5;2;1;1;3;350;09/10/2017
2017016725;1;1;9;1;7;350;03/11/2017
2017016726;1;1;3;2;6;350;05/11/2017
2017016727;2;2;2;5;6;350;06/11/2017
2017016728;3;1;1;1;7;350;16/11/2017
2017016729;1;2;9;1;6;350;30/03/2017
2017016730;1;1;1;1;7;350;23/04/2017
2017016731;1;1;1;1;6;350;20/06/2017
2017016732;1;1;1;1;1;350;04/07/2017
2017016733;3;1;1;1;1;350;06/07/2017
2017016734;1;1;1;1;1;350;07/08/2017
2017016735;1;1;2;2;3;350;12/08/2017
2017016736;1;1;2;2;3;350;03/09/2017
2017016737;3;2;1;1;1;350;13/10/2017
2017016738;3;1;1;8;6;350;06/11/2017
2017016739;3;1;1;1;1;350;15/12/2017
2017016740;1;1;1;1;2;350;03/07/2017
2017016741;3;1;2;1;1;350;24/07/2017
2017016742;1;1;1;1;6;350;29/07/2017
2017016743;1;1;1;1;6;350;05/08/2017
2017016744;3;1;1;1;6;350;03/09/2017
2017016745;1;1;1;4;7;350;05/11/2017
2017016746;3;1;1;5;1;350;03/12/2017
2017016747;1;1;1;7;6;350;08/12/2017
2017016748;2;2;1;2;5;350;22/12/2017
2017016749;1;2;1;1;1;350;05/01/2017
2017016750;1;2;9;7;6;350;06/01/2017
2017016751;3;1;1;4;1;350;02/05/2017
2017016752;1;1;2;1;3;350;13/05/2017
2017016753;1;1;1;1;7;350;24/06/2017
2017016754;1;1;1;1;7;350;14/07/2017
2017016755;1;2;1;1;6;350;07/08/2017
2017016756;1;1;3;1;4;350;10/08/2017
2017016757;1;2;1;1;6;350;18/08/2017
2017016758;3;1;1;2;7;350;09/09/2017
2017016759;3;1;1;2;6;350;13/09/2017
2017016760;1;1;1;1;6;350;30/09/2017
2017016761;2;1;1;2;1;350;30/09/2017
2017016762;2;2;6;1;3;350;13/11/2017
2017016763;2;2;1;2;6;350;07/12/2017
2017016764;5;2;3;1;6;350;12/12/2017
2017016765;3;1;1;3;6;350;15/01/2017
2017016766;2;2;1;3;6;350;27/02/2017
2017016767;1;1;2;1;3;350;03/03/2017
2017016768;1;1;1;1;6;350;24/03/2017
2017016769;3;1;1;3;1;350;31/03/2017
2017016770;1;1;1;1;1;350;03/04/2017
2017016771;1;1;1;1;1;350;12/04/2017
2017016772;4;2;2;1;3;350;14/04/2017
2017016773;1;1;3;1;3;350;10/05/2017
2017016774;1;1;1;1;7;350;16/06/2017
2017016775;1;1;1;1;6;350;18/08/2017
2017016776;1;1;3;1;3;350;23/08/2017
2017016777;3;1;1;1;6;350;01/09/2017
2017016778;1;2;3;1;3;350;19/09/2017
2017016779;1;1;2;7;3;350;23/09/2017
2017016780;1;1;1;7;2;350;21/10/2017
2017016781;3;1;3;1;2;350;17/11/2017
2017016782;1;2;6;1;6;350;27/11/2017
2017016783;1;2;1;8;6;350;05/12/2017
2017016784;3;1;1;2;3;350;27/02/2017
2017016785;1;1;1;1;6;350;23/03/2017
2017016786;1;1;1;1;1;350;01/04/2017
2017016787;1;1;2;1;3;350;21/07/2017
2017016788;1;1;3;1;3;350;07/08/2017
2017016789;1;1;1;1;7;350;08/08/2017
2017016790;3;1;2;2;3;350;10/09/2017
2017016791;1;1;1;1;3;350;02/10/2017
2017016792;3;1;2;2;6;350;16/12/2017
2017016793;5;2;3;2;3;350;27/12/2017
2017016794;1;2;1;9;3;440;20/01/2017
2017016795;1;2;6;1;3;440;24/02/2017
2017016796;1;1;1;1;2;440;20/03/2017
2017016797;3;1;1;2;7;440;15/04/2017
2017016798;1;1;2;7;3;440;09/05/2017
2017016799;1;1;1;9;7;440;06/08/2017
2017016800;2;1;1;2;3;440;17/08/2017
2017016801;1;1;1;8;6;440;30/08/2017
2017016802;1;1;1;1;7;440;21/09/2017
2017016803;3;1;1;1;6;440;16/11/2017
2017016804;2;2;1;1;6;440;05/01/2017
2017016805;3;1;1;1;6;440;24/01/2017
2017016806;3;1;1;1;3;440;08/05/2017
2017016807;1;1;1;1;6;440;06/08/2017
2017016808;3;1;1;1;5;440;30/10/2017
2017016809;1;2;6;1;2;440;17/10/2017
2017016810;1;1;1;7;6;440;25/11/2017
2017016811;3;1;1;1;1;440;03/02/2017
2017016812;1;1;3;7;3;440;05/07/2017
2017016813;1;1;3;1;1;440;10/10/2017
2017016814;3;1;2;5;3;440;26/10/2017
2017016815;3;1;1;5;2;440;20/11/2017
2017016816;1;1;1;1;6;440;02/03/2017
2017016817;3;1;1;1;6;440;10/03/2017
2017016818;1;1;1;1;5;440;30/03/2017
2017016819;1;2;6;1;7;440;14/04/2017
2017016820;1;1;1;1;6;440;02/06/2017
2017016821;3;1;1;1;6;440;02/07/2017
2017016822;2;1;1;1;6;440;11/07/2017
2017016823;3;1;1;1;6;440;13/08/2017