num_acc;lum;agg;inter;atm;col;dep;date
2017017401;1;1;1;1;6;680;04/09/2017
2017017402;1;2;1;1;6;680;05/10/2017
2017017403;1;1;1;1;6;680;27/10/2017
2017017404;2;1;1;5;1;680;05/12/2017
2017017405;2;1;4;4;6;680;08/12/2017
2017017406;5;2;1;4;6;680;08/12/2017
2017017407;3;1;1;2;6;680;22/12/2017
2017017408;1;1;1;1;6;680;04/01/2017
2017017409;3;2;3;1;2;680;16/01/2017
2017017410;5;2;4;1;6;680;20/01/2017
2017017411;2;1;1;1;7;680;22/02/2017
2017017412;1;2;1;1;3;680;07/04/2017
2017017413;3;1;1;1;6;680;14/05/2017
2017017414;1;2;1;1;6;680;31/05/2017
2017017415;3;2;1;2;3;680;03/06/2017
2017017416;1;2;3;1;3;680;05/06/2017
2017017417;1;2;2;1;3;680;08/06/2017
2017017418;1;2;2;1;3;680;06/08/2017
2017017419;1;2;3;1;1;680;22/09/2017
2017017420;1;1;1;1;7;680;07/10/2017
2017017421;1;1;1;1;6;680;13/12/2017
2017017422;1;2;3;1;5;680;06/03/2017
2017017423;3;1;1;1;1;680;10/03/2017
2017017424;1;1;3;1;3;680;29/03/2017
2017017425;1;2;3;1;6;680;08/04/2017
2017017426;3;1;1;6;6;680;01/05/2017
2017017427;1;2;4;1;1;680;05/05/2017
2017017428;2;2;1;1;6;680;13/05/2017
2017017429;1;1;1;1;2;680;24/05/2017
2017017430;1;1;4;1;7;680;25/06/2017
2017017431;1;2;1;1;1;680;06/08/2017
2017017432;1;2;1;1;6;680;10/08/2017
2017017433;1;2;1;1;7;680;15/08/2017
2017017434;1;2;4;1;6;680;22/08/2017
2017017435;5;2;1;1;6;680;29/08/2017
2017017436;1;2;1;2;6;680;14/09/2017
2017017437;1;1;1;1;7;680;25/09/2017
2017017438;5;2;6;1;1;680;25/09/2017
2017017439;1;2;3;1;3;680;30/09/2017
2017017440;2;2;3;7;1;680;18/10/2017
2017017441;3;1;3;1;3;680;17/11/2017
2017017442;1;1;3;1;3;680;28/01/2017
2017017443;1;1;1;2;6;680;05/02/2017
2017017444;1;2;1;1;3;680;11/02/2017
2017017445;1;1;4;1;1;680;22/02/2017
2017017446;1;1;1;1;7;680;26/02/2017
2017017447;1;1;9;7;3;680;25/03/2017
2017017448;3;1;1;2;6;680;14/05/2017
2017017449;1;2;1;1;1;680;12/05/2017
2017017450;1;2;3;7;3;680;10/05/2017
2017017451;1;2;1;1;1;680;20/05/2017
2017017452;1;1;1;1;6;680;22/05/2017
2017017453;1;1;3;1;5;680;17/06/2017
2017017454;1;2;3;1;6;680;12/07/2017
2017017455;1;1;1;1;1;680;21/07/2017
2017017456;1;1;3;1;3;680;03/08/2017
2017017457;1;2;2;1;3;680;09/08/2017
2017017458;3;1;1;1;6;680;22/09/2017
2017017459;1;1;2;1;3;680;10/09/2017
2017017460;1;1;1;1;6;680;10/10/2017
2017017461;1;1;1;1;1;680;19/10/2017
2017017462;1;1;1;1;3;680;23/10/2017
2017017463;3;1;4;1;4;680;01/11/2017
2017017464;1;1;3;7;3;680;06/12/2017
2017017465;3;1;1;1;6;680;07/12/2017
2017017466;1;2;1;4;3;680;10/01/2017
2017017467;3;1;1;9;7;680;21/01/2017
2017017468;3;1;1;2;3;680;24/01/2017
2017017469;3;1;1;1;6;680;27/01/2017
2017017470;3;1;1;5;7;680;01/02/2017
2017017471;5;2;1;2;6;680;12/02/2017
2017017472;1;1;1;1;1;680;11/03/2017
2017017473;1;2;1;1;2;680;12/03/2017
2017017474;2;2;1;1;6;680;12/05/2017
2017017475;1;1;1;1;1;680;01/06/2017
2017017476;5;2;3;1;3;680;16/07/2017
2017017477;1;2;1;1;3;680;13/08/2017
2017017478;3;1;1;2;6;680;17/09/2017
2017017479;1;1;1;1;7;680;07/10/2017
2017017480;1;1;1;1;6;680;20/10/2017
2017017481;3;1;2;1;3;680;26/10/2017
2017017482;1;1;1;1;4;680;03/11/2017
2017017483;3;1;1;1;5;680;01/12/2017
2017017484;3;1;1;1;3;680;16/12/2017
2017017485;5;2;1;1;6;340;20/01/2017
2017017486;1;1;1;1;6;340;09/03/2017
2017017487;1;1;1;1;7;340;09/04/2017
2017017488;1;2;1;1;6;340;09/05/2017
2017017489;1;1;1;1;6;340;03/06/2017
2017017490;1;2;6;1;3;340;14/06/2017
2017017491;1;1;1;1;7;340;02/07/2017
2017017492;1;1;1;1;6;340;08/07/2017
2017017493;1;1;1;1;6;340;10/07/2017
2017017494;1;2;6;1;3;340;04/08/2017
2017017495;1;1;1;1;6;340;14/08/2017
2017017496;1;1;1;1;6;340;26/08/2017
2017017497;1;1;1;3;6;340;04/11/2017
2017017498;1;2;1;1;6;340;11/11/2017
2017017499;1;1;1;2;6;340;12/11/2017
2017017500;1;2;1;7;1;340;28/03/2017
2017017501;1;1;1;1;7;340;10/04/2017
2017017502;1;1;1;8;5;340;25/04/2017
2017017503;1;1;1;1;7;340;30/04/2017
2017017504;1;1;1;2;7;340;04/05/2017
2017017505;1;1;1;1;1;340;17/05/2017
2017017506;2;1;1;1;6;340;21/05/2017
2017017507;1;1;1;1;6;340;23/05/2017
2017017508;1;1;9;7;1;340;11/08/2017
2017017509;3;1;1;1;2;340;12/08/2017
2017017510;1;1;1;1;1;340;15/08/2017
2017017511;1;1;1;1;6;340;03/09/2017
2017017512;3;1;1;3;3;340;04/11/2017
2017017513;1;1;1;1;1;340;08/11/2017
2017017514;2;1;1;1;7;340;11/12/2017
2017017515;2;2;1;1;5;340;02/02/2017
2017017516;3;2;1;2;7;340;11/02/2017
2017017517;1;2;9;1;3;340;19/03/2017
2017017518;1;1;1;1;6;340;26/04/2017
2017017519;1;1;1;1;2;340;15/05/2017
2017017520;1;1;1;1;6;340;16/06/2017
2017017521;3;1;1;5;1;340;22/06/2017
2017017522;1;2;2;1;3;340;13/08/2017
2017017523;1;1;1;1;2;340;18/08/2017
2017017524;1;1;1;1;4;340;13/12/2017
2017017525;1;1;1;1;2;340;15/12/2017
2017017526;1;1;1;8;7;340;18/03/2017
2017017527;1;1;1;1;6;340;08/05/2017
2017017528;1;2;1;1;7;340;17/05/2017
2017017529;1;1;1;1;7;340;10/06/2017
2017017530;1;1;1;1;6;340;11/06/2017
2017017531;1;1;1;7;7;340;15/06/2017
2017017532;1;1;1;2;6;340;27/06/2017
2017017533;1;1;1;1;6;340;01/07/2017
2017017534;2;1;1;1;6;340;08/07/2017
2017017535;2;1;1;1;1;340;16/07/2017
2017017536;1;2;1;1;6;340;15/08/2017
2017017537;1;2;1;1;7;340;16/08/2017
2017017538;1;1;1;1;7;340;19/08/2017
2017017539;1;1;1;1;6;340;22/08/2017
2017017540;1;2;1;7;7;340;21/09/2017
2017017541;1;1;1;1;7;340;13/04/2017
2017017542;1;1;1;1;3;340;27/05/2017
2017017543;1;1;1;1;6;340;25/05/2017
2017017544;1;2;1;1;7;340;04/07/2017
2017017545;1;1;1;1;7;340;16/07/2017
2017017546;1;1;1;1;7;340;14/08/2017
2017017547;1;2;1;1;6;340;13/09/2017
2017017548;1;1;1;1;7;340;22/09/2017
2017017549;1;1;1;1;1;340;23/10/2017
2017017550;1;2;1;1;3;340;20/11/2017
2017017551;1;1;1;1;6;340;22/12/2017
2017017552;1;1;1;2;7;340;30/12/2017
2017017553;2;2;3;8;1;340;23/01/2017
2017017554;1;2;1;1;7;340;11/05/2017
2017017555;3;1;1;1;7;340;16/06/2017
2017017556;1;1;9;1;3;340;19/06/2017
2017017557;1;1;1;1;7;340;27/07/2017
2017017558;1;1;1;1;7;340;02/08/2017
2017017559;1;1;1;1;2;340;08/08/2017
2017017560;1;1;1;1;6;340;10/09/2017
2017017561;3;1;1;1;7;340;16/09/2017
2017017562;1;2;1;1;1;340;03/10/2017
2017017563;1;1;1;2;6;340;17/10/2017
2017017564;3;1;1;1;7;340;29/11/2017
2017017565;3;1;1;1;6;340;09/12/2017
2017017566;3;1;1;1;6;340;23/12/2017
2017017567;1;2;1;1;3;340;18/01/2017
2017017568;3;1;1;1;7;340;09/03/2017
2017017569;1;1;1;1;7;340;04/05/2017
2017017570;1;2;1;1;1;340;10/05/2017
2017017571;1;2;1;1;6;340;20/06/2017
2017017572;1;1;1;1;1;340;26/06/2017
2017017573;3;1;1;1;1;340;30/09/2017
2017017574;1;2;1;7;6;340;23/12/2017
2017017575;1;2;1;1;6;150;06/01/2017
2017017576;1;2;1;7;6;150;24/01/2017
2017017577;1;1;1;1;1;150;01/02/2017
2017017578;1;2;1;1;6;150;15/03/2017
2017017579;2;2;3;1;3;150;08/04/2017
2017017580;1;2;9;8;6;150;10/04/2017
2017017581;1;2;2;1;6;150;24/05/2017
2017017582;1;2;1;1;6;150;02/06/2017
2017017583;1;2;1;1;6;150;15/07/2017
2017017584;5;2;1;1;3;150;22/07/2017
2017017585;1;2;1;1;3;150;28/07/2017
2017017586;1;1;1;1;6;150;29/07/2017
2017017587;1;2;2;1;3;150;05/08/2017
2017017588;1;2;1;1;6;150;06/09/2017
2017017589;1;2;3;1;3;150;19/09/2017
2017017590;1;1;1;2;6;150;03/10/2017
2017017591;3;1;1;1;6;150;11/10/2017
2017017592;1;2;1;1;6;150;18/10/2017
2017017593;5;2;1;1;1;150;27/10/2017
2017017594;1;2;1;1;4;150;02/11/2017
2017017595;1;1;1;4;3;150;08/11/2017
2017017596;1;2;1;8;3;150;09/11/2017
2017017597;1;1;1;1;6;150;20/11/2017
2017017598;1;2;6;1;3;150;20/11/2017
2017017599;1;2;1;8;6;150;24/11/2017
2017017600;5;2;1;3;6;150;11/12/2017
2017017601;1;2;2;1;5;150;22/12/2017
2017017602;1;1;1;2;1;340;26/01/2017
2017017603;5;2;1;1;6;340;28/03/2017
2017017604;1;2;1;1;3;340;05/04/2017
2017017605;5;2;1;1;3;340;15/04/2017
2017017606;1;2;9;1;6;340;23/04/2017
2017017607;1;1;1;1;7;340;07/05/2017
2017017608;1;1;1;1;3;340;19/05/2017
2017017609;1;1;1;1;1;340;01/07/2017
2017017610;1;1;1;1;3;340;22/07/2017
2017017611;1;1;1;1;7;340;07/08/2017
2017017612;1;2;1;1;1;340;10/08/2017
2017017613;1;2;1;1;6;340;14/08/2017
2017017614;1;2;1;1;3;340;29/08/2017
2017017615;1;2;1;1;3;340;04/10/2017
2017017616;1;1;1;1;3;340;30/10/2017
2017017617;1;1;1;2;7;860;05/02/2017
2017017618;3;1;1;1;7;860;18/03/2017
2017017619;1;2;7;1;7;860;12/04/2017
2017017620;1;2;1;1;6;860;23/05/2017
2017017621;1;2;9;1;7;860;24/06/2017
2017017622;1;2;1;1;5;860;07/07/2017
2017017623;1;1;1;7;6;860;18/07/2017
2017017624;1;1;1;1;3;860;26/07/2017
2017017625;3;1;1;2;6;860;09/01/2017
2017017626;1;1;2;1;3;860;19/02/2017
2017017627;1;1;1;1;6;860;09/03/2017
2017017628;3;1;1;2;6;860;05/05/2017
2017017629;1;1;2;1;3;860;05/05/2017
2017017630;1;1;1;1;1;860;19/08/2017
2017017631;1;1;1;2;3;860;23/12/2017
2017017632;3;1;1;2;1;860;23/12/2017
2017017633;1;1;1;2;6;860;22/12/2017
2017017634;1;1;2;1;1;860;18/02/2017
2017017635;1;1;1;1;6;860;24/03/2017
2017017636;1;1;2;1;3;860;26/03/2017
2017017637;2;2;1;1;6;860;20/04/2017
2017017638;1;2;1;1;3;860;18/07/2017
2017017639;1;2;1;2;6;860;11/08/2017
2017017640;3;2;2;1;3;860;16/10/2017
2017017641;2;2;9;1;3;860;01/11/2017
2017017642;1;1;1;1;3;860;29/05/2017
2017017643;1;1;1;1;6;860;12/06/2017
2017017644;1;1;1;1;6;860;15/07/2017
2017017645;1;1;1;1;3;860;28/07/2017
2017017646;3;1;1;1;6;860;30/10/2017
2017017647;1;1;4;1;3;860;24/03/2017
2017017648;1;1;1;1;2;860;06/04/2017
2017017649;1;1;1;1;7;860;09/04/2017
2017017650;1;1;1;1;1;860;28/06/2017
2017017651;3;1;1;1;6;860;14/10/2017
2017017652;2;1;1;1;7;290;21/04/2017
2017017653;1;2;1;1;6;290;28/04/2017
2017017654;1;1;1;8;6;290;05/05/2017
2017017655;3;1;9;2;6;290;17/05/2017
2017017656;1;1;1;1;6;290;11/06/2017
2017017657;3;1;1;1;6;290;17/06/2017
2017017658;1;1;2;1;7;290;14/06/2017
2017017659;1;2;1;1;6;290;16/09/2017
2017017660;1;2;1;1;1;290;03/11/2017
2017017661;1;2;9;1;3;290;16/12/2017
2017017662;1;2;1;1;6;290;19/12/2017
2017017663;1;1;1;1;6;410;06/01/2017
2017017664;3;1;1;2;7;410;06/02/2017
2017017665;1;1;1;1;6;410;13/04/2017
2017017666;1;1;1;1;7;410;25/05/2017
2017017667;1;2;1;2;7;410;03/06/2017
2017017668;1;1;2;1;3;410;14/06/2017
2017017669;1;1;1;1;1;410;18/07/2017
2017017670;1;2;1;7;6;410;21/07/2017
2017017671;1;1;9;1;1;410;05/10/2017
2017017672;1;1;1;5;6;410;28/10/2017
2017017673;5;1;1;1;3;410;15/12/2017
2017017674;1;1;3;1;6;410;21/01/2017
2017017675;1;1;1;1;3;410;14/02/2017
2017017676;3;1;1;1;6;410;03/03/2017
2017017677;2;2;2;1;3;410;16/03/2017
2017017678;2;2;1;1;6;410;27/03/2017
2017017679;1;2;1;1;2;410;29/03/2017
2017017680;1;2;1;1;6;410;06/04/2017
2017017681;1;2;2;7;3;410;13/04/2017
2017017682;1;1;1;1;3;410;24/04/2017
2017017683;1;1;9;2;6;410;07/05/2017
2017017684;1;1;2;1;3;410;14/05/2017
2017017685;1;2;1;3;6;410;18/05/2017
2017017686;1;2;1;1;6;410;23/05/2017
2017017687;1;2;1;1;6;410;28/05/2017
2017017688;1;1;2;7;3;410;11/06/2017
2017017689;2;1;1;1;1;410;12/06/2017
2017017690;2;2;1;1;6;410;22/06/2017
2017017691;1;2;1;1;1;410;25/06/2017
2017017692;1;1;1;2;1;410;26/06/2017
2017017693;2;2;1;1;6;410;24/07/2017
2017017694;1;1;2;1;3;410;06/08/2017
2017017695;5;2;1;1;3;410;15/09/2017
2017017696;1;2;1;1;6;410;04/10/2017
2017017697;3;2;1;1;7;410;24/10/2017
2017017698;1;1;1;1;2;410;27/10/2017
2017017699;5;1;1;1;1;410;01/11/2017
2017017700;1;1;1;1;1;410;15/11/2017
2017017701;1;1;1;7;2;410;26/01/2017
2017017702;1;2;1;8;1;410;31/01/2017
2017017703;1;1;1;1;3;410;18/02/2017
2017017704;1;1;1;8;1;410;09/03/2017
2017017705;1;1;1;1;6;410;07/04/2017
2017017706;5;2;1;1;6;410;09/04/2017
2017017707;1;2;3;1;3;410;01/05/2017
2017017708;1;1;2;1;3;410;01/05/2017
2017017709;2;1;1;2;6;410;12/05/2017
2017017710;1;1;1;1;6;410;04/06/2017
2017017711;1;1;1;1;1;410;08/06/2017
2017017712;3;1;1;1;6;410;16/06/2017
2017017713;3;1;1;1;2;410;09/07/2017
2017017714;1;2;3;1;3;410;17/07/2017
2017017715;3;1;1;1;7;410;12/08/2017
2017017716;1;1;1;1;7;410;13/08/2017
2017017717;1;2;1;2;7;410;08/09/2017
2017017718;3;1;1;1;1;410;11/09/2017
2017017719;1;1;2;1;3;410;12/09/2017
2017017720;1;1;1;1;7;410;19/09/2017
2017017721;1;1;1;1;1;410;24/09/2017
2017017722;2;1;1;1;1;410;02/11/2017
2017017723;1;2;1;1;2;410;08/12/2017
2017017724;5;2;1;1;6;410;09/12/2017
2017017725;1;1;1;1;1;410;17/12/2017
2017017726;1;1;1;2;7;410;04/01/2017
2017017727;1;2;1;1;1;410;07/02/2017
2017017728;1;1;3;1;3;410;29/05/2017
2017017729;1;1;9;1;3;410;09/06/2017
2017017730;1;1;1;1;6;410;30/07/2017
2017017731;1;1;1;1;7;410;08/10/2017
2017017732;1;1;2;5;3;410;13/10/2017
2017017733;1;1;1;1;6;410;14/10/2017
2017017734;1;1;1;7;3;410;14/10/2017
2017017735;5;2;1;2;3;410;08/11/2017
2017017736;3;1;2;2;3;410;26/12/2017
2017017737;1;2;9;1;3;470;03/07/2017
2017017738;3;1;1;1;7;470;02/09/2017
2017017739;1;1;1;1;2;470;21/09/2017
2017017740;2;1;1;5;6;470;27/11/2017
2017017741;1;1;1;2;1;470;12/01/2017
2017017742;1;1;1;1;7;470;23/09/2017
2017017743;1;1;1;2;6;470;22/10/2017
2017017744;1;2;1;1;1;470;12/11/2017
2017017745;1;1;3;8;3;470;23/11/2017
2017017746;1;1;1;1;7;470;23/01/2017
2017017747;1;1;1;1;7;470;24/03/2017
2017017748;1;1;3;1;3;470;26/06/2017
2017017749;1;2;7;1;6;470;17/07/2017
2017017750;1;1;1;1;1;470;16/09/2017
2017017751;1;1;1;2;6;470;01/10/2017
2017017752;1;1;1;5;6;470;12/10/2017
2017017753;1;1;1;1;7;470;01/02/2017
2017017754;3;1;1;1;6;470;18/03/2017
2017017755;1;1;1;1;1;470;28/03/2017
2017017756;3;1;1;1;7;470;13/04/2017
2017017757;1;1;1;3;7;470;19/05/2017
2017017758;1;2;2;1;3;470;23/05/2017
2017017759;1;1;1;1;7;470;04/06/2017
2017017760;1;2;2;1;1;470;18/06/2017
2017017761;1;1;1;1;7;470;21/06/2017
2017017762;1;1;3;1;3;470;23/06/2017
2017017763;1;1;1;1;7;470;26/06/2017
2017017764;1;1;1;1;7;470;09/07/2017
2017017765;1;2;9;1;3;470;17/07/2017
2017017766;1;2;2;1;3;470;03/08/2017
2017017767;1;1;2;1;3;470;27/09/2017
2017017768;3;1;1;1;7;470;11/11/2017
2017017769;1;2;1;1;7;470;13/11/2017
2017017770;1;2;1;1;6;470;27/11/2017
2017017771;4;2;1;5;6;470;28/11/2017
2017017772;2;2;1;2;6;470;10/01/2017
2017017773;1;1;2;1;3;470;17/02/2017
2017017774;1;1;2;1;3;470;15/04/2017
2017017775;3;1;1;1;7;470;04/06/2017
2017017776;1;1;3;1;5;470;22/06/2017
2017017777;1;2;1;1;6;470;07/08/2017
2017017778;1;2;1;1;6;470;22/10/2017
2017017779;3;1;1;1;6;470;04/11/2017
2017017780;3;1;1;1;6;470;06/11/2017
2017017781;1;1;1;1;6;470;31/12/2017
2017017782;3;1;1;1;7;470;02/01/2017
2017017783;1;2;1;6;1;470;13/02/2017
2017017784;1;1;1;1;7;470;22/02/2017
2017017785;1;2;3;1;3;470;16/03/2017
2017017786;3;1;1;1;7;470;16/07/2017
2017017787;1;1;1;1;3;470;25/07/2017
2017017788;5;1;1;2;6;470;10/11/2017
2017017789;3;1;1;5;7;470;19/02/2017
2017017790;1;1;1;2;5;470;12/03/2017
2017017791;2;1;1;2;1;470;24/03/2017
2017017792;3;1;1;1;7;470;12/05/2017
2017017793;1;2;1;1;7;470;08/07/2017
2017017794;1;1;3;1;3;470;12/07/2017
2017017795;1;1;1;1;7;470;23/07/2017
2017017796;1;1;1;8;1;470;10/09/2017
2017017797;5;2;1;1;6;470;12/12/2017
2017017798;3;1;1;1;1;470;26/12/2017
2017017799;1;2;1;1;6;470;04/03/2017
2017017800;1;2;1;8;7;470;12/03/2017
2017017801;2;2;2;1;3;470;17/03/2017
2017017802;1;2;1;1;7;470;20/04/2017
2017017803;2;1;1;1;7;470;08/05/2017
2017017804;3;1;1;1;7;470;12/05/2017
2017017805;2;2;3;7;3;470;26/05/2017
2017017806;1;2;1;1;2;470;01/06/2017
2017017807;1;2;1;1;1;470;25/06/2017
2017017808;1;1;1;1;5;470;31/07/2017
2017017809;1;1;2;1;7;470;14/08/2017
2017017810;1;1;4;1;3;470;04/10/2017
2017017811;2;1;1;5;5;470;18/11/2017
2017017812;1;1;1;2;6;470;18/12/2017
2017017813;2;2;1;7;6;460;29/03/2017
2017017814;1;1;1;1;1;460;12/06/2017
2017017815;1;2;3;1;3;460;04/07/2017
2017017816;1;2;1;1;3;460;05/10/2017
2017017817;3;1;1;5;6;460;08/10/2017
2017017818;1;1;1;3;6;460;04/03/2017
2017017819;1;1;2;1;3;460;22/07/2017
2017017820;1;2;1;1;3;460;28/07/2017
2017017821;1;1;1;1;6;460;12/08/2017
2017017822;3;1;1;2;7;460;09/09/2017
2017017823;1;1;2;1;3;460;16/05/2017
2017017824;1;1;3;1;3;460;07/06/2017
2017017825;1;2;1;1;6;460;07/05/2017
2017017826;1;1;1;1;3;460;25/06/2017
2017017827;1;1;1;1;1;460;17/08/2017
2017017828;1;1;9;1;1;460;23/09/2017
2017017829;1;2;1;1;6;460;10/10/2017
2017017830;1;1;1;1;6;460;21/01/2017
2017017831;1;1;1;1;1;460;14/05/2017
2017017832;1;1;1;2;3;460;19/05/2017
2017017833;2;1;1;1;7;460;05/06/2017
2017017834;3;1;1;2;6;460;08/07/2017
2017017835;3;1;1;1;7;460;17/08/2017
2017017836;1;1;1;1;2;460;27/08/2017
2017017837;1;1;1;2;6;460;11/09/2017
2017017838;5;2;1;1;6;460;02/11/2017
2017017839;1;1;1;1;1;460;29/05/2017
2017017840;1;1;1;1;1;460;04/09/2017
2017017841;1;1;1;2;6;460;03/10/2017
2017017842;2;1;1;1;6;460;22/01/2017
2017017843;1;1;1;1;6;460;15/02/2017
2017017844;1;1;3;1;3;460;05/04/2017
2017017845;1;1;1;3;3;460;25/04/2017
2017017846;1;1;3;1;3;460;18/06/2017
2017017847;1;1;2;1;3;460;07/07/2017
2017017848;1;1;1;3;6;460;16/09/2017
2017017849;2;1;4;1;1;460;07/10/2017
2017017850;5;2;3;5;3;460;15/11/2017
2017017851;1;1;1;1;1;460;17/12/2017
2017017852;5;2;3;1;3;420;17/02/2017
2017017853;1;1;1;1;1;420;28/02/2017
2017017854;1;1;1;1;1;420;18/03/2017
2017017855;2;2;1;3;7;420;01/04/2017
2017017856;2;1;1;1;6;420;06/05/2017
2017017857;1;1;1;1;1;420;28/05/2017
2017017858;3;1;1;1;7;420;10/06/2017
2017017859;1;1;1;1;6;420;03/09/2017
2017017860;1;2;1;1;3;420;29/09/2017
2017017861;3;1;1;1;7;420;30/09/2017
2017017862;1;1;1;1;6;420;27/10/2017
2017017863;3;2;1;4;1;420;09/12/2017
2017017864;1;1;1;8;1;420;10/02/2017
2017017865;1;2;1;1;7;420;10/02/2017
2017017866;1;2;6;8;6;420;14/02/2017
2017017867;1;1;9;1;2;420;26/02/2017
2017017868;1;2;1;2;3;420;04/03/2017
2017017869;1;2;1;5;1;420;25/03/2017
2017017870;1;1;2;7;3;420;08/04/2017
2017017871;1;1;4;1;3;420;13/04/2017
2017017872;1;2;4;1;6;420;02/05/2017
2017017873;1;2;1;8;6;420;01/07/2017
2017017874;1;1;1;1;1;420;03/07/2017
2017017875;1;1;1;1;1;420;05/07/2017
2017017876;1;1;1;1;4;420;07/07/2017
2017017877;1;2;2;1;5;420;07/07/2017
2017017878;1;1;1;1;6;420;19/07/2017
2017017879;1;1;1;1;7;420;13/09/2017
2017017880;5;2;1;1;3;420;17/09/2017
2017017881;3;1;1;1;7;420;04/10/2017
2017017882;3;1;1;9;6;420;06/01/2017
2017017883;1;2;1;1;7;420;28/01/2017
2017017884;1;1;1;1;2;420;18/02/2017
2017017885;3;1;1;1;6;420;18/03/2017
2017017886;1;2;1;1;6;420;10/04/2017
2017017887;1;1;1;1;6;420;10/04/2017
2017017888;1;1;1;1;7;420;16/04/2017
2017017889;1;1;2;1;3;420;18/04/2017
2017017890;1;1;1;1;7;420;19/04/2017
2017017891;1;2;1;1;6;420;21/04/2017
2017017892;5;1;1;5;6;420;11/05/2017
2017017893;1;2;1;1;6;420;20/05/2017
2017017894;1;1;1;1;6;420;25/05/2017
2017017895;1;2;3;1;6;420;27/05/2017
2017017896;1;1;3;1;2;420;28/05/2017
2017017897;1;1;1;1;7;420;04/06/2017
2017017898;1;2;1;1;7;420;04/06/2017
2017017899;1;1;1;1;3;420;17/06/2017
2017017900;1;1;1;1;7;420;18/06/2017
2017017901;1;1;1;1;7;420;05/07/2017
2017017902;1;1;1;1;6;420;30/07/2017
2017017903;1;2;3;1;1;420;02/08/2017
2017017904;1;1;2;1;1;420;03/09/2017
2017017905;1;2;1;1;7;420;03/09/2017
2017017906;1;2;1;1;7;420;15/09/2017
2017017907;1;2;1;2;7;420;26/09/2017
2017017908;5;2;1;1;6;420;22/10/2017
2017017909;1;2;1;1;6;420;30/10/2017
2017017910;3;1;1;1;1;420;31/12/2017
2017017911;1;1;1;1;3;420;19/03/2017
2017017912;1;2;1;1;7;420;09/04/2017
2017017913;1;1;3;1;1;420;22/05/2017
2017017914;1;1;1;1;7;420;09/07/2017
2017017915;1;1;1;1;6;420;12/07/2017
2017017916;3;1;1;1;5;420;10/03/2017
2017017917;1;1;3;1;7;420;09/04/2017
2017017918;1;1;1;1;7;420;15/04/2017
2017017919;1;1;3;1;1;420;28/04/2017
2017017920;1;1;1;1;7;420;12/05/2017
2017017921;1;1;1;2;1;420;03/06/2017
2017017922;1;1;1;1;6;420;22/07/2017
2017017923;2;2;2;1;6;420;03/08/2017
2017017924;1;1;1;1;1;420;09/08/2017
2017017925;1;1;1;2;6;420;09/09/2017
2017017926;1;1;4;1;6;420;05/10/2017
2017017927;2;2;3;7;1;;13/10/2017
2017017928;1;1;1;1;7;420;13/10/2017
2017017929;1;1;1;3;7;420;22/10/2017
2017017930;3;1;1;9;1;420;25/12/2017
2017017931;3;1;1;4;7;420;27/12/2017
2017017932;1;2;6;7;3;420;18/02/2017
2017017933;1;1;1;1;6;420;08/05/2017
2017017934;1;2;8;1;3;420;17/05/2017
2017017935;3;1;1;1;7;420;14/07/2017
2017017936;1;2;1;1;2;420;12/09/2017
2017017937;4;2;1;8;6;420;12/12/2017
2017017938;5;2;1;1;7;420;09/04/2017
2017017939;3;1;1;2;6;420;27/04/2017
2017017940;1;1;1;1;7;420;17/06/2017
2017017941;1;2;4;8;3;420;02/07/2017
2017017942;1;2;2;1;6;420;18/08/2017
2017017943;1;1;1;1;3;420;29/08/2017
2017017944;3;1;1;1;6;420;01/09/2017
2017017945;1;2;6;2;7;420;16/09/2017
2017017946;1;2;1;1;6;420;11/10/2017
2017017947;1;1;1;1;7;420;12/10/2017
2017017948;1;2;1;1;2;420;15/10/2017
2017017949;2;1;1;1;1;420;12/12/2017
2017017950;1;1;1;2;1;420;12/01/2017
2017017951;1;1;1;1;6;420;25/02/2017
2017017952;2;1;1;1;6;420;18/03/2017
2017017953;3;1;1;1;7;420;18/03/2017
2017017954;1;2;3;7;3;420;27/03/2017
2017017955;1;2;1;7;7;420;10/04/2017
2017017956;1;1;3;1;3;420;15/05/2017
2017017957;1;1;2;1;3;420;03/06/2017
2017017958;1;1;3;1;1;420;17/07/2017
2017017959;3;1;1;1;7;420;02/08/2017
2017017960;1;2;2;3;3;420;14/09/2017
2017017961;1;2;3;8;6;420;24/10/2017
2017017962;2;1;2;1;3;420;26/10/2017
2017017963;1;1;2;1;3;420;28/10/2017
2017017964;1;1;1;1;6;420;30/10/2017
2017017965;1;2;3;1;6;420;21/11/2017
2017017966;5;2;1;2;6;420;18/12/2017
2017017967;1;1;1;1;6;420;09/03/2017
2017017968;1;2;1;7;6;420;19/04/2017
2017017969;1;1;1;1;1;420;05/05/2017
2017017970;2;1;1;1;6;420;19/05/2017
2017017971;1;1;1;1;6;420;05/06/2017
2017017972;1;1;1;1;6;420;08/06/2017
2017017973;1;1;1;1;6;420;13/06/2017
2017017974;1;1;1;1;6;420;16/10/2017
2017017975;1;1;3;1;3;10;25/10/2017
2017017976;1;1;3;1;3;120;20/02/2017
2017017977;3;1;1;1;3;120;24/02/2017