num_acc;lum;agg;inter;atm;col;dep;date
2017018556;3;1;4;1;5;630;17/10/2017
2017018557;2;2;1;1;6;630;15/11/2017
2017018558;3;1;1;1;6;630;03/03/2017
2017018559;3;1;1;1;7;630;21/03/2017
2017018560;1;1;1;1;1;630;18/04/2017
2017018561;1;1;2;1;3;630;18/04/2017
2017018562;2;1;1;1;6;630;26/05/2017
2017018563;1;1;3;1;6;630;09/08/2017
2017018564;2;1;1;1;6;630;31/08/2017
2017018565;1;1;1;1;1;630;06/09/2017
2017018566;1;1;1;1;7;630;29/09/2017
2017018567;2;1;1;2;6;630;11/11/2017
2017018568;5;1;1;9;1;630;08/12/2017
2017018569;2;1;1;2;1;630;11/12/2017
2017018570;2;1;1;2;1;630;13/12/2017
2017018571;1;1;1;2;5;630;14/02/2017
2017018572;1;1;1;1;6;630;11/03/2017
2017018573;2;2;3;1;3;630;16/03/2017
2017018574;1;2;1;1;6;630;18/03/2017
2017018575;3;1;1;1;7;630;26/03/2017
2017018576;1;1;1;1;6;630;17/04/2017
2017018577;3;1;1;1;7;630;22/04/2017
2017018578;1;1;1;1;7;630;09/05/2017
2017018579;3;1;1;1;7;630;08/06/2017
2017018580;1;2;1;1;2;630;19/08/2017
2017018581;1;1;1;1;1;630;22/11/2017
2017018582;2;1;2;1;1;630;27/11/2017
2017018583;1;1;2;1;3;630;14/12/2017
2017018584;1;2;1;1;6;630;26/01/2017
2017018585;5;2;6;1;6;630;01/02/2017
2017018586;1;2;1;1;2;630;30/03/2017
2017018587;1;2;1;1;6;630;15/07/2017
2017018588;1;2;4;1;3;630;16/07/2017
2017018589;1;1;1;1;6;630;12/08/2017
2017018590;5;1;6;1;6;630;23/08/2017
2017018591;3;1;1;1;6;630;27/08/2017
2017018592;1;2;1;1;6;630;13/09/2017
2017018593;1;1;2;8;3;630;15/09/2017
2017018594;4;2;1;1;6;630;23/09/2017
2017018595;1;2;1;1;6;630;11/10/2017
2017018596;1;1;1;1;3;630;26/10/2017
2017018597;1;2;1;1;7;630;28/10/2017
2017018598;3;1;1;2;6;630;05/11/2017
2017018599;3;1;1;3;1;630;10/11/2017
2017018600;1;2;1;2;7;630;13/11/2017
2017018601;5;2;1;1;6;630;17/11/2017
2017018602;1;2;1;5;6;630;21/12/2017
2017018603;1;1;1;1;7;630;03/01/2017
2017018604;1;2;4;1;6;630;20/04/2017
2017018605;1;1;2;1;5;630;24/04/2017
2017018606;1;1;1;1;3;630;01/05/2017
2017018607;1;1;2;1;3;630;09/05/2017
2017018608;1;1;2;7;3;630;24/05/2017
2017018609;1;1;1;1;6;630;27/05/2017
2017018610;1;2;1;1;1;630;14/06/2017
2017018611;5;2;3;1;3;630;29/09/2017
2017018612;3;1;1;1;6;630;30/09/2017
2017018613;1;1;1;1;7;630;07/10/2017
2017018614;1;1;1;1;6;630;14/10/2017
2017018615;2;1;1;1;6;630;14/11/2017
2017018616;1;2;2;1;2;630;02/03/2017
2017018617;1;2;1;1;1;630;15/03/2017
2017018618;1;1;1;1;7;630;11/04/2017
2017018619;1;1;1;3;1;630;26/06/2017
2017018620;2;1;1;1;6;630;18/08/2017
2017018621;1;2;9;1;6;630;25/08/2017
2017018622;1;1;1;1;7;630;03/09/2017
2017018623;1;1;1;2;6;630;03/10/2017
2017018624;3;1;1;1;6;630;29/10/2017
2017018625;2;2;5;2;7;630;04/11/2017
2017018626;1;1;1;2;3;630;08/11/2017
2017018627;5;2;1;1;7;890;28/03/2017
2017018628;2;1;3;1;3;890;14/04/2017
2017018629;1;1;1;1;1;890;16/05/2017
2017018630;3;1;1;1;2;890;30/09/2017
2017018631;1;2;1;1;1;890;17/05/2017
2017018632;1;2;2;1;7;890;08/09/2017
2017018633;1;1;1;1;5;890;30/09/2017
2017018634;1;1;1;1;1;890;06/10/2017
2017018635;1;1;1;1;7;890;18/01/2017
2017018636;5;2;1;2;6;890;29/01/2017
2017018637;3;1;1;2;5;890;21/02/2017
2017018638;1;1;1;1;7;890;12/06/2017
2017018639;5;2;1;1;6;890;03/10/2017
2017018640;2;2;1;1;6;890;16/10/2017
2017018641;1;1;1;2;7;890;02/11/2017
2017018642;3;1;1;9;6;890;26/11/2017
2017018643;3;1;1;1;7;890;09/12/2017
2017018644;1;1;1;1;6;890;26/01/2017
2017018645;3;1;2;1;3;890;19/02/2017
2017018646;1;1;1;1;6;890;09/07/2017
2017018647;4;2;1;1;6;890;29/07/2017
2017018648;1;1;1;1;1;890;29/07/2017
2017018649;1;2;1;1;2;890;09/08/2017
2017018650;1;1;1;1;6;890;17/08/2017
2017018651;1;1;1;1;6;890;18/10/2017
2017018652;2;1;1;1;6;890;01/11/2017
2017018653;1;2;9;4;1;890;24/01/2017
2017018654;3;1;1;1;6;890;24/03/2017
2017018655;1;2;1;1;6;890;02/04/2017
2017018656;1;2;1;3;6;890;06/05/2017
2017018657;1;2;1;1;3;890;16/05/2017
2017018658;1;1;1;1;6;890;23/05/2017
2017018659;1;1;1;1;2;890;06/07/2017
2017018660;1;2;3;1;3;890;20/07/2017
2017018661;1;1;3;8;3;890;24/07/2017
2017018662;1;2;1;1;6;890;28/12/2017
2017018663;3;2;1;2;7;890;11/01/2017
2017018664;1;1;1;1;3;890;30/04/2017
2017018665;2;1;1;1;3;890;09/07/2017
2017018666;1;1;1;1;1;890;21/07/2017
2017018667;2;1;1;1;6;890;31/05/2017
2017018668;5;2;1;1;7;890;08/06/2017
2017018669;1;2;1;1;6;890;24/06/2017
2017018670;1;2;1;1;1;890;25/08/2017
2017018671;2;2;1;1;6;890;28/09/2017
2017018672;1;2;1;1;2;890;04/11/2017
2017018673;3;1;1;4;6;890;10/12/2017
2017018674;3;1;1;2;2;890;26/12/2017
2017018675;1;1;1;1;7;890;03/03/2017
2017018676;1;2;2;1;3;890;04/04/2017
2017018677;1;2;1;1;6;890;09/04/2017
2017018678;1;1;1;7;5;890;10/06/2017
2017018679;1;2;1;7;6;890;11/06/2017
2017018680;1;1;2;1;6;890;25/06/2017
2017018681;1;1;1;1;7;890;13/08/2017
2017018682;3;1;1;1;7;890;04/02/2017
2017018683;1;1;1;1;1;890;21/02/2017
2017018684;1;1;2;1;3;890;01/04/2017
2017018685;1;1;3;1;3;890;08/04/2017
2017018686;1;1;2;1;1;890;25/03/2017
2017018687;5;2;3;1;1;890;16/04/2017
2017018688;1;1;1;1;6;890;13/05/2017
2017018689;3;1;9;1;1;890;23/06/2017
2017018690;5;2;2;1;3;890;25/10/2017
2017018691;4;2;1;1;6;890;10/11/2017
2017018692;1;1;1;1;2;890;09/11/2017
2017018693;2;1;1;5;3;890;05/12/2017
2017018694;5;2;1;1;2;890;17/12/2017
2017018695;3;2;3;5;2;890;01/02/2017
2017018696;2;1;2;2;3;890;20/02/2017
2017018697;1;2;1;1;6;890;26/02/2017
2017018698;1;1;3;1;2;890;14/03/2017
2017018699;1;1;2;7;3;890;16/06/2017
2017018700;1;1;3;1;2;890;24/06/2017
2017018701;1;1;1;1;7;890;28/07/2017
2017018702;5;2;1;1;3;890;31/07/2017
2017018703;1;1;2;1;3;890;23/08/2017
2017018704;1;2;1;1;3;890;21/09/2017
2017018705;1;2;2;1;3;890;25/10/2017
2017018706;1;1;1;1;5;890;02/02/2017
2017018707;5;2;4;2;3;890;01/03/2017
2017018708;1;2;2;1;6;890;16/06/2017
2017018709;1;1;1;1;1;890;01/10/2017
2017018710;1;1;1;1;6;890;15/10/2017
2017018711;2;1;1;5;7;890;06/12/2017
2017018712;1;2;9;1;6;890;12/12/2017
2017018713;1;1;1;8;5;710;13/01/2017
2017018714;2;1;1;1;2;710;09/05/2017
2017018715;1;2;1;1;7;710;04/06/2017
2017018716;3;1;1;1;6;710;12/06/2017
2017018717;1;1;1;3;3;710;02/09/2017
2017018718;2;2;1;1;6;710;14/10/2017
2017018719;1;1;1;1;6;710;30/10/2017
2017018720;2;1;1;2;7;710;12/11/2017
2017018721;1;1;1;2;3;710;11/11/2017
2017018722;1;1;1;1;6;710;22/11/2017
2017018723;3;2;1;2;6;710;21/12/2017
2017018724;1;2;1;1;6;710;04/01/2017
2017018725;1;2;1;1;7;710;16/04/2017
2017018726;1;1;1;1;7;710;14/05/2017
2017018727;1;1;1;1;7;710;04/06/2017
2017018728;3;1;1;1;6;710;05/07/2017
2017018729;1;1;1;1;3;710;02/08/2017
2017018730;2;2;1;1;6;710;20/08/2017
2017018731;1;2;1;1;6;710;06/10/2017
2017018732;1;1;1;1;1;710;27/01/2017
2017018733;1;2;1;1;7;710;01/04/2017
2017018734;1;1;9;1;6;710;07/04/2017
2017018735;2;1;1;1;2;710;12/04/2017
2017018736;1;1;1;3;7;710;06/05/2017
2017018737;1;2;1;1;6;710;22/05/2017
2017018738;1;1;2;1;3;710;23/05/2017
2017018739;1;2;1;7;3;710;26/05/2017
2017018740;1;2;1;1;6;710;22/06/2017
2017018741;1;2;1;1;2;710;25/06/2017
2017018742;3;1;1;5;6;710;05/07/2017
2017018743;1;1;1;8;1;710;12/07/2017
2017018744;1;1;1;1;7;710;20/07/2017
2017018745;1;2;1;1;6;710;10/08/2017
2017018746;1;1;1;1;1;710;13/08/2017
2017018747;1;1;1;1;7;710;19/08/2017
2017018748;1;1;1;1;7;710;19/08/2017
2017018749;1;1;1;7;7;710;22/08/2017
2017018750;1;1;1;1;7;710;22/08/2017
2017018751;2;1;2;1;3;710;10/09/2017
2017018752;1;1;1;1;6;710;25/09/2017
2017018753;1;2;6;1;5;710;26/09/2017
2017018754;1;1;1;1;7;710;29/09/2017
2017018755;3;1;1;2;7;710;08/10/2017
2017018756;2;2;1;1;6;710;13/12/2017
2017018757;2;1;1;2;7;710;20/12/2017
2017018758;1;1;1;2;6;710;22/12/2017
2017018759;1;2;1;1;6;710;25/01/2017
2017018760;2;1;1;1;6;710;29/01/2017
2017018761;1;1;3;1;3;710;13/03/2017
2017018762;1;2;1;1;1;710;21/05/2017
2017018763;1;1;1;1;2;710;21/06/2017
2017018764;1;1;3;7;3;710;15/07/2017
2017018765;1;2;1;1;2;710;25/07/2017
2017018766;1;1;4;1;5;710;30/07/2017
2017018767;1;1;1;1;7;710;29/08/2017
2017018768;3;1;1;1;6;710;24/09/2017
2017018769;1;1;3;1;3;710;07/10/2017
2017018770;1;1;1;7;4;710;25/10/2017
2017018771;5;1;1;1;1;710;29/11/2017
2017018772;1;1;1;8;7;710;01/12/2017
2017018773;1;1;1;1;2;710;25/02/2017
2017018774;1;2;1;1;1;710;17/05/2017
2017018775;1;1;1;1;5;710;07/07/2017
2017018776;1;2;1;1;2;710;14/08/2017
2017018777;1;1;3;1;2;710;15/09/2017
2017018778;1;1;1;1;7;710;07/10/2017
2017018779;1;1;5;1;6;710;29/11/2017
2017018780;1;1;1;2;1;710;05/03/2017
2017018781;1;1;1;7;6;710;28/03/2017
2017018782;1;1;1;1;5;710;14/04/2017
2017018783;1;1;1;8;7;710;01/08/2017
2017018784;1;1;3;1;3;710;14/10/2017
2017018785;1;1;1;1;5;710;24/10/2017
2017018786;1;1;1;4;2;710;30/11/2017
2017018787;2;1;1;1;1;710;27/02/2017
2017018788;1;1;1;1;3;710;28/04/2017
2017018789;1;2;2;1;3;710;10/09/2017
2017018790;2;2;3;1;5;710;22/09/2017
2017018791;1;2;5;1;3;710;28/10/2017
2017018792;1;2;1;1;6;710;27/02/2017
2017018793;1;1;1;1;3;710;09/04/2017
2017018794;1;2;1;1;3;710;10/04/2017
2017018795;1;1;1;2;3;710;26/04/2017
2017018796;1;1;1;8;7;710;19/05/2017
2017018797;3;1;1;8;7;710;19/05/2017
2017018798;1;1;1;1;5;710;29/05/2017
2017018799;1;1;1;1;3;710;12/07/2017
2017018800;1;2;1;1;6;710;17/07/2017
2017018801;3;1;1;2;7;710;25/07/2017
2017018802;1;1;1;1;5;710;29/07/2017
2017018803;1;1;1;1;3;710;12/10/2017
2017018804;1;2;1;1;6;710;20/10/2017
2017018805;3;1;1;1;6;710;27/10/2017
2017018806;1;1;1;1;6;710;26/11/2017
2017018807;3;1;1;2;5;710;12/01/2017
2017018808;3;1;1;1;6;710;27/01/2017
2017018809;3;1;1;3;2;710;02/02/2017
2017018810;1;1;2;1;3;710;01/02/2017
2017018811;5;2;3;1;3;710;10/02/2017
2017018812;3;1;1;1;1;710;18/02/2017
2017018813;1;1;1;1;2;710;11/03/2017
2017018814;1;2;1;1;6;710;14/05/2017
2017018815;1;1;1;1;3;710;16/06/2017
2017018816;3;1;1;1;6;710;17/06/2017
2017018817;1;1;1;1;7;710;06/07/2017
2017018818;1;1;1;1;1;710;13/07/2017
2017018819;1;1;1;1;7;710;03/08/2017
2017018820;1;2;6;1;6;710;18/09/2017
2017018821;5;1;1;2;6;710;02/10/2017
2017018822;1;1;1;1;2;710;30/10/2017
2017018823;5;1;2;1;3;710;06/12/2017
2017018824;1;1;1;1;6;710;09/12/2017
2017018825;1;1;1;1;2;710;26/12/2017
2017018826;5;2;1;1;4;710;29/12/2017
2017018827;5;1;1;3;6;710;30/12/2017
2017018828;3;2;1;1;6;710;14/02/2017
2017018829;1;1;1;1;6;710;26/02/2017
2017018830;1;2;1;1;3;710;17/03/2017
2017018831;1;1;1;1;6;710;12/06/2017
2017018832;2;2;1;1;6;710;21/06/2017
2017018833;1;1;1;1;6;710;08/07/2017
2017018834;3;1;1;3;1;710;09/07/2017
2017018835;1;1;1;1;6;710;06/08/2017
2017018836;1;1;1;1;3;710;07/08/2017
2017018837;1;2;1;1;6;710;24/08/2017
2017018838;1;1;1;1;3;710;16/09/2017
2017018839;3;1;1;1;6;710;17/09/2017
2017018840;5;1;2;1;5;710;22/11/2017
2017018841;1;2;7;1;6;710;27/11/2017
2017018842;5;2;3;1;3;710;29/11/2017
2017018843;1;1;1;1;2;710;06/12/2017
2017018844;3;1;1;2;6;710;12/01/2017
2017018845;2;2;1;2;3;710;06/02/2017
2017018846;3;1;1;2;6;710;07/05/2017
2017018847;1;1;1;1;5;710;24/05/2017
2017018848;1;1;2;1;3;710;18/09/2017
2017018849;1;2;1;1;2;710;17/10/2017
2017018850;3;1;1;1;7;710;10/12/2017
2017018851;3;1;1;1;1;110;31/03/2017
2017018852;5;2;1;2;6;110;11/05/2017
2017018853;3;2;1;3;6;110;20/07/2017
2017018854;3;1;1;1;7;110;14/11/2017
2017018855;2;1;1;1;6;110;19/12/2017
2017018856;5;2;1;1;1;110;29/12/2017
2017018857;1;1;1;1;7;110;26/03/2017
2017018858;1;2;1;1;3;110;29/04/2017
2017018859;1;1;1;1;6;110;17/06/2017
2017018860;2;2;1;1;3;110;10/07/2017
2017018861;1;1;1;1;2;110;11/01/2017
2017018862;1;1;1;1;3;110;20/01/2017
2017018863;1;1;1;1;6;110;03/03/2017
2017018864;1;1;1;1;6;110;15/07/2017
2017018865;3;2;1;1;6;110;10/09/2017
2017018866;1;2;3;1;3;110;29/03/2017
2017018867;1;1;1;1;3;110;11/04/2017
2017018868;1;1;1;1;6;110;13/04/2017
2017018869;1;1;1;1;7;110;16/05/2017
2017018870;1;2;1;1;6;110;23/05/2017
2017018871;1;1;2;1;3;110;13/06/2017
2017018872;3;1;1;1;6;110;16/07/2017
2017018873;1;1;2;1;3;110;15/07/2017
2017018874;1;1;1;1;6;110;08/08/2017
2017018875;1;1;1;1;6;110;13/11/2017
2017018876;3;1;1;1;7;110;09/03/2017
2017018877;1;1;1;1;6;110;01/06/2017
2017018878;3;1;1;1;6;110;03/06/2017
2017018879;3;1;9;1;6;110;30/06/2017
2017018880;2;1;9;1;6;110;01/07/2017
2017018881;1;1;1;1;6;110;02/07/2017
2017018882;1;1;2;1;3;110;13/08/2017
2017018883;1;1;1;1;1;110;06/10/2017
2017018884;2;1;9;9;6;110;07/12/2017
2017018885;1;1;4;7;1;110;16/02/2017
2017018886;1;2;1;2;6;110;12/03/2017
2017018887;1;2;4;1;1;110;15/03/2017
2017018888;4;2;3;1;3;110;04/04/2017
2017018889;3;1;1;1;6;110;09/04/2017
2017018890;1;1;1;1;7;110;15/04/2017
2017018891;1;1;1;1;1;110;21/04/2017
2017018892;2;2;1;1;6;110;07/05/2017
2017018893;1;2;1;1;6;110;08/05/2017
2017018894;1;1;1;2;7;110;06/07/2017
2017018895;1;2;1;1;6;110;01/07/2017
2017018896;1;1;1;1;7;110;22/07/2017
2017018897;1;2;1;1;3;110;24/08/2017
2017018898;1;2;2;2;3;110;14/09/2017
2017018899;1;1;1;1;7;110;16/09/2017
2017018900;1;1;1;8;3;110;18/09/2017
2017018901;1;1;1;1;6;110;13/10/2017
2017018902;1;2;1;1;5;110;24/10/2017
2017018903;3;1;1;8;3;110;27/10/2017
2017018904;2;2;1;1;6;110;15/11/2017
2017018905;1;2;1;1;6;110;23/11/2017
2017018906;3;1;1;9;6;110;03/12/2017
2017018907;1;1;3;1;3;110;25/01/2017
2017018908;2;1;1;1;6;110;20/05/2017
2017018909;5;2;2;1;3;110;03/07/2017
2017018910;1;1;1;1;3;110;30/07/2017
2017018911;1;1;1;1;3;110;28/08/2017
2017018912;1;1;1;1;7;110;02/09/2017
2017018913;5;1;4;2;7;110;15/12/2017
2017018914;2;1;1;1;1;110;30/12/2017
2017018915;1;1;1;1;1;110;25/01/2017
2017018916;1;1;1;6;6;110;12/02/2017
2017018917;1;1;3;1;5;110;07/05/2017
2017018918;1;2;1;1;6;110;11/05/2017
2017018919;5;2;3;1;3;110;27/05/2017
2017018920;3;1;1;1;4;110;01/07/2017
2017018921;5;1;1;1;6;110;10/07/2017
2017018922;1;1;6;1;2;110;12/07/2017
2017018923;2;1;1;1;1;110;26/07/2017
2017018924;1;2;1;1;1;110;05/08/2017
2017018925;3;1;1;1;1;110;05/09/2017
2017018926;5;2;3;1;3;110;05/09/2017
2017018927;1;2;3;8;6;110;09/09/2017
2017018928;1;1;1;1;1;110;26/09/2017
2017018929;2;1;1;1;3;110;15/11/2017
2017018930;1;1;1;1;3;110;04/12/2017
2017018931;1;1;1;1;6;110;07/01/2017
2017018932;1;1;1;1;6;110;26/02/2017
2017018933;1;1;1;1;6;110;26/03/2017
2017018934;1;1;1;1;1;110;29/05/2017
2017018935;1;1;1;1;7;110;20/09/2017
2017018936;1;1;1;1;6;710;17/01/2017
2017018937;1;2;1;1;2;710;07/07/2017
2017018938;1;1;1;1;1;710;04/09/2017
2017018939;1;2;1;1;1;710;24/09/2017
2017018940;2;1;1;8;7;710;24/10/2017
2017018941;1;1;1;3;1;710;14/12/2017
2017018942;1;1;1;1;5;320;14/01/2017
2017018943;1;1;1;8;6;320;08/02/2017
2017018944;1;1;3;1;3;320;16/05/2017
2017018945;5;2;1;1;6;320;12/08/2017
2017018946;1;1;1;1;7;320;21/08/2017
2017018947;3;1;1;5;1;320;26/09/2017
2017018948;1;1;2;1;3;320;27/09/2017
2017018949;5;2;3;1;6;320;30/10/2017
2017018950;3;1;3;8;6;320;15/12/2017
2017018951;1;1;1;1;6;320;14/01/2017
2017018952;1;1;1;2;3;320;03/02/2017
2017018953;3;1;1;1;6;320;08/07/2017
2017018954;1;1;1;1;6;320;08/08/2017
2017018955;1;1;3;1;1;320;14/10/2017
2017018956;5;2;1;2;7;320;29/10/2017
2017018957;3;1;1;1;6;320;05/01/2017
2017018958;3;1;1;1;6;320;09/01/2017
2017018959;3;1;1;9;6;320;21/01/2017
2017018960;1;1;1;2;6;320;19/05/2017
2017018961;1;1;1;7;6;320;12/06/2017
2017018962;1;2;1;1;3;320;28/09/2017
2017018963;3;1;1;2;6;320;22/12/2017
2017018964;1;1;1;2;1;320;12/03/2017
2017018965;1;1;1;1;7;320;29/04/2017
2017018966;3;1;1;2;6;320;05/06/2017
2017018967;1;2;1;1;6;320;19/06/2017
2017018968;1;1;1;1;7;320;22/06/2017
2017018969;1;2;3;1;3;320;12/09/2017
2017018970;1;1;9;1;7;320;14/11/2017
2017018971;2;1;1;1;6;320;20/11/2017
2017018972;2;2;1;2;6;320;12/12/2017
2017018973;1;1;1;1;3;320;26/12/2017
2017018974;1;1;1;1;7;320;25/02/2017
2017018975;1;2;3;2;6;320;07/03/2017
2017018976;1;1;1;1;7;320;09/03/2017
2017018977;1;1;1;2;1;320;25/04/2017
2017018978;1;1;2;1;3;320;14/07/2017
2017018979;1;1;1;1;7;320;21/07/2017
2017018980;1;1;1;1;7;320;12/08/2017
2017018981;1;1;1;1;6;320;20/08/2017
2017018982;1;1;1;1;6;320;18/09/2017
2017018983;1;1;1;1;6;320;27/10/2017
2017018984;1;2;1;1;6;320;16/11/2017
2017018985;5;2;1;1;6;320;03/12/2017
2017018986;3;1;1;1;6;320;06/01/2017
2017018987;3;1;1;1;6;320;19/02/2017
2017018988;2;1;1;2;6;320;01/03/2017
2017018989;1;1;1;1;1;320;01/07/2017
2017018990;3;1;1;2;6;320;22/07/2017
2017018991;3;1;1;1;6;320;13/08/2017
2017018992;1;1;1;1;6;320;15/08/2017
2017018993;1;1;1;1;7;320;26/10/2017
2017018994;1;1;1;7;6;320;21/11/2017
2017018995;1;1;1;5;3;320;30/11/2017
2017018996;3;1;1;2;6;320;22/12/2017
2017018997;1;1;1;1;6;320;13/01/2017
2017018998;3;1;1;2;1;320;01/04/2017
2017018999;1;1;3;1;7;320;18/04/2017
2017019000;1;1;1;8;7;320;10/05/2017
2017019001;1;2;6;1;6;320;24/08/2017
2017019002;3;1;1;1;6;320;28/08/2017
2017019003;1;1;4;7;3;320;23/09/2017
2017019004;2;2;1;1;1;320;25/10/2017
2017019005;1;1;1;2;6;320;12/11/2017
2017019006;1;1;1;1;6;320;28/12/2017
2017019007;1;1;1;8;1;320;03/02/2017
2017019008;1;2;1;1;1;320;27/02/2017
2017019009;1;1;1;1;7;320;01/03/2017
2017019010;1;1;2;1;3;320;16/03/2017
2017019011;1;1;2;1;3;320;29/04/2017
2017019012;1;1;1;2;1;320;18/05/2017
2017019013;1;1;1;1;7;320;18/06/2017
2017019014;1;1;1;1;6;320;02/07/2017
2017019015;3;1;1;1;6;320;14/07/2017
2017019016;1;2;1;8;6;320;20/07/2017
2017019017;1;1;1;1;6;320;24/09/2017
2017019018;1;1;1;1;1;320;03/10/2017
2017019019;1;1;1;1;5;320;17/11/2017
2017019020;1;2;4;2;6;320;09/12/2017
2017019021;3;1;1;2;6;320;22/12/2017
2017019022;3;1;1;2;3;320;28/12/2017
2017019023;1;1;2;1;1;320;20/01/2017
2017019024;1;1;1;7;6;320;17/06/2017
2017019025;3;1;1;1;6;320;29/11/2017
2017019026;3;1;1;2;6;320;11/03/2017
2017019027;1;1;1;1;6;320;17/03/2017
2017019028;1;1;1;1;1;320;25/03/2017
2017019029;1;1;2;1;3;320;20/07/2017
2017019030;1;1;1;1;1;320;27/07/2017
2017019031;5;2;1;1;6;320;05/08/2017
2017019032;1;1;1;1;7;320;06/08/2017
2017019033;1;1;2;1;1;320;14/10/2017
2017019034;3;1;1;1;6;320;04/11/2017
2017019035;2;1;1;2;3;320;08/11/2017
2017019036;1;2;3;1;7;320;05/12/2017
2017019037;1;1;1;1;6;810;17/08/2017
2017019038;1;1;1;6;6;810;12/02/2017
2017019039;1;2;1;1;6;810;19/04/2017
2017019040;1;1;1;1;7;810;25/06/2017
2017019041;1;1;1;1;3;810;23/08/2017
2017019042;2;1;3;7;3;810;21/10/2017
2017019043;3;1;1;2;6;810;22/12/2017
2017019044;2;1;1;2;5;810;25/04/2017
2017019045;1;1;1;1;3;810;21/06/2017
2017019046;1;1;1;1;6;810;13/08/2017
2017019047;2;2;6;3;6;810;10/01/2017
2017019048;1;2;1;1;6;810;13/04/2017
2017019049;1;1;3;1;3;810;21/06/2017
2017019050;1;2;6;1;6;810;08/07/2017
2017019051;1;1;1;7;2;810;16/07/2017
2017019052;1;2;1;1;6;810;31/08/2017
2017019053;1;1;3;7;1;810;25/02/2017
2017019054;1;1;2;1;5;810;11/05/2017
2017019055;1;1;1;1;6;810;25/05/2017
2017019056;1;1;3;7;3;810;25/06/2017
2017019057;1;1;1;1;6;810;13/08/2017
2017019058;1;1;1;1;3;810;27/10/2017
2017019059;1;1;1;2;7;810;13/12/2017
2017019060;1;2;1;7;6;810;06/01/2017
2017019061;1;1;3;1;3;810;15/04/2017
2017019062;1;1;2;1;1;810;26/06/2017
2017019063;2;1;1;1;7;810;27/08/2017
2017019064;1;1;1;1;7;810;23/09/2017
2017019065;1;2;1;7;6;810;22/11/2017
2017019066;1;1;9;1;7;810;24/01/2017
2017019067;3;1;1;1;3;810;03/02/2017
2017019068;2;1;1;1;6;810;16/04/2017
2017019069;1;1;1;1;6;810;03/05/2017
2017019070;1;1;9;1;1;810;19/05/2017
2017019071;1;1;1;8;6;810;09/07/2017
2017019072;1;1;2;1;3;810;15/07/2017
2017019073;1;1;1;1;6;810;15/09/2017
2017019074;1;1;1;1;3;810;20/09/2017
2017019075;1;1;2;1;3;810;09/10/2017
2017019076;3;1;1;1;2;810;16/10/2017
2017019077;1;1;1;1;6;810;01/11/2017
2017019078;3;1;1;1;5;810;15/11/2017
2017019079;2;2;1;1;6;810;03/02/2017
2017019080;5;2;1;1;1;810;10/02/2017
2017019081;3;1;1;3;7;810;25/03/2017
2017019082;1;2;1;1;6;810;04/05/2017
2017019083;1;1;3;1;3;810;12/07/2017
2017019084;1;1;2;1;6;810;22/07/2017
2017019085;1;2;1;1;6;810;26/07/2017
2017019086;1;1;1;1;7;810;12/08/2017
2017019087;1;1;1;1;6;810;19/08/2017
2017019088;1;1;1;1;6;810;09/09/2017
2017019089;1;2;3;2;7;810;19/10/2017
2017019090;2;1;3;2;5;810;17/12/2017
2017019091;1;2;1;1;6;690;02/02/2017
2017019092;1;2;6;8;3;690;03/02/2017
2017019093;1;2;1;1;3;690;15/02/2017
2017019094;1;2;1;1;6;690;13/04/2017
2017019095;5;2;1;2;3;690;01/05/2017
2017019096;1;2;1;1;3;690;06/04/2017
2017019097;1;1;1;1;3;690;07/08/2017
2017019098;1;2;1;1;1;690;14/09/2017
2017019099;5;2;1;1;7;690;29/10/2017
2017019100;5;2;1;1;4;690;14/12/2017
2017019101;1;2;1;2;6;690;21/12/2017
2017019102;3;2;1;1;1;690;07/01/2017
2017019103;1;1;1;1;3;690;05/05/2017
2017019104;1;2;3;7;3;690;05/05/2017
2017019105;1;1;1;1;6;690;08/05/2017
2017019106;1;1;9;1;6;690;11/06/2017
2017019107;1;2;1;1;1;690;23/06/2017
2017019108;1;1;1;1;1;690;04/10/2017
2017019109;3;1;1;2;6;690;02/12/2017
2017019110;3;1;1;5;6;690;01/01/2017
2017019111;1;1;1;1;1;690;19/02/2017
2017019112;1;2;1;1;6;690;17/03/2017
2017019113;1;1;1;1;1;690;09/04/2017
2017019114;1;2;3;1;3;690;21/04/2017
2017019115;1;1;1;6;7;690;30/04/2017
2017019116;1;2;1;2;3;690;02/05/2017
2017019117;1;2;1;1;6;690;04/06/2017
2017019118;1;2;1;1;3;690;22/06/2017
2017019119;1;1;1;1;1;690;03/09/2017
2017019120;5;1;4;1;1;690;12/10/2017
2017019121;1;1;1;2;7;690;25/11/2017
2017019122;5;2;2;2;1;690;07/12/2017
2017019123;1;2;3;1;3;330;19/12/2017
2017019124;5;2;1;3;6;330;12/01/2017
2017019125;1;1;1;1;1;330;17/02/2017
2017019126;1;2;3;7;1;330;17/02/2017
2017019127;1;2;1;1;6;330;18/03/2017
2017019128;2;1;9;1;3;330;09/04/2017
2017019129;1;1;1;1;6;330;23/04/2017
2017019130;1;2;1;1;3;330;07/07/2017
2017019131;1;1;3;7;7;330;28/07/2017
2017019132;1;1;1;1;3;330;20/08/2017