num_acc;lum;agg;inter;atm;col;dep;date
2017019710;1;1;1;1;6;202;21/06/2017
2017019711;1;1;4;1;1;202;26/06/2017
2017019712;1;1;6;1;3;202;27/01/2017
2017019713;1;1;1;1;2;202;24/05/2017
2017019714;1;1;1;1;7;202;06/06/2017
2017019715;1;1;1;1;6;202;28/06/2017
2017019716;1;1;1;1;1;202;26/07/2017
2017019717;3;1;1;1;7;202;03/08/2017
2017019718;1;2;1;1;2;202;25/09/2017
2017019719;1;2;1;1;7;202;06/10/2017
2017019720;1;1;3;1;2;202;17/10/2017
2017019721;3;1;1;1;1;202;04/11/2017
2017019722;3;2;4;1;7;202;10/11/2017
2017019723;1;1;1;1;6;202;01/12/2017
2017019724;1;1;1;1;1;202;23/02/2017
2017019725;3;1;1;1;6;202;24/03/2017
2017019726;1;2;1;1;3;202;30/03/2017
2017019727;1;1;1;1;6;202;14/04/2017
2017019728;1;2;9;7;6;202;31/05/2017
2017019729;1;1;1;9;7;202;02/08/2017
2017019730;1;1;1;1;3;202;10/08/2017
2017019731;1;2;1;1;7;202;07/09/2017
2017019732;1;2;1;1;6;202;22/09/2017
2017019733;2;1;1;1;3;202;28/10/2017
2017019734;5;2;1;1;7;202;17/02/2017
2017019735;1;1;1;7;1;202;18/02/2017
2017019736;1;1;1;8;7;202;04/03/2017
2017019737;1;1;1;1;1;202;12/03/2017
2017019738;1;1;1;1;3;202;09/04/2017
2017019739;1;2;3;1;3;202;03/06/2017
2017019740;1;1;1;1;7;202;12/06/2017
2017019741;3;1;1;1;7;202;21/06/2017
2017019742;1;1;1;1;6;202;20/07/2017
2017019743;2;1;1;1;6;202;26/07/2017
2017019744;1;1;1;1;1;202;30/07/2017
2017019745;3;1;1;1;7;202;13/08/2017
2017019746;3;1;1;1;6;202;16/08/2017
2017019747;5;2;6;1;7;202;29/08/2017
2017019748;3;1;1;1;6;202;16/11/2017
2017019749;1;2;1;1;3;310;06/02/2017
2017019750;1;1;1;1;3;310;22/02/2017
2017019751;1;2;1;1;6;310;02/03/2017
2017019752;1;2;1;1;3;310;13/03/2017
2017019753;5;2;1;2;6;310;02/04/2017
2017019754;1;2;2;1;3;310;30/03/2017
2017019755;1;2;1;1;3;310;18/04/2017
2017019756;1;2;1;1;2;310;01/06/2017
2017019757;1;2;1;1;3;310;07/06/2017
2017019758;1;2;6;1;3;310;22/08/2017
2017019759;2;2;2;1;3;310;13/09/2017
2017019760;1;1;1;1;3;310;28/09/2017
2017019761;5;1;1;2;6;310;30/09/2017
2017019762;2;1;1;5;3;310;05/10/2017
2017019763;1;2;1;1;1;310;02/12/2017
2017019764;3;1;1;1;1;201;19/01/2017
2017019765;1;1;3;1;3;201;24/04/2017
2017019766;1;1;2;1;3;201;26/05/2017
2017019767;1;1;3;1;1;201;31/05/2017
2017019768;1;2;3;1;3;201;14/06/2017
2017019769;1;1;1;1;4;201;21/06/2017
2017019770;1;1;3;1;1;201;02/07/2017
2017019771;3;1;3;1;1;201;12/07/2017
2017019772;1;1;1;1;1;201;18/07/2017
2017019773;1;1;1;1;1;201;21/07/2017
2017019774;3;1;1;1;6;201;02/08/2017
2017019775;1;2;1;1;3;201;07/08/2017
2017019776;1;1;3;1;1;201;08/09/2017
2017019777;1;1;2;1;6;201;17/10/2017
2017019778;3;1;1;1;6;201;14/10/2017
2017019779;1;1;1;1;3;201;15/10/2017
2017019780;1;1;1;2;5;201;07/12/2017
2017019781;1;1;1;3;1;201;27/04/2017
2017019782;5;2;1;1;2;201;27/04/2017
2017019783;1;1;3;1;3;201;29/04/2017
2017019784;1;2;1;1;3;201;10/05/2017
2017019785;1;1;1;1;6;201;14/06/2017
2017019786;1;2;1;1;6;201;10/08/2017
2017019787;1;1;1;1;7;201;07/09/2017
2017019788;1;2;1;2;2;201;26/09/2017
2017019789;1;1;1;1;1;201;03/10/2017
2017019790;1;1;9;1;6;201;07/10/2017
2017019791;1;1;1;1;3;201;24/10/2017
2017019792;3;1;1;1;5;201;27/11/2017
2017019793;5;2;6;2;2;201;07/12/2017
2017019794;5;2;1;1;3;201;24/12/2017
2017019795;3;1;9;1;3;201;12/01/2017
2017019796;1;1;1;6;6;201;04/03/2017
2017019797;5;1;1;1;1;201;09/07/2017
2017019798;1;1;1;1;7;201;14/09/2017
2017019799;1;1;1;1;2;201;22/09/2017
2017019800;1;1;1;1;6;201;13/10/2017
2017019801;1;1;1;1;2;201;02/12/2017
2017019802;1;2;1;1;7;790;05/01/2017
2017019803;3;1;1;3;1;790;05/02/2017
2017019804;3;1;1;2;6;790;08/02/2017
2017019805;3;1;1;1;6;790;18/06/2017
2017019806;1;2;1;1;6;790;20/06/2017
2017019807;1;2;1;2;6;790;30/06/2017
2017019808;1;1;3;1;2;790;13/06/2017
2017019809;1;1;5;1;3;790;31/07/2017
2017019810;1;1;1;1;6;790;21/08/2017
2017019811;1;1;2;1;3;790;12/09/2017
2017019812;1;1;1;1;6;790;18/09/2017
2017019813;1;1;1;1;1;790;10/10/2017
2017019814;3;1;1;1;7;790;18/10/2017
2017019815;1;1;1;2;6;790;23/10/2017
2017019816;3;2;1;1;6;790;26/10/2017
2017019817;1;1;1;2;6;790;10/11/2017
2017019818;1;1;1;3;7;790;14/12/2017
2017019819;3;1;1;1;6;790;16/01/2017
2017019820;3;1;1;1;6;790;11/02/2017
2017019821;3;1;1;1;3;790;08/02/2017
2017019822;1;1;1;1;2;790;09/03/2017
2017019823;3;1;1;1;1;790;16/03/2017
2017019824;1;1;1;1;1;790;05/04/2017
2017019825;1;1;1;1;1;790;02/06/2017
2017019826;1;1;2;7;1;790;16/07/2017
2017019827;1;1;2;1;7;790;20/07/2017
2017019828;1;1;1;1;3;790;21/07/2017
2017019829;1;1;1;1;1;790;19/09/2017
2017019830;2;1;1;1;6;790;03/10/2017
2017019831;3;1;1;1;7;790;16/10/2017
2017019832;3;1;2;1;3;790;01/12/2017
2017019833;3;1;1;2;3;790;14/12/2017
2017019834;1;1;2;1;3;790;12/02/2017
2017019835;1;2;1;1;6;790;11/02/2017
2017019836;1;1;1;1;7;790;10/04/2017
2017019837;1;2;2;1;1;790;28/04/2017
2017019838;1;2;1;3;6;790;11/05/2017
2017019839;3;1;2;1;6;790;28/05/2017
2017019840;1;1;1;1;1;790;24/07/2017
2017019841;3;1;1;1;6;790;12/09/2017
2017019842;2;1;2;1;1;790;14/10/2017
2017019843;1;1;2;1;3;790;21/11/2017
2017019844;1;1;2;1;3;790;25/11/2017
2017019845;3;1;1;1;6;790;02/12/2017
2017019846;1;2;2;1;3;790;19/01/2017
2017019847;1;2;1;1;6;790;25/02/2017
2017019848;1;1;1;1;6;790;15/03/2017
2017019849;3;1;1;1;1;790;15/03/2017
2017019850;3;1;1;1;6;790;16/04/2017
2017019851;1;2;1;1;6;790;18/04/2017
2017019852;3;1;1;2;6;790;05/05/2017
2017019853;1;1;1;1;7;790;17/05/2017
2017019854;1;2;3;7;1;790;12/06/2017
2017019855;1;2;1;2;7;790;04/08/2017
2017019856;3;1;1;1;6;790;26/08/2017
2017019857;1;1;1;7;3;790;25/10/2017
2017019858;1;1;1;7;4;790;22/11/2017
2017019859;1;1;1;3;1;790;01/12/2017
2017019860;5;2;3;2;1;790;30/12/2017
2017019861;1;1;1;5;6;790;06/01/2017
2017019862;1;2;2;1;3;790;23/01/2017
2017019863;3;1;1;5;3;790;27/09/2017
2017019864;3;1;1;1;7;790;15/02/2017
2017019865;3;1;1;1;2;790;27/03/2017
2017019866;1;1;1;1;7;790;27/04/2017
2017019867;1;1;9;1;6;790;09/05/2017
2017019868;1;2;1;1;6;790;01/06/2017
2017019869;1;2;3;1;1;790;14/06/2017
2017019870;1;1;1;1;2;790;07/07/2017
2017019871;1;1;1;1;7;790;09/08/2017
2017019872;1;1;3;1;2;790;19/08/2017
2017019873;1;1;2;1;3;790;28/08/2017
2017019874;1;2;3;1;6;790;17/10/2017
2017019875;3;1;2;1;5;790;31/10/2017
2017019876;1;1;1;1;1;790;15/11/2017
2017019877;1;1;4;1;2;790;15/12/2017
2017019878;3;1;1;1;7;790;24/12/2017
2017019879;3;1;1;1;6;790;24/02/2017
2017019880;1;1;1;2;7;790;28/02/2017
2017019881;1;2;1;1;6;790;04/06/2017
2017019882;1;2;3;1;3;790;07/06/2017
2017019883;1;1;1;1;5;790;21/06/2017
2017019884;1;1;1;1;5;790;08/08/2017
2017019885;2;1;1;1;2;790;12/10/2017
2017019886;3;1;1;1;6;790;14/10/2017
2017019887;1;1;1;1;6;790;05/11/2017
2017019888;5;2;3;5;3;790;21/11/2017
2017019889;3;1;1;1;5;790;23/11/2017
2017019890;1;1;9;1;3;790;03/06/2017
2017019891;1;1;1;1;6;790;27/07/2017
2017019892;2;1;4;1;6;790;13/08/2017
2017019893;1;1;1;1;6;790;01/09/2017
2017019894;1;1;9;1;7;790;06/10/2017
2017019895;1;1;3;1;1;790;31/10/2017
2017019896;1;1;5;1;3;790;31/10/2017
2017019897;1;1;1;9;1;790;18/01/2017
2017019898;2;1;1;8;1;790;01/02/2017
2017019899;1;1;1;8;6;790;12/02/2017
2017019900;1;1;1;8;1;790;13/03/2017
2017019901;2;1;1;1;6;790;09/04/2017
2017019902;3;1;1;1;6;790;10/04/2017
2017019903;1;1;2;1;3;790;29/04/2017
2017019904;1;1;4;1;3;790;01/06/2017
2017019905;3;1;1;1;6;790;02/07/2017
2017019906;1;1;1;1;6;790;17/07/2017
2017019907;1;2;1;1;6;790;03/10/2017
2017019908;3;1;3;1;6;790;11/11/2017
2017019909;1;1;1;8;6;790;23/12/2017
2017019910;3;1;1;2;1;790;28/12/2017
2017019911;1;1;1;9;1;760;26/01/2017
2017019912;1;2;3;1;7;760;28/03/2017
2017019913;1;1;1;1;3;760;27/06/2017
2017019914;3;1;1;1;3;760;22/08/2017
2017019915;1;2;1;1;6;760;17/10/2017
2017019916;3;1;2;1;3;760;03/11/2017
2017019917;3;1;1;1;7;760;05/12/2017
2017019918;1;1;3;2;1;760;20/07/2017
2017019919;1;1;1;1;7;760;21/09/2017
2017019920;3;1;1;1;6;760;30/09/2017
2017019921;3;1;1;2;6;760;29/12/2017
2017019922;1;1;1;1;7;760;21/01/2017
2017019923;1;1;1;7;2;760;13/02/2017
2017019924;1;2;1;1;3;760;29/04/2017
2017019925;3;2;1;1;6;760;28/05/2017
2017019926;1;1;2;1;3;760;18/06/2017
2017019927;1;2;2;1;1;760;26/06/2017
2017019928;3;1;1;1;6;760;07/07/2017
2017019929;1;1;1;1;7;760;05/12/2017
2017019930;1;1;1;8;7;760;17/12/2017
2017019931;4;2;1;2;6;760;23/12/2017
2017019932;3;1;1;3;6;760;04/02/2017
2017019933;1;1;2;8;3;760;02/06/2017
2017019934;1;1;1;1;6;760;04/07/2017
2017019935;1;1;2;1;3;760;30/07/2017
2017019936;3;1;1;1;7;760;27/08/2017
2017019937;1;2;1;1;7;760;23/09/2017
2017019938;3;1;1;2;6;760;28/11/2017
2017019939;3;1;1;9;1;760;01/01/2017
2017019940;1;1;1;1;3;760;14/01/2017
2017019941;1;2;2;1;3;760;25/05/2017
2017019942;1;1;2;6;3;760;06/06/2017
2017019943;1;2;1;1;3;760;18/06/2017
2017019944;1;1;1;1;5;760;30/07/2017
2017019945;1;1;1;1;2;760;21/03/2017
2017019946;3;1;1;2;7;760;01/04/2017
2017019947;1;2;1;1;3;760;06/04/2017
2017019948;1;1;1;1;3;760;13/06/2017
2017019949;3;1;1;1;3;760;02/08/2017
2017019950;1;1;3;1;3;760;10/08/2017
2017019951;1;2;3;1;3;760;10/08/2017
2017019952;5;2;3;1;6;760;27/08/2017
2017019953;3;1;1;9;6;760;07/01/2017
2017019954;5;2;1;1;6;760;22/07/2017
2017019955;1;1;2;1;3;760;23/09/2017
2017019956;3;1;1;5;6;760;19/11/2017
2017019957;2;1;1;5;5;760;04/12/2017
2017019958;2;1;3;2;4;760;22/02/2017
2017019959;1;1;1;1;6;760;11/03/2017
2017019960;3;2;1;1;6;760;20/03/2017
2017019961;1;1;2;1;3;760;15/03/2017
2017019962;1;2;1;1;6;760;21/04/2017
2017019963;1;1;1;1;7;760;28/05/2017
2017019964;2;2;1;2;6;760;11/06/2017
2017019965;1;1;1;1;7;760;20/06/2017
2017019966;1;1;1;1;5;760;26/08/2017
2017019967;3;2;1;1;6;760;26/08/2017
2017019968;3;1;1;2;6;760;16/09/2017
2017019969;5;2;1;1;6;760;16/09/2017
2017019970;5;2;1;2;6;760;08/11/2017
2017019971;1;2;2;1;3;760;18/11/2017
2017019972;5;2;1;2;6;760;11/12/2017
2017019973;3;2;2;1;6;760;16/06/2017
2017019974;1;1;1;1;6;760;18/07/2017
2017019975;1;1;1;1;1;760;19/09/2017
2017019976;1;2;1;1;1;760;21/09/2017
2017019977;3;1;2;1;3;760;27/09/2017
2017019978;1;1;1;8;5;760;20/10/2017
2017019979;3;1;2;1;5;760;03/11/2017
2017019980;3;1;1;1;6;760;05/01/2017
2017019981;3;1;2;2;3;760;03/02/2017
2017019982;1;1;2;1;5;760;07/02/2017
2017019983;2;1;1;1;6;760;10/02/2017
2017019984;2;2;1;1;6;760;30/04/2017
2017019985;1;1;1;1;6;760;11/05/2017
2017019986;1;2;1;1;6;760;30/05/2017
2017019987;1;1;1;2;1;760;02/07/2017
2017019988;1;1;2;1;5;760;11/07/2017
2017019989;1;1;2;1;3;760;22/08/2017
2017019990;1;1;2;1;3;760;07/08/2017
2017019991;3;1;1;2;3;760;16/12/2017
2017019992;1;1;2;8;3;760;02/08/2017
2017019993;3;1;1;1;7;760;17/08/2017
2017019994;1;1;2;7;3;760;16/09/2017
2017019995;5;2;2;2;3;760;18/09/2017
2017019996;1;1;2;1;3;760;26/09/2017
2017019997;1;1;2;1;3;760;16/02/2017
2017019998;1;1;3;1;3;760;02/03/2017
2017019999;1;1;1;1;6;760;09/05/2017
2017020000;1;1;2;1;3;760;22/05/2017
2017020001;3;1;2;1;5;760;26/05/2017
2017020002;1;1;1;8;1;760;02/06/2017
2017020003;1;1;1;1;2;760;09/06/2017
2017020004;1;1;1;1;7;760;13/08/2017
2017020005;5;2;9;5;3;670;08/02/2017
2017020006;1;1;1;3;1;670;11/02/2017
2017020007;3;1;1;1;6;670;02/03/2017
2017020008;1;1;1;1;2;670;20/04/2017
2017020009;1;1;1;1;1;670;16/05/2017
2017020010;1;1;1;7;3;670;21/05/2017
2017020011;1;1;1;1;7;670;31/05/2017
2017020012;1;1;1;1;7;670;05/06/2017
2017020013;1;1;1;1;7;670;26/07/2017
2017020014;3;1;1;1;6;670;04/08/2017
2017020015;1;1;1;2;7;670;10/08/2017
2017020016;3;1;1;1;6;670;23/09/2017
2017020017;1;1;1;1;1;670;25/09/2017
2017020018;5;2;1;2;6;670;07/11/2017
2017020019;2;1;1;1;6;670;26/03/2017
2017020020;1;1;1;1;1;670;02/05/2017
2017020021;1;1;1;1;6;670;09/07/2017
2017020022;1;1;1;1;6;670;30/07/2017
2017020023;1;1;1;1;1;670;06/08/2017
2017020024;2;1;1;1;1;670;25/08/2017
2017020025;1;2;1;1;3;670;27/08/2017
2017020026;1;1;1;7;7;670;16/08/2017
2017020027;1;1;1;1;5;670;21/09/2017
2017020028;5;2;1;2;3;670;28/09/2017
2017020029;1;2;1;1;2;670;15/10/2017
2017020030;2;1;1;1;6;670;23/10/2017
2017020031;3;1;1;4;6;670;28/12/2017
2017020032;2;1;1;1;1;670;12/02/2017
2017020033;1;2;1;1;1;670;06/04/2017
2017020034;1;1;1;1;1;670;10/05/2017
2017020035;1;1;1;1;5;670;09/06/2017
2017020036;1;1;1;1;1;670;07/07/2017
2017020037;1;1;1;1;2;670;21/07/2017
2017020038;2;2;1;6;1;670;21/07/2017
2017020039;1;2;6;1;3;670;07/08/2017
2017020040;3;1;1;1;1;670;02/09/2017
2017020041;1;1;1;1;6;670;01/10/2017
2017020042;1;1;1;5;7;670;30/01/2017
2017020043;1;2;6;1;7;670;30/03/2017
2017020044;2;1;1;2;7;670;17/04/2017
2017020045;1;2;1;1;7;670;16/07/2017
2017020046;1;1;1;1;6;670;07/09/2017
2017020047;1;1;1;8;2;670;13/11/2017
2017020048;1;2;1;1;6;780;17/03/2017
2017020049;1;1;1;5;1;780;22/04/2017
2017020050;1;2;1;1;6;780;21/05/2017
2017020051;2;1;2;1;3;780;03/06/2017
2017020052;1;2;1;1;1;780;04/07/2017
2017020053;3;1;9;1;3;780;11/07/2017
2017020054;1;2;1;1;7;780;21/07/2017
2017020055;1;1;1;1;6;780;13/08/2017
2017020056;2;2;1;1;1;780;20/12/2017
2017020057;3;1;1;1;1;770;06/02/2017
2017020058;1;1;1;1;7;770;05/02/2017
2017020059;1;1;2;1;3;770;30/03/2017
2017020060;1;1;2;1;3;770;15/04/2017
2017020061;1;1;1;2;6;770;06/05/2017
2017020062;3;1;2;1;2;770;14/06/2017
2017020063;3;1;1;1;5;770;22/06/2017
2017020064;1;1;1;2;7;770;30/06/2017
2017020065;2;1;1;1;6;770;13/07/2017
2017020066;3;1;1;1;6;770;20/08/2017
2017020067;1;1;2;2;3;770;05/10/2017
2017020068;3;1;2;1;7;770;19/10/2017
2017020069;3;1;1;1;2;770;19/11/2017
2017020070;2;1;1;1;7;770;25/11/2017
2017020071;1;1;1;2;7;770;17/12/2017
2017020072;3;1;2;1;3;770;23/02/2017
2017020073;1;1;1;1;1;770;02/04/2017
2017020074;3;1;1;1;3;770;04/04/2017
2017020075;1;1;1;1;3;770;16/05/2017
2017020076;1;1;2;1;3;770;21/07/2017
2017020077;1;1;1;1;7;770;01/08/2017
2017020078;1;1;1;1;1;770;06/08/2017
2017020079;1;1;2;1;3;770;06/08/2017
2017020080;1;1;1;1;6;770;27/09/2017
2017020081;1;1;1;1;5;770;08/10/2017
2017020082;5;2;1;1;6;770;25/10/2017
2017020083;1;1;1;7;2;770;25/10/2017
2017020084;2;1;2;1;1;770;30/10/2017
2017020085;1;1;2;9;3;770;05/12/2017
2017020086;1;2;9;1;6;770;08/12/2017
2017020087;3;1;1;1;6;740;17/01/2017
2017020088;1;1;1;1;3;740;18/02/2017
2017020089;1;2;1;1;6;740;09/05/2017
2017020090;1;2;3;1;6;740;24/05/2017
2017020091;1;1;1;1;5;740;01/06/2017
2017020092;1;1;1;1;7;740;03/06/2017
2017020093;1;2;2;1;1;740;20/06/2017
2017020094;1;1;3;1;7;740;06/07/2017
2017020095;1;2;6;7;6;740;07/07/2017
2017020096;3;1;1;2;1;740;22/07/2017
2017020097;2;1;1;2;1;740;23/07/2017
2017020098;2;1;1;1;3;740;26/07/2017
2017020099;1;2;1;1;5;740;20/08/2017
2017020100;1;1;3;1;3;740;22/08/2017
2017020101;1;2;1;1;6;740;25/08/2017
2017020102;1;2;1;3;6;740;31/08/2017
2017020103;1;2;1;1;3;740;08/09/2017
2017020104;3;1;1;1;6;740;10/09/2017
2017020105;3;1;1;1;1;740;13/10/2017
2017020106;1;1;1;1;1;740;01/11/2017
2017020107;2;2;1;7;1;740;21/11/2017
2017020108;1;2;1;1;1;740;07/01/2017
2017020109;1;1;1;1;7;740;16/03/2017
2017020110;1;1;1;1;3;740;09/04/2017
2017020111;1;1;1;1;3;740;07/05/2017
2017020112;1;1;1;2;7;740;03/06/2017
2017020113;1;2;6;1;3;740;10/06/2017
2017020114;1;2;3;7;3;740;19/06/2017
2017020115;1;1;1;1;3;740;19/06/2017
2017020116;1;1;1;1;3;740;25/06/2017
2017020117;2;1;1;2;6;740;02/07/2017
2017020118;1;2;4;1;1;740;15/07/2017
2017020119;2;1;6;1;6;740;29/07/2017
2017020120;1;1;1;1;6;740;04/08/2017
2017020121;1;1;1;7;6;740;05/08/2017
2017020122;1;2;3;1;2;740;13/08/2017
2017020123;1;1;1;1;6;740;14/08/2017
2017020124;1;1;1;1;1;740;27/08/2017
2017020125;3;1;1;1;1;740;23/09/2017
2017020126;1;1;1;1;6;740;22/09/2017
2017020127;1;1;1;1;6;740;29/09/2017
2017020128;1;1;1;1;3;740;08/10/2017
2017020129;1;2;1;4;6;740;12/12/2017
2017020130;4;2;6;1;6;740;21/01/2017
2017020131;4;1;1;1;6;740;03/02/2017
2017020132;1;2;3;1;2;740;13/02/2017
2017020133;5;2;1;1;7;740;11/03/2017
2017020134;1;1;1;1;1;740;17/05/2017
2017020135;1;1;2;2;6;740;19/05/2017
2017020136;1;1;9;1;7;740;21/05/2017
2017020137;1;2;1;1;6;740;31/05/2017
2017020138;2;1;1;1;7;740;25/06/2017
2017020139;1;1;1;1;6;740;03/07/2017
2017020140;1;2;2;1;3;740;06/07/2017
2017020141;1;2;2;1;1;740;15/07/2017
2017020142;1;1;1;2;5;740;24/07/2017
2017020143;1;1;3;1;3;740;02/08/2017
2017020144;1;1;1;5;3;740;15/09/2017
2017020145;1;1;1;1;6;740;16/09/2017
2017020146;3;1;1;1;7;740;30/09/2017
2017020147;1;1;1;5;6;740;01/10/2017
2017020148;1;1;1;1;5;740;09/10/2017
2017020149;2;1;3;1;3;740;13/10/2017
2017020150;3;1;3;1;5;740;14/10/2017
2017020151;5;1;2;1;3;740;19/10/2017
2017020152;1;2;3;8;3;740;10/11/2017
2017020153;2;1;3;2;3;740;14/12/2017
2017020154;1;2;1;1;3;740;16/03/2017
2017020155;1;2;1;1;1;740;24/03/2017
2017020156;1;2;1;1;1;740;02/07/2017
2017020157;1;2;1;1;6;740;16/07/2017
2017020158;1;2;1;1;1;740;04/12/2017
2017020159;1;2;1;1;3;740;18/06/2017
2017020160;3;1;1;1;1;740;17/06/2017
2017020161;1;1;1;1;7;740;13/08/2017
2017020162;2;1;1;1;7;740;27/08/2017
2017020163;1;2;1;1;6;740;23/01/2017
2017020164;1;1;1;1;1;740;01/03/2017
2017020165;2;1;1;1;1;740;27/03/2017
2017020166;3;2;1;1;6;740;31/03/2017
2017020167;5;1;2;1;3;740;30/03/2017
2017020168;5;2;1;1;6;740;08/02/2017
2017020169;2;1;3;1;6;740;13/04/2017
2017020170;1;1;3;1;3;740;23/04/2017
2017020171;1;1;1;7;6;740;17/05/2017
2017020172;3;1;4;3;3;740;18/05/2017
2017020173;1;2;2;1;3;740;22/05/2017
2017020174;1;2;1;1;3;740;30/05/2017
2017020175;1;2;1;1;3;740;12/06/2017
2017020176;1;1;3;1;3;740;03/08/2017
2017020177;5;1;2;1;1;740;08/08/2017
2017020178;1;1;1;1;5;740;09/08/2017
2017020179;1;1;1;1;1;740;22/08/2017
2017020180;3;1;1;1;6;740;17/11/2017
2017020181;3;2;1;8;1;740;03/02/2017
2017020182;1;1;3;1;1;740;21/02/2017
2017020183;2;1;1;1;6;740;29/04/2017
2017020184;1;1;1;1;1;740;19/06/2017
2017020185;1;1;1;1;7;740;12/07/2017
2017020186;1;1;1;1;7;740;05/08/2017
2017020187;2;1;1;2;3;740;31/08/2017
2017020188;1;1;1;1;7;740;11/09/2017
2017020189;2;1;1;2;7;740;30/09/2017
2017020190;3;1;2;6;2;740;06/11/2017
2017020191;1;1;1;1;7;740;22/12/2017
2017020192;1;2;1;1;6;740;14/02/2017
2017020193;3;1;1;1;6;740;19/02/2017
2017020194;5;2;3;1;7;740;13/03/2017
2017020195;1;1;1;1;1;740;25/03/2017
2017020196;1;2;1;1;3;740;17/04/2017
2017020197;1;2;1;1;6;740;15/08/2017
2017020198;1;1;3;1;6;740;17/08/2017
2017020199;1;1;1;1;6;740;15/09/2017
2017020200;1;2;1;1;1;740;24/12/2017
2017020201;1;1;1;1;7;740;15/03/2017
2017020202;1;2;2;1;6;740;11/04/2017
2017020203;5;2;1;1;7;740;17/04/2017
2017020204;5;2;3;2;3;740;25/04/2017
2017020205;3;1;1;1;7;740;30/04/2017
2017020206;1;1;3;1;3;740;18/06/2017
2017020207;1;2;3;7;1;740;07/08/2017
2017020208;1;1;1;1;6;740;13/08/2017
2017020209;1;2;3;1;2;740;13/09/2017
2017020210;3;1;9;2;6;740;25/11/2017
2017020211;5;2;1;3;6;590;05/02/2017
2017020212;2;1;1;8;5;590;26/02/2017
2017020213;1;1;1;1;3;590;01/06/2017
2017020214;1;1;1;1;6;590;22/06/2017
2017020215;1;1;1;1;1;590;20/07/2017
2017020216;1;1;1;1;3;590;22/07/2017
2017020217;1;2;4;1;6;590;22/07/2017
2017020218;1;1;9;1;3;590;08/08/2017
2017020219;3;1;1;1;1;590;19/11/2017
2017020220;3;1;2;1;3;590;21/11/2017
2017020221;5;2;2;2;3;590;18/12/2017
2017020222;1;2;3;1;6;590;20/01/2017
2017020223;1;1;1;2;6;590;04/03/2017
2017020224;1;1;1;2;7;590;20/03/2017
2017020225;3;1;1;1;6;590;01/04/2017
2017020226;1;1;3;1;2;590;06/04/2017
2017020227;1;1;1;1;7;590;09/04/2017
2017020228;3;1;1;1;6;590;17/04/2017
2017020229;1;1;3;1;1;590;17/05/2017
2017020230;1;1;3;7;2;590;17/06/2017
2017020231;1;1;1;1;5;590;09/10/2017
2017020232;2;2;2;7;3;590;27/10/2017
2017020233;1;1;1;1;1;590;09/04/2017
2017020234;1;1;1;1;2;590;14/05/2017
2017020235;1;1;6;1;6;590;03/06/2017
2017020236;1;1;1;1;6;590;04/06/2017
2017020237;1;1;4;1;5;590;26/08/2017
2017020238;1;1;1;1;6;590;19/11/2017
2017020239;1;1;1;8;1;590;25/11/2017
2017020240;1;1;1;1;6;590;02/12/2017
2017020241;2;1;1;1;6;560;23/01/2017
2017020242;5;2;1;2;6;560;04/02/2017
2017020243;2;1;1;2;2;560;07/02/2017
2017020244;1;2;6;1;6;560;31/03/2017
2017020245;1;1;1;1;4;560;17/04/2017
2017020246;1;2;2;1;6;560;17/04/2017
2017020247;2;1;2;1;3;560;18/04/2017
2017020248;1;1;1;1;6;560;20/04/2017
2017020249;1;2;1;1;3;560;26/04/2017
2017020250;1;2;1;1;2;560;13/06/2017
2017020251;1;1;1;1;2;560;07/07/2017
2017020252;1;1;1;8;6;560;19/07/2017
2017020253;3;1;1;2;7;560;29/07/2017
2017020254;1;2;3;1;3;560;28/07/2017
2017020255;1;2;6;2;1;560;13/09/2017
2017020256;1;2;1;1;1;560;04/10/2017
2017020257;1;2;2;1;3;560;09/10/2017
2017020258;1;1;1;1;6;560;14/10/2017
2017020259;5;1;1;1;3;560;01/11/2017
2017020260;3;1;1;1;6;560;25/11/2017
2017020261;1;1;1;6;6;560;31/12/2017
2017020262;3;1;6;1;7;560;17/02/2017
2017020263;1;1;1;1;7;560;09/04/2017
2017020264;1;1;4;1;3;560;06/05/2017
2017020265;1;1;1;8;7;560;21/06/2017
2017020266;3;1;1;1;7;560;22/06/2017
2017020267;1;1;1;7;1;560;08/07/2017
2017020268;2;1;1;1;6;560;09/07/2017
2017020269;3;1;1;1;6;560;26/11/2017
2017020270;1;1;1;1;7;560;13/02/2017
2017020271;1;1;1;1;3;560;18/08/2017
2017020272;1;1;2;1;3;560;24/08/2017
2017020273;1;1;1;5;1;560;09/10/2017
2017020274;3;1;1;5;6;560;26/10/2017
2017020275;2;2;2;1;3;560;14/11/2017
2017020276;5;2;1;1;6;560;01/12/2017
2017020277;1;1;1;1;1;560;20/12/2017
2017020278;1;1;1;1;1;560;08/01/2017
2017020279;2;1;1;9;7;560;28/01/2017
2017020280;3;1;4;1;7;560;05/02/2017
2017020281;1;1;1;1;1;560;11/02/2017
2017020282;3;2;1;1;1;560;06/04/2017
2017020283;2;1;6;1;7;560;08/04/2017
2017020284;1;1;1;1;5;560;09/05/2017
2017020285;1;1;1;1;7;560;10/05/2017
2017020286;1;1;3;1;3;560;20/06/2017