num_acc;lum;agg;inter;atm;col;dep;date
2017020287;1;2;1;1;3;560;25/07/2017
2017020288;2;1;1;1;6;560;20/08/2017
2017020289;5;2;2;3;3;560;24/09/2017
2017020290;2;1;1;1;3;560;07/11/2017
2017020291;1;1;1;1;6;560;24/12/2017
2017020292;1;2;1;1;6;560;24/02/2017
2017020293;1;2;1;1;6;560;24/02/2017
2017020294;1;2;1;1;2;560;06/03/2017
2017020295;1;2;9;7;3;560;13/03/2017
2017020296;1;2;1;1;2;560;27/03/2017
2017020297;1;2;4;1;3;560;27/05/2017
2017020298;1;1;1;1;6;560;02/06/2017
2017020299;1;1;1;1;1;560;08/06/2017
2017020300;2;1;6;1;6;560;12/06/2017
2017020301;1;1;1;1;1;560;26/06/2017
2017020302;1;2;9;1;3;560;13/08/2017
2017020303;1;1;1;1;1;560;05/09/2017
2017020304;1;2;6;1;3;560;14/01/2017
2017020305;1;1;1;1;6;560;02/04/2017
2017020306;1;1;1;7;3;560;20/04/2017
2017020307;1;1;1;1;7;560;22/04/2017
2017020308;1;1;8;1;3;560;13/07/2017
2017020309;1;2;4;1;3;560;19/07/2017
2017020310;3;1;1;1;1;560;30/07/2017
2017020311;1;2;2;1;3;560;05/08/2017
2017020312;1;2;6;1;3;560;14/08/2017
2017020313;1;1;1;1;6;560;20/08/2017
2017020314;1;1;2;1;6;560;23/08/2017
2017020315;1;2;1;1;3;560;07/09/2017
2017020316;5;2;1;1;7;560;09/09/2017
2017020317;1;2;9;1;6;560;22/09/2017
2017020318;1;2;2;1;3;560;02/11/2017
2017020319;1;1;1;9;5;560;28/01/2017
2017020320;1;1;1;1;7;560;28/01/2017
2017020321;1;1;1;1;7;560;01/02/2017
2017020322;1;1;1;2;1;560;05/02/2017
2017020323;1;1;1;1;6;560;11/02/2017
2017020324;3;1;1;2;6;560;01/03/2017
2017020325;1;1;3;1;6;560;21/03/2017
2017020326;3;1;1;1;1;560;03/04/2017
2017020327;2;1;1;1;7;560;10/04/2017
2017020328;1;2;3;1;3;560;12/04/2017
2017020329;1;2;2;1;1;560;23/04/2017
2017020330;1;2;1;1;6;560;01/05/2017
2017020331;1;1;1;1;2;560;01/05/2017
2017020332;1;1;1;1;3;560;18/05/2017
2017020333;1;1;1;1;1;560;05/06/2017
2017020334;3;1;6;1;6;560;05/06/2017
2017020335;2;2;1;1;1;560;09/06/2017
2017020336;1;2;1;1;6;560;05/07/2017
2017020337;1;1;1;1;1;560;19/07/2017
2017020338;3;1;3;3;3;560;17/08/2017
2017020339;1;1;1;2;7;560;13/09/2017
2017020340;1;1;1;1;3;560;15/10/2017
2017020341;1;1;1;3;7;560;03/11/2017
2017020342;3;1;3;2;6;560;04/11/2017
2017020343;1;1;1;2;7;560;05/11/2017
2017020344;2;1;1;5;6;560;17/11/2017
2017020345;1;1;3;1;1;560;19/11/2017
2017020346;3;1;1;5;6;560;17/11/2017
2017020347;1;2;2;1;3;560;22/11/2017
2017020348;1;1;1;7;6;560;28/11/2017
2017020349;3;1;1;1;6;560;22/12/2017
2017020350;3;1;1;1;6;560;22/01/2017
2017020351;1;2;1;1;6;560;07/02/2017
2017020352;1;1;3;1;3;560;14/02/2017
2017020353;1;1;1;6;6;560;06/03/2017
2017020354;1;2;1;1;6;560;02/04/2017
2017020355;1;2;1;1;6;560;16/04/2017
2017020356;1;1;1;1;7;560;20/04/2017
2017020357;2;1;1;1;5;560;07/05/2017
2017020358;1;2;3;1;3;560;10/05/2017
2017020359;1;1;1;2;3;560;11/05/2017
2017020360;1;1;2;1;3;560;26/05/2017
2017020361;1;1;1;1;6;560;11/06/2017
2017020362;1;1;1;1;3;560;24/06/2017
2017020363;1;2;1;1;3;560;25/06/2017
2017020364;1;1;1;1;5;560;07/07/2017
2017020365;3;1;6;1;2;560;27/07/2017
2017020366;1;1;1;1;5;560;03/08/2017
2017020367;3;1;1;1;6;560;06/08/2017
2017020368;1;2;1;1;6;560;16/08/2017
2017020369;1;1;4;1;1;560;28/08/2017
2017020370;1;1;1;1;6;560;20/08/2017
2017020371;1;1;3;2;3;560;08/09/2017
2017020372;3;1;1;1;1;560;10/09/2017
2017020373;1;1;1;1;5;560;12/09/2017
2017020374;3;2;1;1;6;560;29/09/2017
2017020375;1;1;1;1;6;560;04/10/2017
2017020376;1;2;1;1;6;560;14/10/2017
2017020377;1;2;3;1;3;560;28/10/2017
2017020378;3;1;1;3;2;560;23/11/2017
2017020379;2;1;9;1;3;560;29/11/2017
2017020380;2;1;3;1;1;560;06/12/2017
2017020381;1;2;1;1;6;560;16/12/2017
2017020382;1;1;3;1;3;560;08/04/2017
2017020383;1;2;2;1;3;560;10/04/2017
2017020384;1;2;1;1;3;560;18/04/2017
2017020385;3;1;1;1;7;560;11/05/2017
2017020386;1;2;6;1;3;560;24/05/2017
2017020387;1;1;1;1;7;560;12/06/2017
2017020388;1;2;1;1;1;560;13/06/2017
2017020389;1;1;1;1;3;560;20/06/2017
2017020390;3;1;1;1;6;560;29/07/2017
2017020391;1;2;2;1;3;560;18/09/2017
2017020392;1;2;9;1;6;560;20/09/2017
2017020393;1;2;1;1;3;560;04/10/2017
2017020394;5;1;6;1;3;560;12/12/2017
2017020395;5;2;1;2;6;560;01/02/2017
2017020396;1;1;1;1;1;560;28/01/2017
2017020397;2;1;1;1;7;560;30/03/2017
2017020398;1;1;1;1;6;560;02/04/2017
2017020399;3;1;1;1;6;560;29/04/2017
2017020400;1;1;1;1;6;560;15/05/2017
2017020401;1;2;1;1;7;560;01/06/2017
2017020402;1;1;1;1;6;560;18/06/2017
2017020403;1;1;1;1;6;560;22/06/2017
2017020404;1;1;1;1;6;560;28/06/2017
2017020405;1;2;1;1;6;560;09/07/2017
2017020406;1;1;1;1;1;560;09/07/2017
2017020407;3;1;1;1;7;560;30/07/2017
2017020408;1;1;1;8;7;560;12/09/2017
2017020409;3;1;6;1;7;560;24/09/2017
2017020410;1;1;1;2;7;560;28/09/2017
2017020411;1;1;1;1;1;560;04/10/2017
2017020412;3;1;1;2;7;560;20/10/2017
2017020413;1;1;1;4;1;560;01/12/2017
2017020414;1;1;1;1;6;560;08/03/2017
2017020415;1;1;1;1;7;560;25/03/2017
2017020416;1;1;1;1;6;560;30/03/2017
2017020417;1;1;1;1;6;560;20/04/2017
2017020418;1;2;4;1;3;560;29/04/2017
2017020419;3;1;1;1;7;560;06/05/2017
2017020420;1;1;9;1;3;560;09/05/2017
2017020421;1;1;1;1;6;560;29/05/2017
2017020422;1;1;1;1;6;560;11/06/2017
2017020423;1;1;1;1;7;560;23/06/2017
2017020424;2;2;1;2;6;560;02/07/2017
2017020425;1;1;2;1;3;560;08/08/2017
2017020426;1;1;1;1;2;560;15/08/2017
2017020427;1;1;1;1;2;560;15/08/2017
2017020428;1;1;1;1;6;560;28/08/2017
2017020429;3;1;1;2;6;560;30/08/2017
2017020430;2;1;1;1;3;560;16/09/2017
2017020431;1;1;1;1;1;560;23/09/2017
2017020432;1;1;1;7;6;560;04/10/2017
2017020433;3;1;1;9;6;560;14/01/2017
2017020434;1;2;1;1;6;560;23/01/2017
2017020435;1;1;1;9;7;560;28/01/2017
2017020436;1;2;3;1;6;560;30/03/2017
2017020437;3;1;1;1;7;560;30/03/2017
2017020438;2;1;9;1;7;560;14/04/2017
2017020439;1;2;3;1;1;560;29/04/2017
2017020440;1;1;1;1;6;560;08/05/2017
2017020441;1;1;2;1;6;560;01/06/2017
2017020442;1;1;1;1;6;560;21/07/2017
2017020443;1;1;1;1;2;560;06/08/2017
2017020444;1;2;1;1;6;560;10/08/2017
2017020445;1;1;1;1;7;560;24/08/2017
2017020446;1;1;1;1;7;560;23/09/2017
2017020447;3;1;1;1;6;560;27/10/2017
2017020448;1;1;1;1;3;560;18/11/2017
2017020449;5;1;1;2;7;560;11/12/2017
2017020450;1;1;2;7;3;560;03/01/2017
2017020451;1;1;1;1;6;560;23/01/2017
2017020452;1;2;1;1;6;560;27/01/2017
2017020453;1;2;1;2;1;560;07/03/2017
2017020454;1;2;1;1;6;560;15/03/2017
2017020455;1;2;1;1;6;560;10/04/2017
2017020456;1;1;1;1;1;560;29/04/2017
2017020457;1;1;1;1;6;560;31/05/2017
2017020458;1;2;3;1;3;560;24/06/2017
2017020459;1;2;6;1;3;560;09/08/2017
2017020460;1;2;1;1;6;560;14/08/2017
2017020461;1;1;1;2;7;560;08/09/2017
2017020462;1;1;2;1;3;560;03/10/2017
2017020463;1;1;1;1;1;560;22/10/2017
2017020464;3;1;1;1;1;560;05/11/2017
2017020465;1;1;1;1;7;560;27/11/2017
2017020466;1;1;3;1;6;560;07/01/2017
2017020467;1;2;1;1;6;560;19/01/2017
2017020468;1;1;1;6;6;560;27/02/2017
2017020469;1;1;3;1;5;560;22/03/2017
2017020470;3;1;1;1;6;560;10/04/2017
2017020471;1;1;1;1;6;560;27/04/2017
2017020472;1;1;1;1;7;560;17/06/2017
2017020473;1;2;1;1;6;560;20/07/2017
2017020474;1;1;1;2;6;560;22/07/2017
2017020475;3;2;1;1;6;560;01/08/2017
2017020476;2;1;1;1;7;560;24/07/2017
2017020477;3;1;1;5;6;560;02/09/2017
2017020478;5;2;2;1;3;560;13/10/2017
2017020479;1;1;1;1;3;560;03/10/2017
2017020480;1;1;1;2;3;560;16/01/2017
2017020481;1;1;1;2;1;560;29/01/2017
2017020482;2;1;1;1;6;560;11/03/2017
2017020483;2;1;1;1;6;560;16/04/2017
2017020484;1;1;1;2;6;560;30/06/2017
2017020485;1;2;9;2;6;560;23/07/2017
2017020486;1;1;1;1;6;560;22/08/2017
2017020487;1;1;1;2;6;560;03/09/2017
2017020488;1;1;1;8;7;560;29/07/2017
2017020489;3;1;1;2;6;560;29/10/2017
2017020490;1;2;1;1;6;560;19/11/2017
2017020491;3;1;9;1;1;560;08/12/2017
2017020492;1;1;1;1;6;950;18/02/2017
2017020493;1;1;1;1;7;950;18/04/2017
2017020494;3;1;1;1;6;950;30/08/2017
2017020495;2;2;1;1;6;950;27/09/2017
2017020496;3;1;1;8;6;950;07/10/2017
2017020497;1;1;1;1;6;190;20/05/2017
2017020498;1;1;3;1;3;190;16/06/2017
2017020499;3;1;1;1;6;190;19/11/2017
2017020500;1;1;1;1;3;190;26/10/2017
2017020501;3;2;1;5;7;190;24/11/2017
2017020502;1;2;1;1;6;190;19/08/2017
2017020503;1;1;2;1;3;190;04/01/2017
2017020504;2;2;1;1;6;190;27/04/2017
2017020505;1;1;1;1;3;190;09/09/2017
2017020506;1;1;3;1;5;190;23/09/2017
2017020507;1;1;1;1;6;190;06/10/2017
2017020508;1;1;1;9;5;190;09/04/2017
2017020509;2;1;1;1;1;190;07/05/2017
2017020510;1;1;1;8;1;190;11/05/2017
2017020511;1;1;1;1;1;190;21/05/2017
2017020512;1;1;1;1;7;190;04/06/2017
2017020513;1;2;1;1;7;190;03/08/2017
2017020514;3;1;1;5;6;190;20/09/2017
2017020515;1;1;1;1;5;190;22/09/2017
2017020516;1;1;1;2;1;190;15/12/2017
2017020517;1;1;1;1;7;190;18/03/2017
2017020518;3;1;1;1;6;190;02/04/2017
2017020519;3;1;1;1;7;190;09/05/2017
2017020520;1;1;1;8;7;190;03/06/2017
2017020521;1;1;1;1;1;190;04/08/2017
2017020522;1;1;1;8;3;190;22/12/2017
2017020523;5;1;9;1;6;190;19/07/2017
2017020524;1;2;1;2;7;190;27/10/2017
2017020525;5;1;1;8;6;190;01/12/2017
2017020526;1;1;1;1;6;190;21/01/2017
2017020527;1;1;1;4;7;190;27/01/2017
2017020528;3;1;1;1;7;190;05/05/2017
2017020529;1;1;1;1;7;190;17/06/2017
2017020530;1;1;1;1;3;190;19/07/2017
2017020531;2;1;1;1;1;190;05/01/2017
2017020532;1;1;1;1;7;190;10/03/2017
2017020533;1;1;1;1;6;190;11/03/2017
2017020534;1;2;1;1;6;190;11/07/2017
2017020535;3;1;1;1;6;190;10/09/2017
2017020536;1;1;1;1;7;190;18/09/2017
2017020537;1;1;1;1;3;190;02/11/2017
2017020538;1;1;1;1;2;190;17/11/2017
2017020539;1;1;1;4;1;190;12/12/2017
2017020540;3;1;1;1;7;190;28/08/2017
2017020541;3;1;1;2;1;190;15/09/2017
2017020542;1;1;1;1;6;190;08/10/2017
2017020543;1;1;1;1;7;190;20/12/2017
2017020544;1;1;3;1;5;190;18/04/2017
2017020545;2;2;1;1;3;190;16/05/2017
2017020546;1;1;9;1;3;190;29/05/2017
2017020547;1;2;3;1;3;590;06/04/2017
2017020548;1;1;1;1;7;590;09/04/2017
2017020549;1;2;1;1;6;590;14/04/2017
2017020550;5;2;2;1;1;590;05/12/2017
2017020551;3;1;1;1;1;590;09/12/2017
2017020552;5;2;1;2;6;590;15/12/2017
2017020553;5;2;1;2;6;590;29/01/2017
2017020554;1;2;1;1;1;590;18/04/2017
2017020555;1;2;1;1;2;590;21/04/2017
2017020556;1;1;1;1;6;590;27/05/2017
2017020557;1;1;1;1;1;590;13/07/2017
2017020558;3;1;1;2;6;590;15/07/2017
2017020559;1;2;1;1;6;590;11/08/2017
2017020560;1;2;3;1;6;590;11/10/2017
2017020561;2;2;1;1;6;590;13/10/2017
2017020562;5;2;1;1;6;590;16/02/2017
2017020563;1;1;3;2;5;590;20/02/2017
2017020564;2;1;1;2;7;590;02/05/2017
2017020565;3;1;1;1;6;590;21/05/2017
2017020566;1;1;1;1;7;590;10/06/2017
2017020567;3;1;1;5;6;590;02/09/2017
2017020568;1;2;1;1;6;590;08/10/2017
2017020569;1;2;2;1;1;590;16/03/2017
2017020570;1;2;1;1;6;590;22/03/2017
2017020571;3;1;1;1;7;590;26/03/2017
2017020572;1;2;1;1;6;590;18/05/2017
2017020573;1;1;1;1;6;590;21/05/2017
2017020574;1;1;1;1;7;590;03/06/2017
2017020575;5;2;2;1;3;590;03/07/2017
2017020576;3;2;1;1;7;590;10/07/2017
2017020577;3;1;1;1;6;590;13/07/2017
2017020578;3;1;1;1;6;590;28/10/2017
2017020579;1;2;1;1;3;590;12/04/2017
2017020580;1;1;1;1;6;590;12/04/2017
2017020581;1;2;3;1;1;590;29/04/2017
2017020582;1;1;1;1;3;590;07/05/2017
2017020583;1;1;3;1;3;590;09/05/2017
2017020584;1;1;1;8;7;590;05/08/2017
2017020585;1;1;1;1;1;590;13/11/2017
2017020586;1;1;1;1;7;590;26/11/2017
2017020587;3;1;1;1;6;510;10/03/2017
2017020588;3;1;1;1;6;510;16/03/2017
2017020589;3;1;1;1;6;510;30/03/2017
2017020590;5;2;1;1;6;510;02/04/2017
2017020591;1;1;1;1;6;510;21/04/2017
2017020592;1;1;1;1;5;510;02/05/2017
2017020593;3;1;1;1;6;510;20/05/2017
2017020594;1;1;1;1;6;510;26/05/2017
2017020595;1;1;1;1;6;510;14/06/2017
2017020596;2;1;1;8;1;510;10/08/2017
2017020597;1;2;1;1;6;510;10/08/2017
2017020598;1;1;1;1;1;510;20/08/2017
2017020599;1;2;2;1;3;510;03/09/2017
2017020600;2;1;1;1;7;510;24/09/2017
2017020601;1;1;3;1;3;510;16/11/2017
2017020602;2;1;1;5;4;510;05/12/2017
2017020603;1;1;1;5;5;510;06/12/2017
2017020604;2;1;1;2;6;510;24/12/2017
2017020605;1;1;1;1;6;510;25/02/2017
2017020606;3;2;1;1;6;510;20/05/2017
2017020607;1;1;1;1;1;510;17/06/2017
2017020608;1;2;1;1;3;510;18/07/2017
2017020609;3;1;1;1;6;510;19/07/2017
2017020610;3;1;1;1;7;510;18/07/2017
2017020611;3;1;1;1;2;510;28/09/2017
2017020612;1;2;1;5;7;510;26/10/2017
2017020613;1;1;1;1;7;510;28/11/2017
2017020614;1;1;1;2;1;510;24/07/2017
2017020615;3;1;3;5;6;510;23/09/2017
2017020616;3;1;1;1;1;510;28/09/2017
2017020617;3;2;6;1;1;510;22/10/2017
2017020618;1;1;1;8;7;510;15/01/2017
2017020619;2;1;2;1;3;510;02/03/2017
2017020620;1;1;1;1;3;510;11/05/2017
2017020621;1;1;1;1;6;510;19/05/2017
2017020622;1;1;1;1;7;510;08/07/2017
2017020623;1;1;1;1;6;510;28/07/2017
2017020624;1;1;2;1;3;510;05/11/2017
2017020625;1;1;1;1;1;510;07/12/2017
2017020626;3;1;1;1;6;510;22/01/2017
2017020627;1;1;2;1;3;510;13/02/2017
2017020628;2;1;2;1;3;510;17/02/2017
2017020629;1;1;1;1;6;510;02/03/2017
2017020630;1;1;1;1;6;510;25/03/2017
2017020631;5;2;1;1;7;510;30/03/2017
2017020632;1;1;1;7;6;510;11/06/2017
2017020633;1;1;2;7;3;510;24/09/2017
2017020634;1;1;1;1;7;510;12/10/2017
2017020635;1;2;1;1;3;510;20/10/2017
2017020636;5;2;1;2;6;510;21/10/2017
2017020637;1;1;1;1;1;510;15/11/2017
2017020638;1;2;2;1;3;510;28/03/2017
2017020639;1;2;1;1;6;510;10/05/2017
2017020640;1;1;1;1;7;510;21/05/2017
2017020641;3;1;1;2;1;510;09/06/2017
2017020642;1;1;1;2;6;510;23/07/2017
2017020643;1;2;3;2;3;510;27/07/2017
2017020644;1;1;1;1;6;510;31/08/2017
2017020645;1;2;1;1;3;510;04/09/2017
2017020646;3;1;1;8;6;510;16/09/2017
2017020647;1;1;1;2;6;510;30/09/2017
2017020648;1;1;1;1;1;510;06/10/2017
2017020649;5;1;2;1;6;510;11/10/2017
2017020650;1;2;1;1;6;510;25/10/2017
2017020651;3;1;1;2;1;510;05/03/2017
2017020652;1;1;1;7;7;510;16/03/2017
2017020653;1;1;9;7;3;510;01/06/2017
2017020654;3;1;9;1;3;510;28/07/2017
2017020655;1;1;3;8;3;510;25/08/2017
2017020656;2;1;9;1;3;510;17/10/2017
2017020657;2;1;1;2;1;510;02/11/2017
2017020658;3;1;1;9;1;510;15/12/2017
2017020659;5;2;1;1;6;510;20/01/2017
2017020660;1;1;1;1;3;510;27/02/2017
2017020661;1;2;1;1;3;510;28/05/2017
2017020662;1;1;1;1;6;510;19/08/2017
2017020663;2;1;3;1;6;510;09/07/2017
2017020664;4;2;1;1;6;510;19/07/2017
2017020665;3;2;1;8;6;510;22/07/2017
2017020666;1;1;1;9;1;510;24/08/2017
2017020667;1;1;1;1;5;510;23/09/2017
2017020668;1;1;1;6;6;510;11/11/2017
2017020669;3;1;1;5;7;510;03/12/2017
2017020670;1;2;1;1;6;620;16/05/2017
2017020671;1;1;1;1;3;620;31/10/2017
2017020672;5;2;1;1;2;620;18/12/2017
2017020673;1;2;1;1;5;620;17/05/2017
2017020674;1;1;1;1;5;620;15/06/2017
2017020675;1;2;1;2;6;620;26/07/2017
2017020676;1;1;9;1;6;620;26/10/2017
2017020677;3;1;1;3;6;620;05/03/2017
2017020678;1;1;1;1;2;620;11/03/2017
2017020679;1;2;1;1;1;620;21/05/2017
2017020680;1;1;9;1;3;620;07/06/2017
2017020681;1;2;1;1;7;620;15/07/2017
2017020682;1;2;1;1;6;620;15/09/2017
2017020683;3;1;1;4;1;620;12/12/2017
2017020684;3;2;1;1;1;620;21/12/2017
2017020685;3;1;1;8;2;510;29/12/2017
2017020686;2;1;1;1;6;510;27/01/2017
2017020687;1;2;1;1;6;510;12/03/2017
2017020688;3;1;1;2;7;510;04/11/2017
2017020689;1;2;1;1;3;910;11/02/2017
2017020690;3;1;6;2;3;910;14/02/2017
2017020691;5;2;3;2;3;910;16/02/2017
2017020692;1;2;1;1;7;910;21/02/2017
2017020693;1;1;1;1;3;910;25/03/2017
2017020694;5;2;1;1;6;910;09/04/2017
2017020695;2;2;6;2;3;910;02/05/2017
2017020696;5;2;1;2;6;910;13/05/2017
2017020697;1;2;6;1;7;910;11/06/2017
2017020698;1;2;6;1;6;910;12/06/2017
2017020699;1;1;1;1;2;910;05/08/2017
2017020700;1;2;1;2;2;910;08/09/2017
2017020701;1;2;1;1;6;910;17/09/2017
2017020702;1;1;1;1;4;910;20/09/2017
2017020703;1;2;1;1;1;910;19/09/2017
2017020704;2;1;1;1;2;910;24/09/2017
2017020705;1;1;1;1;3;910;26/09/2017
2017020706;3;2;9;2;3;910;01/10/2017
2017020707;1;1;1;1;2;910;17/10/2017
2017020708;4;2;3;1;3;910;25/11/2017
2017020709;5;2;1;1;2;910;29/12/2017
2017020710;2;2;1;1;7;910;03/02/2017
2017020711;1;1;1;1;2;910;13/03/2017
2017020712;2;1;1;1;7;910;23/02/2017
2017020713;1;1;1;1;6;910;25/03/2017
2017020714;1;2;1;1;6;910;08/04/2017
2017020715;1;1;2;1;5;910;11/04/2017
2017020716;5;2;1;1;6;910;12/04/2017
2017020717;1;1;1;1;6;910;26/04/2017
2017020718;1;1;1;1;2;910;26/04/2017
2017020719;1;1;2;1;3;910;17/05/2017
2017020720;1;2;6;1;3;910;13/06/2017
2017020721;1;1;1;1;2;910;14/06/2017
2017020722;1;2;1;1;2;910;27/06/2017
2017020723;1;1;1;2;1;910;02/07/2017
2017020724;3;1;1;3;6;910;13/07/2017
2017020725;1;1;6;2;6;910;27/07/2017
2017020726;1;1;1;1;3;910;28/07/2017
2017020727;2;1;1;1;7;910;29/08/2017
2017020728;1;1;1;1;3;910;14/09/2017
2017020729;1;2;2;2;1;910;26/09/2017
2017020730;1;1;1;2;3;910;22/10/2017
2017020731;1;1;1;2;1;910;22/12/2017
2017020732;1;2;6;2;6;910;27/12/2017
2017020733;3;1;1;1;6;950;23/02/2017
2017020734;1;1;1;1;5;950;12/05/2017
2017020735;1;2;1;1;7;950;01/06/2017
2017020736;1;1;1;8;5;950;02/07/2017
2017020737;3;1;1;1;2;950;26/07/2017
2017020738;1;1;3;1;1;950;20/08/2017
2017020739;3;1;1;1;2;950;29/09/2017
2017020740;1;1;1;1;1;950;04/10/2017
2017020741;3;1;1;5;1;950;17/10/2017
2017020742;3;1;1;8;3;950;10/11/2017
2017020743;3;1;1;4;6;890;07/01/2017
2017020744;3;1;1;5;6;890;18/02/2017
2017020745;1;1;1;1;6;890;14/04/2017
2017020746;1;1;1;1;3;890;28/04/2017
2017020747;1;1;1;1;1;890;02/06/2017
2017020748;1;2;2;1;3;890;04/06/2017
2017020749;1;2;2;1;3;890;27/06/2017
2017020750;1;2;1;1;4;890;11/07/2017
2017020751;1;1;1;1;7;890;04/08/2017
2017020752;1;1;1;1;3;890;23/08/2017
2017020753;1;1;1;1;7;890;02/09/2017
2017020754;1;2;1;5;4;890;07/11/2017
2017020755;5;2;1;4;3;890;01/12/2017
2017020756;1;2;1;2;7;890;10/12/2017
2017020757;3;1;1;6;6;890;30/12/2017
2017020758;1;1;1;1;6;40;04/01/2017
2017020759;1;1;1;1;6;40;06/04/2017
2017020760;1;1;1;1;2;40;13/06/2017
2017020761;1;1;1;1;7;40;25/06/2017
2017020762;1;2;9;1;7;40;22/07/2017
2017020763;1;1;1;1;3;40;13/08/2017
2017020764;1;2;1;1;6;40;20/08/2017
2017020765;1;1;1;1;6;40;22/08/2017
2017020766;1;1;1;1;7;40;06/10/2017
2017020767;1;1;1;1;1;40;06/11/2017
2017020768;3;1;9;1;6;570;01/01/2017
2017020769;1;1;1;1;4;570;03/02/2017
2017020770;1;1;1;1;1;570;30/05/2017
2017020771;1;2;1;1;6;570;02/06/2017
2017020772;1;2;1;1;1;570;09/06/2017
2017020773;1;2;4;1;3;570;30/08/2017
2017020774;3;1;5;2;5;570;21/12/2017
2017020775;1;1;2;1;5;570;29/03/2017
2017020776;1;1;1;1;3;570;05/07/2017
2017020777;1;1;3;1;3;570;16/07/2017
2017020778;1;2;3;1;3;570;09/09/2017
2017020779;3;1;1;5;7;570;05/02/2017
2017020780;3;1;1;2;7;570;21/02/2017
2017020781;1;2;1;1;1;570;24/02/2017
2017020782;3;1;1;1;7;570;31/03/2017
2017020783;1;1;2;1;2;570;09/06/2017
2017020784;1;1;1;1;6;570;26/07/2017
2017020785;1;1;2;1;3;570;28/07/2017
2017020786;1;2;3;1;6;570;12/08/2017
2017020787;1;2;1;1;6;570;17/09/2017
2017020788;1;2;1;1;4;570;07/10/2017
2017020789;1;1;1;1;7;570;13/03/2017
2017020790;1;1;1;1;1;570;23/04/2017
2017020791;1;1;1;1;6;570;29/05/2017
2017020792;1;1;1;1;6;570;14/08/2017
2017020793;1;2;1;1;1;570;25/08/2017
2017020794;1;1;1;1;6;570;18/09/2017
2017020795;3;1;1;2;1;570;09/11/2017
2017020796;1;2;1;1;6;570;22/11/2017
2017020797;3;1;1;2;6;570;25/12/2017
2017020798;1;1;1;1;5;570;02/02/2017
2017020799;1;2;1;1;6;570;05/04/2017
2017020800;3;1;1;1;1;570;25/04/2017
2017020801;3;1;1;8;6;570;10/12/2017
2017020802;1;1;1;1;6;570;03/02/2017
2017020803;1;2;1;1;1;570;21/04/2017
2017020804;1;1;3;7;3;570;17/05/2017
2017020805;1;1;1;1;7;570;23/06/2017
2017020806;1;2;1;2;6;570;08/03/2017
2017020807;1;1;1;1;2;570;04/05/2017
2017020808;1;2;1;1;7;570;13/05/2017
2017020809;2;2;9;1;6;570;05/06/2017
2017020810;1;1;1;2;2;570;06/06/2017
2017020811;1;2;4;1;3;570;11/06/2017
2017020812;1;2;1;1;1;570;12/06/2017
2017020813;1;1;1;1;6;570;07/07/2017
2017020814;1;1;1;1;6;570;10/07/2017
2017020815;1;1;1;1;6;570;01/08/2017
2017020816;1;2;3;1;3;570;01/08/2017
2017020817;3;1;1;1;6;570;06/08/2017
2017020818;1;1;5;1;3;570;15/08/2017
2017020819;1;2;3;1;3;570;01/09/2017
2017020820;1;1;1;1;6;570;14/10/2017
2017020821;1;1;1;3;6;570;12/11/2017
2017020822;3;1;6;5;6;570;06/12/2017
2017020823;1;2;3;1;6;570;15/07/2017
2017020824;3;1;1;1;7;570;20/08/2017
2017020825;2;2;9;2;6;570;11/09/2017
2017020826;3;1;1;9;2;570;23/12/2017
2017020827;1;1;1;4;6;570;10/01/2017
2017020828;5;2;4;1;6;570;02/02/2017
2017020829;3;1;1;1;6;570;25/02/2017
2017020830;1;1;2;1;3;570;25/05/2017
2017020831;3;1;1;1;6;570;25/06/2017
2017020832;1;1;1;1;6;570;18/10/2017
2017020833;1;1;1;1;4;570;14/10/2017
2017020834;3;1;1;8;7;570;19/12/2017
2017020835;1;1;9;1;3;570;09/04/2017
2017020836;1;1;1;1;1;570;12/06/2017
2017020837;1;1;2;1;3;570;21/08/2017
2017020838;1;1;1;2;6;570;05/02/2017
2017020839;2;1;1;1;6;570;16/02/2017
2017020840;3;1;1;2;5;570;19/02/2017
2017020841;1;1;1;1;7;570;02/04/2017
2017020842;1;1;1;1;1;570;02/07/2017
2017020843;1;2;2;1;2;570;07/08/2017
2017020844;2;2;1;1;6;570;17/10/2017
2017020845;1;2;2;1;3;570;06/11/2017
2017020846;5;2;1;1;6;570;15/02/2017
2017020847;5;2;1;1;6;570;04/03/2017
2017020848;3;1;1;5;6;570;28/04/2017
2017020849;1;1;1;1;7;570;05/05/2017
2017020850;1;1;1;1;1;570;10/05/2017
2017020851;1;1;1;1;6;570;16/05/2017
2017020852;1;1;1;1;3;570;04/07/2017
2017020853;1;2;1;1;6;570;09/07/2017
2017020854;3;1;6;1;7;570;08/09/2017
2017020855;3;2;1;1;6;570;10/11/2017
2017020856;2;1;1;5;2;350;08/01/2017
2017020857;3;1;2;2;1;350;04/02/2017
2017020858;1;2;7;1;6;350;06/04/2017
2017020859;1;1;1;1;1;350;20/06/2017
2017020860;1;1;1;1;5;350;03/07/2017
2017020861;1;1;1;1;1;350;01/08/2017
2017020862;1;1;2;1;3;350;23/08/2017
2017020863;1;1;3;1;3;350;20/09/2017
2017020864;1;1;9;1;3;350;20/09/2017