num_acc;lum;agg;inter;atm;col;dep;date
2017022597;1;2;1;2;4;250;12/09/2017
2017022598;1;2;3;1;3;250;17/09/2017
2017022599;5;2;3;1;3;250;21/09/2017
2017022600;5;2;2;1;6;250;22/09/2017
2017022601;1;2;3;1;6;250;23/09/2017
2017022602;5;2;1;1;2;250;29/09/2017
2017022603;5;2;1;1;1;250;29/09/2017
2017022604;5;2;6;1;6;250;30/09/2017
2017022605;1;1;1;1;2;250;04/10/2017
2017022606;2;2;9;1;3;250;04/10/2017
2017022607;1;2;1;1;5;250;12/10/2017
2017022608;1;2;6;1;6;250;13/10/2017
2017022609;5;2;1;1;6;250;18/10/2017
2017022610;1;2;1;1;3;250;18/10/2017
2017022611;5;2;3;1;3;250;21/10/2017
2017022612;1;2;1;1;6;250;21/10/2017
2017022613;1;2;1;2;6;250;23/10/2017
2017022614;1;2;1;1;1;250;29/10/2017
2017022615;1;2;2;1;3;250;02/11/2017
2017022616;1;2;1;1;6;250;05/11/2017
2017022617;5;2;1;1;6;250;09/11/2017
2017022618;1;2;1;2;6;250;13/11/2017
2017022619;5;2;6;1;3;250;21/11/2017
2017022620;1;2;1;3;6;250;28/11/2017
2017022621;1;2;1;1;6;250;29/11/2017
2017022622;5;2;1;4;6;250;30/11/2017
2017022623;5;2;1;2;3;250;11/12/2017
2017022624;5;2;1;1;3;250;12/12/2017
2017022625;5;2;1;2;1;250;14/12/2017
2017022626;5;2;1;3;6;250;14/12/2017
2017022627;1;2;1;2;6;250;15/12/2017
2017022628;5;2;1;2;6;250;15/12/2017
2017022629;1;2;1;8;6;250;18/12/2017
2017022630;5;2;6;1;6;250;19/12/2017
2017022631;1;2;1;1;4;250;22/12/2017
2017022632;2;2;1;1;6;250;24/12/2017
2017022633;1;2;1;1;6;250;28/01/2017
2017022634;2;2;1;8;6;250;08/03/2017
2017022635;1;2;1;1;3;700;18/03/2017
2017022636;1;2;3;1;6;250;17/01/2017
2017022637;1;2;1;2;3;250;25/04/2017
2017022638;1;2;1;1;6;700;02/05/2017
2017022639;1;2;1;1;4;700;05/05/2017
2017022640;1;2;3;1;3;250;12/05/2017
2017022641;5;2;9;3;1;250;12/05/2017
2017022642;1;2;2;1;3;250;31/05/2017
2017022643;2;2;1;1;7;250;14/06/2017
2017022644;5;2;2;1;3;250;06/05/2017
2017022645;1;1;1;1;7;700;22/06/2017
2017022646;1;2;4;1;6;250;05/07/2017
2017022647;1;2;1;1;6;250;31/07/2017
2017022648;1;2;1;2;6;250;16/09/2017
2017022649;1;2;1;1;6;250;20/09/2017
2017022650;1;2;2;1;3;250;27/09/2017
2017022651;5;2;3;1;1;250;16/11/2017
2017022652;5;2;3;1;6;250;09/11/2017
2017022653;1;2;2;2;3;250;25/11/2017
2017022654;1;2;1;1;3;250;25/10/2017
2017022655;1;2;1;1;6;250;13/12/2017
2017022656;3;1;1;1;5;700;05/12/2017
2017022657;1;2;3;1;3;250;13/12/2017
2017022658;5;2;4;1;6;250;29/11/2017
2017022659;1;1;1;1;3;250;06/01/2017
2017022660;1;2;1;1;6;250;15/02/2017
2017022661;1;1;1;1;2;250;16/02/2017
2017022662;1;2;2;1;6;250;16/02/2017
2017022663;1;1;1;1;1;250;24/02/2017
2017022664;1;2;1;1;3;250;12/03/2017
2017022665;1;1;6;1;2;250;15/03/2017
2017022666;1;2;1;1;6;250;13/04/2017
2017022667;1;2;3;1;3;250;21/04/2017
2017022668;1;2;1;2;6;250;02/05/2017
2017022669;1;2;1;1;6;250;17/05/2017
2017022670;1;2;1;1;2;250;17/05/2017
2017022671;1;1;1;1;7;250;02/06/2017
2017022672;1;1;3;2;3;250;06/06/2017
2017022673;1;2;6;1;2;250;10/06/2017
2017022674;5;2;1;1;3;250;15/06/2017
2017022675;1;2;1;1;3;250;16/06/2017
2017022676;1;2;1;2;6;250;29/06/2017
2017022677;1;2;1;1;6;250;01/07/2017
2017022678;5;1;1;1;1;250;16/07/2017
2017022679;1;2;6;1;3;250;20/07/2017
2017022680;2;2;1;1;3;250;22/07/2017
2017022681;1;2;3;1;6;250;29/07/2017
2017022682;1;2;1;1;4;250;01/08/2017
2017022683;1;2;2;1;6;250;04/09/2017
2017022684;1;2;3;1;3;250;04/09/2017
2017022685;1;2;1;1;6;250;11/09/2017
2017022686;1;2;2;1;3;250;17/09/2017
2017022687;1;2;1;1;6;250;19/09/2017
2017022688;1;2;3;1;1;250;21/09/2017
2017022689;1;2;2;2;3;250;26/09/2017
2017022690;1;2;2;1;3;250;26/09/2017
2017022691;1;1;3;1;3;250;29/09/2017
2017022692;1;2;3;1;3;250;05/10/2017
2017022693;1;2;3;1;6;250;12/10/2017
2017022694;1;2;1;1;7;250;16/10/2017
2017022695;1;2;2;1;3;250;25/10/2017
2017022696;1;2;1;1;2;250;26/10/2017
2017022697;1;2;7;2;6;250;27/10/2017
2017022698;5;2;1;1;4;250;27/10/2017
2017022699;2;2;1;1;6;250;01/11/2017
2017022700;5;2;1;2;7;250;07/11/2017
2017022701;1;2;1;1;7;250;10/11/2017
2017022702;5;2;3;1;3;250;18/11/2017
2017022703;5;2;3;4;6;250;19/11/2017
2017022704;1;2;1;1;4;250;22/11/2017
2017022705;1;2;1;8;2;250;04/12/2017
2017022706;1;2;1;1;6;250;05/12/2017
2017022707;1;2;1;4;6;250;20/12/2017
2017022708;1;2;1;4;2;250;21/12/2017
2017022709;3;1;1;1;6;260;11/03/2017
2017022710;1;1;1;1;6;260;17/03/2017
2017022711;3;1;1;1;1;260;07/04/2017
2017022712;2;1;1;1;3;260;28/04/2017
2017022713;1;1;1;1;6;260;10/05/2017
2017022714;1;1;1;1;2;260;21/05/2017
2017022715;1;1;1;1;2;260;23/05/2017
2017022716;1;2;3;1;3;260;06/07/2017
2017022717;1;2;1;2;1;260;09/07/2017
2017022718;1;2;9;7;3;260;07/07/2017
2017022719;1;2;1;1;4;260;18/07/2017
2017022720;1;1;1;1;1;260;09/09/2017
2017022721;3;1;1;1;6;260;14/10/2017
2017022722;1;1;1;1;1;260;20/11/2017
2017022723;1;2;3;1;3;260;07/12/2017
2017022724;3;1;1;1;6;840;19/01/2017
2017022725;3;1;1;1;6;840;10/03/2017
2017022726;3;1;1;1;6;840;19/03/2017
2017022727;1;2;6;1;3;840;24/06/2017
2017022728;1;2;1;1;2;840;20/07/2017
2017022729;1;2;1;1;6;840;27/07/2017
2017022730;1;1;2;1;3;840;16/09/2017
2017022731;1;1;1;1;1;840;13/12/2017
2017022732;2;1;2;5;3;840;13/12/2017
2017022733;1;2;2;2;3;590;12/01/2017
2017022734;3;1;1;1;6;590;16/01/2017
2017022735;1;1;1;1;7;590;09/06/2017
2017022736;1;2;1;8;2;590;27/07/2017
2017022737;1;1;1;1;3;590;09/08/2017
2017022738;1;1;3;1;3;590;17/08/2017
2017022739;2;2;1;1;6;590;17/11/2017
2017022740;5;1;1;8;6;590;09/12/2017
2017022741;3;1;1;1;1;790;21/01/2017
2017022742;1;2;2;1;2;790;17/03/2017
2017022743;1;2;6;1;6;790;14/04/2017
2017022744;1;2;1;1;3;790;14/04/2017
2017022745;1;2;2;1;3;790;14/04/2017
2017022746;1;1;1;1;6;790;24/05/2017
2017022747;1;2;1;1;7;790;04/06/2017
2017022748;1;1;9;1;3;790;24/09/2017
2017022749;1;1;1;1;6;790;12/10/2017
2017022750;1;1;1;1;1;790;17/10/2017
2017022751;5;2;1;6;6;790;26/12/2017
2017022752;1;2;1;2;6;620;27/01/2017
2017022753;1;2;6;2;2;620;05/02/2017
2017022754;3;2;1;1;7;620;17/02/2017
2017022755;1;2;1;6;6;620;23/02/2017
2017022756;3;1;1;1;7;620;08/04/2017
2017022757;1;2;2;7;2;620;09/04/2017
2017022758;1;2;3;3;3;620;12/05/2017
2017022759;1;2;6;1;3;620;20/05/2017
2017022760;1;2;1;1;2;620;07/09/2017
2017022761;1;1;1;1;6;620;15/09/2017
2017022762;1;2;1;3;1;620;16/11/2017
2017022763;1;2;1;1;3;620;09/12/2017
2017022764;1;2;3;2;6;590;27/02/2017
2017022765;1;1;1;5;5;590;13/03/2017
2017022766;1;2;1;1;5;590;07/04/2017
2017022767;1;2;3;1;6;590;21/06/2017
2017022768;2;1;1;1;7;590;25/06/2017
2017022769;1;2;1;1;6;590;13/07/2017
2017022770;1;2;1;1;3;590;21/08/2017
2017022771;1;2;1;1;1;590;14/09/2017
2017022772;1;2;1;1;6;590;29/10/2017
2017022773;2;1;1;1;6;590;20/11/2017
2017022774;1;2;1;1;3;590;24/11/2017
2017022775;1;2;3;1;6;10;03/01/2017
2017022776;3;1;1;1;1;10;11/02/2017
2017022777;1;1;1;1;6;10;19/02/2017
2017022778;1;2;1;1;6;10;19/03/2017
2017022779;1;2;3;9;3;10;29/03/2017
2017022780;1;1;1;1;1;10;26/05/2017
2017022781;1;2;4;1;1;10;23/06/2017
2017022782;5;2;6;1;1;10;13/08/2017
2017022783;1;1;1;1;7;10;17/08/2017
2017022784;1;2;9;1;6;10;09/10/2017
2017022785;2;2;1;2;1;10;15/12/2017
2017022786;1;1;1;1;1;10;11/07/2017
2017022787;1;1;3;1;3;10;27/07/2017
2017022788;1;2;1;1;7;10;29/07/2017
2017022789;1;1;1;8;5;830;28/02/2017
2017022790;1;1;1;8;1;830;06/03/2017
2017022791;1;2;1;1;2;830;15/03/2017
2017022792;1;1;1;1;6;830;29/04/2017
2017022793;1;2;6;1;3;830;15/05/2017
2017022794;1;2;1;1;1;830;29/05/2017
2017022795;1;1;1;1;6;830;08/07/2017
2017022796;3;1;3;1;7;830;26/08/2017
2017022797;1;2;1;1;1;830;11/09/2017
2017022798;1;1;1;1;1;830;15/09/2017
2017022799;1;1;1;1;4;830;20/09/2017
2017022800;1;1;1;1;5;830;05/10/2017
2017022801;3;1;1;1;1;830;27/10/2017
2017022802;1;1;1;1;6;830;07/11/2017
2017022803;1;1;1;7;7;540;09/04/2017
2017022804;1;1;1;1;7;540;15/04/2017
2017022805;1;1;1;1;6;540;23/04/2017
2017022806;1;1;3;1;2;540;30/04/2017
2017022807;2;1;1;1;7;540;15/06/2017
2017022808;1;1;2;1;3;540;29/06/2017
2017022809;1;1;1;1;3;540;22/07/2017
2017022810;1;1;9;1;1;540;29/09/2017
2017022811;1;1;2;1;3;540;13/10/2017
2017022812;3;1;1;2;6;540;05/11/2017
2017022813;1;1;1;1;1;260;04/12/2017
2017022814;5;2;3;1;3;260;22/12/2017
2017022815;1;2;1;1;6;260;06/03/2017
2017022816;1;1;1;1;1;260;17/02/2017
2017022817;1;2;1;1;6;260;27/05/2017
2017022818;1;1;1;1;3;260;31/05/2017
2017022819;1;1;1;3;7;260;01/04/2017
2017022820;1;2;1;1;3;260;06/04/2017
2017022821;1;2;2;1;3;260;07/04/2017
2017022822;2;2;2;1;3;260;16/04/2017
2017022823;1;2;1;1;3;260;23/05/2017
2017022824;1;1;1;1;6;260;09/08/2017
2017022825;1;2;1;1;6;260;16/06/2017
2017022826;1;2;3;1;3;260;14/09/2017
2017022827;1;2;6;1;3;260;27/07/2017
2017022828;1;1;1;1;6;260;04/09/2017
2017022829;2;2;1;1;6;260;29/06/2017
2017022830;1;1;1;1;3;260;06/10/2017
2017022831;1;2;1;1;6;260;10/10/2017
2017022832;1;1;1;1;1;260;29/08/2017
2017022833;5;2;3;1;6;260;20/10/2017
2017022834;1;2;1;1;6;260;22/10/2017
2017022835;1;2;1;1;6;260;17/11/2017
2017022836;1;2;1;1;3;260;24/10/2017
2017022837;2;2;2;8;3;260;03/01/2017
2017022838;3;2;2;1;3;260;03/01/2017
2017022839;5;2;1;1;6;260;12/01/2017
2017022840;1;2;2;1;3;260;13/01/2017
2017022841;1;2;1;1;6;260;14/01/2017
2017022842;1;2;3;1;3;260;23/01/2017
2017022843;1;2;1;1;3;260;24/01/2017
2017022844;1;2;3;1;3;260;30/01/2017
2017022845;1;2;1;1;1;260;04/02/2017
2017022846;5;2;3;1;6;260;04/02/2017
2017022847;1;2;2;1;3;260;05/02/2017
2017022848;2;2;1;1;3;260;13/02/2017
2017022849;1;2;1;1;4;260;14/02/2017
2017022850;1;2;1;1;6;260;15/02/2017
2017022851;5;2;4;1;6;260;18/02/2017
2017022852;1;2;1;2;4;260;01/03/2017
2017022853;1;2;1;1;3;260;06/03/2017
2017022854;1;2;1;1;6;260;14/03/2017
2017022855;1;2;1;1;2;260;18/03/2017
2017022856;1;2;1;1;6;260;27/03/2017
2017022857;1;1;6;1;3;260;29/03/2017
2017022858;1;2;1;1;3;260;03/04/2017
2017022859;1;2;1;1;6;260;12/04/2017
2017022860;1;2;1;1;3;260;12/04/2017
2017022861;1;2;2;1;3;260;20/04/2017
2017022862;1;2;1;1;6;260;06/05/2017
2017022863;1;2;1;2;2;260;12/05/2017
2017022864;1;2;2;1;3;260;15/05/2017
2017022865;1;2;2;1;3;260;15/05/2017
2017022866;1;2;1;1;2;260;22/05/2017
2017022867;1;2;2;1;3;260;24/05/2017
2017022868;1;2;1;1;1;260;28/05/2017
2017022869;1;2;6;1;3;260;26/05/2017
2017022870;1;2;2;1;6;260;29/05/2017
2017022871;1;2;6;1;3;260;31/05/2017
2017022872;1;2;2;1;3;260;12/06/2017
2017022873;1;2;2;1;3;260;17/06/2017
2017022874;1;2;2;1;3;260;21/06/2017
2017022875;1;2;1;1;2;260;27/06/2017
2017022876;1;2;6;1;2;260;27/06/2017
2017022877;1;2;6;1;3;260;03/07/2017
2017022878;1;2;1;1;4;260;07/07/2017
2017022879;1;2;1;2;3;260;10/07/2017
2017022880;1;2;2;1;3;260;11/07/2017
2017022881;1;2;1;1;6;260;12/07/2017
2017022882;1;2;2;1;6;260;16/07/2017
2017022883;1;2;1;1;3;260;16/07/2017
2017022884;1;2;1;1;2;260;20/07/2017
2017022885;1;2;1;2;2;260;25/07/2017
2017022886;1;2;1;1;1;260;26/07/2017
2017022887;3;2;2;1;2;260;29/07/2017
2017022888;4;2;1;1;6;260;20/08/2017
2017022889;1;2;2;1;3;260;22/08/2017
2017022890;1;2;2;1;3;260;22/08/2017
2017022891;1;2;2;1;3;260;30/08/2017
2017022892;1;2;1;1;2;260;30/08/2017
2017022893;1;2;2;2;2;260;02/09/2017
2017022894;1;1;2;1;3;260;07/09/2017
2017022895;1;2;2;1;3;260;11/09/2017
2017022896;1;2;1;2;6;260;14/09/2017
2017022897;1;2;1;1;2;260;21/09/2017
2017022898;1;2;1;2;3;260;10/10/2017
2017022899;1;2;2;1;6;260;18/10/2017
2017022900;1;2;1;1;2;260;23/10/2017
2017022901;2;2;1;1;4;260;26/10/2017
2017022902;5;2;2;1;3;260;26/10/2017
2017022903;2;2;6;1;3;260;31/10/2017
2017022904;2;2;1;1;2;260;09/11/2017
2017022905;1;2;1;1;6;260;16/11/2017
2017022906;1;1;2;1;2;260;17/11/2017
2017022907;1;2;1;1;6;260;20/11/2017
2017022908;1;2;1;1;6;260;24/11/2017
2017022909;1;2;2;1;3;260;27/11/2017
2017022910;1;2;6;1;3;260;27/11/2017
2017022911;1;2;1;1;3;260;27/11/2017
2017022912;5;2;3;1;3;260;28/11/2017
2017022913;2;2;2;2;6;260;29/11/2017
2017022914;2;2;1;2;3;260;04/12/2017
2017022915;2;2;1;4;3;260;18/12/2017
2017022916;1;2;1;4;6;260;18/12/2017
2017022917;1;2;2;1;5;260;22/12/2017
2017022918;2;2;1;1;2;260;22/12/2017
2017022919;2;2;1;1;3;260;23/12/2017
2017022920;1;2;3;1;6;260;07/01/2017
2017022921;5;2;3;1;3;260;14/01/2017
2017022922;1;2;1;1;6;260;11/01/2017
2017022923;3;1;2;1;3;260;15/01/2017
2017022924;3;1;1;1;1;260;19/01/2017
2017022925;4;2;1;1;3;260;02/03/2017
2017022926;1;2;2;1;6;260;08/03/2017
2017022927;1;2;1;1;6;260;09/03/2017
2017022928;1;2;1;1;6;260;10/03/2017
2017022929;1;2;1;1;1;260;10/03/2017
2017022930;1;2;1;1;1;260;16/03/2017
2017022931;4;2;2;1;3;260;16/03/2017
2017022932;1;2;2;1;1;260;25/03/2017
2017022933;1;2;6;1;3;260;07/04/2017
2017022934;1;1;2;1;3;260;23/04/2017
2017022935;1;1;1;1;3;260;25/04/2017
2017022936;1;2;2;1;1;260;10/05/2017
2017022937;5;1;1;1;1;260;17/05/2017
2017022938;1;2;2;1;3;260;19/05/2017
2017022939;1;1;2;1;3;260;23/05/2017
2017022940;1;2;1;1;3;260;24/05/2017
2017022941;1;1;1;1;2;260;24/05/2017
2017022942;1;2;2;1;3;260;05/06/2017
2017022943;1;1;1;1;5;260;06/06/2017
2017022944;5;2;3;1;3;260;06/06/2017
2017022945;1;1;1;1;4;260;14/06/2017
2017022946;5;1;1;1;7;260;16/06/2017
2017022947;1;2;2;1;3;260;17/06/2017
2017022948;1;2;1;1;6;260;19/06/2017
2017022949;1;2;2;1;3;260;18/07/2017
2017022950;1;1;1;1;2;260;29/07/2017
2017022951;5;2;1;1;1;260;06/09/2017
2017022952;1;2;2;1;6;260;15/09/2017
2017022953;1;2;3;1;6;260;29/09/2017
2017022954;3;1;1;1;2;260;29/09/2017
2017022955;3;1;1;1;5;260;30/09/2017
2017022956;5;2;3;1;3;260;10/10/2017
2017022957;3;2;1;1;5;260;17/10/2017
2017022958;1;2;1;1;3;260;02/11/2017
2017022959;1;1;6;1;3;260;15/11/2017
2017022960;2;2;2;1;6;260;20/11/2017
2017022961;1;1;1;1;4;260;17/11/2017
2017022962;1;1;3;1;5;260;27/11/2017
2017022963;1;2;2;1;3;260;01/12/2017
2017022964;1;2;1;1;6;260;01/12/2017
2017022965;1;2;1;1;3;260;06/12/2017
2017022966;1;2;6;1;3;260;07/12/2017
2017022967;1;2;1;1;6;260;17/12/2017
2017022968;1;2;1;1;4;260;22/12/2017
2017022969;1;1;1;1;6;840;11/02/2017
2017022970;1;2;3;1;3;840;25/06/2017
2017022971;1;1;1;1;6;840;22/08/2017
2017022972;1;2;2;1;3;840;22/09/2017
2017022973;1;1;1;6;6;840;09/10/2017
2017022974;1;1;1;1;3;840;12/10/2017
2017022975;1;2;1;1;3;840;11/10/2017
2017022976;3;1;1;1;5;840;17/11/2017
2017022977;3;1;1;1;6;500;14/06/2017
2017022978;1;2;1;1;1;60;23/01/2017
2017022979;1;2;9;1;2;60;03/02/2017
2017022980;5;1;1;1;6;60;06/02/2017
2017022981;1;1;1;2;1;60;08/02/2017
2017022982;1;2;3;1;7;60;18/02/2017
2017022983;1;1;1;1;2;60;01/03/2017
2017022984;1;1;1;1;2;60;08/03/2017
2017022985;1;2;1;1;6;60;12/03/2017
2017022986;1;1;1;1;6;60;07/04/2017
2017022987;5;1;1;1;1;60;21/04/2017
2017022988;1;1;1;3;1;60;06/05/2017
2017022989;1;2;3;1;3;60;08/05/2017
2017022990;1;1;1;1;2;60;08/05/2017
2017022991;1;1;1;1;3;60;29/05/2017
2017022992;1;2;1;1;6;60;31/05/2017
2017022993;1;2;3;1;1;60;01/07/2017
2017022994;1;1;1;1;1;60;05/07/2017
2017022995;2;1;1;1;6;60;25/07/2017
2017022996;1;1;1;1;7;60;30/07/2017
2017022997;1;2;1;1;1;60;03/08/2017
2017022998;1;1;1;1;6;60;15/08/2017
2017022999;1;2;1;1;6;60;04/09/2017
2017023000;1;1;1;1;5;60;14/11/2017
2017023001;1;1;1;7;7;380;11/01/2017
2017023002;1;1;1;1;6;380;13/01/2017
2017023003;3;1;9;1;6;380;23/01/2017
2017023004;2;1;2;1;3;380;02/02/2017
2017023005;1;2;6;1;3;380;19/02/2017
2017023006;1;2;1;1;6;380;25/02/2017
2017023007;5;2;3;1;3;380;07/03/2017
2017023008;5;2;1;1;6;380;01/04/2017
2017023009;1;1;1;1;2;380;05/04/2017
2017023010;1;1;1;1;6;380;15/04/2017
2017023011;1;1;1;1;7;380;22/04/2017
2017023012;3;1;1;1;6;380;06/05/2017
2017023013;1;1;1;1;2;380;27/05/2017
2017023014;1;1;1;8;1;380;31/05/2017
2017023015;1;1;1;1;6;380;02/06/2017
2017023016;1;1;9;1;6;380;24/06/2017
2017023017;1;1;1;1;1;380;25/06/2017
2017023018;2;1;1;2;6;380;02/07/2017
2017023019;1;2;6;1;3;380;12/07/2017
2017023020;1;2;1;1;1;380;25/08/2017
2017023021;2;1;1;1;6;380;21/09/2017
2017023022;1;1;1;1;3;380;27/09/2017
2017023023;2;1;1;1;6;380;09/10/2017
2017023024;3;1;1;1;1;380;11/10/2017
2017023025;1;1;1;1;7;380;16/10/2017
2017023026;3;1;6;1;6;380;23/10/2017
2017023027;3;1;1;8;6;380;23/12/2017
2017023028;3;2;1;8;6;380;01/01/2017
2017023029;4;2;1;8;6;690;02/01/2017
2017023030;3;1;1;1;2;690;22/01/2017
2017023031;1;2;1;1;6;690;02/04/2017
2017023032;1;2;1;1;3;690;06/07/2017
2017023033;1;1;1;1;6;380;06/09/2017
2017023034;1;2;1;1;5;690;20/09/2017
2017023035;2;2;6;1;3;690;26/09/2017
2017023036;1;2;1;1;6;690;07/10/2017
2017023037;1;1;1;1;1;690;06/12/2017
2017023038;1;1;1;1;2;620;16/03/2017
2017023039;1;1;2;1;3;620;17/07/2017
2017023040;3;1;1;1;6;620;15/09/2017
2017023041;2;1;4;8;3;620;16/09/2017
2017023042;1;2;1;1;6;580;13/01/2017
2017023043;1;2;6;1;6;580;16/01/2017
2017023044;3;1;1;2;6;580;31/01/2017
2017023045;1;1;1;1;6;580;23/02/2017
2017023046;1;2;1;3;3;580;28/02/2017
2017023047;1;2;6;1;3;580;14/04/2017
2017023048;3;1;1;3;6;580;03/05/2017
2017023049;1;1;1;1;1;580;05/05/2017
2017023050;1;2;1;1;7;580;01/06/2017
2017023051;2;2;1;1;6;580;25/06/2017
2017023052;2;1;1;1;6;580;21/07/2017
2017023053;3;1;1;1;6;580;11/08/2017
2017023054;1;2;1;1;7;580;10/09/2017
2017023055;1;1;1;1;3;580;06/10/2017
2017023056;1;1;1;2;6;580;12/10/2017
2017023057;2;1;6;5;7;580;17/11/2017
2017023058;1;1;1;5;1;580;19/11/2017
2017023059;1;2;1;8;6;580;15/12/2017
2017023060;1;1;1;8;6;410;03/01/2017
2017023061;3;1;1;2;2;410;20/02/2017
2017023062;2;1;1;1;6;410;09/03/2017
2017023063;1;1;1;1;6;410;30/05/2017
2017023064;1;1;1;1;2;410;16/06/2017
2017023065;1;1;1;1;2;410;01/07/2017
2017023066;1;1;1;1;6;410;08/08/2017
2017023067;1;1;1;1;6;410;17/08/2017
2017023068;1;1;1;1;6;410;03/09/2017
2017023069;3;1;1;1;6;410;06/09/2017
2017023070;1;1;1;1;6;410;10/09/2017
2017023071;1;1;1;1;3;410;20/09/2017
2017023072;1;1;1;1;6;410;27/10/2017
2017023073;3;1;1;1;7;410;01/11/2017
2017023074;5;1;1;2;6;410;22/12/2017
2017023075;1;2;3;1;6;270;05/01/2017
2017023076;1;2;1;1;3;270;29/03/2017
2017023077;1;2;1;1;3;270;04/05/2017
2017023078;1;2;3;1;3;270;01/02/2017
2017023079;5;2;2;1;6;270;17/02/2017
2017023080;1;1;6;1;3;270;20/02/2017
2017023081;1;2;1;1;6;270;29/06/2017
2017023082;1;2;1;1;6;270;21/07/2017
2017023083;1;2;1;1;6;270;21/06/2017
2017023084;1;2;1;1;6;270;03/10/2017
2017023085;2;2;1;1;6;270;10/10/2017
2017023086;5;2;1;2;6;270;28/11/2017
2017023087;1;1;1;1;1;600;13/06/2017
2017023088;1;2;3;1;6;600;07/09/2017
2017023089;3;1;1;2;7;510;07/01/2017
2017023090;3;1;1;3;6;510;04/03/2017
2017023091;1;1;1;1;5;510;27/03/2017
2017023092;1;2;3;1;3;510;10/04/2017
2017023093;1;1;1;1;1;510;24/07/2017
2017023094;1;1;1;1;3;510;04/08/2017
2017023095;2;2;1;7;1;510;29/08/2017
2017023096;1;1;2;2;3;510;25/10/2017
2017023097;2;2;1;1;1;510;28/10/2017
2017023098;5;2;3;1;3;270;27/01/2017
2017023099;1;2;3;1;3;270;29/01/2017
2017023100;1;2;1;2;6;270;27/02/2017
2017023101;1;2;1;2;6;270;13/01/2017
2017023102;1;1;2;1;3;270;02/03/2017
2017023103;1;2;6;1;6;270;10/04/2017
2017023104;1;2;1;1;6;270;12/04/2017
2017023105;1;2;1;1;3;270;18/06/2017
2017023106;1;2;1;1;7;270;21/09/2017
2017023107;1;1;1;1;7;270;18/07/2017
2017023108;5;2;1;1;7;270;15/11/2017
2017023109;1;2;1;1;6;270;21/08/2017
2017023110;1;2;2;1;3;270;09/07/2017
2017023111;1;1;1;3;6;140;29/01/2017
2017023112;1;1;1;1;6;140;03/03/2017
2017023113;1;1;1;1;6;140;26/03/2017
2017023114;1;1;1;1;6;140;27/05/2017
2017023115;3;1;1;1;6;140;05/06/2017
2017023116;2;1;9;1;2;140;18/06/2017
2017023117;1;1;1;1;2;140;29/06/2017
2017023118;3;1;1;1;6;140;10/07/2017
2017023119;1;1;1;1;6;140;14/07/2017
2017023120;1;1;1;1;7;140;14/07/2017
2017023121;1;1;1;1;7;140;08/10/2017
2017023122;3;1;1;6;6;140;21/10/2017
2017023123;1;1;1;1;6;140;01/11/2017
2017023124;1;2;1;1;6;60;18/01/2017
2017023125;1;1;1;1;6;60;23/06/2017
2017023126;2;1;1;1;6;60;23/07/2017
2017023127;3;1;1;1;6;60;06/08/2017
2017023128;3;1;1;1;1;60;12/08/2017
2017023129;2;1;3;1;3;60;05/09/2017
2017023130;1;2;9;1;6;60;26/09/2017
2017023131;1;2;1;1;6;60;11/10/2017
2017023132;3;2;1;8;5;60;04/11/2017
2017023133;1;2;1;1;6;60;04/12/2017
2017023134;1;1;1;1;5;390;03/07/2017
2017023135;1;2;6;8;6;270;03/03/2017
2017023136;5;2;1;1;7;270;17/06/2017
2017023137;1;2;1;1;2;270;04/06/2017
2017023138;1;2;1;1;2;270;01/06/2017
2017023139;1;2;3;1;3;270;16/05/2017
2017023140;1;2;1;1;6;270;06/11/2017
2017023141;5;2;1;1;1;270;17/11/2017
2017023142;1;1;1;1;6;170;31/01/2017
2017023143;1;2;1;1;6;170;01/04/2017
2017023144;1;2;4;1;3;170;23/06/2017
2017023145;3;1;1;1;2;250;19/01/2017
2017023146;1;1;1;1;2;250;04/07/2017
2017023147;1;1;1;1;3;250;19/10/2017
2017023148;3;1;1;2;2;250;07/11/2017
2017023149;3;1;1;3;4;250;12/11/2017
2017023150;5;2;1;1;2;910;10/02/2017
2017023151;1;2;1;1;5;910;22/02/2017
2017023152;1;1;1;2;1;910;04/03/2017
2017023153;1;1;1;8;7;910;18/03/2017
2017023154;1;2;1;1;4;910;24/03/2017
2017023155;1;2;6;1;2;910;02/04/2017
2017023156;1;2;1;1;3;910;26/04/2017
2017023157;2;2;1;2;6;910;28/04/2017
2017023158;1;2;1;2;3;910;28/04/2017
2017023159;1;2;3;1;6;910;12/06/2017
2017023160;1;2;3;1;3;910;28/06/2017
2017023161;1;1;3;2;5;910;30/06/2017
2017023162;1;2;1;1;3;910;14/09/2017
2017023163;2;2;6;5;7;910;27/09/2017
2017023164;3;1;1;2;6;760;07/01/2017
2017023165;2;1;1;2;6;760;07/01/2017
2017023166;1;1;1;4;6;760;24/02/2017
2017023167;1;1;1;1;6;760;26/03/2017
2017023168;1;1;1;1;2;760;16/05/2017
2017023169;1;1;1;1;7;760;28/05/2017
2017023170;2;1;9;1;4;760;19/06/2017
2017023171;1;1;1;1;4;760;15/07/2017
2017023172;1;1;1;1;2;760;19/07/2017
2017023173;1;1;1;1;7;760;30/07/2017
2017023174;1;1;1;1;6;760;19/11/2017