num_acc;lum;agg;inter;atm;col;dep;date
2017023754;5;2;3;2;6;290;21/12/2017
2017023755;3;1;1;1;1;400;15/04/2017
2017023756;1;1;1;1;7;400;14/07/2017
2017023757;1;1;1;1;6;400;26/07/2017
2017023758;1;1;1;9;6;290;14/01/2017
2017023759;1;2;6;1;6;290;18/01/2017
2017023760;1;1;1;8;6;290;30/01/2017
2017023761;1;2;6;1;7;290;02/03/2017
2017023762;1;1;2;2;3;290;07/03/2017
2017023763;2;2;1;8;1;290;08/03/2017
2017023764;1;2;1;1;6;290;13/03/2017
2017023765;1;2;9;1;6;290;14/04/2017
2017023766;3;1;3;1;1;290;15/04/2017
2017023767;1;1;1;1;5;290;29/04/2017
2017023768;1;1;1;1;2;290;09/05/2017
2017023769;1;2;7;1;1;290;11/05/2017
2017023770;3;1;1;8;6;290;12/05/2017
2017023771;1;1;3;3;3;290;17/05/2017
2017023772;3;1;9;3;3;290;05/06/2017
2017023773;1;2;1;1;2;290;21/06/2017
2017023774;1;2;1;1;2;290;07/07/2017
2017023775;1;1;6;2;2;290;11/07/2017
2017023776;1;2;1;1;3;290;17/07/2017
2017023777;1;1;1;1;2;290;24/07/2017
2017023778;1;1;1;2;2;290;26/07/2017
2017023779;1;1;1;8;7;290;02/08/2017
2017023780;1;2;3;1;3;290;08/08/2017
2017023781;1;1;1;2;7;290;09/08/2017
2017023782;3;2;1;1;6;290;12/08/2017
2017023783;1;1;1;1;2;290;24/08/2017
2017023784;2;2;1;3;7;290;13/09/2017
2017023785;1;2;1;1;7;290;14/09/2017
2017023786;1;2;1;1;3;290;14/09/2017
2017023787;1;2;9;1;6;290;22/09/2017
2017023788;1;1;1;2;6;290;01/10/2017
2017023789;1;1;1;1;7;290;09/10/2017
2017023790;1;2;1;1;6;290;11/10/2017
2017023791;1;1;1;1;4;290;13/10/2017
2017023792;3;1;1;1;6;290;15/10/2017
2017023793;1;2;1;2;6;290;17/10/2017
2017023794;1;2;1;1;6;290;18/10/2017
2017023795;1;1;1;1;2;290;20/10/2017
2017023796;1;1;3;2;3;290;23/10/2017
2017023797;1;2;1;1;6;290;24/10/2017
2017023798;1;2;1;1;7;290;24/10/2017
2017023799;1;1;1;1;7;290;25/10/2017
2017023800;1;2;2;2;4;290;04/11/2017
2017023801;3;2;6;1;3;290;08/11/2017
2017023802;1;2;2;1;6;290;25/11/2017
2017023803;5;2;1;1;6;290;08/12/2017
2017023804;5;2;1;2;6;290;09/01/2017
2017023805;1;2;1;1;6;290;09/01/2017
2017023806;1;2;1;1;3;290;20/03/2017
2017023807;1;1;1;1;1;290;19/04/2017
2017023808;1;1;1;1;7;290;21/05/2017
2017023809;1;1;1;1;1;290;24/05/2017
2017023810;1;2;1;1;6;290;05/08/2017
2017023811;1;2;2;1;3;290;07/09/2017
2017023812;1;2;1;2;3;290;07/09/2017
2017023813;1;2;1;1;6;290;15/10/2017
2017023814;1;2;1;1;2;290;17/10/2017
2017023815;5;2;3;2;6;290;23/11/2017
2017023816;1;2;1;2;6;290;07/12/2017
2017023817;5;2;1;1;6;290;18/12/2017
2017023818;3;1;1;1;6;520;02/03/2017
2017023819;1;1;1;2;3;520;08/03/2017
2017023820;1;1;1;1;2;520;03/05/2017
2017023821;1;1;1;1;7;520;13/07/2017
2017023822;3;1;1;1;2;520;18/08/2017
2017023823;3;1;9;2;2;520;12/09/2017
2017023824;1;1;1;3;6;520;12/11/2017
2017023825;3;1;1;2;7;520;29/12/2017
2017023826;1;2;1;1;3;570;09/05/2017
2017023827;1;1;1;1;6;570;24/07/2017
2017023828;1;1;3;1;3;760;24/05/2017
2017023829;1;1;1;1;7;760;17/07/2017
2017023830;1;1;1;1;2;410;07/04/2017
2017023831;1;1;1;1;7;410;28/04/2017
2017023832;1;1;1;1;2;410;19/06/2017
2017023833;5;1;1;1;2;410;21/06/2017
2017023834;1;1;1;1;3;410;05/07/2017
2017023835;1;1;1;1;7;410;15/08/2017
2017023836;1;1;1;1;2;410;16/08/2017
2017023837;1;1;1;1;7;410;09/10/2017
2017023838;3;1;1;1;6;410;04/11/2017
2017023839;1;1;1;2;7;410;27/12/2017
2017023840;3;1;1;1;6;290;07/01/2017
2017023841;1;1;3;2;3;290;09/01/2017
2017023842;3;2;1;1;6;290;03/01/2017
2017023843;1;2;1;8;2;290;10/01/2017
2017023844;5;2;1;1;6;290;10/01/2017
2017023845;5;2;1;1;6;290;07/01/2017
2017023846;3;1;1;6;7;290;12/01/2017
2017023847;1;2;6;1;7;290;07/01/2017
2017023848;3;2;1;1;2;290;14/01/2017
2017023849;1;1;4;1;1;290;19/01/2017
2017023850;3;1;1;1;6;290;21/01/2017
2017023851;5;2;1;1;7;290;26/01/2017
2017023852;3;1;1;1;3;290;27/01/2017
2017023853;1;2;1;1;7;290;28/01/2017
2017023854;1;2;1;1;1;290;28/01/2017
2017023855;1;1;1;1;1;290;31/01/2017
2017023856;1;1;1;1;2;290;01/02/2017
2017023857;1;2;1;2;6;290;06/02/2017
2017023858;2;2;1;1;6;290;15/02/2017
2017023859;1;2;1;1;2;290;18/02/2017
2017023860;1;1;1;1;7;290;20/02/2017
2017023861;5;2;1;1;2;290;21/02/2017
2017023862;1;2;1;2;3;290;04/03/2017
2017023863;1;1;1;2;2;290;03/03/2017
2017023864;3;1;1;1;7;290;10/03/2017
2017023865;1;1;1;1;1;290;16/03/2017
2017023866;1;2;1;1;6;290;17/03/2017
2017023867;1;2;1;1;3;290;15/03/2017
2017023868;1;2;1;1;6;290;22/03/2017
2017023869;1;1;1;1;3;290;25/03/2017
2017023870;1;2;6;2;3;290;29/03/2017
2017023871;3;1;1;2;6;290;01/04/2017
2017023872;1;1;1;1;6;290;31/03/2017
2017023873;1;2;1;1;3;290;30/03/2017
2017023874;1;2;1;1;6;290;01/04/2017
2017023875;1;2;1;1;2;290;10/04/2017
2017023876;5;2;1;1;6;290;07/04/2017
2017023877;3;1;1;1;7;290;08/04/2017
2017023878;1;2;6;1;3;290;06/04/2017
2017023879;1;1;4;1;3;290;20/04/2017
2017023880;1;1;1;1;7;290;24/04/2017
2017023881;5;2;1;1;6;290;15/04/2017
2017023882;1;2;1;1;2;290;27/04/2017
2017023883;5;2;1;1;6;290;28/04/2017
2017023884;1;2;1;3;5;290;30/04/2017
2017023885;1;2;1;2;6;290;01/05/2017
2017023886;5;2;1;1;3;290;05/05/2017
2017023887;1;2;2;1;6;290;12/05/2017
2017023888;1;2;1;1;2;290;18/05/2017
2017023889;1;1;1;1;7;290;14/03/2017
2017023890;1;1;1;3;7;290;17/05/2017
2017023891;1;2;6;1;3;290;23/05/2017
2017023892;1;1;1;8;2;290;06/06/2017
2017023893;1;1;1;1;6;290;06/06/2017
2017023894;1;2;1;1;6;290;10/06/2017
2017023895;3;1;1;1;6;290;10/06/2017
2017023896;1;2;1;1;2;290;13/06/2017
2017023897;1;1;1;1;7;290;16/06/2017
2017023898;1;2;3;1;3;290;24/06/2017
2017023899;2;1;1;1;7;290;24/06/2017
2017023900;1;2;1;2;7;290;27/06/2017
2017023901;1;2;1;1;7;290;13/06/2017
2017023902;1;1;6;1;7;290;02/07/2017
2017023903;1;2;3;1;1;290;04/07/2017
2017023904;1;2;1;1;2;290;30/06/2017
2017023905;1;2;1;1;2;290;07/07/2017
2017023906;1;2;1;1;6;290;08/07/2017
2017023907;1;1;2;1;3;290;09/07/2017
2017023908;1;1;4;3;7;290;11/07/2017
2017023909;1;1;1;1;7;290;17/07/2017
2017023910;5;2;1;1;3;290;16/07/2017
2017023911;5;2;6;2;7;290;23/07/2017
2017023912;1;2;1;2;7;290;23/07/2017
2017023913;1;2;2;2;3;290;23/07/2017
2017023914;1;2;1;2;3;290;26/07/2017
2017023915;3;1;6;3;6;290;29/07/2017
2017023916;1;2;1;2;6;290;02/08/2017
2017023917;1;1;1;2;1;290;02/08/2017
2017023918;1;2;1;1;6;290;08/08/2017
2017023919;1;2;1;1;7;290;02/08/2017
2017023920;1;1;1;2;7;290;12/08/2017
2017023921;1;1;1;8;7;290;12/08/2017
2017023922;1;2;1;1;6;290;14/08/2017
2017023923;1;2;6;1;3;290;16/08/2017
2017023924;1;2;1;1;6;290;19/08/2017
2017023925;1;1;1;1;2;290;21/08/2017
2017023926;1;2;1;2;2;290;30/08/2017
2017023927;1;2;1;8;2;290;30/08/2017
2017023928;5;2;1;2;3;290;08/09/2017
2017023929;1;2;6;2;6;290;11/09/2017
2017023930;1;2;1;1;3;290;25/07/2017
2017023931;1;2;1;2;4;290;13/09/2017
2017023932;1;1;1;1;2;290;22/08/2017
2017023933;1;2;1;1;7;290;02/09/2017
2017023934;1;2;1;2;6;290;13/09/2017
2017023935;1;2;1;1;6;290;11/09/2017
2017023936;1;2;6;1;3;290;18/09/2017
2017023937;1;1;1;1;2;290;18/09/2017
2017023938;1;1;1;2;7;290;03/09/2017
2017023939;3;1;1;2;7;290;24/09/2017
2017023940;1;2;1;1;6;290;15/08/2017
2017023941;1;2;4;7;3;290;23/09/2017
2017023942;1;1;3;1;1;290;25/09/2017
2017023943;1;2;1;1;6;290;29/09/2017
2017023944;1;2;6;2;4;290;02/10/2017
2017023945;4;2;1;1;3;290;03/10/2017
2017023946;1;1;1;8;6;290;16/10/2017
2017023947;5;2;1;1;6;290;17/10/2017
2017023948;5;2;1;1;6;290;18/10/2017
2017023949;1;2;9;1;6;290;18/10/2017
2017023950;5;2;4;2;6;290;21/10/2017
2017023951;1;2;1;3;7;290;23/10/2017
2017023952;4;2;1;1;7;290;27/10/2017
2017023953;5;2;1;1;3;290;29/10/2017
2017023954;5;2;1;1;6;290;30/10/2017
2017023955;5;2;3;1;6;290;01/11/2017
2017023956;5;2;1;1;6;290;03/11/2017
2017023957;1;2;1;2;3;290;04/11/2017
2017023958;5;2;6;2;6;290;05/11/2017
2017023959;5;2;2;9;7;290;07/11/2017
2017023960;3;1;6;2;7;290;30/09/2017
2017023961;2;2;1;8;2;290;08/11/2017
2017023962;1;2;3;3;3;290;23/10/2017
2017023963;1;1;1;1;7;290;30/09/2017
2017023964;1;1;3;1;2;290;13/11/2017
2017023965;1;2;2;7;1;290;15/11/2017
2017023966;5;2;1;1;2;290;16/11/2017
2017023967;3;1;9;5;6;290;18/11/2017
2017023968;1;2;1;1;6;290;18/11/2017
2017023969;1;2;6;1;2;290;22/11/2017
2017023970;5;2;1;1;1;290;01/12/2017
2017023971;3;1;1;1;2;290;01/12/2017
2017023972;1;2;2;1;3;290;28/11/2017
2017023973;1;2;1;1;2;290;02/12/2017
2017023974;1;2;1;1;1;290;04/12/2017
2017023975;5;2;1;1;6;290;05/12/2017
2017023976;5;2;1;1;6;290;06/12/2017
2017023977;3;1;1;1;7;290;06/12/2017
2017023978;2;1;1;1;2;290;06/12/2017
2017023979;1;1;1;1;3;290;01/12/2017
2017023980;5;2;3;3;6;290;11/12/2017
2017023981;5;2;1;1;6;290;12/12/2017
2017023982;1;2;3;2;1;290;14/12/2017
2017023983;2;2;1;1;6;290;19/12/2017
2017023984;1;1;1;1;7;290;19/12/2017
2017023985;5;2;1;8;6;290;19/12/2017
2017023986;1;2;6;1;6;290;16/12/2017
2017023987;5;2;9;2;3;290;23/12/2017
2017023988;3;1;1;1;3;290;27/12/2017
2017023989;1;1;1;1;2;290;29/12/2017
2017023990;3;1;1;3;7;290;29/12/2017
2017023991;1;1;1;1;6;460;01/06/2017
2017023992;1;1;9;1;3;460;08/06/2017
2017023993;1;1;1;1;1;460;18/06/2017
2017023994;1;2;1;1;6;460;06/07/2017
2017023995;2;1;1;1;6;460;09/08/2017
2017023996;2;1;1;1;6;880;13/02/2017
2017023997;3;1;1;1;6;880;13/03/2017
2017023998;4;2;1;1;6;880;30/03/2017
2017023999;1;2;1;7;3;880;09/04/2017
2017024000;3;1;1;2;7;880;15/04/2017
2017024001;1;2;4;1;3;880;17/05/2017
2017024002;1;1;4;3;1;880;19/05/2017
2017024003;1;2;1;1;1;880;14/06/2017
2017024004;1;1;1;1;7;880;30/07/2017
2017024005;1;2;1;1;4;880;20/08/2017
2017024006;1;2;3;1;3;880;22/08/2017
2017024007;1;1;1;1;7;880;23/08/2017
2017024008;5;1;1;1;3;880;17/10/2017
2017024009;1;1;1;1;7;540;06/01/2017
2017024010;2;1;9;1;2;570;09/04/2017
2017024011;1;1;9;1;6;570;21/04/2017
2017024012;3;1;1;1;6;540;13/07/2017
2017024013;1;1;9;1;6;540;22/07/2017
2017024014;1;1;1;1;7;570;24/08/2017
2017024015;1;2;1;5;6;600;31/01/2017
2017024016;1;1;3;8;2;600;08/05/2017
2017024017;1;1;9;1;6;600;21/05/2017
2017024018;1;1;1;1;7;600;18/06/2017
2017024019;1;2;8;1;6;600;26/06/2017
2017024020;3;1;1;1;6;600;21/07/2017
2017024021;3;1;6;2;1;600;07/10/2017
2017024022;3;1;1;2;6;600;14/12/2017
2017024023;1;1;1;7;6;600;28/12/2017
2017024024;5;2;5;1;3;300;25/11/2017
2017024025;1;2;6;2;6;300;11/12/2017
2017024026;5;2;6;2;6;300;14/12/2017
2017024027;4;2;3;1;3;300;29/12/2017
2017024028;1;2;1;1;6;300;19/12/2017
2017024029;2;2;1;2;5;300;03/02/2017
2017024030;1;2;6;1;3;300;13/02/2017
2017024031;1;2;1;1;6;300;16/01/2017
2017024032;2;2;1;3;1;300;04/03/2017
2017024033;5;2;1;2;6;300;28/01/2017
2017024034;1;1;1;1;6;300;05/01/2017
2017024035;1;2;2;1;6;300;21/01/2017
2017024036;5;2;1;1;6;300;08/01/2017
2017024037;1;2;1;1;1;300;02/01/2017
2017024038;1;2;2;1;6;300;21/02/2017
2017024039;1;1;1;1;6;300;21/02/2017
2017024040;5;2;6;1;6;300;22/03/2017
2017024041;1;2;1;1;3;300;09/03/2017
2017024042;1;2;1;1;2;300;15/03/2017
2017024043;1;2;1;7;6;300;28/03/2017
2017024044;2;2;1;4;1;300;23/03/2017
2017024045;1;2;1;1;1;300;20/04/2017
2017024046;1;2;6;1;2;300;13/04/2017
2017024047;1;2;1;1;6;300;29/03/2017
2017024048;1;2;6;1;3;300;05/04/2017
2017024049;1;2;6;1;3;300;22/04/2017
2017024050;1;2;3;1;1;300;28/04/2017
2017024051;1;1;2;1;3;300;03/05/2017
2017024052;1;2;2;1;3;300;10/05/2017
2017024053;1;2;1;3;6;300;11/05/2017
2017024054;1;1;2;1;3;300;14/05/2017
2017024055;1;2;2;1;5;300;30/05/2017
2017024056;1;2;6;1;2;300;10/06/2017
2017024057;1;2;1;1;2;300;22/06/2017
2017024058;1;2;1;1;6;300;23/06/2017
2017024059;1;2;6;1;3;300;06/06/2017
2017024060;1;2;6;1;1;300;23/06/2017
2017024061;5;2;1;1;7;300;25/06/2017
2017024062;1;2;6;1;3;300;25/06/2017
2017024063;1;2;2;1;3;300;26/06/2017
2017024064;5;2;3;1;3;300;09/07/2017
2017024065;2;2;3;1;3;300;17/07/2017
2017024066;1;2;6;1;3;300;23/07/2017
2017024067;1;2;2;1;3;300;27/07/2017
2017024068;1;1;1;1;5;300;30/07/2017
2017024069;4;2;6;1;6;300;29/07/2017
2017024070;5;2;1;1;6;300;17/07/2017
2017024071;5;2;6;1;6;300;31/07/2017
2017024072;4;2;1;1;6;300;03/08/2017
2017024073;1;2;2;1;4;300;18/08/2017
2017024074;1;2;3;1;6;300;24/08/2017
2017024075;1;2;3;1;3;300;12/09/2017
2017024076;1;2;1;1;4;300;25/09/2017
2017024077;1;2;1;1;4;300;13/10/2017
2017024078;1;2;1;1;7;300;29/09/2017
2017024079;1;2;2;1;3;300;20/10/2017
2017024080;1;2;1;1;3;300;05/10/2017
2017024081;2;2;2;1;4;300;05/10/2017
2017024082;1;2;2;1;1;300;06/11/2017
2017024083;1;2;1;1;3;300;14/11/2017
2017024084;1;1;1;1;2;300;17/11/2017
2017024085;1;2;2;1;3;300;17/11/2017
2017024086;1;2;1;1;3;300;18/11/2017
2017024087;1;2;6;1;3;300;20/11/2017
2017024088;1;2;6;1;3;300;21/11/2017
2017024089;1;2;3;1;3;300;24/02/2017
2017024090;1;1;2;1;3;300;01/03/2017
2017024091;2;2;1;5;5;300;13/03/2017
2017024092;2;2;2;1;6;300;13/04/2017
2017024093;1;2;1;1;6;300;19/04/2017
2017024094;1;2;3;1;6;300;21/04/2017
2017024095;1;2;3;2;3;300;06/05/2017
2017024096;1;1;1;1;6;300;07/05/2017
2017024097;1;2;1;7;6;300;16/05/2017
2017024098;1;2;1;2;2;300;06/05/2017
2017024099;1;2;1;1;6;300;24/05/2017
2017024100;1;2;1;1;6;300;09/05/2017
2017024101;1;1;1;1;6;300;31/05/2017
2017024102;1;1;1;1;6;300;22/05/2017
2017024103;1;2;3;1;1;300;01/01/2017
2017024104;1;2;3;1;2;300;26/12/2017
2017024105;5;2;1;1;3;300;03/12/2017
2017024106;1;2;1;1;6;300;05/01/2017
2017024107;2;2;3;1;3;300;12/01/2017
2017024108;2;2;6;1;6;300;11/01/2017
2017024109;1;2;1;1;3;300;15/01/2017
2017024110;1;2;3;1;3;300;17/01/2017
2017024111;5;2;2;1;3;300;18/01/2017
2017024112;1;2;4;1;2;300;29/01/2017
2017024113;1;1;1;1;6;300;20/02/2017
2017024114;1;2;3;1;2;300;20/02/2017
2017024115;5;2;1;1;6;300;19/02/2017
2017024116;1;2;1;1;6;300;26/01/2017
2017024117;5;2;1;1;6;300;09/01/2017
2017024118;1;2;1;1;4;300;22/02/2017
2017024119;3;2;6;1;6;300;22/01/2017
2017024120;5;2;4;1;1;300;23/02/2017
2017024121;1;2;4;1;3;300;03/01/2017
2017024122;1;2;1;1;2;300;02/01/2017
2017024123;5;2;3;1;6;300;07/03/2017
2017024124;5;2;9;1;3;300;28/02/2017
2017024125;4;2;1;1;1;300;13/02/2017
2017024126;1;2;1;1;4;300;03/03/2017
2017024127;1;2;3;8;6;300;12/03/2017
2017024128;5;2;2;1;2;300;11/03/2017
2017024129;1;1;1;1;3;300;18/03/2017
2017024130;1;2;6;1;3;300;22/03/2017
2017024131;1;2;6;1;3;300;10/04/2017
2017024132;1;2;1;1;2;300;31/03/2017
2017024133;5;2;2;1;3;300;31/03/2017
2017024134;1;2;3;1;6;300;27/02/2017
2017024135;1;2;6;1;1;300;28/02/2017
2017024136;1;2;2;1;3;300;30/03/2017
2017024137;5;2;1;1;6;300;05/04/2017
2017024138;1;2;4;1;3;300;07/04/2017
2017024139;5;2;1;1;1;300;03/04/2017
2017024140;1;2;6;1;3;300;11/04/2017
2017024141;5;2;1;1;7;300;09/04/2017
2017024142;1;1;1;1;6;300;22/04/2017
2017024143;1;2;1;1;6;300;22/04/2017
2017024144;3;1;1;1;2;300;09/04/2017
2017024145;1;1;2;1;3;300;29/04/2017
2017024146;1;1;1;1;6;300;06/05/2017
2017024147;2;2;1;1;6;300;07/05/2017
2017024148;1;1;1;1;6;300;08/05/2017
2017024149;3;1;1;3;7;300;30/04/2017
2017024150;1;2;1;1;3;300;11/05/2017
2017024151;1;2;1;1;6;300;28/04/2017
2017024152;1;1;3;1;2;300;13/05/2017
2017024153;1;1;1;1;6;300;21/05/2017
2017024154;1;2;1;1;3;300;21/05/2017
2017024155;1;2;1;1;6;300;23/05/2017
2017024156;5;2;1;1;7;300;27/04/2017
2017024157;1;2;6;1;3;300;03/04/2017
2017024158;1;1;2;1;1;300;23/05/2017
2017024159;1;2;1;1;1;300;17/05/2017
2017024160;1;2;3;1;3;300;07/04/2017
2017024161;3;1;1;1;7;300;11/04/2017
2017024162;5;2;1;1;7;300;13/04/2017
2017024163;1;2;2;1;3;300;28/04/2017
2017024164;1;2;1;1;6;300;18/05/2017
2017024165;1;2;2;1;3;300;28/05/2017
2017024166;1;2;2;1;6;300;06/06/2017
2017024167;1;1;1;1;3;300;12/06/2017
2017024168;1;2;1;1;6;300;13/06/2017
2017024169;1;2;2;1;2;300;17/06/2017
2017024170;1;2;2;1;3;300;19/06/2017
2017024171;5;2;1;1;1;300;18/06/2017
2017024172;3;1;1;1;1;300;20/06/2017
2017024173;5;2;2;1;7;300;25/06/2017
2017024174;1;2;3;1;6;300;29/06/2017
2017024175;2;2;6;1;3;300;30/05/2017
2017024176;1;2;3;1;6;300;08/06/2017
2017024177;5;2;3;1;3;300;30/06/2017
2017024178;2;2;1;1;2;300;14/05/2017
2017024179;5;2;3;1;3;300;06/05/2017
2017024180;1;2;2;1;6;300;13/07/2017
2017024181;2;1;1;1;5;300;18/07/2017
2017024182;1;2;6;1;3;300;05/07/2017
2017024183;1;2;3;1;3;300;25/07/2017
2017024184;4;2;2;1;6;300;17/06/2017
2017024185;1;2;2;1;3;300;12/07/2017
2017024186;5;2;3;1;7;300;17/06/2017
2017024187;2;2;2;1;3;300;25/06/2017
2017024188;1;2;3;1;6;300;04/08/2017
2017024189;5;2;2;1;3;300;08/08/2017
2017024190;4;2;2;1;3;300;27/09/2017
2017024191;5;2;2;1;1;300;13/08/2017
2017024192;1;2;1;1;2;300;21/08/2017
2017024193;5;2;1;1;7;300;12/07/2017
2017024194;5;2;1;1;2;300;10/08/2017
2017024195;5;2;1;1;2;300;25/08/2017
2017024196;5;2;3;1;3;300;23/09/2017
2017024197;1;2;1;1;6;300;04/09/2017
2017024198;5;2;1;1;7;300;27/07/2017
2017024199;1;2;1;1;6;300;27/07/2017
2017024200;1;2;6;1;2;300;28/07/2017
2017024201;1;2;3;1;6;300;18/07/2017
2017024202;5;2;3;1;3;300;09/08/2017
2017024203;5;2;1;1;7;300;02/09/2017
2017024204;5;1;1;1;7;300;03/09/2017
2017024205;5;2;1;1;7;300;25/08/2017
2017024206;5;2;1;1;6;300;31/08/2017
2017024207;5;2;3;1;7;300;11/08/2017
2017024208;1;2;3;1;3;300;11/09/2017
2017024209;1;2;3;1;3;300;14/09/2017
2017024210;1;2;3;1;3;300;17/08/2017
2017024211;1;2;1;1;3;300;29/08/2017
2017024212;5;2;1;1;7;300;12/09/2017
2017024213;1;2;1;1;7;300;26/09/2017
2017024214;5;2;1;1;6;300;26/09/2017
2017024215;2;2;2;1;5;300;26/09/2017
2017024216;3;2;6;1;6;300;25/08/2017
2017024217;1;2;1;1;6;300;24/08/2017
2017024218;1;2;2;1;3;300;07/10/2017
2017024219;1;2;1;1;3;300;10/08/2017
2017024220;5;2;1;1;4;300;11/08/2017
2017024221;5;2;2;1;7;300;12/10/2017
2017024222;5;2;1;1;1;300;04/09/2017
2017024223;1;2;1;1;6;300;13/09/2017
2017024224;1;2;1;1;6;300;27/09/2017
2017024225;1;2;2;1;3;300;18/10/2017
2017024226;3;1;1;1;6;300;22/10/2017
2017024227;2;2;1;1;6;300;20/10/2017
2017024228;3;2;2;1;3;300;02/11/2017
2017024229;5;2;1;1;3;300;01/11/2017
2017024230;1;2;2;1;3;300;03/11/2017
2017024231;4;2;1;8;6;300;05/11/2017
2017024232;3;1;1;1;7;300;03/11/2017
2017024233;1;2;1;1;5;300;18/11/2017
2017024234;5;2;6;1;3;300;19/10/2017
2017024235;1;1;1;1;1;300;16/11/2017
2017024236;5;2;2;3;3;300;04/11/2017
2017024237;5;2;6;1;6;300;27/10/2017
2017024238;1;2;1;1;6;300;28/11/2017
2017024239;1;2;6;1;3;300;04/12/2017
2017024240;3;2;1;1;3;300;05/12/2017
2017024241;5;2;1;1;1;300;06/12/2017
2017024242;1;2;3;1;2;300;07/10/2017
2017024243;3;1;1;1;6;300;20/10/2017
2017024244;5;2;3;1;3;300;31/10/2017
2017024245;5;2;3;1;3;300;20/10/2017
2017024246;2;2;3;1;6;300;13/12/2017
2017024247;1;2;1;1;4;300;13/12/2017
2017024248;1;2;1;1;6;300;29/11/2017
2017024249;3;1;1;1;6;300;15/12/2017
2017024250;1;2;1;1;4;300;21/12/2017
2017024251;3;2;3;1;3;300;22/12/2017
2017024252;1;2;2;1;3;300;27/12/2017
2017024253;1;1;1;9;5;630;25/01/2017
2017024254;3;1;1;2;6;630;27/02/2017
2017024255;2;1;1;1;6;630;11/03/2017
2017024256;1;1;2;1;6;630;27/03/2017
2017024257;3;1;1;1;1;630;02/04/2017
2017024258;1;2;3;1;3;630;22/04/2017
2017024259;1;2;2;1;6;630;25/05/2017
2017024260;1;2;1;1;6;630;24/06/2017
2017024261;1;1;2;1;3;630;24/06/2017
2017024262;2;1;1;2;6;630;13/11/2017
2017024263;1;2;1;1;6;630;26/12/2017
2017024264;3;1;1;9;1;630;03/02/2017
2017024265;1;1;1;1;7;630;09/04/2017
2017024266;1;2;3;1;2;630;23/04/2017
2017024267;1;1;1;1;7;630;29/04/2017
2017024268;2;1;2;1;1;630;25/05/2017
2017024269;1;1;1;1;7;630;06/08/2017
2017024270;1;1;9;1;7;630;13/08/2017
2017024271;1;1;3;1;3;630;28/08/2017
2017024272;3;1;1;1;6;630;21/09/2017
2017024273;1;1;1;1;1;630;17/10/2017
2017024274;3;1;1;2;1;630;12/11/2017
2017024275;1;1;1;5;6;630;05/12/2017
2017024276;1;1;1;8;1;630;02/04/2017
2017024277;3;1;1;1;7;630;23/04/2017
2017024278;1;1;1;1;1;630;05/06/2017
2017024279;1;1;1;1;6;630;24/06/2017
2017024280;1;1;1;8;6;630;01/07/2017
2017024281;1;1;3;1;7;630;04/08/2017
2017024282;1;2;1;1;6;630;12/08/2017
2017024283;3;1;1;2;1;630;17/09/2017
2017024284;1;1;1;2;1;630;25/09/2017
2017024285;1;2;3;2;3;630;10/11/2017
2017024286;1;1;1;4;7;630;13/11/2017
2017024287;1;1;1;1;6;230;18/04/2017
2017024288;3;1;1;1;1;230;29/05/2017
2017024289;1;1;1;1;5;230;10/06/2017
2017024290;1;1;1;1;3;230;25/06/2017
2017024291;1;1;1;1;7;230;27/08/2017
2017024292;3;1;1;1;6;230;01/10/2017
2017024293;1;1;1;1;6;230;09/12/2017
2017024294;1;1;2;3;3;230;30/12/2017
2017024295;3;1;1;1;5;260;01/01/2017
2017024296;3;1;1;1;6;260;14/01/2017
2017024297;3;1;1;3;1;260;27/02/2017
2017024298;3;1;1;1;6;260;04/03/2017
2017024299;3;1;1;8;7;260;22/03/2017
2017024300;3;1;1;1;6;260;14/05/2017
2017024301;1;1;1;1;6;260;21/05/2017
2017024302;3;1;1;1;2;260;26/05/2017
2017024303;1;1;9;1;2;260;13/07/2017
2017024304;2;1;1;1;4;260;29/07/2017
2017024305;1;1;1;1;7;260;02/08/2017
2017024306;3;1;1;1;6;260;16/08/2017
2017024307;1;1;1;1;3;260;24/09/2017
2017024308;1;1;1;1;3;260;18/10/2017
2017024309;2;1;1;1;5;260;04/12/2017
2017024310;3;1;1;8;5;260;09/12/2017
2017024311;1;1;1;1;2;260;16/12/2017
2017024312;3;1;1;1;1;840;11/02/2017
2017024313;1;1;1;7;6;840;25/02/2017
2017024314;1;1;2;1;3;840;14/03/2017
2017024315;1;2;3;1;2;840;13/05/2017
2017024316;1;2;3;1;6;840;11/07/2017
2017024317;1;1;3;1;3;840;05/09/2017
2017024318;1;2;1;1;6;840;29/11/2017
2017024319;4;2;1;1;6;840;29/11/2017
2017024320;1;1;6;1;3;840;09/12/2017
2017024321;1;2;1;1;1;840;20/12/2017
2017024322;3;1;1;6;7;110;07/01/2017
2017024323;5;2;1;1;1;110;18/02/2017
2017024324;1;1;3;6;6;110;04/04/2017
2017024325;1;2;9;1;2;110;19/04/2017
2017024326;1;2;3;1;3;110;27/04/2017
2017024327;1;1;1;1;3;110;07/06/2017
2017024328;1;2;2;1;3;110;29/06/2017
2017024329;1;1;1;1;6;110;01/07/2017
2017024330;1;1;3;7;3;110;13/07/2017