num_acc;lum;agg;inter;atm;col;dep;date
2017024331;5;1;6;1;2;110;28/07/2017
2017024332;1;2;6;1;6;110;02/08/2017
2017024333;1;1;1;1;6;110;07/08/2017
2017024334;1;1;1;1;2;110;17/08/2017
2017024335;1;2;1;1;6;110;26/08/2017
2017024336;1;1;4;1;3;110;04/10/2017
2017024337;1;2;1;1;6;110;24/10/2017
2017024338;2;2;3;1;3;110;05/12/2017
2017024339;3;1;1;1;1;110;09/12/2017
2017024340;1;2;1;2;2;670;10/10/2017
2017024341;2;1;3;1;3;350;21/02/2017
2017024342;3;1;1;1;6;350;26/02/2017
2017024343;1;2;1;1;1;350;20/04/2017
2017024344;1;1;1;1;7;350;31/05/2017
2017024345;2;1;1;1;3;350;26/06/2017
2017024346;1;1;1;1;6;350;13/08/2017
2017024347;3;1;1;2;3;350;31/08/2017
2017024348;3;1;1;5;7;350;27/10/2017
2017024349;3;1;3;2;5;350;03/11/2017
2017024350;1;1;2;1;3;350;08/11/2017
2017024351;1;1;1;9;1;350;12/12/2017
2017024352;3;1;1;1;3;270;10/01/2017
2017024353;5;2;2;1;3;270;18/01/2017
2017024354;1;2;2;1;3;270;19/02/2017
2017024355;3;1;3;1;3;270;13/03/2017
2017024356;1;2;2;2;3;270;23/03/2017
2017024357;1;2;1;1;2;270;30/03/2017
2017024358;1;2;1;1;3;270;01/04/2017
2017024359;5;2;1;1;6;270;30/04/2017
2017024360;5;2;2;1;3;270;16/05/2017
2017024361;1;1;1;1;3;270;31/05/2017
2017024362;1;1;9;1;3;270;31/05/2017
2017024363;1;2;3;1;1;270;31/05/2017
2017024364;1;1;1;1;3;270;08/06/2017
2017024365;5;2;3;1;3;270;01/07/2017
2017024366;1;1;1;1;1;270;08/08/2017
2017024367;1;1;3;1;3;270;24/08/2017
2017024368;1;1;1;1;3;270;10/09/2017
2017024369;1;2;1;1;1;270;06/10/2017
2017024370;3;1;1;5;7;620;23/01/2017
2017024371;5;1;1;6;6;620;23/02/2017
2017024372;1;2;1;1;7;620;04/04/2017
2017024373;1;1;2;1;3;620;22/05/2017
2017024374;1;2;1;1;1;620;29/05/2017
2017024375;1;1;1;1;5;620;14/06/2017
2017024376;3;1;1;1;6;620;27/07/2017
2017024377;1;1;1;1;3;620;22/08/2017
2017024378;5;2;1;1;6;620;24/08/2017
2017024379;1;1;1;1;1;620;29/08/2017
2017024380;3;1;1;1;6;620;01/09/2017
2017024381;2;2;1;1;6;620;23/09/2017
2017024382;3;1;1;1;6;620;01/11/2017
2017024383;3;2;3;1;3;620;23/11/2017
2017024384;3;1;1;1;1;620;25/11/2017
2017024385;1;1;1;1;5;830;07/01/2017
2017024386;1;1;6;1;6;830;26/01/2017
2017024387;3;1;1;2;1;830;27/02/2017
2017024388;5;1;1;1;2;830;26/02/2017
2017024389;3;1;1;1;3;830;13/03/2017
2017024390;1;2;1;1;3;830;15/03/2017
2017024391;5;1;1;1;3;830;15/03/2017
2017024392;5;2;1;1;3;830;20/03/2017
2017024393;1;1;1;1;1;830;22/03/2017
2017024394;3;1;1;1;6;830;04/04/2017
2017024395;1;2;1;1;6;830;17/04/2017
2017024396;1;1;1;2;6;830;02/05/2017
2017024397;1;1;1;1;1;830;13/05/2017
2017024398;1;1;1;1;2;830;17/05/2017
2017024399;1;2;1;1;6;830;28/04/2017
2017024400;1;1;1;1;3;830;25/05/2017
2017024401;1;2;1;1;6;830;24/06/2017
2017024402;1;1;1;1;2;830;06/07/2017
2017024403;3;1;9;1;6;830;25/08/2017
2017024404;1;1;1;1;3;830;09/10/2017
2017024405;1;2;1;1;1;830;11/10/2017
2017024406;5;2;1;1;6;830;30/10/2017
2017024407;1;2;1;1;3;830;20/10/2017
2017024408;1;1;1;1;3;830;11/11/2017
2017024409;1;2;1;1;6;510;17/07/2017
2017024410;3;1;3;1;6;510;25/08/2017
2017024411;5;2;1;1;6;510;24/08/2017
2017024412;1;2;1;1;6;50;22/02/2017
2017024413;1;1;1;1;6;50;14/05/2017
2017024414;1;1;1;1;1;50;17/06/2017
2017024415;1;1;1;1;1;50;10/07/2017
2017024416;1;1;1;1;1;50;14/07/2017
2017024417;1;2;1;1;3;50;19/07/2017
2017024418;1;1;3;1;3;50;17/09/2017
2017024419;1;1;1;1;7;50;20/11/2017
2017024420;2;1;1;1;6;550;05/03/2017
2017024421;1;1;1;1;6;550;31/03/2017
2017024422;1;1;1;8;6;550;12/07/2017
2017024423;1;1;1;1;6;670;16/03/2017
2017024424;1;1;1;1;1;670;02/05/2017
2017024425;1;1;1;1;7;670;13/05/2017
2017024426;1;2;1;8;1;670;31/07/2017
2017024427;1;2;6;1;2;670;12/08/2017
2017024428;2;1;1;1;6;670;04/10/2017
2017024429;1;1;1;1;1;670;05/10/2017
2017024430;3;1;1;1;2;670;28/10/2017
2017024431;3;1;1;1;1;670;15/12/2017
2017024432;3;1;1;1;1;310;06/01/2017
2017024433;1;2;4;1;3;310;09/01/2017
2017024434;1;2;4;2;7;310;16/01/2017
2017024435;1;1;1;1;1;310;26/01/2017
2017024436;5;2;1;1;7;310;02/02/2017
2017024437;1;2;2;2;6;310;07/02/2017
2017024438;1;2;1;1;2;310;25/02/2017
2017024439;1;1;1;1;7;310;10/03/2017
2017024440;5;2;1;1;6;310;19/03/2017
2017024441;1;1;1;8;6;310;20/03/2017
2017024442;1;2;1;1;2;310;24/03/2017
2017024443;1;2;1;1;7;310;24/04/2017
2017024444;1;2;1;1;6;310;26/04/2017
2017024445;1;2;1;1;6;310;27/04/2017
2017024446;1;1;1;1;6;310;29/05/2017
2017024447;1;2;1;1;6;310;09/06/2017
2017024448;1;2;1;1;7;310;09/06/2017
2017024449;1;2;1;1;2;310;09/06/2017
2017024450;1;2;1;1;2;310;17/06/2017
2017024451;1;1;1;1;6;310;24/06/2017
2017024452;1;2;1;1;6;310;04/07/2017
2017024453;1;2;1;1;7;310;03/07/2017
2017024454;1;1;3;1;1;310;07/07/2017
2017024455;1;1;2;1;3;310;07/07/2017
2017024456;1;2;7;2;7;310;10/07/2017
2017024457;1;1;1;2;1;310;20/07/2017
2017024458;1;1;2;1;2;310;26/07/2017
2017024459;1;2;6;1;3;310;05/09/2017
2017024460;3;1;1;1;7;310;20/09/2017
2017024461;1;2;1;1;2;310;13/10/2017
2017024462;1;2;2;1;3;310;16/10/2017
2017024463;1;1;1;1;6;310;24/10/2017
2017024464;3;2;1;2;3;310;04/11/2017
2017024465;1;2;1;3;2;310;09/11/2017
2017024466;1;1;1;1;7;310;20/11/2017
2017024467;2;1;1;8;1;310;08/12/2017
2017024468;3;1;1;1;6;310;13/12/2017
2017024469;2;2;1;8;3;310;19/12/2017
2017024470;1;2;1;1;2;310;26/12/2017
2017024471;3;2;1;1;6;690;06/01/2017
2017024472;1;2;3;1;6;690;20/01/2017
2017024473;5;2;1;1;6;690;04/02/2017
2017024474;1;2;1;1;3;690;18/02/2017
2017024475;1;1;1;1;6;690;07/03/2017
2017024476;1;2;1;1;6;690;25/03/2017
2017024477;2;2;1;3;1;690;02/04/2017
2017024478;1;2;6;6;2;690;30/04/2017
2017024479;1;2;1;1;1;690;12/06/2017
2017024480;1;2;1;2;3;690;09/07/2017
2017024481;3;1;1;1;7;690;07/07/2017
2017024482;1;2;9;1;1;690;01/08/2017
2017024483;1;2;1;2;6;690;31/08/2017
2017024484;1;2;1;1;1;690;21/09/2017
2017024485;1;2;1;1;3;690;01/10/2017
2017024486;1;1;1;1;2;690;16/10/2017
2017024487;1;2;6;2;2;690;25/11/2017
2017024488;3;2;1;1;6;850;13/01/2017
2017024489;3;1;1;1;1;850;20/04/2017
2017024490;1;1;2;1;3;850;04/05/2017
2017024491;1;1;1;1;2;850;11/05/2017
2017024492;3;2;2;1;3;850;27/05/2017
2017024493;1;1;1;1;1;850;22/07/2017
2017024494;1;1;1;1;7;850;05/09/2017
2017024495;3;1;2;1;5;850;08/11/2017
2017024496;3;1;1;5;5;850;06/12/2017
2017024497;3;1;1;2;7;850;17/12/2017
2017024498;1;2;1;1;7;310;01/01/2017
2017024499;1;1;1;1;4;310;03/01/2017
2017024500;1;2;6;1;3;310;04/01/2017
2017024501;3;1;1;1;4;310;05/01/2017
2017024502;1;2;3;1;3;310;06/01/2017
2017024503;5;2;1;1;2;310;07/01/2017
2017024504;5;2;3;1;3;310;07/01/2017
2017024505;5;2;1;1;6;310;06/01/2017
2017024506;5;2;6;2;6;310;10/01/2017
2017024507;5;2;2;1;3;310;10/01/2017
2017024508;5;2;8;2;3;310;11/01/2017
2017024509;1;2;1;1;6;310;12/01/2017
2017024510;3;2;1;1;6;310;12/01/2017
2017024511;3;2;6;1;6;310;13/01/2017
2017024512;1;2;3;1;3;310;13/01/2017
2017024513;5;2;1;1;1;310;15/01/2017
2017024514;1;2;6;2;3;310;16/01/2017
2017024515;5;2;1;1;5;310;16/01/2017
2017024516;1;2;3;1;3;310;17/01/2017
2017024517;2;2;1;1;3;310;17/01/2017
2017024518;4;2;2;1;3;310;18/01/2017
2017024519;1;2;3;1;1;310;19/01/2017
2017024520;5;2;3;1;5;310;19/01/2017
2017024521;5;2;3;1;3;310;20/01/2017
2017024522;5;2;1;1;6;310;20/01/2017
2017024523;5;1;1;1;4;310;22/01/2017
2017024524;5;2;6;2;6;310;22/01/2017
2017024525;5;2;2;1;3;310;21/01/2017
2017024526;5;2;3;1;3;310;20/01/2017
2017024527;1;1;1;1;4;310;23/01/2017
2017024528;2;2;6;7;6;310;24/01/2017
2017024529;2;2;3;1;1;310;24/01/2017
2017024530;1;2;1;1;2;310;24/01/2017
2017024531;1;2;6;1;3;310;25/01/2017
2017024532;1;2;3;1;6;310;26/01/2017
2017024533;1;2;1;7;6;310;26/01/2017
2017024534;1;2;6;1;2;310;27/01/2017
2017024535;4;2;1;1;6;310;27/01/2017
2017024536;5;2;1;1;2;310;28/01/2017
2017024537;1;2;1;1;1;310;29/01/2017
2017024538;2;2;1;1;3;310;31/01/2017
2017024539;1;2;2;1;3;310;31/01/2017
2017024540;3;2;1;1;3;310;01/02/2017
2017024541;2;2;3;1;3;310;02/02/2017
2017024542;1;1;1;1;4;310;03/02/2017
2017024543;1;2;1;2;3;310;03/02/2017
2017024544;1;2;2;1;3;310;03/02/2017
2017024545;3;1;1;1;2;310;03/02/2017
2017024546;5;2;1;1;1;310;03/02/2017
2017024547;3;2;2;1;3;310;04/02/2017
2017024548;1;2;1;1;3;310;04/02/2017
2017024549;5;2;3;1;3;310;04/02/2017
2017024550;1;2;1;1;7;310;06/02/2017
2017024551;5;2;1;2;6;310;05/02/2017
2017024552;5;2;1;2;2;310;07/02/2017
2017024553;1;2;1;1;2;310;07/02/2017
2017024554;5;1;1;1;6;310;12/02/2017
2017024555;4;1;3;6;2;310;12/02/2017
2017024556;1;2;3;6;3;310;13/02/2017
2017024557;5;1;1;6;1;310;13/02/2017
2017024558;2;1;1;2;2;310;14/02/2017
2017024559;1;2;1;1;3;310;14/02/2017
2017024560;1;2;1;2;3;310;14/02/2017
2017024561;1;2;4;2;6;310;14/02/2017
2017024562;2;2;1;8;1;310;15/02/2017
2017024563;1;2;3;1;3;310;15/02/2017
2017024564;1;2;4;1;6;310;17/02/2017
2017024565;1;2;2;1;3;310;18/02/2017
2017024566;1;2;1;1;6;310;18/02/2017
2017024567;3;2;1;1;6;310;17/02/2017
2017024568;1;2;1;1;4;310;17/02/2017
2017024569;1;2;1;1;4;310;20/02/2017
2017024570;5;2;2;1;3;310;20/02/2017
2017024571;1;2;4;1;3;310;21/02/2017
2017024572;1;1;1;1;4;310;21/02/2017
2017024573;1;2;1;1;3;310;23/02/2017
2017024574;1;2;1;1;6;310;23/02/2017
2017024575;5;2;1;1;6;310;23/02/2017
2017024576;5;1;1;1;4;310;24/02/2017
2017024577;5;2;1;1;1;310;25/02/2017
2017024578;5;1;1;1;6;310;26/02/2017
2017024579;1;1;1;1;3;310;27/02/2017
2017024580;5;2;1;1;6;310;27/02/2017
2017024581;4;1;1;1;6;310;28/02/2017
2017024582;1;2;6;1;3;310;01/03/2017
2017024583;1;1;1;1;6;310;01/03/2017
2017024584;1;2;1;1;2;310;01/03/2017
2017024585;1;2;8;1;6;310;03/03/2017
2017024586;1;1;1;1;3;310;04/03/2017
2017024587;1;2;1;2;2;310;06/03/2017
2017024588;1;2;1;1;6;310;06/03/2017
2017024589;5;2;2;2;3;310;07/03/2017
2017024590;2;2;2;1;2;310;09/03/2017
2017024591;5;1;1;1;4;310;09/03/2017
2017024592;3;2;2;1;3;310;09/03/2017
2017024593;1;1;1;1;5;310;10/03/2017
2017024594;5;1;1;1;2;310;09/03/2017
2017024595;1;1;1;1;4;310;10/03/2017
2017024596;1;2;1;1;6;310;10/03/2017
2017024597;1;2;1;1;3;310;13/03/2017
2017024598;1;2;1;1;3;310;14/03/2017
2017024599;1;2;1;1;6;310;14/03/2017
2017024600;5;2;1;1;2;310;14/03/2017
2017024601;1;2;1;1;7;310;10/03/2017
2017024602;1;2;6;1;3;310;15/03/2017
2017024603;1;2;1;1;2;310;16/03/2017
2017024604;1;1;1;1;6;310;16/03/2017
2017024605;1;2;2;1;3;310;16/03/2017
2017024606;1;2;2;1;6;310;16/03/2017
2017024607;1;2;1;1;6;310;17/03/2017
2017024608;1;2;1;1;3;310;17/03/2017
2017024609;1;1;1;1;6;310;18/03/2017
2017024610;4;1;1;1;4;310;17/03/2017
2017024611;5;2;1;1;6;310;17/03/2017
2017024612;1;2;3;1;3;310;18/03/2017
2017024613;1;2;1;1;6;310;20/03/2017
2017024614;1;2;1;1;6;310;21/03/2017
2017024615;1;2;2;1;3;310;21/03/2017
2017024616;1;2;1;1;4;310;22/03/2017
2017024617;1;2;1;1;6;310;22/03/2017
2017024618;1;2;1;1;3;310;22/03/2017
2017024619;1;1;1;1;5;310;23/03/2017
2017024620;1;2;1;1;6;310;23/03/2017
2017024621;3;2;1;1;2;310;23/03/2017
2017024622;1;1;1;1;5;310;25/03/2017
2017024623;1;2;1;1;7;310;25/03/2017
2017024624;5;2;1;1;3;310;25/03/2017
2017024625;1;2;1;1;6;310;26/03/2017
2017024626;5;2;2;1;3;310;26/03/2017
2017024627;1;2;1;1;6;310;27/03/2017
2017024628;1;2;1;1;3;310;27/03/2017
2017024629;2;2;1;1;1;310;28/03/2017
2017024630;1;2;1;1;6;310;28/03/2017
2017024631;5;2;1;1;1;310;28/03/2017
2017024632;1;2;6;1;3;310;28/03/2017
2017024633;1;2;1;1;2;310;28/03/2017
2017024634;1;2;2;1;3;310;29/03/2017
2017024635;1;2;1;1;3;310;29/03/2017
2017024636;1;2;1;1;6;310;29/03/2017
2017024637;1;2;1;1;2;310;29/03/2017
2017024638;1;2;1;1;1;310;29/03/2017
2017024639;1;2;1;1;3;310;30/03/2017
2017024640;1;2;1;1;3;310;30/03/2017
2017024641;5;2;1;1;6;310;30/03/2017
2017024642;1;2;1;1;6;310;30/03/2017
2017024643;1;2;5;1;6;310;31/03/2017
2017024644;1;2;1;1;1;310;31/03/2017
2017024645;5;2;1;3;3;310;31/03/2017
2017024646;5;2;1;2;3;310;01/04/2017
2017024647;1;1;1;1;2;310;31/03/2017
2017024648;1;2;1;1;3;310;31/03/2017
2017024649;1;2;1;1;6;310;04/04/2017
2017024650;1;1;6;1;3;310;04/04/2017
2017024651;1;2;1;1;6;310;05/04/2017
2017024652;1;2;1;1;2;310;05/04/2017
2017024653;1;2;1;1;2;310;06/04/2017
2017024654;5;2;3;1;1;310;06/04/2017
2017024655;5;2;2;1;3;310;07/04/2017
2017024656;5;2;1;1;6;310;08/04/2017
2017024657;5;2;3;1;3;310;08/04/2017
2017024658;1;2;3;1;3;310;08/04/2017
2017024659;1;2;1;1;1;310;08/04/2017
2017024660;1;2;1;1;6;310;08/04/2017
2017024661;5;2;3;1;6;310;08/04/2017
2017024662;5;2;1;1;3;310;08/04/2017
2017024663;1;2;1;1;2;310;10/04/2017
2017024664;1;2;2;1;3;310;12/04/2017
2017024665;1;2;6;1;3;310;12/04/2017
2017024666;1;2;2;1;3;310;12/04/2017
2017024667;1;1;1;1;3;310;12/04/2017
2017024668;1;2;1;1;6;310;13/04/2017
2017024669;1;2;1;1;2;310;13/04/2017
2017024670;1;1;1;1;4;310;13/04/2017
2017024671;1;2;6;1;3;310;14/04/2017
2017024672;1;2;3;1;3;310;14/04/2017
2017024673;2;1;1;1;6;310;15/04/2017
2017024674;5;1;1;1;6;310;15/04/2017
2017024675;1;2;6;1;3;310;15/04/2017
2017024676;1;1;1;1;7;310;18/04/2017
2017024677;1;2;1;1;3;310;19/04/2017
2017024678;1;2;1;1;6;310;19/04/2017
2017024679;1;1;1;1;4;310;21/04/2017
2017024680;1;2;1;1;6;310;22/04/2017
2017024681;1;1;1;1;2;310;23/04/2017
2017024682;1;2;3;1;3;310;24/04/2017
2017024683;1;2;1;1;1;310;25/04/2017
2017024684;1;2;6;1;4;310;27/04/2017
2017024685;1;2;2;1;3;310;27/04/2017
2017024686;5;2;1;1;4;310;27/04/2017
2017024687;3;2;3;1;3;310;28/04/2017
2017024688;4;2;1;1;1;310;29/04/2017
2017024689;3;1;1;1;6;310;30/04/2017
2017024690;1;2;1;1;1;310;01/05/2017
2017024691;1;2;1;1;6;310;02/05/2017
2017024692;1;2;1;3;6;310;02/05/2017
2017024693;1;2;1;1;6;310;03/05/2017
2017024694;1;2;1;1;3;310;03/05/2017
2017024695;1;1;1;1;6;310;04/05/2017
2017024696;1;2;3;1;3;310;04/05/2017
2017024697;4;1;1;1;6;310;05/05/2017
2017024698;1;2;6;1;3;310;05/05/2017
2017024699;1;2;1;1;2;310;05/05/2017
2017024700;1;2;1;1;3;310;05/05/2017
2017024701;1;1;1;1;7;310;06/05/2017
2017024702;1;2;3;1;3;310;06/05/2017
2017024703;1;2;2;1;3;310;09/05/2017
2017024704;1;1;1;1;4;310;09/05/2017
2017024705;1;1;1;1;2;310;09/05/2017
2017024706;1;2;2;1;3;310;09/05/2017
2017024707;1;2;2;1;3;310;10/05/2017
2017024708;1;2;1;1;6;310;09/05/2017
2017024709;5;2;1;3;3;310;11/05/2017
2017024710;1;1;1;1;3;310;12/05/2017
2017024711;5;2;1;2;6;310;13/05/2017
2017024712;3;1;1;2;2;310;13/05/2017
2017024713;1;2;1;1;3;310;13/05/2017
2017024714;1;2;1;1;2;310;13/05/2017
2017024715;1;2;1;1;7;310;14/05/2017
2017024716;1;2;1;1;3;310;15/05/2017
2017024717;1;2;1;1;6;310;16/05/2017
2017024718;1;1;1;1;4;310;16/05/2017
2017024719;1;1;1;1;4;310;17/05/2017
2017024720;1;2;3;1;6;310;17/05/2017
2017024721;1;2;4;1;3;310;17/05/2017
2017024722;1;2;1;2;6;310;18/05/2017
2017024723;1;2;3;1;6;310;19/05/2017
2017024724;1;2;3;1;3;310;19/05/2017
2017024725;1;2;1;1;6;310;19/05/2017
2017024726;1;2;1;2;6;310;19/05/2017
2017024727;1;1;1;1;2;310;19/05/2017
2017024728;5;2;1;1;6;310;20/05/2017
2017024729;1;2;1;1;7;310;20/05/2017
2017024730;5;2;2;1;3;310;20/05/2017
2017024731;3;2;1;1;1;310;20/05/2017
2017024732;1;2;2;1;3;310;22/05/2017
2017024733;1;2;4;1;6;310;17/05/2017
2017024734;1;2;1;1;3;310;22/05/2017
2017024735;1;2;3;1;6;310;22/05/2017
2017024736;1;2;1;1;6;310;24/05/2017
2017024737;1;1;1;1;2;310;24/05/2017
2017024738;1;2;1;1;6;310;24/05/2017
2017024739;1;2;3;1;3;310;25/05/2017
2017024740;1;2;3;7;3;310;26/05/2017
2017024741;1;2;1;1;3;310;26/05/2017
2017024742;1;2;1;1;3;310;26/05/2017
2017024743;1;1;1;1;6;310;26/05/2017
2017024744;1;2;6;1;7;310;28/05/2017
2017024745;1;2;1;1;1;310;28/05/2017
2017024746;1;2;1;1;3;310;29/05/2017
2017024747;1;2;3;1;3;310;29/05/2017
2017024748;1;2;1;1;6;310;29/05/2017
2017024749;1;2;1;1;1;310;29/05/2017
2017024750;1;2;1;2;3;310;30/05/2017
2017024751;1;1;1;1;3;310;29/05/2017
2017024752;2;2;3;3;5;310;31/05/2017
2017024753;1;2;1;1;6;310;30/05/2017
2017024754;1;1;1;1;6;310;31/05/2017
2017024755;1;2;1;1;2;310;31/05/2017
2017024756;2;2;3;1;3;310;31/05/2017
2017024757;1;2;4;1;1;310;01/06/2017
2017024758;1;2;1;1;3;310;02/06/2017
2017024759;1;2;2;1;3;310;02/06/2017
2017024760;1;2;1;1;6;310;05/06/2017
2017024761;1;1;1;1;2;310;06/06/2017
2017024762;1;2;1;1;6;310;06/06/2017
2017024763;1;2;1;1;6;310;07/06/2017
2017024764;1;2;1;1;3;310;07/06/2017
2017024765;5;2;2;1;3;310;08/06/2017
2017024766;1;2;1;1;1;310;07/06/2017
2017024767;1;1;1;1;4;310;08/06/2017
2017024768;1;2;1;1;3;310;08/06/2017
2017024769;5;2;1;2;7;310;09/06/2017
2017024770;1;2;1;1;2;310;08/06/2017
2017024771;1;2;1;1;2;310;09/06/2017
2017024772;1;2;3;1;3;310;12/06/2017
2017024773;1;2;1;1;3;310;13/06/2017
2017024774;1;2;1;1;6;310;13/06/2017
2017024775;1;1;1;1;6;310;14/06/2017
2017024776;1;2;1;1;3;310;14/06/2017
2017024777;1;2;1;1;6;310;14/06/2017
2017024778;1;1;3;1;6;310;15/06/2017
2017024779;1;2;2;1;3;310;17/06/2017
2017024780;2;1;1;1;6;310;18/06/2017
2017024781;1;2;1;1;1;310;19/06/2017
2017024782;1;2;1;1;4;310;19/06/2017
2017024783;1;2;3;1;1;310;19/06/2017
2017024784;1;2;1;1;6;310;20/06/2017
2017024785;1;2;7;1;3;310;20/06/2017
2017024786;5;2;1;1;7;310;21/06/2017
2017024787;1;2;1;1;2;310;21/06/2017
2017024788;1;2;1;1;3;310;21/06/2017
2017024789;1;1;1;1;3;310;22/06/2017
2017024790;1;2;1;1;4;310;22/06/2017
2017024791;1;2;3;1;3;310;23/06/2017
2017024792;1;2;1;1;3;310;25/06/2017
2017024793;5;2;1;1;3;310;26/06/2017
2017024794;1;2;1;1;4;310;26/06/2017
2017024795;1;2;1;1;3;310;27/06/2017
2017024796;1;1;1;2;5;310;28/06/2017
2017024797;1;2;1;1;3;310;28/06/2017
2017024798;1;2;1;3;2;310;28/06/2017
2017024799;5;2;2;6;3;310;29/06/2017
2017024800;1;2;1;1;3;310;29/06/2017
2017024801;1;2;2;1;3;310;29/06/2017
2017024802;1;2;9;1;3;310;29/06/2017
2017024803;1;1;1;1;3;310;30/06/2017
2017024804;1;2;1;1;3;310;04/07/2017
2017024805;1;2;2;1;3;310;05/07/2017
2017024806;1;2;1;1;6;310;06/07/2017
2017024807;1;1;1;1;5;310;06/07/2017
2017024808;1;2;1;1;6;310;06/07/2017
2017024809;5;2;1;1;2;310;06/07/2017
2017024810;1;2;1;1;3;310;07/07/2017
2017024811;2;2;1;1;3;310;08/07/2017
2017024812;1;1;1;1;3;310;11/07/2017
2017024813;1;2;1;1;6;310;10/07/2017
2017024814;1;2;1;1;2;310;12/07/2017
2017024815;1;2;2;1;3;310;12/07/2017
2017024816;1;1;1;1;3;310;13/07/2017
2017024817;1;2;3;1;3;310;14/07/2017
2017024818;1;2;1;1;2;310;15/07/2017
2017024819;1;2;1;1;2;310;14/07/2017
2017024820;1;2;1;1;3;310;17/07/2017
2017024821;1;2;1;1;6;310;17/07/2017
2017024822;1;2;1;1;3;310;17/07/2017
2017024823;1;2;1;1;1;310;17/07/2017
2017024824;1;2;1;2;7;310;20/07/2017
2017024825;5;2;1;1;6;310;20/07/2017
2017024826;1;2;1;1;2;310;22/07/2017
2017024827;2;2;1;1;3;310;23/07/2017
2017024828;5;2;2;1;3;310;23/07/2017
2017024829;1;2;1;1;3;310;24/07/2017
2017024830;1;1;1;1;5;310;25/07/2017
2017024831;1;2;1;1;3;310;25/07/2017
2017024832;5;2;1;1;6;310;26/07/2017
2017024833;1;2;1;1;5;310;26/07/2017
2017024834;1;2;1;1;4;310;27/07/2017
2017024835;5;2;3;1;3;310;30/07/2017
2017024836;5;2;6;1;6;310;31/07/2017
2017024837;1;2;1;1;6;310;31/07/2017
2017024838;1;2;3;1;3;310;31/07/2017
2017024839;1;2;3;1;3;310;31/07/2017
2017024840;1;1;1;1;4;310;31/07/2017
2017024841;1;2;1;1;3;310;01/08/2017
2017024842;1;2;1;1;2;310;01/08/2017
2017024843;1;2;6;1;2;310;02/08/2017
2017024844;1;2;1;1;6;310;02/08/2017
2017024845;4;1;1;1;6;310;04/08/2017
2017024846;1;2;1;1;4;310;04/08/2017
2017024847;1;2;1;1;6;310;04/08/2017
2017024848;5;2;1;1;3;310;05/08/2017
2017024849;5;1;3;1;3;310;06/08/2017
2017024850;1;2;1;1;6;310;07/08/2017
2017024851;1;2;1;1;3;310;07/08/2017
2017024852;1;2;1;1;3;310;08/08/2017
2017024853;1;2;6;1;3;310;09/08/2017
2017024854;1;2;3;1;6;310;09/08/2017
2017024855;1;1;1;1;3;310;10/08/2017
2017024856;2;2;1;1;7;310;12/08/2017
2017024857;1;2;1;1;6;310;12/08/2017
2017024858;1;2;1;1;3;310;12/08/2017
2017024859;1;2;3;1;3;310;13/08/2017
2017024860;1;2;1;1;6;310;16/08/2017
2017024861;1;2;2;1;3;310;17/08/2017
2017024862;1;2;2;1;3;310;16/08/2017
2017024863;5;1;1;1;6;310;18/08/2017
2017024864;5;2;1;1;7;310;19/08/2017
2017024865;1;2;3;1;3;310;21/08/2017
2017024866;5;2;1;1;3;310;21/08/2017
2017024867;1;2;1;1;3;310;23/08/2017
2017024868;3;2;2;1;3;310;25/08/2017
2017024869;1;1;1;1;2;310;27/08/2017
2017024870;1;2;1;1;6;310;28/08/2017
2017024871;1;2;1;1;6;310;29/08/2017
2017024872;5;2;1;1;6;310;29/08/2017
2017024873;1;2;2;1;3;310;30/08/2017
2017024874;2;1;1;1;2;310;31/08/2017
2017024875;1;2;1;8;6;310;31/08/2017
2017024876;5;2;3;1;4;310;31/08/2017
2017024877;1;1;1;1;2;310;31/08/2017
2017024878;1;2;6;1;7;310;01/09/2017
2017024879;5;2;1;1;3;310;03/09/2017
2017024880;2;2;2;1;3;310;02/09/2017
2017024881;5;2;2;1;3;310;03/09/2017
2017024882;1;1;1;1;3;310;04/09/2017
2017024883;1;1;1;1;6;310;05/09/2017
2017024884;1;2;1;1;6;310;06/09/2017
2017024885;5;1;1;1;2;310;07/09/2017
2017024886;1;2;1;1;3;310;08/09/2017
2017024887;1;2;3;1;2;310;09/09/2017
2017024888;1;1;1;1;2;310;08/09/2017
2017024889;1;2;1;1;6;310;08/09/2017
2017024890;4;1;1;1;3;310;09/09/2017
2017024891;1;2;1;2;4;310;09/09/2017
2017024892;1;2;1;1;3;310;11/09/2017
2017024893;1;2;3;1;3;310;09/09/2017
2017024894;1;2;1;1;2;310;11/09/2017
2017024895;1;2;1;1;6;310;11/09/2017
2017024896;1;2;1;1;6;310;12/09/2017
2017024897;1;2;3;1;3;310;12/09/2017
2017024898;1;2;1;1;1;310;13/09/2017
2017024899;1;2;1;1;2;310;13/09/2017
2017024900;5;2;3;1;3;310;13/09/2017
2017024901;2;2;1;1;3;310;13/09/2017
2017024902;1;2;1;1;6;310;13/09/2017
2017024903;1;2;1;1;2;310;14/09/2017
2017024904;1;1;1;1;2;310;13/09/2017
2017024905;1;2;1;1;3;310;15/09/2017
2017024906;2;2;1;1;3;310;15/09/2017
2017024907;1;2;1;1;3;310;15/09/2017
2017024908;1;2;1;1;7;310;15/09/2017