num_acc;lum;agg;inter;atm;col;dep;date
2017026064;1;2;9;1;3;340;29/03/2017
2017026065;1;1;3;1;7;340;29/03/2017
2017026066;1;2;1;1;3;340;13/04/2017
2017026067;5;2;1;1;6;340;01/05/2017
2017026068;1;1;1;1;1;340;02/05/2017
2017026069;1;2;3;1;3;340;05/05/2017
2017026070;1;1;1;1;1;340;16/05/2017
2017026071;1;2;1;1;7;340;01/06/2017
2017026072;1;1;1;1;1;340;07/06/2017
2017026073;1;2;3;1;1;340;07/06/2017
2017026074;1;1;2;1;3;340;21/06/2017
2017026075;1;2;1;1;3;340;06/07/2017
2017026076;1;2;1;1;5;340;07/07/2017
2017026077;3;2;6;1;7;340;09/07/2017
2017026078;1;1;1;1;7;340;16/07/2017
2017026079;1;2;1;1;7;340;19/07/2017
2017026080;1;1;6;1;3;340;03/08/2017
2017026081;1;1;6;1;3;340;21/08/2017
2017026082;1;1;1;1;6;340;28/08/2017
2017026083;1;2;1;1;7;340;15/09/2017
2017026084;3;1;1;1;1;340;18/09/2017
2017026085;1;2;2;1;3;340;27/09/2017
2017026086;1;2;4;1;3;340;04/10/2017
2017026087;1;2;1;1;7;340;07/11/2017
2017026088;1;2;3;1;3;340;02/12/2017
2017026089;1;2;1;1;7;340;24/12/2017
2017026090;5;2;1;1;1;340;03/01/2017
2017026091;1;2;1;1;6;340;03/01/2017
2017026092;1;2;1;1;6;340;05/01/2017
2017026093;1;2;1;1;6;340;05/01/2017
2017026094;5;2;1;1;3;340;05/01/2017
2017026095;2;2;2;1;1;340;06/01/2017
2017026096;5;2;1;1;6;340;06/01/2017
2017026097;1;2;1;1;3;340;06/01/2017
2017026098;2;2;1;1;7;340;06/01/2017
2017026099;5;2;1;1;7;340;07/01/2017
2017026100;1;2;1;1;2;340;07/01/2017
2017026101;1;2;1;1;6;340;11/01/2017
2017026102;5;1;1;1;1;340;13/01/2017
2017026103;2;2;1;1;2;340;12/01/2017
2017026104;5;2;1;1;6;340;20/01/2017
2017026105;5;2;1;1;1;340;20/01/2017
2017026106;5;2;1;1;6;340;22/01/2017
2017026107;5;2;4;1;2;340;26/01/2017
2017026108;5;2;1;1;6;340;27/01/2017
2017026109;1;2;1;8;1;340;22/01/2017
2017026110;1;2;1;1;3;340;20/01/2017
2017026111;1;1;1;1;1;340;29/01/2017
2017026112;5;2;2;2;3;340;27/01/2017
2017026113;1;2;1;2;6;340;31/01/2017
2017026114;1;2;1;8;6;340;02/02/2017
2017026115;1;1;1;1;6;340;04/02/2017
2017026116;1;2;1;1;6;340;30/01/2017
2017026117;1;2;2;1;3;340;07/02/2017
2017026118;5;2;1;1;6;340;07/02/2017
2017026119;5;2;1;8;6;340;12/02/2017
2017026120;1;2;1;8;2;340;14/02/2017
2017026121;1;2;1;1;1;340;16/02/2017
2017026122;1;2;1;1;6;340;18/02/2017
2017026123;5;2;1;1;7;340;19/02/2017
2017026124;1;2;1;1;4;340;20/02/2017
2017026125;1;2;2;1;6;340;20/02/2017
2017026126;1;2;3;1;6;340;21/02/2017
2017026127;5;2;2;1;1;340;22/02/2017
2017026128;1;2;2;1;6;340;24/02/2017
2017026129;5;2;2;1;3;340;01/03/2017
2017026130;1;2;1;1;6;340;02/03/2017
2017026131;1;2;1;1;1;340;02/03/2017
2017026132;3;1;2;1;3;340;06/03/2017
2017026133;5;1;1;1;7;340;08/03/2017
2017026134;1;2;1;1;3;340;09/03/2017
2017026135;1;2;1;1;6;340;16/03/2017
2017026136;1;2;1;1;3;340;16/03/2017
2017026137;1;2;1;1;1;340;17/03/2017
2017026138;5;2;2;1;3;340;19/03/2017
2017026139;2;2;1;1;3;340;10/02/2017
2017026140;5;1;1;1;6;340;22/03/2017
2017026141;1;2;1;1;2;340;22/03/2017
2017026142;5;2;1;1;2;340;22/03/2017
2017026143;1;2;1;1;3;340;23/03/2017
2017026144;1;2;1;2;3;340;24/03/2017
2017026145;1;2;2;1;3;340;26/03/2017
2017026146;1;2;1;1;2;340;01/04/2017
2017026147;1;2;1;1;3;340;05/04/2017
2017026148;1;2;2;1;3;340;05/04/2017
2017026149;1;1;1;1;1;340;01/04/2017
2017026150;1;2;3;1;3;340;06/04/2017
2017026151;5;2;1;1;6;340;06/04/2017
2017026152;5;2;1;1;6;340;07/04/2017
2017026153;1;2;1;1;7;340;11/04/2017
2017026154;1;2;1;1;6;340;11/04/2017
2017026155;5;2;3;1;1;340;13/04/2017
2017026156;1;2;1;1;7;340;15/04/2017
2017026157;1;2;1;1;2;340;15/04/2017
2017026158;1;2;2;1;2;340;16/04/2017
2017026159;3;2;1;1;6;340;17/04/2017
2017026160;1;2;3;1;1;340;18/04/2017
2017026161;1;2;1;1;1;340;25/04/2017
2017026162;1;2;1;1;6;340;26/04/2017
2017026163;1;1;1;1;3;340;27/04/2017
2017026164;1;2;1;1;3;340;28/04/2017
2017026165;1;2;4;1;3;340;29/04/2017
2017026166;1;2;2;1;3;340;26/04/2017
2017026167;1;2;1;8;2;340;04/05/2017
2017026168;5;2;1;1;7;340;07/05/2017
2017026169;1;2;1;1;7;340;08/05/2017
2017026170;1;2;1;1;3;340;09/05/2017
2017026171;1;2;1;1;1;340;09/05/2017
2017026172;1;2;1;1;3;340;09/05/2017
2017026173;2;2;1;1;6;340;13/05/2017
2017026174;1;2;1;1;6;340;14/05/2017
2017026175;1;2;1;1;2;340;15/05/2017
2017026176;1;2;1;1;2;340;16/05/2017
2017026177;1;2;1;1;3;340;16/05/2017
2017026178;1;2;3;1;3;340;16/05/2017
2017026179;2;2;3;1;1;340;18/05/2017
2017026180;2;1;1;1;7;340;19/05/2017
2017026181;1;2;1;1;6;340;20/05/2017
2017026182;1;2;1;1;4;340;20/05/2017
2017026183;1;2;1;1;6;340;20/05/2017
2017026184;1;2;1;1;2;340;21/05/2017
2017026185;1;2;1;1;6;340;21/05/2017
2017026186;1;2;1;1;6;340;22/05/2017
2017026187;1;2;1;1;3;340;23/05/2017
2017026188;1;2;1;1;7;340;24/05/2017
2017026189;1;2;2;1;6;340;26/05/2017
2017026190;1;2;1;1;1;340;27/05/2017
2017026191;1;2;3;1;3;340;28/05/2017
2017026192;5;2;1;1;2;340;29/05/2017
2017026193;1;2;1;1;6;340;30/05/2017
2017026194;1;2;1;1;3;340;31/05/2017
2017026195;1;2;1;1;7;340;01/06/2017
2017026196;1;1;1;8;1;340;03/06/2017
2017026197;1;2;3;1;7;340;02/06/2017
2017026198;1;2;1;1;1;340;08/06/2017
2017026199;1;1;1;1;3;340;08/06/2017
2017026200;1;2;1;1;3;340;09/06/2017
2017026201;3;1;1;1;1;340;11/06/2017
2017026202;1;2;1;1;4;340;12/06/2017
2017026203;1;2;1;1;3;340;13/06/2017
2017026204;5;2;3;1;3;340;13/06/2017
2017026205;5;2;1;1;6;340;14/06/2017
2017026206;1;2;1;1;6;340;14/06/2017
2017026207;1;2;1;1;3;340;14/06/2017
2017026208;1;2;9;1;1;340;15/06/2017
2017026209;1;2;3;1;3;340;15/06/2017
2017026210;1;2;1;1;6;340;16/06/2017
2017026211;1;2;2;1;5;340;16/06/2017
2017026212;1;2;1;1;3;340;19/06/2017
2017026213;1;2;2;1;7;340;20/06/2017
2017026214;1;2;3;1;3;340;22/06/2017
2017026215;1;2;1;1;1;340;23/06/2017
2017026216;1;2;1;1;1;340;25/06/2017
2017026217;1;2;1;1;3;340;27/06/2017
2017026218;1;2;1;1;3;340;27/06/2017
2017026219;1;2;1;1;2;340;30/06/2017
2017026220;1;2;1;1;2;340;30/06/2017
2017026221;1;2;1;1;2;340;01/07/2017
2017026222;1;2;1;1;2;340;03/07/2017
2017026223;1;2;1;1;6;340;05/07/2017
2017026224;2;2;1;1;3;340;05/07/2017
2017026225;2;2;2;1;6;340;06/07/2017
2017026226;1;2;1;1;4;340;07/07/2017
2017026227;5;2;1;1;6;340;09/07/2017
2017026228;1;2;1;1;2;340;12/07/2017
2017026229;1;2;1;1;3;340;13/07/2017
2017026230;5;2;7;1;3;340;15/07/2017
2017026231;1;2;1;1;3;340;16/07/2017
2017026232;1;2;1;7;2;340;16/07/2017
2017026233;1;2;9;1;7;340;17/07/2017
2017026234;1;2;1;1;3;340;21/07/2017
2017026235;1;2;1;1;7;340;24/07/2017
2017026236;1;2;1;1;5;340;29/07/2017
2017026237;1;2;1;1;1;340;31/07/2017
2017026238;1;2;1;1;3;340;31/07/2017
2017026239;3;1;1;1;7;340;04/08/2017
2017026240;1;2;3;1;2;340;04/08/2017
2017026241;5;2;3;1;2;340;05/08/2017
2017026242;1;2;1;1;3;340;06/08/2017
2017026243;5;2;1;1;5;340;09/08/2017
2017026244;1;2;1;1;5;340;09/08/2017
2017026245;5;2;1;1;6;340;12/08/2017
2017026246;1;2;1;1;1;340;12/08/2017
2017026247;5;2;3;1;3;340;15/08/2017
2017026248;1;2;1;2;3;340;18/08/2017
2017026249;2;2;2;1;3;340;22/08/2017
2017026250;1;1;1;1;7;340;28/08/2017
2017026251;1;2;3;1;3;340;01/09/2017
2017026252;2;2;1;1;2;340;02/09/2017
2017026253;2;2;1;1;2;340;03/09/2017
2017026254;1;2;1;1;3;340;05/09/2017
2017026255;1;2;1;1;1;340;06/09/2017
2017026256;1;2;3;1;3;340;07/09/2017
2017026257;1;2;1;1;1;340;08/09/2017
2017026258;2;2;2;1;3;340;10/09/2017
2017026259;2;2;1;1;2;340;12/09/2017
2017026260;1;2;1;1;2;340;13/09/2017
2017026261;1;2;7;8;3;340;14/09/2017
2017026262;1;2;1;8;6;340;14/09/2017
2017026263;1;2;1;1;7;340;15/09/2017
2017026264;5;2;1;1;2;340;02/08/2017
2017026265;5;2;3;1;3;340;16/09/2017
2017026266;1;2;9;1;3;340;16/09/2017
2017026267;1;1;1;1;3;340;17/09/2017
2017026268;5;1;1;1;6;340;14/08/2017
2017026269;1;2;1;2;7;340;18/09/2017
2017026270;1;2;1;2;2;340;18/09/2017
2017026271;1;2;1;2;7;340;18/09/2017
2017026272;1;2;1;2;1;340;18/09/2017
2017026273;1;2;1;1;3;340;19/09/2017
2017026274;1;2;1;1;7;340;20/09/2017
2017026275;1;2;1;1;3;340;20/09/2017
2017026276;1;2;3;1;3;340;21/09/2017
2017026277;1;2;1;1;3;340;24/09/2017
2017026278;1;2;1;1;7;340;23/09/2017
2017026279;1;2;2;1;3;340;22/09/2017
2017026280;1;2;1;1;6;340;26/09/2017
2017026281;5;2;1;1;6;340;29/09/2017
2017026282;1;2;1;1;7;340;02/10/2017
2017026283;1;2;1;1;6;340;05/10/2017
2017026284;1;2;1;1;6;340;06/10/2017
2017026285;1;2;1;1;6;340;08/10/2017
2017026286;5;2;1;1;3;340;08/10/2017
2017026287;5;2;6;1;3;340;05/10/2017
2017026288;1;2;1;1;3;340;09/10/2017
2017026289;1;1;2;1;1;340;09/10/2017
2017026290;1;2;2;1;6;340;08/10/2017
2017026291;1;2;1;1;6;340;13/10/2017
2017026292;1;2;1;1;1;340;12/10/2017
2017026293;1;2;2;1;6;340;16/10/2017
2017026294;1;2;1;1;6;340;17/10/2017
2017026295;5;2;1;8;3;340;19/10/2017
2017026296;1;2;1;1;2;340;20/10/2017
2017026297;5;2;2;1;3;340;20/10/2017
2017026298;5;2;1;1;3;340;20/10/2017
2017026299;1;2;1;1;3;340;25/10/2017
2017026300;5;2;2;1;3;340;25/10/2017
2017026301;1;2;1;1;6;340;26/10/2017
2017026302;1;2;1;1;2;340;26/10/2017
2017026303;5;2;4;1;3;340;28/10/2017
2017026304;1;2;3;1;3;340;28/10/2017
2017026305;3;2;1;1;3;340;31/10/2017
2017026306;5;2;2;1;3;340;01/11/2017
2017026307;1;2;1;1;2;340;27/10/2017
2017026308;1;2;1;1;3;340;03/11/2017
2017026309;5;2;2;8;6;340;03/11/2017
2017026310;5;2;1;1;3;340;05/11/2017
2017026311;5;2;3;1;6;340;08/11/2017
2017026312;1;2;3;1;1;340;10/11/2017
2017026313;2;2;3;8;3;340;28/10/2017
2017026314;1;2;1;1;7;340;08/11/2017
2017026315;1;2;1;1;4;340;11/11/2017
2017026316;5;1;1;1;2;340;12/11/2017
2017026317;1;2;1;1;3;340;13/11/2017
2017026318;1;2;1;1;3;340;14/11/2017
2017026319;1;2;3;1;3;340;16/11/2017
2017026320;1;2;1;1;1;340;16/11/2017
2017026321;1;2;1;1;4;340;17/11/2017
2017026322;5;2;1;1;7;340;19/11/2017
2017026323;3;2;1;1;7;340;19/11/2017
2017026324;1;2;6;1;3;340;20/11/2017
2017026325;1;2;1;7;6;340;25/11/2017
2017026326;5;2;1;1;7;340;25/11/2017
2017026327;1;2;3;1;3;340;27/11/2017
2017026328;5;2;1;1;6;340;29/11/2017
2017026329;5;2;1;1;6;340;02/12/2017
2017026330;1;2;1;1;6;340;05/12/2017
2017026331;2;2;1;1;3;340;05/12/2017
2017026332;5;2;1;2;6;340;10/12/2017
2017026333;5;2;1;1;3;340;12/12/2017
2017026334;5;2;1;1;6;340;12/12/2017
2017026335;5;2;1;1;4;340;13/12/2017
2017026336;1;2;3;1;3;340;14/12/2017
2017026337;5;2;1;1;7;340;15/12/2017
2017026338;5;2;3;1;3;340;17/12/2017
2017026339;1;2;3;2;3;340;18/12/2017
2017026340;1;2;2;2;3;340;18/12/2017
2017026341;5;2;1;1;7;340;20/12/2017
2017026342;3;2;1;1;6;340;21/12/2017
2017026343;2;2;1;1;3;340;24/12/2017
2017026344;1;2;3;8;6;340;26/12/2017
2017026345;2;2;1;1;6;340;27/12/2017
2017026346;1;2;1;8;6;340;31/12/2017
2017026347;1;2;1;1;3;340;03/01/2017
2017026348;1;2;1;1;7;340;14/11/2017
2017026349;5;2;3;1;3;340;06/01/2017
2017026350;2;2;3;1;3;340;14/11/2017
2017026351;5;2;1;1;6;340;07/01/2017
2017026352;1;2;1;1;7;340;28/11/2017
2017026353;2;1;1;5;1;340;16/02/2017
2017026354;3;1;3;1;3;340;19/02/2017
2017026355;1;1;1;1;5;340;01/03/2017
2017026356;1;1;1;1;1;340;19/03/2017
2017026357;1;2;1;1;6;340;06/04/2017
2017026358;1;2;1;1;5;340;10/04/2017
2017026359;1;2;1;1;3;340;14/04/2017
2017026360;1;1;3;1;2;340;09/05/2017
2017026361;1;1;2;1;1;340;13/05/2017
2017026362;1;1;1;1;3;340;17/05/2017
2017026363;3;1;3;1;2;340;21/05/2017
2017026364;1;1;1;1;5;340;22/05/2017
2017026365;1;1;1;1;1;340;29/06/2017
2017026366;5;2;1;1;2;340;04/07/2017
2017026367;1;1;1;1;6;340;30/07/2017
2017026368;1;2;1;1;6;340;15/09/2017
2017026369;1;2;1;1;7;340;20/09/2017
2017026370;1;1;1;1;6;340;20/09/2017
2017026371;1;1;1;1;3;340;23/09/2017
2017026372;1;2;1;1;3;340;24/09/2017
2017026373;1;1;1;1;1;340;09/10/2017
2017026374;1;2;1;1;6;350;17/01/2017
2017026375;2;2;3;1;6;350;26/01/2017
2017026376;1;2;6;1;6;350;09/02/2017
2017026377;1;2;1;1;1;350;02/03/2017
2017026378;1;2;1;1;6;350;28/04/2017
2017026379;1;2;1;1;7;350;07/05/2017
2017026380;1;1;2;1;3;350;09/05/2017
2017026381;1;2;1;1;3;350;22/05/2017
2017026382;5;2;1;1;2;350;08/06/2017
2017026383;1;1;1;1;7;350;23/06/2017
2017026384;4;2;6;1;6;350;25/06/2017
2017026385;5;2;1;1;2;350;22/08/2017
2017026386;1;2;1;1;6;350;28/08/2017
2017026387;5;2;1;2;6;350;18/10/2017
2017026388;1;2;3;2;6;350;23/10/2017
2017026389;5;2;1;2;3;350;23/10/2017
2017026390;5;1;1;1;2;350;28/10/2017
2017026391;5;2;1;2;6;350;07/11/2017
2017026392;1;2;1;1;2;350;25/10/2017
2017026393;2;2;1;2;6;350;07/11/2017
2017026394;1;2;1;2;6;350;28/11/2017
2017026395;5;2;1;1;6;350;28/12/2017
2017026396;5;2;2;3;6;350;11/12/2017
2017026397;5;2;6;2;6;350;11/12/2017
2017026398;1;2;3;2;3;350;11/12/2017
2017026399;5;2;2;1;3;350;12/12/2017
2017026400;3;1;1;2;4;350;13/12/2017
2017026401;1;2;3;8;3;350;13/12/2017
2017026402;5;1;1;8;6;350;15/12/2017
2017026403;1;1;1;8;2;350;15/12/2017
2017026404;1;1;1;1;3;350;17/12/2017
2017026405;5;2;1;1;3;350;18/12/2017
2017026406;1;2;1;1;7;350;20/12/2017
2017026407;1;2;1;1;6;350;20/12/2017
2017026408;5;2;3;1;3;350;20/12/2017
2017026409;1;1;1;2;2;350;21/12/2017
2017026410;3;2;1;2;6;350;21/12/2017
2017026411;1;1;1;2;2;350;21/12/2017
2017026412;3;1;1;8;3;350;21/12/2017
2017026413;2;2;2;1;6;350;22/12/2017
2017026414;1;1;1;1;2;350;22/12/2017
2017026415;1;2;1;2;6;350;26/12/2017
2017026416;1;1;1;8;6;350;01/01/2017
2017026417;1;1;1;1;2;350;27/12/2017
2017026418;1;1;1;5;4;350;02/01/2017
2017026419;5;2;1;2;2;350;26/12/2017
2017026420;1;2;2;8;3;350;02/01/2017
2017026421;1;2;1;1;2;350;28/12/2017
2017026422;5;2;2;1;3;350;04/01/2017
2017026423;1;2;7;8;6;350;29/12/2017
2017026424;1;2;1;1;7;350;05/01/2017
2017026425;5;2;1;2;6;350;29/12/2017
2017026426;3;2;1;1;6;350;06/01/2017
2017026427;1;1;1;6;7;350;30/12/2017
2017026428;5;2;3;1;6;350;06/01/2017
2017026429;1;2;6;2;7;350;31/12/2017
2017026430;1;1;1;2;5;350;16/01/2017
2017026431;1;2;2;8;3;350;16/01/2017
2017026432;3;1;1;2;4;350;09/01/2017
2017026433;1;1;1;8;2;350;11/01/2017
2017026434;5;2;1;1;3;350;11/01/2017
2017026435;1;2;1;1;6;350;13/01/2017
2017026436;1;1;1;1;5;350;14/01/2017
2017026437;1;1;3;2;3;350;14/01/2017
2017026438;3;1;1;1;7;350;14/01/2017
2017026439;5;2;1;8;1;350;14/01/2017
2017026440;5;2;6;2;6;350;16/01/2017
2017026441;1;2;2;1;3;350;18/01/2017
2017026442;1;2;1;1;3;350;19/01/2017
2017026443;1;2;9;1;6;350;20/01/2017
2017026444;1;2;3;1;5;350;20/01/2017
2017026445;5;2;2;1;1;350;21/01/2017
2017026446;4;1;1;1;4;350;21/01/2017
2017026447;5;2;1;1;1;350;28/01/2017
2017026448;1;1;1;1;3;350;22/01/2017
2017026449;5;2;3;1;3;350;24/01/2017
2017026450;1;2;6;1;3;350;24/01/2017
2017026451;3;1;1;1;4;350;24/01/2017
2017026452;5;2;2;1;3;350;25/01/2017
2017026453;3;2;6;8;3;350;27/01/2017
2017026454;1;2;3;1;4;350;27/01/2017
2017026455;1;1;3;2;3;350;27/01/2017
2017026456;1;2;2;1;3;350;28/01/2017
2017026457;5;2;1;8;6;350;28/01/2017
2017026458;1;2;6;1;3;350;13/02/2017
2017026459;5;2;1;1;6;350;29/01/2017
2017026460;1;2;1;3;3;350;30/01/2017
2017026461;1;1;1;2;7;350;30/01/2017
2017026462;1;1;6;2;1;350;30/01/2017
2017026463;5;2;2;2;3;350;30/01/2017
2017026464;3;1;1;1;4;350;01/02/2017
2017026465;1;1;1;2;2;350;01/02/2017
2017026466;1;2;3;2;3;350;02/02/2017
2017026467;1;2;1;2;6;350;02/02/2017
2017026468;1;1;1;8;2;350;02/02/2017
2017026469;1;1;4;2;2;350;03/02/2017
2017026470;1;1;3;1;3;350;04/02/2017
2017026471;5;2;1;2;3;350;04/02/2017
2017026472;1;1;1;1;2;350;06/02/2017
2017026473;5;2;1;1;6;350;18/02/2017
2017026474;1;1;1;3;2;350;05/02/2017
2017026475;3;1;1;2;2;350;06/02/2017
2017026476;1;2;6;8;3;350;07/02/2017
2017026477;5;2;2;1;6;350;07/02/2017
2017026478;3;2;9;1;3;350;07/02/2017
2017026479;5;1;9;2;6;350;07/02/2017
2017026480;1;2;3;1;2;350;08/02/2017
2017026481;1;2;3;1;3;350;08/02/2017
2017026482;1;2;2;1;2;350;24/01/2017
2017026483;5;2;6;1;6;350;08/02/2017
2017026484;1;2;3;1;3;350;09/02/2017
2017026485;1;2;2;1;3;350;09/02/2017
2017026486;1;2;1;1;6;350;09/02/2017
2017026487;1;2;1;1;2;350;14/02/2017
2017026488;1;2;1;1;6;350;14/02/2017
2017026489;1;2;1;1;2;350;15/02/2017
2017026490;1;2;1;1;3;350;16/02/2017
2017026491;5;2;1;1;6;350;17/02/2017
2017026492;1;2;1;1;2;350;18/02/2017
2017026493;5;2;1;1;4;350;24/02/2017
2017026494;5;2;1;1;1;350;24/02/2017
2017026495;1;2;1;1;7;350;28/02/2017
2017026496;1;2;9;1;3;350;15/03/2017
2017026497;1;2;1;8;6;350;01/03/2017
2017026498;1;2;1;2;6;350;01/03/2017
2017026499;5;2;5;1;6;350;01/03/2017
2017026500;5;2;2;1;3;350;02/03/2017
2017026501;5;2;4;1;1;350;02/03/2017
2017026502;1;2;1;1;3;350;02/03/2017
2017026503;1;2;1;2;7;350;03/03/2017
2017026504;1;2;2;1;3;350;03/03/2017
2017026505;1;2;1;2;7;350;06/03/2017
2017026506;1;2;1;6;7;350;06/03/2017
2017026507;5;2;1;1;3;350;06/03/2017
2017026508;1;2;2;1;3;350;08/03/2017
2017026509;1;1;1;1;5;350;10/03/2017
2017026510;5;2;3;1;3;350;10/03/2017
2017026511;1;2;1;1;3;350;08/03/2017
2017026512;1;2;6;1;2;350;18/01/2017
2017026513;5;2;6;1;3;350;11/03/2017
2017026514;5;2;1;1;6;350;12/03/2017
2017026515;1;2;1;1;7;350;14/03/2017
2017026516;3;2;2;1;6;350;15/03/2017
2017026517;1;2;1;1;7;350;15/03/2017
2017026518;1;2;3;1;3;350;16/03/2017
2017026519;1;1;3;1;6;350;17/03/2017
2017026520;1;2;3;1;3;350;17/03/2017
2017026521;1;1;1;1;4;350;17/03/2017
2017026522;3;2;1;1;2;350;17/03/2017
2017026523;3;1;1;1;6;350;21/03/2017
2017026524;1;2;1;1;3;350;19/03/2017
2017026525;5;2;1;1;6;350;17/03/2017
2017026526;1;2;1;1;2;350;23/03/2017
2017026527;1;1;1;1;6;350;25/03/2017
2017026528;3;2;4;1;2;350;06/04/2017
2017026529;1;1;1;1;3;350;26/03/2017
2017026530;2;2;2;1;3;350;26/03/2017
2017026531;1;2;3;1;3;350;27/03/2017
2017026532;1;2;1;1;6;350;28/03/2017
2017026533;1;2;6;1;3;350;29/03/2017
2017026534;1;2;1;8;7;350;29/03/2017
2017026535;1;1;1;1;4;350;30/03/2017
2017026536;5;2;2;1;3;350;30/03/2017
2017026537;5;2;1;1;3;350;31/03/2017
2017026538;1;2;2;1;2;350;20/03/2017
2017026539;1;2;1;1;2;350;31/03/2017
2017026540;1;1;1;1;2;350;31/03/2017
2017026541;3;1;1;1;7;350;31/03/2017
2017026542;3;1;1;1;7;350;18/04/2017
2017026543;1;1;6;1;3;350;01/04/2017
2017026544;5;2;1;1;7;350;02/04/2017
2017026545;1;2;1;1;3;350;01/04/2017
2017026546;1;2;1;1;2;350;03/04/2017
2017026547;1;2;1;1;7;350;03/04/2017
2017026548;1;2;2;1;3;350;04/04/2017
2017026549;1;2;3;5;3;350;03/04/2017
2017026550;1;2;1;1;6;350;23/04/2017
2017026551;1;2;1;1;3;350;04/04/2017
2017026552;4;2;2;1;3;350;06/04/2017
2017026553;1;2;2;1;6;350;06/04/2017
2017026554;5;2;1;1;7;350;06/04/2017
2017026555;1;1;1;1;1;350;06/04/2017
2017026556;3;1;1;1;6;350;03/05/2017
2017026557;1;2;2;1;1;350;06/04/2017
2017026558;1;2;1;1;6;350;07/04/2017
2017026559;1;2;3;1;6;350;07/04/2017
2017026560;1;1;1;1;2;350;08/04/2017
2017026561;5;2;1;1;7;350;08/04/2017
2017026562;1;1;1;7;5;350;09/04/2017
2017026563;1;1;1;1;4;350;09/04/2017
2017026564;1;1;1;1;3;350;11/04/2017
2017026565;1;2;1;1;6;350;11/04/2017
2017026566;1;1;1;1;2;350;11/04/2017
2017026567;1;2;6;1;3;350;12/04/2017
2017026568;1;2;1;1;7;350;16/04/2017
2017026569;1;2;3;1;3;350;13/04/2017
2017026570;3;1;1;1;7;350;16/04/2017
2017026571;5;2;1;1;6;350;18/04/2017
2017026572;1;1;1;1;4;350;18/04/2017
2017026573;1;1;6;1;6;350;18/04/2017
2017026574;1;2;3;1;2;350;19/04/2017
2017026575;1;2;1;1;6;350;19/04/2017
2017026576;3;1;1;8;2;350;14/05/2017
2017026577;1;2;1;1;6;350;19/04/2017
2017026578;5;2;2;1;3;350;19/04/2017
2017026579;1;2;7;1;6;350;20/04/2017
2017026580;1;1;6;1;3;350;20/04/2017
2017026581;5;2;2;1;6;350;20/04/2017
2017026582;1;2;6;7;3;350;21/04/2017
2017026583;1;2;3;1;3;350;21/04/2017
2017026584;1;2;3;1;3;350;24/04/2017
2017026585;1;2;1;1;6;350;24/04/2017
2017026586;1;1;1;1;6;350;24/04/2017
2017026587;1;1;1;2;3;350;26/04/2017
2017026588;1;2;1;1;6;350;24/04/2017
2017026589;1;2;2;1;3;350;27/04/2017
2017026590;5;2;1;1;6;350;27/04/2017
2017026591;1;2;1;1;6;350;28/04/2017
2017026592;1;2;1;3;6;350;28/04/2017
2017026593;1;1;1;1;4;350;28/04/2017
2017026594;1;2;1;1;6;350;29/04/2017
2017026595;1;1;1;1;6;350;29/04/2017
2017026596;1;2;6;1;7;350;29/04/2017
2017026597;5;2;2;1;3;350;11/05/2017
2017026598;1;1;1;1;7;350;02/05/2017
2017026599;1;2;6;1;4;350;03/05/2017
2017026600;1;2;1;1;3;350;03/05/2017
2017026601;1;1;6;1;2;350;03/05/2017
2017026602;1;1;1;1;3;350;04/05/2017
2017026603;1;2;6;1;6;350;04/05/2017
2017026604;1;2;3;1;1;350;05/05/2017
2017026605;1;1;1;1;2;350;05/05/2017
2017026606;1;1;9;1;4;350;06/05/2017
2017026607;1;2;2;1;3;350;09/05/2017
2017026608;1;2;1;1;3;350;21/05/2017
2017026609;1;1;1;1;2;350;14/05/2017
2017026610;1;2;3;1;6;350;15/05/2017
2017026611;1;2;1;1;3;350;15/05/2017
2017026612;1;2;1;1;7;350;15/05/2017
2017026613;1;2;1;1;6;350;16/05/2017
2017026614;1;2;1;1;2;350;16/05/2017
2017026615;1;2;2;1;7;350;17/05/2017
2017026616;1;1;6;1;2;350;19/05/2017
2017026617;1;2;1;1;2;350;17/05/2017
2017026618;1;1;9;2;2;350;17/05/2017
2017026619;1;2;1;1;6;350;19/05/2017
2017026620;1;2;1;8;6;350;11/05/2017
2017026621;1;1;1;8;4;350;12/05/2017
2017026622;1;2;5;1;3;350;09/06/2017
2017026623;1;2;6;1;2;350;11/06/2017
2017026624;1;2;1;1;6;350;19/05/2017
2017026625;1;2;1;1;3;350;19/05/2017
2017026626;1;2;1;1;2;350;19/05/2017
2017026627;1;2;2;1;2;350;22/05/2017
2017026628;1;2;3;1;4;350;24/05/2017
2017026629;1;2;2;1;6;350;25/05/2017
2017026630;1;1;1;1;2;350;25/05/2017
2017026631;1;2;2;1;3;350;28/05/2017
2017026632;1;2;1;1;3;350;28/05/2017
2017026633;1;2;5;1;3;350;29/05/2017
2017026634;1;1;3;2;3;350;29/05/2017
2017026635;1;2;1;1;6;350;29/05/2017
2017026636;1;2;1;1;3;350;31/05/2017
2017026637;1;2;6;1;3;350;31/05/2017
2017026638;1;2;1;1;7;350;13/05/2017
2017026639;1;2;1;1;7;350;13/05/2017
2017026640;3;1;1;1;7;350;01/06/2017
2017026641;1;2;1;1;6;350;01/06/2017