num_acc;lum;agg;inter;atm;col;dep;date
2017026642;2;1;1;1;7;350;19/06/2017
2017026643;1;2;3;1;3;350;01/06/2017
2017026644;1;2;6;1;6;350;01/06/2017
2017026645;1;1;1;1;4;350;02/06/2017
2017026646;1;2;6;1;2;350;02/06/2017
2017026647;1;2;2;1;3;350;04/06/2017
2017026648;1;1;1;8;2;350;05/06/2017
2017026649;1;2;3;1;6;350;20/04/2017
2017026650;1;2;1;1;3;350;06/06/2017
2017026651;1;1;1;1;4;350;07/06/2017
2017026652;1;2;1;1;7;350;08/06/2017
2017026653;1;2;2;1;3;350;08/06/2017
2017026654;5;2;1;1;6;350;09/06/2017
2017026655;1;2;2;1;6;350;09/06/2017
2017026656;1;2;1;1;6;350;10/06/2017
2017026657;1;1;1;1;2;350;12/06/2017
2017026658;1;2;1;1;4;350;12/06/2017
2017026659;1;1;6;1;7;350;12/06/2017
2017026660;1;2;1;1;6;350;13/06/2017
2017026661;1;2;1;1;6;350;13/06/2017
2017026662;5;2;1;1;7;350;14/06/2017
2017026663;1;2;3;1;6;350;14/06/2017
2017026664;3;1;1;1;2;350;14/06/2017
2017026665;1;2;2;1;6;350;15/06/2017
2017026666;2;2;1;1;7;350;16/06/2017
2017026667;5;1;3;1;1;350;17/06/2017
2017026668;1;2;1;1;6;350;17/06/2017
2017026669;1;2;2;1;6;350;18/06/2017
2017026670;1;2;2;1;3;350;19/06/2017
2017026671;1;2;1;1;2;350;20/06/2017
2017026672;1;2;3;1;6;350;20/06/2017
2017026673;1;2;1;1;6;350;20/06/2017
2017026674;1;2;1;1;1;350;21/06/2017
2017026675;1;2;1;1;3;350;21/06/2017
2017026676;1;1;1;1;2;350;22/06/2017
2017026677;1;2;1;1;3;350;22/06/2017
2017026678;1;2;3;1;3;350;23/06/2017
2017026679;1;2;1;1;2;350;23/06/2017
2017026680;1;1;1;1;7;350;23/06/2017
2017026681;1;2;6;1;6;350;23/06/2017
2017026682;1;2;2;1;3;350;25/06/2017
2017026683;1;1;1;1;2;350;26/06/2017
2017026684;1;2;1;1;6;350;27/06/2017
2017026685;1;2;1;2;6;350;28/06/2017
2017026686;1;2;1;2;6;350;28/06/2017
2017026687;1;2;1;1;6;350;28/06/2017
2017026688;1;2;9;1;7;350;28/06/2017
2017026689;1;2;1;1;2;350;28/06/2017
2017026690;1;2;2;1;6;350;29/06/2017
2017026691;1;1;6;8;1;350;29/06/2017
2017026692;5;1;1;1;6;350;30/06/2017
2017026693;1;1;1;2;6;350;30/06/2017
2017026694;1;2;6;2;7;350;30/06/2017
2017026695;1;2;6;8;6;350;01/07/2017
2017026696;1;2;1;8;1;350;01/07/2017
2017026697;1;2;4;1;5;350;01/07/2017
2017026698;1;1;1;1;7;350;02/07/2017
2017026699;2;2;2;1;3;350;03/07/2017
2017026700;1;1;1;1;4;350;03/07/2017
2017026701;1;2;1;1;6;350;04/07/2017
2017026702;1;2;1;1;3;350;04/07/2017
2017026703;1;2;3;1;3;350;06/07/2017
2017026704;1;1;1;3;7;350;18/05/2017
2017026705;1;2;6;1;3;350;24/05/2017
2017026706;1;2;6;1;6;350;07/07/2017
2017026707;1;2;1;1;2;350;07/07/2017
2017026708;1;2;1;2;6;350;07/07/2017
2017026709;1;2;2;1;3;350;07/07/2017
2017026710;2;1;1;1;7;350;07/07/2017
2017026711;1;2;1;1;4;350;09/07/2017
2017026712;5;2;1;1;7;350;08/07/2017
2017026713;1;2;3;1;3;350;10/07/2017
2017026714;1;1;1;7;6;350;10/07/2017
2017026715;1;2;6;1;6;350;11/07/2017
2017026716;1;1;1;1;2;350;13/07/2017
2017026717;1;1;1;8;7;350;18/07/2017
2017026718;1;2;1;1;2;350;18/07/2017
2017026719;3;1;6;1;6;350;19/07/2017
2017026720;3;1;1;1;7;350;20/07/2017
2017026721;1;1;1;1;2;350;27/07/2017
2017026722;1;1;3;1;3;350;27/07/2017
2017026723;1;2;1;1;6;350;28/07/2017
2017026724;5;2;1;1;6;350;29/07/2017
2017026725;5;2;1;1;7;350;29/07/2017
2017026726;1;2;1;1;1;350;30/07/2017
2017026727;1;2;3;8;3;350;30/07/2017
2017026728;1;2;2;1;6;350;01/08/2017
2017026729;1;2;1;1;6;350;02/08/2017
2017026730;5;2;1;1;6;350;04/08/2017
2017026731;1;2;1;2;6;350;04/08/2017
2017026732;1;2;1;1;6;350;05/08/2017
2017026733;1;2;2;1;3;350;07/08/2017
2017026734;1;2;1;1;6;350;07/08/2017
2017026735;1;2;3;1;6;350;07/08/2017
2017026736;1;2;2;3;3;350;08/08/2017
2017026737;1;1;1;1;7;350;13/08/2017
2017026738;3;2;2;1;7;350;18/08/2017
2017026739;1;2;6;8;6;350;18/08/2017
2017026740;1;2;2;1;3;350;18/08/2017
2017026741;1;2;2;1;1;350;19/08/2017
2017026742;5;2;2;1;3;350;19/08/2017
2017026743;1;2;2;1;3;350;20/08/2017
2017026744;1;2;3;1;3;350;22/08/2017
2017026745;1;2;1;1;2;350;22/08/2017
2017026746;1;2;2;1;3;350;23/08/2017
2017026747;1;2;6;1;2;350;25/08/2017
2017026748;1;2;1;1;6;350;25/08/2017
2017026749;1;2;2;1;6;350;25/08/2017
2017026750;1;2;1;1;6;350;26/08/2017
2017026751;2;2;3;2;6;350;31/08/2017
2017026752;2;2;1;1;5;350;31/08/2017
2017026753;1;2;2;2;6;350;03/09/2017
2017026754;1;1;1;1;2;350;01/09/2017
2017026755;5;2;1;1;6;350;02/09/2017
2017026756;1;2;1;1;2;350;02/09/2017
2017026757;1;2;6;1;2;350;03/09/2017
2017026758;5;2;2;2;3;350;03/09/2017
2017026759;1;2;1;1;2;350;05/09/2017
2017026760;1;2;1;1;2;350;06/09/2017
2017026761;2;2;3;1;7;350;07/09/2017
2017026762;1;1;1;1;6;350;07/09/2017
2017026763;1;2;2;1;4;350;08/09/2017
2017026764;1;2;1;1;6;350;09/09/2017
2017026765;1;2;1;1;6;350;12/09/2017
2017026766;1;2;1;2;7;350;13/09/2017
2017026767;1;2;6;3;3;350;13/09/2017
2017026768;1;2;4;1;3;350;15/09/2017
2017026769;1;2;1;8;7;350;16/09/2017
2017026770;1;1;1;2;4;350;16/09/2017
2017026771;1;2;6;8;3;350;16/09/2017
2017026772;1;2;2;1;3;350;17/09/2017
2017026773;5;2;3;1;6;350;18/09/2017
2017026774;1;2;1;1;3;350;18/09/2017
2017026775;1;1;1;1;4;350;18/09/2017
2017026776;1;2;6;1;3;350;19/09/2017
2017026777;1;2;3;1;6;350;21/09/2017
2017026778;1;2;1;1;6;350;21/09/2017
2017026779;1;2;2;1;3;350;04/10/2017
2017026780;5;2;1;1;6;350;23/09/2017
2017026781;1;2;3;1;3;350;22/09/2017
2017026782;1;1;1;1;7;350;24/09/2017
2017026783;1;1;1;2;7;350;01/10/2017
2017026784;5;2;1;1;6;350;02/10/2017
2017026785;1;1;6;1;6;350;03/10/2017
2017026786;1;2;4;1;6;350;03/10/2017
2017026787;1;2;1;1;6;350;04/10/2017
2017026788;1;1;1;1;4;350;06/10/2017
2017026789;1;2;1;1;6;350;06/10/2017
2017026790;5;2;2;1;3;350;06/10/2017
2017026791;5;2;6;1;7;350;08/10/2017
2017026792;1;2;4;1;2;350;06/10/2017
2017026793;1;2;2;1;3;350;29/09/2017
2017026794;1;2;1;1;6;350;27/09/2017
2017026795;1;2;2;2;3;350;08/10/2017
2017026796;2;2;1;8;7;350;08/10/2017
2017026797;1;2;1;2;4;350;08/10/2017
2017026798;2;2;1;1;6;350;27/10/2017
2017026799;1;2;2;1;3;350;10/10/2017
2017026800;1;2;1;1;6;350;11/10/2017
2017026801;5;2;1;1;6;350;12/10/2017
2017026802;1;2;2;1;3;350;23/09/2017
2017026803;1;1;1;1;4;350;13/10/2017
2017026804;1;2;1;1;2;350;13/10/2017
2017026805;3;1;1;3;6;350;19/10/2017
2017026806;1;2;3;1;2;350;13/10/2017
2017026807;1;2;1;1;2;350;13/10/2017
2017026808;1;1;1;1;3;350;14/10/2017
2017026809;3;1;1;5;6;350;15/10/2017
2017026810;5;2;3;1;7;350;15/10/2017
2017026811;2;2;1;1;6;350;16/10/2017
2017026812;1;2;1;8;2;350;16/10/2017
2017026813;1;2;1;1;3;350;17/10/2017
2017026814;1;2;1;1;3;350;17/10/2017
2017026815;5;2;1;1;2;350;17/10/2017
2017026816;5;2;2;2;2;350;19/10/2017
2017026817;1;2;1;1;2;350;24/09/2017
2017026818;1;1;4;2;4;350;29/09/2017
2017026819;1;2;3;1;6;350;22/09/2017
2017026820;5;2;1;1;6;350;13/10/2017
2017026821;1;2;3;1;2;350;23/09/2017
2017026822;1;2;6;1;3;350;23/09/2017
2017026823;5;2;3;1;6;350;23/09/2017
2017026824;1;2;2;1;3;350;26/09/2017
2017026825;1;2;9;2;3;350;10/11/2017
2017026826;1;1;3;1;2;350;20/10/2017
2017026827;5;2;1;1;3;350;24/10/2017
2017026828;5;2;6;1;6;350;02/11/2017
2017026829;1;2;2;1;3;350;03/11/2017
2017026830;1;2;1;1;2;350;24/10/2017
2017026831;4;2;1;1;2;350;24/10/2017
2017026832;4;1;1;2;4;350;03/11/2017
2017026833;1;2;3;1;3;350;09/12/2017
2017026834;1;1;6;1;7;350;05/11/2017
2017026835;3;1;9;1;4;350;11/11/2017
2017026836;5;2;2;1;3;350;05/11/2017
2017026837;4;2;1;2;6;350;07/11/2017
2017026838;5;2;1;1;3;350;08/11/2017
2017026839;1;1;1;1;2;350;09/11/2017
2017026840;5;1;6;5;6;350;26/10/2017
2017026841;5;2;6;1;6;350;28/10/2017
2017026842;1;2;1;1;6;350;31/10/2017
2017026843;1;2;1;1;6;350;07/11/2017
2017026844;5;2;1;3;6;350;07/11/2017
2017026845;5;1;1;1;7;350;10/11/2017
2017026846;1;2;5;2;3;350;09/11/2017
2017026847;5;2;1;1;6;350;30/10/2017
2017026848;5;2;2;9;3;350;03/12/2017
2017026849;3;1;1;9;6;350;01/12/2017
2017026850;5;2;2;1;6;350;14/11/2017
2017026851;1;2;6;1;2;350;20/11/2017
2017026852;3;2;1;1;2;350;20/11/2017
2017026853;3;2;3;1;3;350;21/10/2017
2017026854;5;2;1;8;3;350;25/10/2017
2017026855;5;2;1;1;6;350;28/10/2017
2017026856;1;2;2;1;3;350;01/12/2017
2017026857;5;1;1;1;4;350;20/11/2017
2017026858;1;1;1;1;2;350;14/11/2017
2017026859;5;2;3;2;3;350;09/11/2017
2017026860;5;2;2;2;1;350;10/11/2017
2017026861;1;2;1;2;7;350;10/11/2017
2017026862;1;2;6;1;3;350;10/11/2017
2017026863;3;1;1;1;7;350;11/11/2017
2017026864;5;2;1;2;6;350;01/12/2017
2017026865;1;2;6;9;6;350;15/11/2017
2017026866;1;2;2;1;6;350;15/11/2017
2017026867;5;2;4;1;6;350;24/11/2017
2017026868;2;1;1;1;2;350;15/11/2017
2017026869;1;2;2;8;6;350;16/11/2017
2017026870;5;2;3;1;3;350;16/11/2017
2017026871;1;2;1;1;6;350;17/11/2017
2017026872;1;1;1;5;7;350;18/11/2017
2017026873;5;1;1;1;4;350;20/11/2017
2017026874;1;2;2;1;3;350;21/11/2017
2017026875;2;2;6;1;7;350;20/11/2017
2017026876;1;2;3;1;6;350;21/11/2017
2017026877;1;2;2;1;3;350;22/11/2017
2017026878;2;2;1;1;6;350;24/11/2017
2017026879;1;2;1;3;6;350;23/11/2017
2017026880;5;2;2;1;3;350;09/10/2017
2017026881;5;2;2;1;6;350;23/11/2017
2017026882;1;2;1;1;3;350;24/11/2017
2017026883;1;2;2;1;2;350;24/11/2017
2017026884;3;1;1;3;4;350;30/11/2017
2017026885;1;2;6;2;3;350;30/11/2017
2017026886;1;2;1;1;6;350;28/11/2017
2017026887;5;2;1;1;6;350;26/11/2017
2017026888;3;1;1;8;2;350;27/11/2017
2017026889;1;2;1;8;6;350;28/11/2017
2017026890;5;2;6;1;3;350;29/11/2017
2017026891;1;2;6;1;3;350;29/11/2017
2017026892;5;2;2;2;6;350;30/11/2017
2017026893;5;2;2;4;6;350;30/11/2017
2017026894;1;1;1;1;4;350;21/10/2017
2017026895;1;2;6;1;3;350;21/10/2017
2017026896;3;2;1;1;6;350;22/10/2017
2017026897;5;2;1;1;6;350;22/10/2017
2017026898;1;2;3;2;6;350;07/12/2017
2017026899;1;2;3;1;1;350;01/12/2017
2017026900;1;2;1;1;2;350;01/12/2017
2017026901;3;2;2;2;6;350;01/12/2017
2017026902;5;2;6;7;2;350;01/12/2017
2017026903;3;1;1;1;6;350;16/12/2017
2017026904;3;1;1;9;4;350;01/12/2017
2017026905;1;2;3;1;3;350;02/12/2017
2017026906;1;2;1;1;7;350;03/12/2017
2017026907;1;2;1;1;2;350;04/12/2017
2017026908;5;2;1;1;3;350;04/12/2017
2017026909;1;1;1;1;2;350;05/12/2017
2017026910;5;2;6;1;6;350;06/12/2017
2017026911;3;1;1;2;4;350;07/12/2017
2017026912;1;2;1;2;6;350;07/12/2017
2017026913;1;1;1;2;3;350;07/12/2017
2017026914;1;2;1;2;6;350;07/12/2017
2017026915;1;2;1;2;6;350;07/12/2017
2017026916;5;2;2;2;3;350;08/12/2017
2017026917;3;2;1;2;3;350;09/12/2017
2017026918;5;2;2;2;3;350;10/12/2017
2017026919;2;2;6;2;3;350;11/12/2017
2017026920;1;2;1;1;6;350;28/01/2017
2017026921;1;1;9;1;1;350;16/05/2017
2017026922;1;2;3;1;3;350;26/05/2017
2017026923;1;2;1;1;6;350;21/07/2017
2017026924;1;2;2;1;1;350;08/08/2017
2017026925;1;2;1;1;6;350;03/08/2017
2017026926;3;1;1;1;1;350;30/09/2017
2017026927;2;2;1;1;6;350;05/10/2017
2017026928;1;2;2;1;3;350;28/10/2017
2017026929;2;2;9;1;3;350;22/10/2017
2017026930;1;2;1;1;4;360;18/11/2017
2017026931;5;2;1;1;6;360;23/11/2017
2017026932;1;2;1;1;3;360;06/11/2017
2017026933;3;1;1;1;7;360;04/11/2017
2017026934;1;2;6;1;6;360;05/11/2017
2017026935;2;1;6;1;6;360;02/01/2017
2017026936;4;2;1;1;6;360;09/11/2017
2017026937;5;2;1;1;6;360;13/11/2017
2017026938;5;2;1;1;3;360;13/11/2017
2017026939;1;1;1;1;6;360;30/01/2017
2017026940;5;2;3;1;3;360;22/12/2017
2017026941;1;2;1;1;3;360;09/01/2017
2017026942;5;2;2;2;3;360;30/12/2017
2017026943;1;2;1;1;2;360;11/12/2017
2017026944;1;2;1;8;6;360;16/01/2017
2017026945;5;2;6;8;2;360;02/01/2017
2017026946;2;1;3;8;3;360;02/01/2017
2017026947;1;2;1;1;6;360;04/01/2017
2017026948;1;2;1;1;7;360;05/01/2017
2017026949;2;2;1;1;6;360;05/01/2017
2017026950;1;2;1;1;4;360;06/01/2017
2017026951;3;1;1;1;7;360;08/01/2017
2017026952;1;1;1;1;1;360;11/01/2017
2017026953;5;2;4;8;1;360;12/02/2017
2017026954;1;2;1;1;6;360;31/01/2017
2017026955;1;2;1;1;2;360;28/02/2017
2017026956;1;2;1;1;3;360;07/03/2017
2017026957;2;2;1;1;6;360;02/02/2017
2017026958;5;2;1;1;1;360;02/02/2017
2017026959;2;2;1;1;6;360;03/02/2017
2017026960;1;2;1;1;4;360;04/02/2017
2017026961;1;2;6;1;7;360;06/02/2017
2017026962;1;2;1;1;1;360;07/02/2017
2017026963;1;2;1;1;5;360;12/02/2017
2017026964;5;2;2;1;3;360;12/02/2017
2017026965;1;2;3;1;3;360;21/03/2017
2017026966;2;2;1;1;6;360;16/02/2017
2017026967;2;2;1;1;3;360;22/02/2017
2017026968;5;2;1;1;6;360;22/02/2017
2017026969;5;2;1;1;6;360;25/02/2017
2017026970;1;2;1;1;6;360;04/04/2017
2017026971;2;2;6;8;2;360;14/03/2017
2017026972;1;2;1;1;7;360;02/03/2017
2017026973;1;2;1;1;2;360;03/03/2017
2017026974;3;1;1;1;7;360;05/03/2017
2017026975;1;1;1;1;6;360;08/03/2017
2017026976;1;2;1;1;6;360;13/03/2017
2017026977;1;1;1;1;6;360;19/01/2017
2017026978;1;2;1;1;6;360;21/04/2017
2017026979;1;2;1;1;7;360;29/04/2017
2017026980;1;2;1;1;6;360;03/05/2017
2017026981;1;2;1;1;3;360;08/05/2017
2017026982;1;1;1;1;7;360;10/05/2017
2017026983;1;2;1;1;2;360;13/05/2017
2017026984;1;2;1;1;7;360;16/05/2017
2017026985;1;2;6;1;6;360;16/05/2017
2017026986;1;2;1;1;2;360;21/05/2017
2017026987;1;2;6;1;7;360;26/05/2017
2017026988;1;2;1;1;7;360;26/05/2017
2017026989;1;2;1;1;3;360;03/07/2017
2017026990;1;2;1;1;6;360;09/06/2017
2017026991;1;2;1;1;3;360;15/06/2017
2017026992;1;2;1;1;3;360;07/06/2017
2017026993;1;2;2;1;7;360;23/06/2017
2017026994;1;2;1;1;6;360;29/06/2017
2017026995;1;2;1;1;7;360;04/07/2017
2017026996;1;2;1;1;3;360;05/07/2017
2017026997;1;1;6;1;7;360;11/07/2017
2017026998;2;2;1;1;7;360;12/07/2017
2017026999;1;2;3;1;3;360;11/08/2017
2017027000;1;2;1;1;6;360;21/08/2017
2017027001;1;2;1;1;6;360;29/08/2017
2017027002;1;2;1;1;7;360;27/07/2017
2017027003;1;1;1;1;1;360;25/08/2017
2017027004;2;1;1;1;7;360;11/09/2017
2017027005;1;2;3;1;6;360;31/08/2017
2017027006;1;2;2;1;2;360;14/09/2017
2017027007;1;2;1;1;3;360;26/09/2017
2017027008;1;2;1;1;7;360;09/09/2017
2017027009;1;2;1;1;1;360;13/09/2017
2017027010;5;2;2;1;6;360;30/09/2017
2017027011;1;1;6;1;3;360;22/09/2017
2017027012;1;2;2;1;3;360;30/09/2017
2017027013;5;2;1;2;6;360;02/10/2017
2017027014;1;2;1;1;7;360;03/10/2017
2017027015;1;2;1;1;2;360;08/10/2017
2017027016;5;2;6;5;3;360;09/10/2017
2017027017;1;2;1;1;6;360;12/10/2017
2017027018;1;2;1;1;7;360;11/10/2017
2017027019;2;2;1;1;6;360;12/10/2017
2017027020;1;2;1;1;3;360;13/10/2017
2017027021;5;2;1;8;1;360;01/12/2017
2017027022;1;2;6;1;3;360;20/10/2017
2017027023;1;2;1;1;6;360;16/10/2017
2017027024;1;2;1;1;6;360;16/10/2017
2017027025;2;2;6;1;6;360;27/10/2017
2017027026;5;2;1;1;6;360;30/11/2017
2017027027;5;2;1;1;3;360;11/11/2017
2017027028;2;1;1;2;6;370;02/01/2017
2017027029;5;2;2;1;7;370;03/01/2017
2017027030;5;2;1;1;2;370;04/01/2017
2017027031;5;2;3;1;7;370;04/01/2017
2017027032;5;2;1;1;2;370;05/01/2017
2017027033;1;2;3;1;3;370;06/01/2017
2017027034;1;2;1;1;6;370;06/01/2017
2017027035;3;1;1;1;6;370;06/01/2017
2017027036;5;2;6;2;7;370;08/01/2017
2017027037;2;2;6;5;3;370;09/01/2017
2017027038;4;2;2;2;3;370;09/01/2017
2017027039;1;2;2;2;6;370;11/01/2017
2017027040;1;2;3;1;6;370;11/01/2017
2017027041;1;2;1;2;1;370;12/01/2017
2017027042;5;2;3;2;7;370;13/01/2017
2017027043;1;2;2;2;3;370;13/01/2017
2017027044;1;1;1;1;7;370;26/12/2017
2017027045;5;2;1;1;6;370;13/01/2017
2017027046;5;2;3;1;3;370;13/01/2017
2017027047;1;2;3;1;6;370;14/01/2017
2017027048;5;2;3;1;6;370;16/01/2017
2017027049;5;2;9;1;3;370;16/01/2017
2017027050;5;2;6;1;3;370;16/01/2017
2017027051;5;2;1;1;6;370;18/01/2017
2017027052;1;2;7;1;3;370;19/01/2017
2017027053;5;2;3;1;6;370;19/01/2017
2017027054;5;2;1;1;7;370;19/01/2017
2017027055;1;2;2;1;3;370;20/01/2017
2017027056;1;2;6;1;6;370;20/01/2017
2017027057;1;2;1;1;3;370;18/01/2017
2017027058;1;2;2;1;3;370;22/01/2017
2017027059;1;2;2;1;3;370;22/01/2017
2017027060;5;2;3;1;6;370;22/01/2017
2017027061;1;2;2;1;3;370;23/01/2017
2017027062;5;2;3;5;7;370;24/01/2017
2017027063;1;2;1;1;6;370;18/01/2017
2017027064;5;2;1;1;7;370;25/01/2017
2017027065;5;2;1;1;6;370;26/01/2017
2017027066;1;2;2;1;4;370;29/01/2017
2017027067;1;2;1;1;7;370;29/01/2017
2017027068;1;2;3;1;3;370;30/01/2017
2017027069;1;2;1;1;3;370;30/01/2017
2017027070;1;2;1;2;2;370;31/01/2017
2017027071;1;1;1;2;7;370;31/01/2017
2017027072;1;2;1;1;3;370;31/01/2017
2017027073;1;2;1;1;7;370;01/02/2017
2017027074;1;2;3;1;2;370;01/02/2017
2017027075;1;2;7;1;2;370;01/02/2017
2017027076;1;2;7;1;6;370;01/02/2017
2017027077;1;2;2;1;3;370;02/02/2017
2017027078;1;2;2;2;1;370;02/02/2017
2017027079;1;2;3;1;3;370;04/02/2017
2017027080;5;2;6;2;7;370;05/02/2017
2017027081;1;2;3;2;3;370;07/02/2017
2017027082;1;2;1;1;7;370;07/02/2017
2017027083;1;2;1;1;6;370;07/02/2017
2017027084;5;2;3;1;2;370;07/02/2017
2017027085;1;2;1;1;2;370;08/02/2017
2017027086;5;2;3;2;7;370;08/02/2017
2017027087;1;2;1;1;1;370;09/02/2017
2017027088;3;2;1;1;6;370;09/02/2017
2017027089;1;2;6;1;3;370;10/02/2017
2017027090;1;2;3;1;3;370;11/02/2017
2017027091;3;2;1;1;6;370;15/02/2017
2017027092;1;2;2;2;7;370;16/02/2017
2017027093;1;2;9;1;7;370;16/02/2017
2017027094;1;2;7;1;3;370;17/02/2017
2017027095;1;2;3;1;7;370;17/02/2017
2017027096;1;2;2;1;6;370;18/02/2017
2017027097;5;2;2;1;6;370;18/02/2017
2017027098;5;2;2;1;3;370;18/02/2017
2017027099;1;2;3;1;6;370;22/02/2017
2017027100;5;2;4;1;6;370;26/02/2017
2017027101;5;2;9;1;3;370;25/02/2017
2017027102;3;2;1;2;6;370;27/02/2017
2017027103;1;2;3;2;3;370;28/02/2017
2017027104;1;2;1;2;6;370;01/03/2017
2017027105;1;1;1;1;2;370;02/03/2017
2017027106;1;2;2;1;3;370;02/03/2017
2017027107;1;2;6;1;1;370;02/03/2017
2017027108;2;2;4;1;2;370;03/03/2017
2017027109;5;2;3;2;6;370;03/03/2017
2017027110;2;2;1;3;6;370;26/02/2017
2017027111;1;2;2;2;3;370;05/03/2017
2017027112;1;2;2;2;3;370;06/03/2017
2017027113;1;2;1;1;6;370;06/03/2017
2017027114;5;2;6;2;7;370;06/03/2017
2017027115;1;2;2;1;3;370;09/03/2017
2017027116;1;2;1;1;2;370;09/03/2017
2017027117;1;1;1;1;6;370;09/03/2017
2017027118;5;2;3;2;6;370;01/01/2017
2017027119;1;2;2;1;3;370;11/03/2017
2017027120;2;2;3;1;6;370;11/03/2017
2017027121;1;2;8;1;2;370;11/03/2017
2017027122;5;2;3;1;6;370;14/03/2017
2017027123;5;2;1;1;6;370;16/03/2017
2017027124;1;2;4;1;2;370;16/03/2017
2017027125;1;2;6;1;6;370;17/03/2017
2017027126;3;2;4;1;7;370;18/03/2017
2017027127;1;2;2;1;3;370;19/03/2017
2017027128;1;1;1;1;4;370;20/03/2017
2017027129;1;2;3;2;3;370;21/03/2017
2017027130;1;2;2;2;7;370;21/03/2017
2017027131;1;1;9;1;2;370;19/01/2017
2017027132;1;2;9;1;1;370;23/03/2017
2017027133;1;2;2;1;3;370;23/03/2017
2017027134;1;2;3;2;3;370;23/03/2017
2017027135;1;2;2;8;3;370;24/03/2017
2017027136;1;2;1;8;6;370;24/03/2017
2017027137;1;2;2;1;3;370;25/03/2017
2017027138;1;2;2;1;6;370;25/03/2017
2017027139;5;2;1;1;6;370;26/03/2017
2017027140;1;2;7;1;6;370;27/03/2017
2017027141;1;2;1;1;6;370;27/03/2017
2017027142;1;2;1;1;7;370;28/03/2017
2017027143;1;2;4;1;6;370;29/03/2017
2017027144;1;2;1;1;1;370;30/03/2017
2017027145;5;2;2;1;7;370;02/04/2017
2017027146;1;2;4;1;6;370;02/04/2017
2017027147;5;2;2;1;1;370;03/04/2017
2017027148;1;2;6;1;3;370;03/04/2017
2017027149;5;2;9;1;6;370;11/02/2017
2017027150;3;2;1;1;6;370;04/04/2017
2017027151;5;2;6;1;6;370;05/04/2017
2017027152;1;2;3;1;2;370;05/04/2017
2017027153;1;2;1;1;1;370;06/04/2017
2017027154;2;2;2;1;5;370;07/04/2017
2017027155;3;2;1;2;7;370;23/03/2017
2017027156;1;2;3;1;2;370;08/04/2017
2017027157;1;2;3;1;3;370;08/04/2017
2017027158;1;2;1;1;3;370;08/04/2017
2017027159;1;2;6;1;3;370;08/04/2017
2017027160;1;2;2;1;6;370;10/04/2017
2017027161;1;2;6;1;3;370;10/04/2017
2017027162;1;2;4;1;2;370;11/04/2017
2017027163;1;2;6;1;2;370;11/04/2017
2017027164;1;2;5;1;2;370;12/04/2017
2017027165;1;2;7;1;6;370;12/04/2017
2017027166;1;2;1;1;3;370;13/04/2017
2017027167;1;2;1;1;3;370;14/04/2017
2017027168;1;2;3;1;3;370;15/04/2017
2017027169;2;2;6;1;2;370;17/04/2017
2017027170;5;2;2;1;3;370;17/04/2017
2017027171;1;2;1;1;2;370;18/04/2017
2017027172;1;2;2;1;3;370;19/04/2017
2017027173;1;2;2;1;3;370;22/04/2017
2017027174;1;2;1;1;4;370;24/04/2017
2017027175;1;2;6;1;2;370;24/04/2017
2017027176;1;2;3;1;7;370;25/04/2017
2017027177;1;2;2;2;3;370;25/04/2017
2017027178;1;2;3;1;3;370;26/04/2017
2017027179;1;2;3;1;6;370;27/04/2017
2017027180;1;2;1;1;2;370;28/04/2017
2017027181;1;2;6;1;6;370;28/04/2017
2017027182;1;2;6;1;4;370;29/04/2017
2017027183;1;1;1;1;2;370;30/04/2017
2017027184;1;2;2;1;3;370;02/05/2017
2017027185;1;2;2;1;3;370;02/05/2017
2017027186;1;2;2;1;3;370;03/05/2017
2017027187;1;2;1;1;3;370;04/05/2017
2017027188;1;2;3;1;3;370;04/05/2017
2017027189;1;2;2;1;6;370;04/05/2017
2017027190;1;2;2;1;7;370;03/05/2017
2017027191;1;2;4;1;4;370;05/05/2017
2017027192;5;2;4;1;5;370;08/05/2017
2017027193;1;2;1;1;6;370;10/05/2017
2017027194;1;2;1;1;7;370;12/04/2017
2017027195;1;2;2;7;3;370;09/05/2017
2017027196;1;2;3;1;3;370;10/05/2017
2017027197;1;2;1;2;2;370;11/05/2017
2017027198;1;2;6;2;3;370;11/05/2017
2017027199;1;2;1;1;3;370;12/05/2017
2017027200;1;2;2;1;4;370;12/05/2017
2017027201;1;2;2;1;2;370;13/05/2017
2017027202;1;2;2;1;3;370;14/05/2017
2017027203;1;2;1;1;6;370;16/05/2017
2017027204;1;2;1;1;6;370;16/05/2017
2017027205;1;2;3;1;2;370;16/05/2017
2017027206;1;2;2;1;3;370;10/05/2017
2017027207;1;2;1;3;6;370;18/05/2017
2017027208;1;2;6;2;7;370;18/05/2017
2017027209;1;2;1;1;6;370;19/05/2017
2017027210;1;2;1;2;3;370;19/05/2017
2017027211;5;2;4;8;3;370;20/05/2017
2017027212;1;2;1;1;6;370;20/05/2017
2017027213;1;2;3;1;2;370;20/05/2017
2017027214;5;2;2;1;3;370;20/05/2017
2017027215;1;2;1;1;4;370;22/05/2017
2017027216;1;2;1;1;6;370;23/05/2017
2017027217;1;2;1;1;7;370;23/05/2017
2017027218;5;2;1;1;6;370;23/05/2017