num_acc;lum;agg;inter;atm;col;dep;date
2017027219;1;2;6;1;3;370;24/05/2017
2017027220;1;2;3;1;7;370;18/04/2017
2017027221;1;2;2;1;4;370;25/05/2017
2017027222;5;2;1;1;6;370;26/05/2017
2017027223;1;2;3;1;3;370;26/05/2017
2017027224;5;2;2;1;3;370;28/05/2017
2017027225;1;2;4;1;3;370;27/04/2017
2017027226;1;2;4;1;4;370;30/05/2017
2017027227;1;2;3;1;3;370;31/05/2017
2017027228;1;2;3;1;3;370;31/05/2017
2017027229;1;2;2;1;6;370;18/05/2017
2017027230;1;2;3;1;3;370;01/06/2017
2017027231;1;2;2;1;4;370;01/06/2017
2017027232;1;2;1;2;3;370;18/05/2017
2017027233;5;2;1;1;6;370;03/06/2017
2017027234;1;2;2;1;3;370;02/06/2017
2017027235;1;2;2;1;3;370;03/06/2017
2017027236;1;2;1;1;3;370;05/06/2017
2017027237;1;2;2;1;3;370;05/06/2017
2017027238;1;2;2;1;2;370;08/06/2017
2017027239;1;2;4;1;3;370;08/06/2017
2017027240;1;2;2;1;3;370;09/06/2017
2017027241;1;2;1;1;2;370;09/06/2017
2017027242;2;2;1;1;6;370;09/06/2017
2017027243;1;2;3;1;6;370;10/06/2017
2017027244;5;2;3;1;2;370;11/06/2017
2017027245;1;2;2;1;3;370;13/06/2017
2017027246;1;1;3;1;3;370;13/06/2017
2017027247;1;2;2;1;3;370;13/06/2017
2017027248;1;2;3;1;3;370;14/06/2017
2017027249;1;2;6;1;3;370;16/06/2017
2017027250;1;1;1;1;5;370;16/06/2017
2017027251;1;2;6;1;3;370;16/06/2017
2017027252;1;2;7;1;2;370;16/06/2017
2017027253;1;2;3;1;4;370;17/06/2017
2017027254;1;2;1;1;1;370;17/06/2017
2017027255;1;2;1;1;1;370;17/06/2017
2017027256;1;2;1;1;7;370;18/06/2017
2017027257;1;1;1;1;2;370;18/06/2017
2017027258;1;2;6;1;1;370;19/06/2017
2017027259;1;2;1;1;6;370;19/06/2017
2017027260;5;2;1;1;2;370;20/06/2017
2017027261;1;2;2;1;3;370;21/06/2017
2017027262;1;2;1;1;6;370;21/06/2017
2017027263;1;2;1;1;3;370;22/06/2017
2017027264;1;2;1;1;2;370;23/06/2017
2017027265;1;2;1;1;3;370;23/06/2017
2017027266;5;2;2;8;6;370;26/06/2017
2017027267;1;2;1;3;7;370;27/06/2017
2017027268;1;2;1;1;5;370;28/06/2017
2017027269;5;2;2;8;6;370;29/06/2017
2017027270;1;2;2;1;3;370;29/06/2017
2017027271;1;2;2;1;6;370;29/06/2017
2017027272;1;2;2;2;3;370;29/06/2017
2017027273;1;2;3;2;6;370;30/06/2017
2017027274;1;1;1;2;5;370;30/06/2017
2017027275;1;2;1;1;6;370;30/06/2017
2017027276;1;2;6;1;7;370;03/07/2017
2017027277;1;2;3;1;1;370;03/07/2017
2017027278;1;2;1;1;6;370;03/07/2017
2017027279;1;2;1;1;6;370;04/07/2017
2017027280;3;1;3;1;1;370;05/07/2017
2017027281;1;2;1;1;2;370;04/07/2017
2017027282;1;2;9;1;6;370;05/07/2017
2017027283;5;2;1;1;7;370;07/07/2017
2017027284;1;2;2;1;3;370;09/07/2017
2017027285;5;2;2;8;3;370;09/07/2017
2017027286;1;2;1;2;6;370;09/07/2017
2017027287;1;1;1;1;3;370;10/07/2017
2017027288;1;2;1;1;6;370;11/07/2017
2017027289;1;2;2;1;3;370;12/07/2017
2017027290;5;2;1;1;6;370;13/07/2017
2017027291;1;2;2;1;3;370;13/07/2017
2017027292;1;2;2;1;3;370;13/07/2017
2017027293;1;2;1;1;2;370;14/07/2017
2017027294;5;2;1;1;7;370;15/07/2017
2017027295;5;2;1;1;6;370;15/07/2017
2017027296;2;2;3;1;3;370;16/07/2017
2017027297;1;2;1;1;3;370;17/07/2017
2017027298;5;2;3;1;3;370;18/07/2017
2017027299;1;2;3;2;6;370;19/07/2017
2017027300;1;2;1;1;3;370;19/07/2017
2017027301;1;2;1;1;3;370;19/07/2017
2017027302;5;2;1;1;6;370;20/07/2017
2017027303;1;2;1;1;6;370;20/07/2017
2017027304;1;1;1;1;2;370;20/07/2017
2017027305;1;2;1;1;2;370;20/07/2017
2017027306;1;2;1;1;6;370;21/07/2017
2017027307;1;2;1;1;2;370;21/07/2017
2017027308;1;2;1;1;7;370;21/07/2017
2017027309;1;2;1;1;2;370;22/07/2017
2017027310;1;2;1;1;2;370;24/07/2017
2017027311;1;2;1;1;2;370;24/07/2017
2017027312;1;2;2;1;3;370;24/07/2017
2017027313;1;2;2;2;3;370;26/07/2017
2017027314;1;2;1;1;3;370;26/07/2017
2017027315;1;2;1;2;6;370;27/07/2017
2017027316;1;2;2;1;3;370;27/07/2017
2017027317;1;2;3;1;3;370;27/07/2017
2017027318;1;2;1;1;3;370;27/07/2017
2017027319;1;2;2;1;3;370;28/07/2017
2017027320;2;2;1;1;2;370;29/07/2017
2017027321;5;2;1;1;1;370;29/07/2017
2017027322;3;2;1;1;7;370;29/07/2017
2017027323;5;2;1;1;2;370;30/07/2017
2017027324;1;2;1;1;3;370;31/07/2017
2017027325;1;2;2;3;3;370;31/07/2017
2017027326;1;1;1;1;2;370;01/08/2017
2017027327;1;2;1;1;7;370;01/08/2017
2017027328;1;2;9;1;3;370;07/08/2017
2017027329;1;2;3;1;6;370;08/08/2017
2017027330;1;2;1;1;6;370;09/08/2017
2017027331;1;2;1;1;6;370;09/08/2017
2017027332;2;2;1;1;6;370;10/08/2017
2017027333;1;2;3;2;3;370;10/08/2017
2017027334;1;2;4;2;7;370;11/08/2017
2017027335;1;2;2;2;3;370;11/08/2017
2017027336;1;2;2;1;3;370;12/08/2017
2017027337;1;2;3;1;3;370;15/08/2017
2017027338;3;1;1;2;7;370;18/08/2017
2017027339;1;2;1;3;6;370;18/08/2017
2017027340;1;1;1;3;6;370;18/08/2017
2017027341;1;2;1;2;6;370;18/08/2017
2017027342;1;2;6;2;7;370;18/08/2017
2017027343;1;1;1;2;6;370;18/08/2017
2017027344;1;2;6;1;3;370;19/08/2017
2017027345;1;2;2;1;3;370;19/08/2017
2017027346;1;2;6;1;3;370;22/08/2017
2017027347;1;2;6;2;7;370;25/08/2017
2017027348;1;2;6;1;2;370;25/08/2017
2017027349;1;2;1;1;2;370;25/08/2017
2017027350;1;2;1;1;2;370;25/08/2017
2017027351;1;2;1;1;6;370;25/08/2017
2017027352;5;2;3;1;2;370;26/08/2017
2017027353;1;2;2;1;3;370;27/08/2017
2017027354;1;2;6;1;2;370;28/08/2017
2017027355;1;2;6;1;7;370;29/08/2017
2017027356;1;2;1;1;6;370;29/08/2017
2017027357;1;2;2;1;3;370;29/08/2017
2017027358;1;2;1;1;3;370;31/08/2017
2017027359;1;2;2;1;3;370;31/08/2017
2017027360;5;2;1;1;6;370;02/09/2017
2017027361;1;2;3;1;6;370;03/09/2017
2017027362;5;2;1;3;7;370;03/09/2017
2017027363;1;2;1;1;6;370;04/09/2017
2017027364;1;2;1;1;2;370;04/09/2017
2017027365;1;2;1;1;2;370;09/07/2017
2017027366;1;2;1;1;6;370;06/09/2017
2017027367;5;2;2;1;3;370;06/09/2017
2017027368;1;2;3;2;7;370;08/09/2017
2017027369;1;2;3;1;3;370;08/09/2017
2017027370;5;2;3;2;1;370;08/09/2017
2017027371;1;2;6;2;3;370;09/09/2017
2017027372;1;2;1;1;3;370;09/09/2017
2017027373;1;2;1;1;6;370;09/09/2017
2017027374;1;2;1;1;6;370;31/07/2017
2017027375;1;2;1;1;6;370;10/09/2017
2017027376;1;2;1;1;6;370;30/07/2017
2017027377;1;2;2;1;3;370;10/09/2017
2017027378;3;1;1;2;6;370;10/09/2017
2017027379;1;2;2;1;2;370;11/09/2017
2017027380;1;2;2;1;3;370;12/09/2017
2017027381;1;2;3;1;3;370;12/09/2017
2017027382;1;2;6;2;6;370;13/09/2017
2017027383;3;2;1;2;7;370;13/09/2017
2017027384;1;2;1;8;3;370;14/09/2017
2017027385;5;2;1;2;7;370;14/09/2017
2017027386;1;2;6;1;4;370;15/09/2017
2017027387;1;2;1;1;6;370;14/09/2017
2017027388;1;2;3;1;6;370;16/09/2017
2017027389;5;2;2;1;3;370;16/09/2017
2017027390;1;2;3;1;4;370;18/09/2017
2017027391;1;2;1;1;3;370;18/09/2017
2017027392;1;2;6;1;2;370;18/09/2017
2017027393;1;2;1;1;2;370;21/09/2017
2017027394;1;2;1;1;3;370;21/09/2017
2017027395;1;1;1;1;2;370;21/09/2017
2017027396;5;2;2;1;3;370;21/09/2017
2017027397;1;2;2;1;4;370;22/09/2017
2017027398;1;2;1;1;3;370;22/09/2017
2017027399;1;2;1;1;3;370;23/09/2017
2017027400;1;2;6;1;6;370;24/09/2017
2017027401;1;2;3;1;2;370;25/09/2017
2017027402;1;1;1;1;2;370;23/09/2017
2017027403;1;2;1;1;2;370;25/09/2017
2017027404;1;2;1;1;6;370;26/09/2017
2017027405;1;2;3;1;6;370;25/09/2017
2017027406;5;2;2;1;3;370;26/09/2017
2017027407;5;2;1;1;7;370;27/09/2017
2017027408;1;2;1;8;7;370;08/09/2017
2017027409;1;2;1;2;7;370;26/09/2017
2017027410;5;2;1;2;6;370;29/09/2017
2017027411;5;2;6;1;7;370;27/09/2017
2017027412;3;2;1;1;6;370;30/09/2017
2017027413;1;2;1;1;2;370;29/09/2017
2017027414;1;2;1;2;6;370;01/10/2017
2017027415;1;2;7;2;2;370;01/10/2017
2017027416;1;2;6;2;7;370;01/10/2017
2017027417;5;2;1;2;6;370;01/10/2017
2017027418;1;2;1;8;7;370;02/10/2017
2017027419;5;2;2;8;3;370;02/10/2017
2017027420;1;2;1;1;6;370;02/10/2017
2017027421;1;2;6;1;6;370;02/10/2017
2017027422;1;2;2;1;3;370;02/10/2017
2017027423;1;2;3;2;7;370;03/10/2017
2017027424;1;2;1;1;6;370;03/10/2017
2017027425;1;2;1;1;6;370;03/10/2017
2017027426;1;2;1;1;6;370;04/10/2017
2017027427;1;2;2;1;2;370;04/10/2017
2017027428;1;2;3;1;3;370;05/10/2017
2017027429;1;2;6;1;6;370;05/10/2017
2017027430;1;1;1;1;6;370;06/10/2017
2017027431;1;2;1;1;6;370;07/10/2017
2017027432;1;2;3;1;2;370;07/10/2017
2017027433;2;2;2;1;3;370;07/10/2017
2017027434;1;2;1;1;6;370;08/10/2017
2017027435;5;2;6;5;7;370;09/10/2017
2017027436;2;2;3;2;3;370;10/10/2017
2017027437;1;1;1;2;4;370;10/10/2017
2017027438;2;2;4;1;6;370;11/10/2017
2017027439;1;2;2;1;6;370;11/10/2017
2017027440;2;2;1;2;7;370;12/10/2017
2017027441;1;2;1;1;7;370;12/10/2017
2017027442;1;2;1;1;7;370;12/10/2017
2017027443;1;2;1;1;6;370;12/10/2017
2017027444;1;2;1;1;3;370;12/10/2017
2017027445;5;2;2;1;3;370;12/10/2017
2017027446;1;2;1;1;7;370;13/10/2017
2017027447;1;2;3;1;3;370;13/10/2017
2017027448;1;2;3;1;6;370;13/10/2017
2017027449;2;2;1;1;2;370;14/10/2017
2017027450;5;2;1;1;6;370;14/10/2017
2017027451;5;2;3;1;6;370;15/10/2017
2017027452;1;2;6;1;3;370;16/10/2017
2017027453;1;2;2;1;6;370;16/10/2017
2017027454;1;2;2;1;3;370;17/10/2017
2017027455;1;2;6;1;3;370;17/10/2017
2017027456;1;2;9;1;6;370;18/10/2017
2017027457;1;2;2;1;3;370;18/10/2017
2017027458;1;2;1;1;6;370;18/10/2017
2017027459;1;2;1;1;3;370;19/10/2017
2017027460;1;1;1;8;1;370;20/10/2017
2017027461;2;2;1;1;4;370;20/10/2017
2017027462;1;1;1;1;7;370;20/10/2017
2017027463;1;2;1;1;7;370;20/10/2017
2017027464;1;2;1;1;2;370;20/10/2017
2017027465;5;2;1;1;2;370;20/10/2017
2017027466;1;2;2;1;3;370;21/10/2017
2017027467;1;2;6;2;2;370;23/10/2017
2017027468;5;2;3;2;3;370;23/10/2017
2017027469;1;2;2;1;3;370;25/10/2017
2017027470;1;2;6;1;3;370;25/10/2017
2017027471;1;2;1;1;6;370;27/10/2017
2017027472;1;2;6;1;3;370;27/10/2017
2017027473;5;2;2;1;6;370;27/10/2017
2017027474;5;2;6;1;7;370;27/10/2017
2017027475;1;2;1;1;3;370;30/10/2017
2017027476;5;2;3;1;6;370;31/10/2017
2017027477;5;2;1;1;7;370;02/11/2017
2017027478;1;2;1;1;2;370;02/11/2017
2017027479;1;2;1;1;1;370;02/11/2017
2017027480;5;2;2;1;3;370;03/11/2017
2017027481;5;2;3;1;3;370;03/11/2017
2017027482;5;2;6;1;2;370;02/11/2017
2017027483;1;2;1;1;6;370;05/11/2017
2017027484;1;2;1;1;3;370;05/11/2017
2017027485;1;2;2;1;3;370;06/11/2017
2017027486;1;2;3;1;3;370;06/11/2017
2017027487;1;1;1;1;2;370;07/11/2017
2017027488;3;2;1;1;3;370;07/11/2017
2017027489;5;2;3;3;6;370;08/11/2017
2017027490;1;2;3;2;3;370;08/11/2017
2017027491;1;2;4;2;2;370;10/11/2017
2017027492;5;2;1;1;2;370;10/11/2017
2017027493;1;2;1;2;6;370;11/11/2017
2017027494;5;2;6;8;6;370;10/11/2017
2017027495;5;2;1;2;2;370;11/11/2017
2017027496;5;2;1;2;7;370;11/11/2017
2017027497;1;2;3;1;6;370;10/11/2017
2017027498;1;2;1;1;3;370;09/11/2017
2017027499;5;2;6;1;7;370;09/11/2017
2017027500;1;2;6;1;3;370;13/11/2017
2017027501;1;2;6;1;3;370;14/11/2017
2017027502;5;2;1;1;6;370;02/09/2017
2017027503;1;2;1;1;6;370;14/11/2017
2017027504;3;1;1;1;5;370;15/11/2017
2017027505;5;2;1;1;2;370;15/11/2017
2017027506;1;2;1;1;4;370;16/11/2017
2017027507;5;2;1;1;1;370;16/11/2017
2017027508;5;2;2;1;6;370;17/11/2017
2017027509;1;2;1;1;6;370;04/09/2017
2017027510;5;2;1;1;7;370;18/11/2017
2017027511;2;2;8;2;7;370;09/09/2017
2017027512;1;2;4;1;2;370;20/11/2017
2017027513;2;2;4;2;7;370;05/09/2017
2017027514;5;2;2;1;3;370;22/11/2017
2017027515;5;2;6;1;6;370;23/11/2017
2017027516;3;2;1;8;7;370;23/11/2017
2017027517;1;2;2;2;3;370;23/11/2017
2017027518;5;2;3;2;3;370;23/11/2017
2017027519;5;2;1;2;2;370;23/11/2017
2017027520;1;2;1;1;6;370;28/10/2017
2017027521;1;2;2;1;4;370;24/11/2017
2017027522;1;2;1;1;1;370;24/11/2017
2017027523;5;2;1;1;2;370;25/11/2017
2017027524;5;2;1;1;2;370;25/11/2017
2017027525;5;2;1;3;2;370;28/11/2017
2017027526;2;1;1;3;4;370;28/11/2017
2017027527;1;2;6;1;7;370;28/11/2017
2017027528;1;2;7;1;6;370;28/11/2017
2017027529;1;2;1;1;6;370;29/11/2017
2017027530;1;2;1;1;6;370;29/11/2017
2017027531;5;2;1;9;7;370;30/11/2017
2017027532;2;1;1;4;6;370;30/11/2017
2017027533;3;1;1;9;6;370;30/11/2017
2017027534;5;2;1;1;6;370;29/11/2017
2017027535;1;2;1;1;6;370;30/11/2017
2017027536;1;2;1;1;6;370;02/12/2017
2017027537;1;2;6;1;3;370;02/12/2017
2017027538;5;2;4;1;3;370;02/12/2017
2017027539;1;2;7;1;3;370;10/11/2017
2017027540;1;2;4;1;3;370;04/12/2017
2017027541;1;2;1;1;3;370;05/12/2017
2017027542;1;2;3;1;3;370;05/12/2017
2017027543;5;2;1;1;6;370;07/12/2017
2017027544;1;1;1;1;2;370;17/11/2017
2017027545;1;2;1;1;7;370;07/12/2017
2017027546;5;2;1;1;7;370;17/11/2017
2017027547;3;2;1;2;6;370;07/12/2017
2017027548;5;2;1;1;6;370;08/12/2017
2017027549;1;2;2;1;5;370;08/12/2017
2017027550;2;2;1;1;6;370;08/12/2017
2017027551;5;2;2;1;3;370;08/12/2017
2017027552;1;2;1;1;4;370;12/12/2017
2017027553;1;2;6;1;3;370;12/12/2017
2017027554;1;1;1;8;6;370;08/12/2017
2017027555;5;2;6;1;3;370;14/12/2017
2017027556;1;2;2;1;6;370;16/12/2017
2017027557;3;1;1;2;7;370;14/12/2017
2017027558;3;2;1;1;3;370;17/12/2017
2017027559;5;2;1;2;3;370;18/12/2017
2017027560;1;2;2;1;6;370;18/12/2017
2017027561;3;2;1;1;2;370;20/12/2017
2017027562;1;2;4;2;3;370;25/12/2017
2017027563;1;2;2;1;6;370;26/12/2017
2017027564;1;2;1;1;6;370;26/12/2017
2017027565;5;2;1;2;7;370;26/12/2017
2017027566;5;2;2;3;2;370;26/12/2017
2017027567;1;2;1;8;3;370;28/12/2017
2017027568;5;2;3;3;2;370;30/12/2017
2017027569;5;2;2;2;7;370;30/12/2017
2017027570;1;2;2;2;6;370;30/12/2017
2017027571;3;2;1;1;6;370;30/12/2017
2017027572;1;2;1;1;6;370;31/12/2017
2017027573;5;2;1;2;7;380;09/01/2017
2017027574;2;2;3;1;3;380;26/02/2017
2017027575;1;2;1;1;6;380;13/04/2017
2017027576;1;2;1;1;6;380;20/05/2017
2017027577;1;2;2;1;2;380;07/06/2017
2017027578;1;1;1;1;1;380;10/06/2017
2017027579;3;1;1;1;7;380;01/07/2017
2017027580;1;2;2;1;6;380;19/05/2017
2017027581;1;2;7;1;3;380;11/09/2017
2017027582;3;1;6;1;3;380;10/10/2017
2017027583;3;1;1;1;6;380;15/10/2017
2017027584;2;2;1;1;3;380;22/11/2017
2017027585;5;2;3;1;3;380;23/12/2017
2017027586;1;2;1;1;6;380;12/01/2017
2017027587;1;2;1;2;6;380;13/01/2017
2017027588;1;2;3;1;3;380;16/01/2017
2017027589;5;2;1;1;6;380;21/01/2017
2017027590;1;2;1;1;6;380;25/01/2017
2017027591;5;1;1;1;6;380;01/02/2017
2017027592;2;2;2;1;3;380;04/02/2017
2017027593;3;1;1;2;6;380;05/02/2017
2017027594;1;2;1;1;6;380;10/02/2017
2017027595;1;2;1;1;6;380;10/02/2017
2017027596;1;2;1;1;2;380;10/02/2017
2017027597;1;1;1;1;6;380;11/02/2017
2017027598;1;2;1;1;1;380;18/02/2017
2017027599;5;1;1;1;6;380;18/02/2017
2017027600;1;2;1;1;3;380;22/02/2017
2017027601;1;2;3;1;3;380;23/02/2017
2017027602;1;2;1;1;3;380;23/02/2017
2017027603;5;1;1;1;6;380;26/02/2017
2017027604;5;2;1;1;6;380;28/02/2017
2017027605;1;2;1;1;6;380;04/03/2017
2017027606;1;2;1;2;7;380;04/03/2017
2017027607;5;2;2;2;1;380;05/03/2017
2017027608;5;1;1;1;1;380;11/03/2017
2017027609;1;2;2;1;6;380;12/03/2017
2017027610;1;2;1;1;6;380;13/03/2017
2017027611;1;2;4;1;6;380;14/03/2017
2017027612;2;2;1;1;6;380;15/03/2017
2017027613;1;2;6;1;3;380;16/03/2017
2017027614;1;2;2;1;6;380;17/03/2017
2017027615;2;2;1;1;3;380;17/03/2017
2017027616;1;1;1;1;6;380;19/03/2017
2017027617;1;2;1;1;6;380;30/03/2017
2017027618;2;1;1;1;2;380;05/04/2017
2017027619;1;2;1;1;3;380;07/04/2017
2017027620;1;2;1;1;3;380;09/04/2017
2017027621;1;1;1;1;2;380;10/04/2017
2017027622;1;1;1;1;5;380;10/04/2017
2017027623;1;1;1;1;2;380;11/04/2017
2017027624;1;2;1;1;2;380;18/04/2017
2017027625;2;2;1;1;3;380;21/04/2017
2017027626;1;2;1;1;6;380;27/04/2017
2017027627;5;2;2;1;3;380;30/04/2017
2017027628;1;2;3;1;3;380;30/04/2017
2017027629;1;2;4;1;3;380;03/05/2017
2017027630;1;2;1;1;6;380;05/05/2017
2017027631;1;2;1;1;6;380;08/05/2017
2017027632;1;2;1;1;6;380;10/05/2017
2017027633;5;2;1;3;6;380;10/05/2017
2017027634;1;1;2;2;3;380;11/05/2017
2017027635;1;2;1;1;6;380;17/05/2017
2017027636;1;2;1;1;6;380;20/05/2017
2017027637;5;2;3;1;6;380;20/05/2017
2017027638;1;2;1;1;6;380;28/05/2017
2017027639;1;2;1;1;6;380;28/05/2017
2017027640;5;2;1;1;6;380;01/06/2017
2017027641;1;1;1;1;1;380;05/06/2017
2017027642;1;2;1;2;3;380;06/06/2017
2017027643;1;2;3;1;6;380;06/06/2017
2017027644;1;2;1;1;6;380;07/06/2017
2017027645;1;1;1;1;1;380;12/06/2017
2017027646;1;2;2;1;3;380;16/06/2017
2017027647;1;2;9;1;6;380;19/06/2017
2017027648;1;2;1;3;2;380;28/06/2017
2017027649;5;2;1;2;6;380;28/06/2017
2017027650;1;2;3;1;6;380;30/06/2017
2017027651;1;2;1;1;6;380;02/07/2017
2017027652;1;1;1;1;2;380;08/07/2017
2017027653;5;2;2;1;6;380;12/07/2017
2017027654;1;2;1;1;6;380;15/07/2017
2017027655;1;1;1;1;4;380;17/07/2017
2017027656;1;2;1;1;6;380;01/08/2017
2017027657;1;2;1;1;6;380;15/08/2017
2017027658;1;2;1;1;6;380;21/08/2017
2017027659;1;2;1;1;3;380;26/08/2017
2017027660;2;2;3;2;3;380;02/09/2017
2017027661;1;1;1;1;1;380;03/09/2017
2017027662;1;2;1;1;2;380;05/09/2017
2017027663;1;2;1;2;1;380;18/09/2017
2017027664;1;2;2;1;1;380;22/09/2017
2017027665;5;1;1;1;2;380;05/10/2017
2017027666;1;2;1;1;3;380;08/10/2017
2017027667;5;2;3;1;1;380;10/10/2017
2017027668;5;2;2;1;3;380;11/10/2017
2017027669;1;2;1;1;6;380;14/10/2017
2017027670;1;2;2;1;3;380;17/10/2017
2017027671;1;1;1;1;6;380;17/10/2017
2017027672;5;2;2;1;3;380;21/10/2017
2017027673;5;2;9;1;6;380;21/10/2017
2017027674;1;2;1;1;6;380;26/10/2017
2017027675;1;2;1;1;6;380;07/11/2017
2017027676;5;2;6;1;3;380;09/11/2017
2017027677;5;2;1;1;6;380;14/11/2017
2017027678;1;2;1;1;4;380;16/11/2017
2017027679;1;2;1;1;1;380;16/11/2017
2017027680;5;2;1;1;6;380;16/11/2017
2017027681;5;2;1;1;6;380;20/11/2017
2017027682;5;1;1;1;2;380;26/11/2017
2017027683;1;2;1;2;2;380;29/11/2017
2017027684;5;2;1;2;6;380;29/11/2017
2017027685;1;1;1;2;2;380;30/11/2017
2017027686;5;2;1;1;6;380;30/11/2017
2017027687;5;2;1;4;6;380;01/12/2017
2017027688;5;2;1;1;6;380;15/12/2017
2017027689;1;2;1;2;3;380;19/12/2017
2017027690;1;2;1;1;3;380;15/10/2017
2017027691;1;1;1;4;5;380;13/01/2017
2017027692;3;1;1;1;3;380;04/12/2017
2017027693;1;2;1;1;6;380;15/12/2017
2017027694;1;1;1;1;4;380;29/03/2017
2017027695;1;2;9;1;7;380;26/01/2017
2017027696;2;1;1;1;7;380;17/04/2017
2017027697;3;2;3;1;6;380;14/01/2017
2017027698;1;2;1;3;7;380;04/05/2017
2017027699;1;2;1;1;7;380;17/05/2017
2017027700;1;2;1;1;6;380;25/05/2017
2017027701;1;2;9;1;6;380;21/03/2017
2017027702;2;2;1;1;3;380;14/02/2017
2017027703;4;2;1;1;6;380;18/06/2017
2017027704;1;2;4;1;3;380;03/05/2017
2017027705;1;2;2;1;6;380;28/06/2017
2017027706;1;1;1;1;4;380;29/04/2017
2017027707;1;2;1;1;6;380;17/07/2017
2017027708;1;2;1;1;2;380;01/08/2017
2017027709;1;2;2;1;6;380;13/05/2017
2017027710;1;2;1;1;3;380;18/09/2017
2017027711;1;1;1;9;6;380;02/07/2017
2017027712;3;1;3;1;3;380;03/10/2017
2017027713;1;2;1;1;6;380;19/10/2017
2017027714;5;2;1;1;6;380;29/09/2017
2017027715;1;2;1;1;4;380;12/09/2017
2017027716;2;2;1;1;2;380;23/11/2017
2017027717;1;2;1;1;6;380;26/08/2017
2017027718;2;2;1;1;3;380;27/10/2017
2017027719;1;2;1;1;6;380;21/09/2017
2017027720;1;2;1;1;3;380;07/11/2017
2017027721;1;2;7;8;6;380;05/12/2017
2017027722;1;1;4;8;3;380;22/12/2017
2017027723;1;2;1;7;6;380;07/12/2017
2017027724;5;2;1;8;4;380;05/01/2017
2017027725;1;1;1;8;6;380;25/12/2017
2017027726;3;2;1;1;6;380;25/01/2017
2017027727;5;2;3;1;3;380;27/01/2017
2017027728;1;2;2;1;3;380;14/02/2017
2017027729;1;1;1;1;4;380;17/02/2017
2017027730;5;2;1;1;3;380;25/03/2017
2017027731;1;2;4;1;6;380;02/05/2017
2017027732;1;2;3;1;3;380;17/05/2017
2017027733;1;2;1;1;2;380;01/06/2017
2017027734;1;2;1;1;3;380;09/06/2017
2017027735;1;2;1;7;6;380;22/06/2017
2017027736;1;2;1;1;2;380;05/09/2017
2017027737;1;2;1;1;6;380;12/09/2017
2017027738;1;2;2;1;6;380;05/10/2017
2017027739;2;2;3;1;3;380;17/11/2017
2017027740;3;1;1;2;3;380;28/11/2017
2017027741;1;2;1;1;5;380;22/12/2017
2017027742;1;2;2;1;3;390;29/03/2017
2017027743;1;2;1;1;6;390;14/04/2017
2017027744;1;2;1;3;6;390;28/06/2017
2017027745;1;2;1;7;6;390;17/07/2017
2017027746;1;1;1;1;6;390;23/07/2017
2017027747;1;2;1;1;1;390;07/08/2017
2017027748;1;1;1;1;1;390;18/08/2017
2017027749;1;1;6;1;4;390;20/09/2017
2017027750;1;2;6;1;6;390;17/10/2017
2017027751;1;2;3;2;3;390;13/11/2017
2017027752;5;2;3;1;3;390;06/12/2017
2017027753;5;2;3;1;3;390;27/11/2017
2017027754;1;2;1;7;6;390;08/12/2017
2017027755;5;2;1;1;6;390;20/01/2017
2017027756;1;2;1;1;6;390;16/02/2017
2017027757;1;1;1;1;7;390;13/04/2017
2017027758;2;2;3;1;3;390;22/04/2017
2017027759;1;1;1;3;1;390;25/04/2017
2017027760;1;2;1;1;6;390;28/05/2017
2017027761;1;2;1;1;5;390;17/06/2017
2017027762;1;2;1;1;6;390;05/10/2017
2017027763;1;1;1;1;2;390;22/11/2017
2017027764;1;2;2;1;5;400;29/11/2017
2017027765;1;1;1;2;5;400;10/01/2017
2017027766;1;2;2;1;3;400;25/03/2017
2017027767;1;2;2;1;3;400;30/03/2017
2017027768;1;2;2;1;3;400;27/02/2017
2017027769;1;2;1;1;3;400;17/04/2017
2017027770;1;2;3;1;3;400;03/06/2017
2017027771;1;2;1;1;1;400;15/07/2017
2017027772;1;2;1;1;6;400;04/08/2017
2017027773;1;2;2;1;6;400;17/06/2017
2017027774;1;2;2;1;3;400;11/06/2017
2017027775;1;2;3;1;3;400;28/10/2017
2017027776;2;2;1;3;6;400;11/12/2017
2017027777;1;2;3;1;3;400;04/01/2017
2017027778;1;1;4;1;1;400;15/02/2017
2017027779;1;2;1;2;6;400;21/03/2017
2017027780;1;1;1;2;3;400;25/04/2017
2017027781;1;2;9;1;7;400;17/05/2017
2017027782;1;2;1;1;3;400;23/05/2017
2017027783;1;2;2;1;2;400;12/06/2017
2017027784;1;2;1;1;6;400;15/06/2017
2017027785;1;1;1;2;3;400;30/06/2017
2017027786;1;2;3;1;6;400;21/07/2017
2017027787;1;1;1;1;3;400;05/08/2017
2017027788;2;2;1;1;2;400;31/10/2017
2017027789;1;2;6;7;6;400;20/10/2017
2017027790;3;1;1;1;1;400;18/11/2017
2017027791;1;2;4;1;1;400;26/12/2017
2017027792;1;2;1;2;3;410;11/01/2017
2017027793;1;2;3;1;6;410;16/01/2017
2017027794;1;2;1;1;3;410;19/01/2017
2017027795;1;1;1;1;2;410;13/02/2017