num_acc;lum;agg;inter;atm;col;dep;date
2017027796;1;2;1;3;6;410;27/02/2017
2017027797;1;2;1;1;7;410;02/03/2017
2017027798;1;2;1;1;2;410;12/03/2017
2017027799;5;2;1;1;6;410;09/03/2017
2017027800;1;2;1;1;3;410;16/03/2017
2017027801;1;2;1;2;2;410;21/03/2017
2017027802;1;2;2;1;3;410;27/03/2017
2017027803;2;2;1;1;1;410;02/04/2017
2017027804;5;2;1;1;1;410;17/04/2017
2017027805;1;2;1;1;7;410;24/04/2017
2017027806;1;2;2;1;3;410;25/04/2017
2017027807;1;2;3;2;3;410;25/04/2017
2017027808;1;2;3;1;1;410;28/03/2017
2017027809;1;1;1;1;7;410;29/04/2017
2017027810;1;2;1;1;6;410;20/04/2017
2017027811;1;2;1;2;2;410;25/04/2017
2017027812;1;2;1;1;3;410;03/05/2017
2017027813;1;2;3;1;6;410;05/05/2017
2017027814;3;2;9;1;6;410;15/04/2017
2017027815;2;2;1;1;3;410;17/05/2017
2017027816;1;1;1;1;3;410;20/05/2017
2017027817;1;2;2;1;3;410;26/05/2017
2017027818;1;2;1;1;3;410;29/05/2017
2017027819;1;2;1;1;2;410;30/05/2017
2017027820;1;2;2;2;3;410;18/05/2017
2017027821;1;2;1;1;1;410;09/06/2017
2017027822;1;2;1;1;2;410;10/06/2017
2017027823;1;2;3;1;3;410;10/06/2017
2017027824;1;2;1;1;7;410;15/06/2017
2017027825;1;2;1;1;2;410;22/06/2017
2017027826;1;2;3;1;3;410;20/06/2017
2017027827;1;2;6;1;7;410;08/07/2017
2017027828;1;2;1;1;2;410;23/06/2017
2017027829;1;2;1;1;2;410;05/07/2017
2017027830;1;2;1;1;1;410;13/07/2017
2017027831;1;2;1;1;6;410;14/07/2017
2017027832;1;2;1;1;3;410;09/07/2017
2017027833;1;2;1;1;7;410;31/07/2017
2017027834;1;2;1;1;3;410;31/07/2017
2017027835;4;2;1;1;7;410;08/07/2017
2017027836;1;2;1;7;7;410;27/08/2017
2017027837;1;2;1;1;6;410;18/08/2017
2017027838;1;1;1;1;2;410;03/09/2017
2017027839;1;2;1;2;7;410;05/09/2017
2017027840;1;2;1;1;3;410;14/09/2017
2017027841;4;2;1;1;7;410;17/09/2017
2017027842;5;2;1;1;2;410;17/09/2017
2017027843;1;2;1;1;4;410;20/09/2017
2017027844;5;2;1;1;2;410;20/09/2017
2017027845;3;1;1;1;1;410;18/09/2017
2017027846;1;2;1;1;5;410;20/09/2017
2017027847;1;2;1;1;7;410;27/09/2017
2017027848;1;1;1;1;7;410;30/09/2017
2017027849;1;2;1;2;3;410;02/10/2017
2017027850;1;1;1;1;7;410;28/09/2017
2017027851;1;2;1;1;2;410;05/10/2017
2017027852;1;2;1;1;3;410;09/10/2017
2017027853;1;2;1;1;3;410;09/10/2017
2017027854;1;2;1;1;1;410;12/10/2017
2017027855;3;1;1;1;6;410;09/09/2017
2017027856;1;2;1;1;3;410;13/10/2017
2017027857;1;2;1;2;1;410;01/10/2017
2017027858;1;2;3;1;3;410;31/10/2017
2017027859;2;2;1;1;3;410;03/11/2017
2017027860;5;2;1;1;6;410;31/10/2017
2017027861;3;2;1;2;1;410;10/11/2017
2017027862;1;1;1;2;7;410;10/11/2017
2017027863;1;2;2;2;1;410;12/11/2017
2017027864;1;2;1;1;6;410;15/11/2017
2017027865;1;2;2;1;4;410;18/11/2017
2017027866;1;2;1;1;6;410;20/11/2017
2017027867;1;2;1;1;3;410;22/11/2017
2017027868;2;1;1;8;4;410;24/11/2017
2017027869;1;2;6;1;3;410;27/11/2017
2017027870;1;2;1;1;6;410;29/11/2017
2017027871;5;2;1;1;1;410;06/12/2017
2017027872;1;2;1;1;3;410;08/12/2017
2017027873;1;1;1;2;7;410;09/12/2017
2017027874;3;2;1;1;2;410;08/12/2017
2017027875;1;2;2;2;3;410;13/12/2017
2017027876;3;1;6;2;3;410;18/12/2017
2017027877;1;2;1;1;7;410;26/12/2017
2017027878;1;1;1;7;1;410;08/12/2017
2017027879;5;2;1;2;6;410;13/01/2017
2017027880;3;2;1;5;1;410;19/12/2017
2017027881;1;2;1;1;6;410;01/02/2017
2017027882;3;1;1;1;7;410;22/12/2017
2017027883;3;1;1;1;7;410;30/12/2017
2017027884;1;2;1;1;6;410;03/03/2017
2017027885;1;1;1;1;6;410;09/03/2017
2017027886;1;2;1;1;6;410;15/03/2017
2017027887;3;1;1;1;6;410;18/03/2017
2017027888;1;1;2;1;3;410;03/04/2017
2017027889;1;2;2;1;1;410;12/04/2017
2017027890;1;2;2;1;1;410;01/05/2017
2017027891;3;2;1;1;6;410;13/06/2017
2017027892;1;2;1;1;5;410;23/07/2017
2017027893;1;2;2;1;3;410;02/09/2017
2017027894;1;1;1;1;6;410;04/09/2017
2017027895;1;1;4;1;1;410;21/11/2017
2017027896;5;2;6;2;3;410;28/11/2017
2017027897;3;1;1;4;6;410;30/11/2017
2017027898;1;2;2;1;3;410;04/12/2017
2017027899;5;2;2;2;3;410;07/12/2017
2017027900;5;2;1;2;6;410;08/12/2017
2017027901;5;2;1;2;6;410;13/12/2017
2017027902;5;2;1;8;6;420;20/12/2017
2017027903;1;1;1;1;6;420;22/01/2017
2017027904;1;2;1;1;6;420;09/02/2017
2017027905;1;2;6;1;3;420;16/02/2017
2017027906;1;2;1;1;6;420;16/03/2017
2017027907;1;2;1;1;3;420;27/03/2017
2017027908;1;1;1;1;1;420;28/03/2017
2017027909;1;2;1;1;3;420;14/04/2017
2017027910;1;2;1;1;2;420;21/05/2017
2017027911;1;2;1;1;6;420;25/05/2017
2017027912;1;2;1;1;7;420;11/07/2017
2017027913;1;2;2;1;3;420;16/07/2017
2017027914;1;2;1;7;3;420;04/08/2017
2017027915;1;2;1;2;3;420;15/08/2017
2017027916;1;2;1;1;6;420;22/08/2017
2017027917;5;2;1;1;6;420;22/08/2017
2017027918;1;2;1;1;3;420;22/08/2017
2017027919;1;2;1;1;3;420;05/09/2017
2017027920;1;2;7;1;3;420;21/09/2017
2017027921;5;1;9;1;3;420;22/09/2017
2017027922;1;1;1;1;4;420;01/10/2017
2017027923;1;2;6;1;6;420;10/10/2017
2017027924;1;2;1;1;3;420;08/11/2017
2017027925;1;2;1;1;6;420;29/11/2017
2017027926;3;2;1;8;6;420;03/12/2017
2017027927;5;2;3;1;2;420;16/11/2017
2017027928;1;2;3;1;3;420;17/11/2017
2017027929;2;2;1;1;6;420;20/11/2017
2017027930;5;2;3;1;3;420;22/11/2017
2017027931;3;2;1;1;6;420;29/11/2017
2017027932;1;1;3;1;2;420;20/11/2017
2017027933;1;2;1;2;3;420;30/11/2017
2017027934;1;2;6;2;3;420;01/12/2017
2017027935;1;2;3;1;3;420;03/12/2017
2017027936;1;2;3;2;3;420;04/12/2017
2017027937;1;2;3;1;3;420;01/01/2017
2017027938;5;1;1;1;6;420;10/12/2017
2017027939;2;2;6;1;6;420;04/01/2017
2017027940;5;2;1;1;6;420;12/12/2017
2017027941;1;2;1;1;3;420;06/01/2017
2017027942;5;2;3;1;3;420;12/01/2017
2017027943;5;2;1;1;2;420;12/12/2017
2017027944;2;1;1;1;7;420;19/01/2017
2017027945;1;2;1;1;4;420;13/12/2017
2017027946;5;2;6;2;6;420;31/01/2017
2017027947;5;2;2;1;3;420;01/02/2017
2017027948;1;2;1;1;2;420;02/02/2017
2017027949;1;2;1;1;6;420;09/02/2017
2017027950;5;2;6;2;3;420;09/02/2017
2017027951;1;2;1;2;1;420;18/12/2017
2017027952;1;1;1;1;6;420;11/02/2017
2017027953;1;2;2;1;3;420;12/02/2017
2017027954;1;2;4;1;6;420;13/02/2017
2017027955;5;2;1;1;6;420;01/03/2017
2017027956;5;2;3;1;6;420;03/03/2017
2017027957;1;2;1;1;6;420;19/12/2017
2017027958;1;2;1;1;2;420;11/03/2017
2017027959;1;2;1;2;6;420;21/12/2017
2017027960;3;1;1;1;6;420;11/03/2017
2017027961;1;2;3;2;3;420;27/12/2017
2017027962;1;2;3;1;3;420;22/03/2017
2017027963;1;2;6;1;6;420;28/12/2017
2017027964;1;2;1;2;2;420;23/03/2017
2017027965;1;2;1;1;6;420;27/03/2017
2017027966;1;1;1;1;6;420;03/04/2017
2017027967;1;2;1;1;6;420;05/04/2017
2017027968;1;2;1;1;6;420;08/04/2017
2017027969;1;2;1;1;3;420;12/04/2017
2017027970;1;2;2;1;3;420;12/04/2017
2017027971;1;1;1;1;7;420;13/04/2017
2017027972;1;1;1;1;6;420;17/04/2017
2017027973;1;2;1;1;6;420;18/04/2017
2017027974;1;2;1;1;6;420;22/04/2017
2017027975;1;2;9;1;6;420;23/04/2017
2017027976;1;2;1;1;2;420;25/04/2017
2017027977;1;1;1;1;4;420;29/04/2017
2017027978;1;2;3;9;2;420;02/05/2017
2017027979;1;2;1;1;6;420;03/05/2017
2017027980;1;2;3;1;1;420;04/05/2017
2017027981;1;2;1;1;6;420;07/05/2017
2017027982;1;2;1;1;1;420;09/05/2017
2017027983;1;2;3;2;5;420;13/05/2017
2017027984;5;2;4;1;3;420;13/05/2017
2017027985;1;2;3;1;3;420;24/05/2017
2017027986;1;2;1;1;6;420;25/05/2017
2017027987;2;2;3;1;3;420;29/05/2017
2017027988;1;2;3;1;3;420;31/05/2017
2017027989;2;2;1;1;6;420;31/05/2017
2017027990;1;2;9;1;6;420;02/06/2017
2017027991;2;2;6;1;6;420;05/06/2017
2017027992;1;2;1;1;6;420;07/06/2017
2017027993;1;2;6;1;2;420;01/06/2017
2017027994;1;2;1;2;6;420;06/06/2017
2017027995;1;2;1;1;2;420;23/06/2017
2017027996;1;2;3;1;6;420;26/06/2017
2017027997;3;2;1;1;6;420;28/06/2017
2017027998;1;2;1;1;6;420;04/07/2017
2017027999;1;1;1;1;7;420;06/07/2017
2017028000;1;2;1;1;6;420;07/07/2017
2017028001;1;2;2;1;3;420;29/07/2017
2017028002;5;2;9;1;2;420;31/07/2017
2017028003;5;2;3;1;2;420;17/07/2017
2017028004;5;2;3;1;3;420;02/08/2017
2017028005;1;1;1;1;3;420;03/08/2017
2017028006;5;2;1;1;6;420;03/08/2017
2017028007;1;2;3;1;3;420;10/08/2017
2017028008;1;1;1;1;6;420;14/08/2017
2017028009;1;2;3;1;1;420;18/08/2017
2017028010;1;2;3;1;4;420;21/08/2017
2017028011;1;2;1;1;6;420;24/08/2017
2017028012;5;2;1;3;6;420;30/08/2017
2017028013;1;2;2;1;6;420;01/09/2017
2017028014;1;2;3;1;3;420;03/09/2017
2017028015;1;2;1;1;6;420;09/09/2017
2017028016;5;2;1;1;6;420;06/09/2017
2017028017;1;2;7;1;6;420;11/09/2017
2017028018;1;2;1;1;6;420;15/09/2017
2017028019;5;2;1;1;6;420;16/09/2017
2017028020;1;2;1;1;2;420;19/09/2017
2017028021;5;2;1;1;3;420;21/09/2017
2017028022;5;2;1;1;3;420;22/09/2017
2017028023;1;2;6;1;6;420;23/09/2017
2017028024;1;2;2;2;6;420;25/09/2017
2017028025;1;2;6;1;3;420;26/09/2017
2017028026;1;2;6;2;6;420;30/09/2017
2017028027;1;2;1;1;6;420;02/10/2017
2017028028;4;2;1;1;6;420;03/10/2017
2017028029;1;1;1;2;6;420;03/10/2017
2017028030;1;2;2;1;3;420;04/10/2017
2017028031;1;2;1;1;6;420;04/10/2017
2017028032;5;2;2;1;6;420;07/10/2017
2017028033;1;2;6;1;6;420;06/10/2017
2017028034;3;2;1;1;6;420;07/10/2017
2017028035;1;2;1;1;6;420;11/10/2017
2017028036;1;2;2;1;6;420;11/10/2017
2017028037;1;2;1;1;7;420;12/10/2017
2017028038;1;2;3;1;6;420;16/10/2017
2017028039;2;2;1;1;6;420;18/10/2017
2017028040;1;2;1;1;6;420;18/10/2017
2017028041;1;1;1;1;6;420;23/10/2017
2017028042;1;2;1;1;6;420;25/10/2017
2017028043;1;2;1;1;2;420;27/10/2017
2017028044;5;2;3;1;3;420;27/10/2017
2017028045;1;2;1;1;6;420;28/10/2017
2017028046;1;2;1;1;3;420;31/10/2017
2017028047;5;2;3;1;6;420;31/10/2017
2017028048;1;2;3;1;3;420;04/11/2017
2017028049;1;2;9;2;1;420;05/11/2017
2017028050;5;2;1;2;6;420;10/11/2017
2017028051;1;1;1;1;6;420;15/11/2017
2017028052;1;2;1;9;6;420;02/01/2017
2017028053;2;2;1;1;6;420;06/01/2017
2017028054;5;2;2;1;3;420;04/01/2017
2017028055;1;2;1;1;6;420;06/01/2017
2017028056;1;2;2;1;3;420;06/01/2017
2017028057;1;2;3;1;6;420;10/01/2017
2017028058;3;2;1;1;6;420;22/01/2017
2017028059;5;2;1;1;3;420;23/01/2017
2017028060;1;2;1;8;3;420;27/01/2017
2017028061;1;2;1;1;6;420;31/01/2017
2017028062;1;2;3;1;6;420;01/02/2017
2017028063;1;2;1;1;6;420;20/01/2017
2017028064;1;2;1;8;3;420;14/01/2017
2017028065;1;2;1;1;6;420;26/01/2017
2017028066;1;2;3;8;6;420;08/02/2017
2017028067;1;2;1;1;6;420;13/02/2017
2017028068;1;2;1;1;6;420;14/02/2017
2017028069;1;2;1;1;6;420;16/02/2017
2017028070;1;2;1;1;6;420;20/11/2017
2017028071;5;2;1;1;3;420;09/02/2017
2017028072;1;2;1;1;6;420;14/02/2017
2017028073;1;2;1;1;1;420;20/02/2017
2017028074;1;2;9;1;6;420;22/02/2017
2017028075;1;2;1;1;1;420;01/03/2017
2017028076;1;2;1;1;6;420;27/01/2017
2017028077;5;2;3;1;6;420;10/03/2017
2017028078;1;2;1;1;6;420;11/03/2017
2017028079;1;2;1;1;3;420;14/03/2017
2017028080;1;2;1;1;3;420;11/03/2017
2017028081;1;2;6;1;1;420;18/02/2017
2017028082;1;1;3;1;6;420;08/03/2017
2017028083;1;2;1;1;6;420;29/01/2017
2017028084;1;2;1;1;6;420;03/04/2017
2017028085;1;2;2;1;6;420;16/03/2017
2017028086;1;2;1;1;2;420;17/02/2017
2017028087;1;2;1;1;6;420;17/02/2017
2017028088;5;2;3;1;6;420;02/04/2017
2017028089;1;2;1;1;6;420;06/04/2017
2017028090;1;2;3;1;1;420;03/04/2017
2017028091;1;1;1;1;6;420;11/04/2017
2017028092;1;2;3;1;5;420;12/04/2017
2017028093;1;2;3;1;3;420;14/04/2017
2017028094;5;2;3;1;1;420;22/04/2017
2017028095;5;1;1;1;1;420;16/03/2017
2017028096;1;2;3;1;3;420;22/04/2017
2017028097;1;2;1;1;6;420;15/03/2017
2017028098;1;2;3;1;3;420;17/05/2017
2017028099;1;2;1;1;6;420;28/04/2017
2017028100;1;2;1;2;6;420;26/04/2017
2017028101;1;2;3;1;3;420;28/05/2017
2017028102;1;2;1;1;1;420;11/04/2017
2017028103;1;2;1;1;6;420;09/06/2017
2017028104;1;2;1;1;6;420;22/06/2017
2017028105;1;2;1;1;6;420;25/06/2017
2017028106;2;2;3;1;3;420;26/06/2017
2017028107;1;2;2;1;6;420;27/06/2017
2017028108;1;2;1;2;3;420;27/06/2017
2017028109;1;2;3;2;3;420;09/07/2017
2017028110;1;2;2;1;6;420;04/07/2017
2017028111;5;1;1;1;7;420;09/07/2017
2017028112;1;1;1;1;6;420;14/07/2017
2017028113;5;2;2;1;3;420;15/07/2017
2017028114;1;2;3;8;6;420;21/07/2017
2017028115;5;2;6;8;6;420;24/07/2017
2017028116;1;2;6;1;7;420;24/07/2017
2017028117;1;1;1;2;6;420;25/07/2017
2017028118;1;1;1;1;1;420;28/07/2017
2017028119;1;2;6;2;3;420;08/08/2017
2017028120;1;2;1;1;2;420;13/05/2017
2017028121;1;1;1;1;7;420;20/08/2017
2017028122;1;2;1;1;3;420;15/08/2017
2017028123;1;1;1;1;2;420;22/08/2017
2017028124;5;2;2;1;3;420;28/08/2017
2017028125;5;2;2;1;6;420;08/09/2017
2017028126;1;2;1;8;6;420;20/09/2017
2017028127;1;1;1;1;2;420;21/09/2017
2017028128;1;2;3;1;5;420;23/09/2017
2017028129;5;2;3;1;6;420;04/10/2017
2017028130;1;2;1;1;6;420;28/09/2017
2017028131;5;2;1;1;6;420;07/10/2017
2017028132;1;2;1;1;6;420;05/10/2017
2017028133;1;2;1;1;6;420;26/10/2017
2017028134;1;2;1;1;6;420;20/10/2017
2017028135;1;2;3;1;6;420;28/10/2017
2017028136;5;2;3;1;3;420;28/10/2017
2017028137;1;2;1;1;6;420;01/11/2017
2017028138;5;2;1;1;1;420;02/11/2017
2017028139;1;1;1;1;3;420;24/10/2017
2017028140;1;2;1;1;1;420;05/11/2017
2017028141;1;2;1;8;6;420;06/11/2017
2017028142;2;2;2;8;6;420;11/11/2017
2017028143;1;2;1;1;6;420;09/11/2017
2017028144;1;2;1;1;6;420;17/11/2017
2017028145;5;2;3;4;6;420;01/12/2017
2017028146;2;1;1;5;5;420;06/12/2017
2017028147;5;2;3;1;3;420;11/12/2017
2017028148;4;2;1;1;6;420;02/12/2017
2017028149;5;2;1;1;6;420;21/11/2017
2017028150;3;2;2;1;3;420;06/12/2017
2017028151;5;2;1;1;7;420;13/12/2017
2017028152;1;2;1;2;6;420;18/12/2017
2017028153;5;2;1;8;6;420;09/12/2017
2017028154;3;1;1;1;2;420;11/12/2017
2017028155;1;2;1;1;6;420;06/01/2017
2017028156;1;2;1;1;3;420;09/01/2017
2017028157;5;2;1;2;6;420;26/01/2017
2017028158;1;2;1;1;3;420;11/02/2017
2017028159;1;2;1;1;6;420;08/02/2017
2017028160;1;2;1;1;6;420;20/02/2017
2017028161;1;2;3;1;3;420;11/03/2017
2017028162;5;2;1;1;3;420;06/02/2017
2017028163;1;2;1;1;6;420;08/04/2017
2017028164;1;2;1;1;1;420;01/06/2017
2017028165;1;2;1;1;3;420;12/06/2017
2017028166;1;2;3;1;3;420;26/05/2017
2017028167;1;2;1;1;6;420;19/06/2017
2017028168;1;2;1;1;4;420;19/06/2017
2017028169;1;2;1;1;6;420;29/06/2017
2017028170;1;2;1;1;3;420;19/07/2017
2017028171;1;2;1;1;3;420;15/09/2017
2017028172;1;1;1;1;7;420;06/08/2017
2017028173;1;2;1;1;6;420;13/09/2017
2017028174;1;2;1;1;6;420;21/09/2017
2017028175;1;2;1;1;6;420;05/10/2017
2017028176;1;2;9;1;6;420;16/10/2017
2017028177;5;2;1;1;6;420;18/10/2017
2017028178;3;1;1;1;6;420;07/10/2017
2017028179;1;2;1;1;6;420;17/10/2017
2017028180;5;1;3;1;3;420;06/11/2017
2017028181;5;2;1;1;6;420;16/11/2017
2017028182;1;2;3;3;3;420;09/11/2017
2017028183;2;2;3;1;1;420;22/11/2017
2017028184;1;1;1;8;7;420;19/11/2017
2017028185;1;2;1;1;6;420;27/11/2017
2017028186;1;2;1;1;6;420;12/12/2017
2017028187;5;2;1;2;6;420;13/12/2017
2017028188;2;2;1;1;3;430;12/01/2017
2017028189;1;1;1;4;3;430;26/01/2017
2017028190;1;2;1;1;6;430;21/01/2017
2017028191;1;2;1;1;6;430;13/02/2017
2017028192;1;2;1;1;3;430;17/03/2017
2017028193;1;2;1;1;6;430;26/04/2017
2017028194;1;2;1;1;6;430;01/04/2017
2017028195;1;2;1;1;6;430;24/05/2017
2017028196;1;2;1;1;6;430;18/06/2017
2017028197;1;2;1;1;6;430;20/06/2017
2017028198;1;2;1;1;2;430;20/06/2017
2017028199;1;1;1;1;6;430;03/08/2017
2017028200;1;2;1;1;6;430;16/08/2017
2017028201;1;2;3;1;3;430;21/09/2017
2017028202;1;2;1;1;6;430;19/09/2017
2017028203;5;2;1;1;3;430;10/10/2017
2017028204;1;2;1;1;6;430;06/11/2017
2017028205;1;1;1;1;5;430;25/11/2017
2017028206;1;2;1;1;6;430;21/11/2017
2017028207;1;2;1;1;6;430;29/11/2017
2017028208;1;1;3;1;3;440;03/01/2017
2017028209;1;2;1;8;3;440;14/01/2017
2017028210;5;2;2;1;3;440;25/01/2017
2017028211;1;2;1;1;6;440;16/02/2017
2017028212;2;2;6;1;3;440;04/03/2017
2017028213;1;1;2;1;1;440;20/03/2017
2017028214;1;2;9;1;6;440;06/04/2017
2017028215;1;1;2;7;3;440;07/04/2017
2017028216;1;2;1;1;6;440;12/04/2017
2017028217;1;2;1;1;3;440;29/04/2017
2017028218;1;1;1;1;2;440;22/06/2017
2017028219;5;2;2;1;3;440;22/06/2017
2017028220;5;2;1;1;6;440;21/06/2017
2017028221;3;1;1;2;6;440;22/07/2017
2017028222;1;2;1;8;6;440;23/07/2017
2017028223;1;2;1;1;6;440;29/07/2017
2017028224;5;2;1;1;2;440;08/08/2017
2017028225;1;1;1;2;1;440;17/08/2017
2017028226;1;2;1;1;2;440;18/08/2017
2017028227;1;2;6;1;2;440;05/09/2017
2017028228;1;2;1;1;6;440;20/09/2017
2017028229;1;2;6;1;2;440;26/09/2017
2017028230;3;1;1;1;2;440;18/10/2017
2017028231;1;2;1;1;3;440;26/10/2017
2017028232;1;2;9;1;3;440;07/10/2017
2017028233;1;2;4;7;3;440;04/12/2017
2017028234;2;1;1;2;1;440;07/12/2017
2017028235;1;2;1;9;1;440;30/11/2017
2017028236;1;2;6;1;6;440;24/11/2017
2017028237;2;2;1;1;6;440;24/11/2017
2017028238;1;2;1;1;6;440;10/11/2017
2017028239;5;2;1;9;6;440;17/11/2017
2017028240;1;2;1;1;3;440;17/11/2017
2017028241;2;1;1;1;1;440;20/11/2017
2017028242;5;1;1;2;6;440;03/11/2017
2017028243;2;2;1;1;6;440;15/11/2017
2017028244;5;2;1;1;6;440;23/11/2017
2017028245;1;2;1;1;3;440;07/11/2017
2017028246;5;1;1;1;6;440;11/11/2017
2017028247;5;2;1;2;2;440;08/01/2017
2017028248;3;2;1;1;5;440;16/11/2017
2017028249;5;2;1;1;6;440;23/11/2017
2017028250;2;2;1;1;2;440;17/11/2017
2017028251;1;2;1;1;3;440;30/11/2017
2017028252;3;2;1;1;2;440;07/11/2017
2017028253;5;2;1;1;3;440;29/11/2017
2017028254;1;2;1;1;6;440;06/12/2017
2017028255;1;2;1;1;2;440;07/12/2017
2017028256;1;2;1;1;6;440;04/12/2017
2017028257;5;2;1;1;6;440;01/12/2017
2017028258;1;2;1;1;3;440;09/12/2017
2017028259;1;2;1;1;6;440;19/12/2017
2017028260;1;2;1;1;3;440;09/12/2017
2017028261;1;2;1;1;2;440;01/12/2017
2017028262;5;2;1;1;3;440;20/12/2017
2017028263;5;2;1;2;6;440;11/12/2017
2017028264;5;2;1;1;6;440;06/12/2017
2017028265;2;2;1;1;2;440;04/12/2017
2017028266;1;2;3;1;3;440;27/01/2017
2017028267;5;2;0;2;3;440;09/12/2017
2017028268;5;2;1;1;6;440;29/12/2017
2017028269;1;1;2;9;1;440;13/12/2017
2017028270;5;2;1;1;6;440;07/01/2017
2017028271;1;2;1;2;6;440;16/01/2017
2017028272;5;2;1;1;6;440;03/01/2017
2017028273;1;2;1;1;3;440;02/01/2017
2017028274;3;2;1;1;6;440;06/01/2017
2017028275;1;1;1;2;6;440;30/01/2017
2017028276;1;1;1;1;6;440;14/01/2017
2017028277;1;2;1;1;6;440;26/01/2017
2017028278;5;2;2;2;6;440;09/01/2017
2017028279;1;2;1;1;6;440;22/01/2017
2017028280;2;2;1;1;6;440;07/01/2017
2017028281;2;2;1;1;6;440;04/01/2017
2017028282;1;2;1;1;6;440;13/01/2017
2017028283;1;2;1;1;3;440;28/01/2017
2017028284;5;2;2;2;6;440;28/01/2017
2017028285;5;2;2;1;6;440;07/01/2017
2017028286;2;2;2;1;6;440;02/01/2017
2017028287;2;2;1;2;6;440;30/01/2017
2017028288;2;2;1;1;6;440;19/01/2017
2017028289;5;2;1;1;6;440;20/01/2017
2017028290;1;2;1;1;6;440;07/01/2017
2017028291;1;2;1;1;6;440;31/01/2017
2017028292;5;2;1;3;6;440;31/01/2017
2017028293;2;2;1;1;6;440;26/01/2017
2017028294;1;2;1;1;6;440;17/01/2017
2017028295;5;2;2;1;6;440;10/02/2017
2017028296;5;2;1;2;6;440;16/01/2017
2017028297;5;2;6;2;6;440;16/01/2017
2017028298;1;2;1;1;3;440;09/02/2017
2017028299;1;2;1;2;6;440;01/02/2017
2017028300;1;2;1;1;6;440;19/02/2017
2017028301;1;2;6;1;6;440;10/02/2017
2017028302;2;2;1;1;6;440;06/02/2017
2017028303;1;1;1;1;6;440;09/02/2017
2017028304;3;1;1;2;6;440;05/02/2017
2017028305;5;2;1;2;6;440;05/02/2017
2017028306;5;2;1;1;6;440;11/02/2017
2017028307;5;2;1;1;6;440;19/02/2017
2017028308;1;2;1;1;6;440;25/02/2017
2017028309;1;2;1;1;6;440;16/02/2017
2017028310;1;1;1;8;2;440;04/03/2017
2017028311;1;2;1;1;6;440;07/02/2017
2017028312;1;2;2;1;6;440;10/02/2017
2017028313;1;1;1;1;7;440;18/02/2017
2017028314;5;2;1;1;6;440;10/02/2017
2017028315;5;2;1;1;6;440;10/02/2017
2017028316;1;2;1;1;6;440;23/03/2017
2017028317;1;2;2;1;6;440;31/03/2017
2017028318;5;2;1;1;7;440;07/04/2017
2017028319;1;2;1;1;6;440;08/04/2017
2017028320;1;2;1;1;6;440;07/03/2017
2017028321;1;2;1;1;6;440;30/03/2017
2017028322;1;2;1;1;6;440;02/03/2017
2017028323;1;2;1;1;6;440;10/03/2017
2017028324;1;2;1;1;6;440;29/03/2017
2017028325;1;2;1;5;3;440;10/03/2017
2017028326;1;2;1;1;6;440;23/03/2017
2017028327;1;2;1;1;6;440;06/03/2017
2017028328;3;2;1;1;6;440;13/03/2017
2017028329;5;2;1;1;6;440;14/03/2017
2017028330;1;2;1;2;6;440;08/03/2017
2017028331;1;2;1;1;6;440;28/03/2017
2017028332;3;2;1;3;2;440;05/03/2017
2017028333;1;2;1;5;6;440;10/03/2017
2017028334;5;2;1;1;6;440;22/03/2017
2017028335;1;2;1;1;6;440;24/03/2017
2017028336;1;2;1;1;6;440;16/03/2017
2017028337;1;2;1;1;3;440;31/03/2017
2017028338;1;2;1;1;6;440;23/03/2017
2017028339;1;1;1;1;6;440;29/03/2017
2017028340;1;1;1;1;6;440;10/03/2017
2017028341;1;2;3;1;6;440;21/04/2017
2017028342;1;2;6;1;3;440;20/04/2017
2017028343;1;2;1;1;6;440;05/04/2017
2017028344;1;2;1;1;6;440;07/04/2017
2017028345;1;2;1;1;1;440;24/04/2017
2017028346;1;2;1;1;6;440;06/04/2017
2017028347;1;2;1;1;6;440;18/04/2017
2017028348;5;2;1;1;6;440;08/04/2017
2017028349;5;2;1;1;6;440;20/05/2017
2017028350;1;2;1;1;3;440;06/04/2017
2017028351;1;2;1;1;3;440;22/05/2017
2017028352;1;2;1;1;6;440;22/04/2017
2017028353;1;2;1;1;2;440;26/04/2017
2017028354;1;2;1;1;6;440;13/04/2017
2017028355;1;2;1;1;6;440;21/04/2017
2017028356;5;2;3;1;6;440;07/04/2017
2017028357;1;2;1;1;6;440;18/04/2017
2017028358;1;2;1;1;6;440;25/04/2017
2017028359;1;2;1;1;2;440;18/04/2017
2017028360;5;2;6;2;6;440;30/04/2017
2017028361;1;1;1;1;4;440;28/04/2017
2017028362;1;2;1;1;3;440;26/04/2017
2017028363;5;2;1;1;6;440;07/04/2017
2017028364;1;2;1;1;6;440;11/04/2017
2017028365;1;2;1;1;6;440;26/04/2017
2017028366;1;2;1;1;6;440;07/04/2017
2017028367;1;2;1;1;5;440;22/05/2017
2017028368;1;2;1;1;1;440;14/06/2017
2017028369;1;1;1;1;5;440;18/05/2017
2017028370;3;1;1;2;6;440;27/05/2017
2017028371;1;1;1;1;6;440;14/05/2017
2017028372;1;2;1;1;6;440;19/05/2017