num_acc;lum;agg;inter;atm;col;dep;date
2017030105;5;2;1;1;2;510;09/10/2017
2017030106;1;2;1;1;1;510;10/10/2017
2017030107;1;2;4;1;3;510;10/10/2017
2017030108;1;2;1;1;6;510;13/10/2017
2017030109;1;2;2;1;3;510;16/10/2017
2017030110;1;2;1;1;1;510;16/10/2017
2017030111;1;2;2;1;3;510;16/10/2017
2017030112;1;2;1;1;6;510;16/10/2017
2017030113;1;2;1;1;1;510;21/10/2017
2017030114;1;2;1;1;3;510;21/10/2017
2017030115;5;2;3;1;6;510;27/10/2017
2017030116;1;2;1;1;6;510;28/10/2017
2017030117;5;2;1;1;3;510;29/10/2017
2017030118;5;2;3;1;3;510;02/11/2017
2017030119;1;2;2;1;1;510;03/11/2017
2017030120;5;2;1;1;1;510;05/11/2017
2017030121;1;2;3;1;1;510;06/11/2017
2017030122;1;2;1;1;3;510;06/11/2017
2017030123;1;2;1;1;3;510;07/11/2017
2017030124;5;2;2;1;3;510;07/11/2017
2017030125;1;2;1;1;3;510;09/11/2017
2017030126;5;2;2;1;3;510;09/11/2017
2017030127;1;2;2;1;6;510;10/11/2017
2017030128;5;2;3;1;3;510;10/11/2017
2017030129;1;2;1;2;2;510;11/11/2017
2017030130;1;2;1;1;3;510;13/11/2017
2017030131;5;2;1;1;3;510;13/11/2017
2017030132;1;2;2;1;3;510;14/11/2017
2017030133;5;2;1;1;5;510;15/11/2017
2017030134;2;2;6;1;6;510;16/11/2017
2017030135;1;2;2;1;6;510;16/11/2017
2017030136;1;2;1;1;6;510;16/11/2017
2017030137;5;2;6;1;2;510;16/11/2017
2017030138;1;2;2;1;3;510;19/11/2017
2017030139;1;2;2;1;3;510;21/11/2017
2017030140;5;2;1;1;2;510;23/11/2017
2017030141;1;2;1;1;6;510;23/11/2017
2017030142;1;2;1;1;2;510;24/11/2017
2017030143;1;2;1;1;7;510;24/11/2017
2017030144;1;2;1;1;2;510;27/11/2017
2017030145;1;2;2;2;1;510;27/11/2017
2017030146;2;2;2;2;6;510;28/11/2017
2017030147;1;2;1;1;2;510;28/11/2017
2017030148;1;2;2;1;3;510;01/12/2017
2017030149;2;2;2;8;3;510;04/12/2017
2017030150;1;2;6;1;3;510;04/12/2017
2017030151;1;2;1;2;6;510;04/12/2017
2017030152;2;2;1;1;6;510;07/12/2017
2017030153;5;1;6;1;6;510;08/12/2017
2017030154;2;2;6;3;6;510;11/12/2017
2017030155;1;2;1;2;6;510;11/12/2017
2017030156;1;2;6;1;2;510;11/12/2017
2017030157;1;2;1;2;6;510;13/12/2017
2017030158;5;2;3;3;3;510;13/12/2017
2017030159;5;2;6;2;3;510;14/12/2017
2017030160;5;2;2;2;1;510;15/12/2017
2017030161;5;2;1;2;6;510;15/12/2017
2017030162;5;2;1;2;1;510;15/12/2017
2017030163;5;2;9;9;1;510;16/12/2017
2017030164;1;2;6;1;2;510;16/12/2017
2017030165;2;2;2;1;3;510;18/12/2017
2017030166;5;2;2;1;3;510;19/12/2017
2017030167;1;2;1;2;6;510;21/12/2017
2017030168;1;2;2;2;3;510;21/12/2017
2017030169;1;2;1;2;6;510;22/12/2017
2017030170;1;2;4;1;2;510;22/12/2017
2017030171;5;2;1;2;6;510;22/12/2017
2017030172;5;2;1;1;2;510;22/12/2017
2017030173;1;2;9;1;6;510;23/12/2017
2017030174;5;2;1;2;6;510;25/12/2017
2017030175;5;2;2;1;3;510;25/12/2017
2017030176;5;2;1;1;6;510;26/12/2017
2017030177;5;2;2;2;6;510;29/12/2017
2017030178;1;2;3;2;3;510;30/12/2017
2017030179;1;2;1;8;3;520;30/01/2017
2017030180;1;1;1;1;6;520;27/03/2017
2017030181;1;2;1;1;6;520;27/03/2017
2017030182;1;1;1;1;2;520;07/04/2017
2017030183;2;2;1;1;1;520;13/04/2017
2017030184;5;2;1;1;6;520;21/04/2017
2017030185;1;2;1;1;4;520;30/05/2017
2017030186;1;2;1;1;6;520;17/05/2017
2017030187;1;2;3;1;7;520;27/05/2017
2017030188;1;2;1;1;6;520;30/05/2017
2017030189;1;2;2;8;1;520;26/04/2017
2017030190;3;1;1;1;7;520;16/06/2017
2017030191;1;2;1;1;6;520;16/06/2017
2017030192;1;2;1;1;6;520;20/06/2017
2017030193;5;2;1;1;7;520;17/04/2017
2017030194;1;1;3;1;3;520;28/07/2017
2017030195;1;2;1;1;3;520;28/09/2017
2017030196;1;2;2;2;6;520;24/10/2017
2017030197;1;2;3;1;3;520;10/11/2017
2017030198;1;2;3;1;3;520;13/11/2017
2017030199;1;2;3;4;3;520;14/01/2017
2017030200;1;2;1;1;6;520;14/03/2017
2017030201;1;2;1;1;6;520;30/03/2017
2017030202;1;2;1;1;3;520;23/04/2017
2017030203;1;2;1;7;6;520;18/06/2017
2017030204;1;2;3;1;2;520;02/06/2017
2017030205;1;1;3;1;3;520;21/06/2017
2017030206;1;2;3;1;6;520;04/07/2017
2017030207;1;2;6;1;6;520;26/08/2017
2017030208;1;1;2;1;1;530;06/01/2017
2017030209;1;2;1;1;6;530;16/12/2017
2017030210;1;2;1;1;6;530;20/01/2017
2017030211;1;2;1;8;3;530;03/02/2017
2017030212;1;2;6;1;6;530;15/02/2017
2017030213;1;1;1;1;6;530;20/02/2017
2017030214;1;1;1;1;1;530;25/03/2017
2017030215;1;2;1;1;3;530;08/04/2017
2017030216;1;2;3;1;7;530;12/04/2017
2017030217;1;2;3;1;3;530;30/04/2017
2017030218;2;2;2;7;6;530;24/04/2017
2017030219;1;2;6;1;6;530;16/05/2017
2017030220;1;1;3;1;3;530;14/05/2017
2017030221;1;2;1;1;6;530;06/06/2017
2017030222;1;2;1;1;6;530;31/07/2017
2017030223;1;2;3;1;3;530;07/08/2017
2017030224;1;2;6;1;2;530;09/08/2017
2017030225;1;2;1;1;6;530;20/08/2017
2017030226;1;2;3;1;3;530;18/09/2017
2017030227;1;2;1;8;6;530;25/09/2017
2017030228;1;2;1;1;6;530;21/09/2017
2017030229;2;2;6;1;3;530;16/10/2017
2017030230;1;1;1;1;2;530;15/10/2017
2017030231;1;2;1;1;6;530;17/10/2017
2017030232;2;2;1;2;6;530;10/11/2017
2017030233;5;2;4;2;6;530;24/12/2017
2017030234;1;2;1;1;6;540;19/01/2017
2017030235;1;1;9;1;3;540;05/12/2017
2017030236;5;1;1;1;6;540;26/03/2017
2017030237;1;1;1;8;1;540;09/12/2017
2017030238;1;1;1;1;7;540;08/04/2017
2017030239;1;2;1;8;6;540;11/12/2017
2017030240;1;2;1;1;6;540;04/06/2017
2017030241;1;1;1;1;5;540;21/04/2017
2017030242;1;2;9;1;6;540;15/07/2017
2017030243;1;2;1;1;3;540;20/08/2017
2017030244;1;1;1;1;1;540;02/02/2017
2017030245;5;2;2;1;1;540;11/04/2017
2017030246;1;2;3;1;1;540;27/04/2017
2017030247;1;1;1;1;2;540;16/05/2017
2017030248;1;1;1;1;2;540;16/10/2017
2017030249;1;2;1;1;6;540;03/11/2017
2017030250;3;1;1;2;7;540;20/11/2017
2017030251;3;2;2;3;6;540;11/12/2017
2017030252;5;1;1;3;6;540;30/01/2017
2017030253;1;2;1;7;2;540;22/06/2017
2017030254;1;2;1;1;6;540;12/09/2017
2017030255;1;2;1;1;6;540;18/10/2017
2017030256;1;2;1;1;6;540;12/12/2017
2017030257;2;2;1;8;6;540;22/12/2017
2017030258;2;2;1;1;6;540;26/02/2017
2017030259;1;2;1;1;6;540;23/03/2017
2017030260;2;2;1;2;6;540;09/01/2017
2017030261;3;1;1;1;1;540;16/04/2017
2017030262;1;2;1;1;1;540;19/06/2017
2017030263;1;2;1;1;6;540;28/04/2017
2017030264;1;2;1;1;3;540;31/07/2017
2017030265;1;1;3;1;3;540;16/06/2017
2017030266;3;1;1;5;6;540;17/09/2017
2017030267;1;2;1;1;1;540;03/07/2017
2017030268;5;2;1;1;6;540;10/07/2017
2017030269;3;1;1;1;1;540;29/09/2017
2017030270;1;2;3;1;3;540;12/10/2017
2017030271;2;1;1;8;6;540;14/11/2017
2017030272;1;2;1;8;6;540;04/12/2017
2017030273;3;1;6;8;3;540;28/11/2017
2017030274;1;2;1;1;6;540;13/11/2017
2017030275;5;2;1;2;6;540;21/11/2017
2017030276;1;2;2;7;3;540;31/05/2017
2017030277;1;1;3;1;2;540;02/07/2017
2017030278;2;2;3;1;6;540;05/11/2017
2017030279;2;2;1;2;6;540;04/12/2017
2017030280;1;2;1;2;2;540;19/12/2017
2017030281;1;2;1;1;6;540;21/12/2017
2017030282;5;2;2;1;6;540;18/12/2017
2017030283;1;1;4;1;3;540;01/01/2017
2017030284;5;2;1;2;3;540;04/01/2017
2017030285;5;2;2;2;3;540;10/01/2017
2017030286;5;2;3;1;6;540;22/12/2017
2017030287;2;2;1;2;6;540;11/01/2017
2017030288;5;2;2;1;3;540;14/01/2017
2017030289;2;2;6;1;6;540;12/01/2017
2017030290;1;2;1;2;6;540;12/01/2017
2017030291;5;2;2;1;4;540;16/01/2017
2017030292;2;2;2;1;6;540;17/01/2017
2017030293;5;2;1;1;6;540;16/01/2017
2017030294;5;2;3;2;6;540;12/01/2017
2017030295;1;2;4;1;6;540;17/01/2017
2017030296;1;2;1;1;3;540;17/01/2017
2017030297;1;2;1;1;6;540;18/01/2017
2017030298;1;2;1;1;6;540;18/01/2017
2017030299;1;2;1;1;6;540;20/01/2017
2017030300;5;2;2;1;3;540;21/01/2017
2017030301;5;2;1;1;3;540;21/01/2017
2017030302;1;2;1;1;2;540;20/01/2017
2017030303;1;2;1;1;1;540;21/01/2017
2017030304;2;2;3;1;6;540;20/01/2017
2017030305;1;2;1;1;6;540;23/01/2017
2017030306;5;2;1;1;6;540;23/01/2017
2017030307;1;2;1;1;2;540;23/01/2017
2017030308;5;2;2;1;2;540;23/01/2017
2017030309;1;2;1;1;6;540;25/01/2017
2017030310;5;1;1;1;1;540;26/01/2017
2017030311;2;2;2;1;3;540;26/01/2017
2017030312;1;2;1;1;6;540;27/01/2017
2017030313;5;2;1;1;6;540;28/01/2017
2017030314;5;2;1;1;3;540;28/01/2017
2017030315;1;2;2;1;3;540;29/01/2017
2017030316;5;2;3;2;6;540;30/01/2017
2017030317;5;2;4;1;3;540;29/01/2017
2017030318;1;2;1;2;3;540;31/01/2017
2017030319;5;2;1;1;6;540;31/01/2017
2017030320;1;2;1;1;3;540;02/02/2017
2017030321;5;2;1;2;6;540;04/02/2017
2017030322;1;2;2;1;6;540;06/02/2017
2017030323;5;2;1;1;6;540;08/02/2017
2017030324;1;2;4;1;6;540;09/02/2017
2017030325;1;2;1;1;3;540;10/02/2017
2017030326;1;2;3;2;3;540;07/02/2017
2017030327;5;2;1;1;6;540;25/01/2017
2017030328;5;2;2;1;6;540;10/02/2017
2017030329;1;1;1;1;4;540;15/02/2017
2017030330;5;2;2;1;2;540;13/02/2017
2017030331;1;2;1;1;5;540;10/02/2017
2017030332;1;2;2;1;3;540;11/02/2017
2017030333;1;2;2;1;3;540;14/02/2017
2017030334;1;2;4;1;3;540;17/02/2017
2017030335;1;2;1;1;6;540;26/02/2017
2017030336;5;2;4;2;6;540;28/02/2017
2017030337;1;2;2;1;3;540;27/02/2017
2017030338;5;2;2;2;3;540;25/02/2017
2017030339;1;2;1;1;6;540;02/03/2017
2017030340;1;2;1;1;6;540;03/03/2017
2017030341;1;2;1;1;6;540;02/03/2017
2017030342;1;2;2;1;1;540;03/03/2017
2017030343;1;2;1;1;2;540;04/03/2017
2017030344;1;2;2;1;2;540;27/02/2017
2017030345;1;2;1;1;4;540;07/03/2017
2017030346;1;2;1;2;2;540;07/03/2017
2017030347;1;2;2;1;6;540;07/03/2017
2017030348;2;2;1;1;3;540;09/03/2017
2017030349;1;2;1;2;3;540;08/03/2017
2017030350;1;2;3;2;6;540;09/03/2017
2017030351;1;2;3;1;2;540;10/03/2017
2017030352;1;2;1;1;6;540;10/03/2017
2017030353;1;2;1;1;3;540;11/03/2017
2017030354;1;2;3;1;3;540;13/03/2017
2017030355;1;2;1;1;6;540;13/03/2017
2017030356;1;2;1;1;6;540;16/03/2017
2017030357;1;2;1;1;3;540;16/03/2017
2017030358;1;2;2;1;3;540;17/03/2017
2017030359;1;2;1;3;3;540;18/03/2017
2017030360;5;2;1;1;3;540;12/03/2017
2017030361;1;2;1;1;2;540;21/03/2017
2017030362;1;2;1;2;2;540;18/03/2017
2017030363;1;2;1;1;6;540;25/03/2017
2017030364;5;2;2;1;3;540;25/03/2017
2017030365;1;2;1;1;3;540;24/03/2017
2017030366;2;2;1;1;2;540;19/03/2017
2017030367;5;2;1;1;6;540;04/03/2017
2017030368;1;2;2;1;6;540;23/03/2017
2017030369;1;2;2;1;3;540;23/03/2017
2017030370;1;2;1;1;6;540;25/03/2017
2017030371;1;2;1;1;4;540;28/03/2017
2017030372;5;1;1;1;2;540;29/03/2017
2017030373;5;2;1;1;2;540;17/02/2017
2017030374;1;2;1;1;3;540;29/03/2017
2017030375;1;2;1;1;7;540;31/03/2017
2017030376;5;2;1;1;3;540;01/04/2017
2017030377;1;2;1;1;2;540;30/03/2017
2017030378;1;2;1;1;1;540;31/03/2017
2017030379;1;2;1;1;3;540;04/04/2017
2017030380;1;2;1;1;2;540;31/03/2017
2017030381;1;2;1;1;6;540;01/04/2017
2017030382;1;2;6;1;2;540;06/04/2017
2017030383;1;2;1;1;6;540;06/04/2017
2017030384;1;1;1;1;2;540;07/04/2017
2017030385;1;2;3;1;6;540;07/04/2017
2017030386;1;2;2;1;5;540;07/04/2017
2017030387;5;2;2;1;3;540;09/04/2017
2017030388;1;1;1;1;3;540;12/04/2017
2017030389;1;2;2;1;3;540;13/04/2017
2017030390;1;2;2;1;1;540;12/04/2017
2017030391;1;2;1;1;6;540;09/04/2017
2017030392;5;2;1;1;6;540;14/04/2017
2017030393;5;2;3;1;2;540;15/04/2017
2017030394;5;2;1;1;6;540;15/04/2017
2017030395;1;2;2;1;2;540;17/04/2017
2017030396;1;2;3;1;3;540;18/04/2017
2017030397;1;2;1;1;6;540;18/04/2017
2017030398;1;2;2;1;5;540;20/04/2017
2017030399;1;2;1;1;6;540;21/04/2017
2017030400;1;2;1;1;3;540;21/04/2017
2017030401;1;2;2;1;3;540;22/04/2017
2017030402;1;2;1;1;3;540;22/04/2017
2017030403;1;2;3;1;3;540;22/04/2017
2017030404;1;2;2;1;3;540;22/04/2017
2017030405;1;2;1;1;3;540;22/04/2017
2017030406;1;2;1;1;6;540;25/04/2017
2017030407;1;2;9;1;6;540;21/03/2017
2017030408;1;2;1;2;6;540;06/05/2017
2017030409;5;2;1;9;6;540;07/05/2017
2017030410;1;2;1;1;6;540;01/05/2017
2017030411;1;2;1;1;4;540;02/05/2017
2017030412;1;2;6;1;3;540;02/05/2017
2017030413;1;2;2;1;2;540;02/05/2017
2017030414;1;2;2;1;6;540;04/05/2017
2017030415;1;2;1;1;6;540;05/05/2017
2017030416;1;2;1;1;2;540;05/05/2017
2017030417;1;2;1;1;2;540;06/05/2017
2017030418;5;2;1;1;6;540;08/05/2017
2017030419;1;2;1;1;2;540;09/05/2017
2017030420;1;2;1;1;4;540;10/05/2017
2017030421;1;2;3;1;3;540;10/05/2017
2017030422;1;2;1;1;4;540;12/05/2017
2017030423;1;2;2;1;3;540;16/05/2017
2017030424;1;2;1;1;3;540;10/05/2017
2017030425;1;2;1;1;6;540;17/05/2017
2017030426;4;2;1;1;2;540;30/04/2017
2017030427;1;2;1;1;3;540;18/05/2017
2017030428;1;2;1;1;6;540;18/05/2017
2017030429;1;2;2;1;4;540;19/05/2017
2017030430;1;2;2;1;3;540;19/05/2017
2017030431;1;2;1;1;7;540;21/05/2017
2017030432;1;2;3;1;6;540;20/05/2017
2017030433;1;2;1;1;6;540;21/05/2017
2017030434;1;2;1;1;6;540;22/05/2017
2017030435;1;2;1;1;6;540;21/05/2017
2017030436;5;2;3;1;3;540;23/05/2017
2017030437;1;2;1;1;4;540;23/05/2017
2017030438;1;2;1;1;2;540;24/05/2017
2017030439;1;2;6;1;2;540;24/05/2017
2017030440;1;2;1;1;6;540;24/05/2017
2017030441;1;2;1;1;6;540;25/05/2017
2017030442;5;2;2;1;2;540;25/05/2017
2017030443;1;2;1;1;7;540;26/05/2017
2017030444;1;2;2;1;2;540;30/05/2017
2017030445;1;2;2;1;3;540;01/06/2017
2017030446;1;2;1;1;4;540;01/06/2017
2017030447;5;2;1;1;6;540;18/06/2017
2017030448;1;2;1;1;6;540;02/06/2017
2017030449;1;2;1;1;2;540;05/06/2017
2017030450;1;2;3;1;3;540;05/06/2017
2017030451;1;2;1;1;2;540;06/06/2017
2017030452;5;2;1;1;1;540;07/06/2017
2017030453;1;2;1;1;4;540;07/06/2017
2017030454;1;2;1;1;3;540;07/06/2017
2017030455;1;2;2;1;6;540;08/06/2017
2017030456;1;2;2;1;3;540;30/05/2017
2017030457;1;2;2;1;3;540;09/06/2017
2017030458;1;2;1;1;6;540;30/05/2017
2017030459;5;2;1;1;6;540;03/06/2017
2017030460;1;2;1;1;6;540;09/06/2017
2017030461;1;2;3;1;6;540;10/06/2017
2017030462;1;2;3;1;2;540;30/05/2017
2017030463;1;2;2;1;3;540;10/06/2017
2017030464;1;2;1;1;3;540;10/06/2017
2017030465;1;2;1;1;6;540;11/06/2017
2017030466;1;2;4;1;3;540;13/06/2017
2017030467;1;2;3;1;6;540;13/06/2017
2017030468;1;2;2;1;3;540;13/06/2017
2017030469;1;2;1;1;4;540;15/06/2017
2017030470;1;2;9;1;6;540;16/06/2017
2017030471;1;2;3;1;6;540;15/06/2017
2017030472;1;2;3;1;1;540;16/06/2017
2017030473;1;2;3;1;3;540;19/06/2017
2017030474;1;2;1;1;7;540;17/06/2017
2017030475;1;2;1;1;3;540;18/06/2017
2017030476;1;2;1;1;2;540;19/06/2017
2017030477;1;2;2;1;3;540;20/06/2017
2017030478;1;2;1;1;2;540;20/06/2017
2017030479;1;2;1;1;3;540;20/06/2017
2017030480;1;2;2;1;3;540;21/06/2017
2017030481;1;2;2;1;6;540;21/06/2017
2017030482;1;2;3;1;3;540;22/06/2017
2017030483;1;2;2;1;6;540;23/06/2017
2017030484;1;2;3;1;6;540;23/06/2017
2017030485;1;2;1;1;6;540;24/06/2017
2017030486;1;2;2;1;3;540;23/06/2017
2017030487;1;2;1;1;2;540;26/06/2017
2017030488;1;2;2;1;3;540;27/06/2017
2017030489;1;2;1;1;6;540;18/06/2017
2017030490;1;2;1;1;3;540;22/06/2017
2017030491;1;2;1;1;3;540;28/06/2017
2017030492;1;2;2;1;3;540;29/06/2017
2017030493;1;2;1;1;6;540;30/06/2017
2017030494;1;2;1;1;6;540;01/07/2017
2017030495;1;2;6;1;3;540;01/07/2017
2017030496;1;2;1;1;6;540;02/07/2017
2017030497;1;2;1;1;2;540;03/07/2017
2017030498;3;1;1;1;6;540;25/06/2017
2017030499;1;2;2;1;3;540;22/06/2017
2017030500;1;2;2;1;2;540;04/07/2017
2017030501;1;2;2;1;3;540;06/07/2017
2017030502;1;2;1;2;2;540;10/07/2017
2017030503;1;2;2;1;3;540;11/07/2017
2017030504;1;2;3;1;3;540;14/07/2017
2017030505;1;2;3;1;3;540;14/07/2017
2017030506;1;2;2;1;6;540;13/07/2017
2017030507;5;2;2;1;3;540;18/07/2017
2017030508;1;2;1;1;6;540;20/07/2017
2017030509;1;2;2;1;3;540;20/07/2017
2017030510;1;2;2;1;6;540;21/06/2017
2017030511;1;2;3;1;3;540;23/06/2017
2017030512;1;2;6;1;3;540;21/07/2017
2017030513;1;2;1;1;6;540;22/07/2017
2017030514;1;2;2;1;2;540;25/07/2017
2017030515;1;2;2;1;3;540;04/07/2017
2017030516;1;2;3;1;6;540;21/07/2017
2017030517;1;2;1;1;6;540;26/07/2017
2017030518;1;2;3;1;3;540;27/07/2017
2017030519;1;2;2;1;3;540;27/07/2017
2017030520;1;2;1;1;6;540;28/07/2017
2017030521;1;2;1;1;3;540;18/07/2017
2017030522;5;2;1;1;6;540;29/06/2017
2017030523;5;2;1;1;6;540;29/07/2017
2017030524;1;2;1;1;4;540;07/08/2017
2017030525;1;2;4;1;3;540;02/08/2017
2017030526;1;2;2;1;1;540;07/08/2017
2017030527;2;2;1;1;3;540;04/08/2017
2017030528;1;2;1;2;4;540;08/08/2017
2017030529;1;2;3;1;3;540;09/08/2017
2017030530;1;2;2;1;3;540;09/08/2017
2017030531;1;2;1;1;6;540;09/08/2017
2017030532;1;2;2;1;3;540;09/08/2017
2017030533;1;2;1;3;3;540;08/08/2017
2017030534;1;2;1;1;2;540;11/08/2017
2017030535;1;2;2;1;4;540;11/08/2017
2017030536;1;2;1;1;6;540;13/08/2017
2017030537;4;2;2;1;3;540;14/08/2017
2017030538;1;2;1;1;6;540;14/08/2017
2017030539;1;2;2;1;3;540;16/08/2017
2017030540;1;2;3;1;3;540;17/08/2017
2017030541;1;2;2;1;3;540;17/08/2017
2017030542;1;2;1;1;2;540;18/08/2017
2017030543;2;2;1;1;2;540;19/08/2017
2017030544;1;2;2;1;3;540;22/08/2017
2017030545;1;2;2;1;6;540;23/08/2017
2017030546;1;2;3;1;1;540;24/08/2017
2017030547;1;2;1;1;3;540;24/08/2017
2017030548;1;2;3;1;6;540;25/08/2017
2017030549;1;2;1;1;6;540;31/08/2017
2017030550;1;2;1;1;3;540;31/08/2017
2017030551;1;2;1;1;6;540;01/09/2017
2017030552;1;1;1;1;3;540;01/09/2017
2017030553;1;2;1;1;3;540;01/09/2017
2017030554;1;1;1;1;2;540;01/09/2017
2017030555;1;2;1;1;3;540;03/09/2017
2017030556;1;2;3;1;3;540;29/08/2017
2017030557;1;2;1;1;2;540;04/09/2017
2017030558;1;2;1;1;2;540;04/09/2017
2017030559;5;2;3;1;3;540;08/09/2017
2017030560;1;2;1;1;6;540;11/09/2017
2017030561;5;2;1;1;6;540;08/09/2017
2017030562;1;2;1;2;3;540;11/09/2017
2017030563;1;2;3;3;1;540;13/09/2017
2017030564;1;2;1;1;6;540;14/09/2017
2017030565;1;1;1;3;3;540;13/09/2017
2017030566;5;2;3;1;3;540;15/09/2017
2017030567;1;1;1;1;6;540;18/09/2017
2017030568;1;2;3;1;6;540;16/09/2017
2017030569;1;2;3;1;3;540;17/09/2017
2017030570;1;2;1;1;3;540;19/09/2017
2017030571;3;2;1;3;6;540;17/09/2017
2017030572;1;2;2;1;7;540;18/09/2017
2017030573;1;2;2;2;3;540;18/09/2017
2017030574;1;2;2;1;2;540;20/09/2017
2017030575;1;2;1;1;6;540;22/09/2017
2017030576;1;2;1;1;6;540;23/09/2017
2017030577;5;2;2;1;1;540;25/09/2017
2017030578;1;1;1;1;5;540;18/09/2017
2017030579;1;2;1;1;6;540;22/09/2017
2017030580;1;2;1;1;6;540;26/09/2017
2017030581;5;2;1;1;6;540;27/09/2017
2017030582;2;2;1;1;3;540;29/09/2017
2017030583;1;2;1;1;6;540;29/09/2017
2017030584;1;2;1;2;6;540;30/09/2017
2017030585;1;2;2;7;6;540;03/10/2017
2017030586;5;2;2;1;6;540;27/09/2017
2017030587;1;2;1;2;6;540;03/10/2017
2017030588;1;2;1;1;3;540;04/10/2017
2017030589;1;2;1;1;3;540;04/10/2017
2017030590;1;2;1;1;6;540;05/10/2017
2017030591;1;2;1;1;4;540;23/09/2017
2017030592;1;2;4;3;3;540;30/09/2017
2017030593;1;1;1;1;4;540;07/10/2017
2017030594;1;2;1;1;3;540;26/09/2017
2017030595;5;2;4;1;2;540;28/09/2017
2017030596;1;2;6;1;6;540;11/10/2017
2017030597;5;2;3;1;3;540;11/10/2017
2017030598;1;2;1;1;6;540;07/10/2017
2017030599;1;2;1;1;6;540;12/10/2017
2017030600;5;2;2;2;3;540;10/10/2017
2017030601;1;2;1;1;4;540;13/10/2017
2017030602;1;2;1;1;4;540;13/10/2017
2017030603;1;2;1;2;3;540;14/10/2017
2017030604;1;2;3;1;3;540;16/10/2017
2017030605;1;2;1;1;3;540;16/10/2017
2017030606;1;2;2;1;3;540;13/10/2017
2017030607;1;2;2;1;6;540;17/10/2017
2017030608;1;2;1;1;6;540;17/10/2017
2017030609;5;2;1;1;5;540;20/10/2017
2017030610;1;2;2;1;6;540;18/10/2017
2017030611;1;2;1;1;5;540;21/10/2017
2017030612;1;2;1;1;6;540;25/10/2017
2017030613;5;2;3;1;3;540;26/10/2017
2017030614;1;2;1;1;6;540;20/10/2017
2017030615;1;2;1;1;3;540;28/10/2017
2017030616;1;2;2;1;2;540;30/10/2017
2017030617;1;2;1;1;2;540;30/10/2017
2017030618;5;2;3;1;6;540;16/10/2017
2017030619;1;2;3;1;3;540;17/10/2017
2017030620;5;2;2;1;3;540;17/10/2017
2017030621;1;2;2;1;3;540;31/10/2017
2017030622;1;2;3;1;3;540;04/11/2017
2017030623;1;2;3;1;6;540;08/11/2017
2017030624;1;2;1;3;6;540;08/11/2017
2017030625;5;2;1;9;6;540;05/11/2017
2017030626;5;2;1;9;6;540;06/11/2017
2017030627;5;2;6;2;3;540;10/11/2017
2017030628;1;2;1;1;2;540;08/11/2017
2017030629;5;2;3;1;3;540;13/11/2017
2017030630;1;2;1;9;6;540;08/11/2017
2017030631;1;2;2;1;6;540;16/11/2017
2017030632;5;2;2;1;3;540;18/11/2017
2017030633;1;2;3;1;6;540;19/11/2017
2017030634;2;2;1;2;2;540;21/11/2017
2017030635;1;2;3;2;3;540;21/11/2017
2017030636;1;2;2;1;3;540;22/11/2017
2017030637;1;2;3;1;3;540;22/11/2017
2017030638;2;1;1;1;3;540;23/11/2017
2017030639;1;2;1;1;6;540;23/11/2017
2017030640;1;1;1;1;2;540;23/11/2017
2017030641;5;2;1;1;2;540;23/11/2017
2017030642;2;2;2;1;3;540;28/11/2017
2017030643;5;2;1;2;6;540;28/11/2017
2017030644;5;2;7;1;6;540;19/11/2017
2017030645;5;2;1;1;3;540;28/11/2017
2017030646;5;2;4;2;6;540;30/11/2017
2017030647;1;2;2;2;3;540;24/11/2017
2017030648;1;2;1;2;6;540;24/11/2017
2017030649;5;2;1;1;4;540;01/12/2017
2017030650;5;2;2;1;6;540;29/11/2017
2017030651;1;2;1;1;3;540;04/12/2017
2017030652;5;2;1;2;2;540;05/12/2017
2017030653;5;2;1;1;4;540;29/11/2017
2017030654;5;2;1;1;6;540;14/11/2017
2017030655;5;2;4;1;6;540;07/12/2017
2017030656;1;2;1;4;6;540;08/12/2017
2017030657;5;2;2;1;3;540;09/12/2017
2017030658;5;2;2;1;3;540;06/12/2017
2017030659;1;2;4;1;6;540;06/12/2017
2017030660;1;2;1;1;6;540;09/12/2017
2017030661;5;2;9;1;6;540;21/11/2017
2017030662;5;2;1;9;2;540;11/12/2017
2017030663;5;2;1;4;6;540;11/12/2017
2017030664;1;1;9;3;1;540;13/12/2017
2017030665;5;1;1;3;4;540;13/12/2017
2017030666;5;2;1;2;6;540;14/12/2017
2017030667;1;2;1;1;4;540;15/12/2017
2017030668;5;2;3;1;6;540;16/12/2017
2017030669;5;2;4;2;6;540;16/12/2017
2017030670;1;2;1;1;6;540;18/12/2017
2017030671;5;1;1;1;6;540;20/12/2017
2017030672;1;2;1;1;4;540;20/12/2017
2017030673;1;2;3;2;3;540;20/12/2017
2017030674;5;2;5;2;3;540;15/12/2017
2017030675;1;2;1;1;3;540;18/12/2017
2017030676;1;2;1;1;6;540;26/12/2017
2017030677;2;2;2;1;2;540;22/12/2017
2017030678;1;2;9;3;6;540;21/12/2017
2017030679;1;2;1;1;2;540;22/12/2017
2017030680;1;2;1;2;6;540;31/01/2017
2017030681;1;2;1;1;6;540;05/05/2017