num_acc;lum;agg;inter;atm;col;dep;date
2017030682;2;2;1;8;6;540;06/05/2017
2017030683;1;2;1;1;2;540;30/05/2017
2017030684;1;2;1;1;6;540;18/06/2017
2017030685;1;1;5;1;5;540;22/06/2017
2017030686;1;2;3;1;6;540;04/08/2017
2017030687;1;1;1;7;2;540;23/08/2017
2017030688;1;2;1;1;7;540;25/08/2017
2017030689;1;2;1;2;6;540;18/09/2017
2017030690;1;2;1;1;3;540;19/09/2017
2017030691;2;2;2;1;3;540;25/09/2017
2017030692;1;2;3;1;6;540;01/11/2017
2017030693;1;2;6;1;2;540;06/11/2017
2017030694;1;2;1;1;6;540;07/11/2017
2017030695;5;1;2;2;3;540;25/11/2017
2017030696;5;2;3;3;3;540;11/12/2017
2017030697;5;2;3;1;3;540;19/12/2017
2017030698;3;1;3;1;3;540;04/03/2017
2017030699;5;2;1;3;6;540;10/11/2017
2017030700;1;1;1;1;1;540;27/03/2017
2017030701;1;2;1;1;6;540;31/03/2017
2017030702;1;2;1;8;6;540;15/04/2017
2017030703;1;2;1;1;6;540;21/09/2017
2017030704;5;2;1;1;7;540;24/02/2017
2017030705;2;1;1;1;7;540;28/02/2017
2017030706;1;1;6;1;3;540;08/04/2017
2017030707;1;2;1;1;3;540;15/05/2017
2017030708;1;1;3;1;5;540;17/06/2017
2017030709;1;1;1;1;7;540;13/04/2017
2017030710;5;1;1;1;7;540;18/06/2017
2017030711;3;1;1;8;7;540;13/10/2017
2017030712;5;2;1;2;6;550;30/11/2017
2017030713;5;2;6;3;6;550;15/12/2017
2017030714;2;2;1;1;6;550;16/01/2017
2017030715;4;1;3;1;3;550;18/02/2017
2017030716;1;2;1;1;6;550;16/01/2017
2017030717;1;2;1;1;6;550;23/01/2017
2017030718;1;2;2;1;6;550;07/02/2017
2017030719;1;1;1;1;1;550;02/03/2017
2017030720;1;2;1;1;6;550;30/03/2017
2017030721;1;2;1;1;6;550;05/05/2017
2017030722;1;1;2;1;6;550;20/04/2017
2017030723;1;1;1;1;3;550;30/04/2017
2017030724;1;2;6;1;3;550;01/05/2017
2017030725;1;1;1;1;6;550;18/05/2017
2017030726;1;2;7;1;6;550;03/07/2017
2017030727;1;2;6;1;3;550;19/06/2017
2017030728;5;2;1;1;6;550;31/10/2017
2017030729;3;1;1;1;7;550;23/10/2017
2017030730;3;1;1;1;5;550;02/12/2017
2017030731;5;2;1;1;6;550;12/01/2017
2017030732;1;2;1;1;7;550;16/01/2017
2017030733;1;2;1;1;6;550;14/02/2017
2017030734;1;2;1;1;6;550;24/02/2017
2017030735;1;1;1;1;1;550;05/04/2017
2017030736;1;1;3;1;3;550;14/05/2017
2017030737;1;1;1;1;1;550;03/06/2017
2017030738;5;1;1;1;3;550;28/06/2017
2017030739;1;2;3;1;5;550;10/06/2017
2017030740;1;1;1;1;7;550;04/08/2017
2017030741;2;2;1;1;7;550;30/07/2017
2017030742;1;2;1;1;5;550;06/09/2017
2017030743;1;2;3;1;3;550;06/09/2017
2017030744;1;2;1;1;7;550;01/09/2017
2017030745;1;2;1;1;7;550;17/09/2017
2017030746;5;2;9;1;7;550;11/12/2017
2017030747;1;2;3;1;1;550;12/12/2017
2017030748;1;2;1;3;7;550;14/12/2017
2017030749;5;2;2;1;3;560;01/01/2017
2017030750;3;2;6;1;6;560;03/01/2017
2017030751;1;2;1;1;6;560;03/01/2017
2017030752;1;2;1;1;6;560;03/01/2017
2017030753;1;2;1;7;6;560;06/01/2017
2017030754;5;2;1;1;4;560;06/01/2017
2017030755;1;2;6;1;3;560;06/01/2017
2017030756;1;2;1;1;6;560;08/01/2017
2017030757;5;2;1;1;2;560;10/01/2017
2017030758;1;2;1;8;7;560;15/01/2017
2017030759;1;1;1;1;4;560;16/01/2017
2017030760;1;2;1;1;2;560;16/01/2017
2017030761;3;1;1;2;3;560;16/01/2017
2017030762;1;2;6;7;3;560;17/01/2017
2017030763;2;1;1;1;7;560;17/01/2017
2017030764;5;2;2;1;3;560;24/01/2017
2017030765;1;2;2;1;2;560;25/01/2017
2017030766;5;2;1;8;6;560;26/01/2017
2017030767;1;2;1;1;5;560;24/01/2017
2017030768;1;1;6;1;2;560;27/01/2017
2017030769;1;1;6;1;7;560;28/01/2017
2017030770;5;2;2;2;3;560;01/02/2017
2017030771;2;2;3;1;3;560;02/02/2017
2017030772;5;2;3;2;3;560;04/02/2017
2017030773;1;2;6;1;2;560;08/02/2017
2017030774;3;2;1;1;7;560;10/02/2017
2017030775;1;2;1;1;1;560;11/02/2017
2017030776;1;2;1;1;3;560;13/02/2017
2017030777;1;2;1;1;6;560;16/02/2017
2017030778;1;2;3;1;3;560;20/02/2017
2017030779;5;2;4;1;2;560;21/02/2017
2017030780;1;2;1;8;6;560;22/02/2017
2017030781;1;2;1;1;6;560;23/02/2017
2017030782;1;2;1;1;6;560;24/02/2017
2017030783;1;2;3;1;2;560;24/02/2017
2017030784;1;2;6;1;6;560;24/02/2017
2017030785;1;2;1;1;5;560;25/02/2017
2017030786;1;2;1;1;6;560;25/02/2017
2017030787;1;2;1;1;6;560;25/02/2017
2017030788;1;1;6;1;6;560;02/03/2017
2017030789;1;2;1;1;2;560;05/03/2017
2017030790;1;2;1;1;3;560;09/03/2017
2017030791;1;2;6;5;3;560;10/03/2017
2017030792;5;2;1;1;1;560;11/03/2017
2017030793;1;2;1;1;6;560;11/03/2017
2017030794;1;2;1;1;6;560;15/03/2017
2017030795;1;2;6;1;3;560;16/03/2017
2017030796;5;2;1;1;7;560;17/03/2017
2017030797;1;2;2;1;7;560;17/03/2017
2017030798;1;2;3;1;6;560;19/03/2017
2017030799;1;2;1;1;6;560;19/03/2017
2017030800;1;2;1;1;7;560;21/03/2017
2017030801;2;1;1;8;6;560;21/03/2017
2017030802;1;2;1;1;6;560;22/03/2017
2017030803;5;2;6;1;6;560;27/03/2017
2017030804;1;2;1;1;2;560;28/03/2017
2017030805;1;1;1;1;5;560;01/04/2017
2017030806;1;1;1;1;2;560;31/03/2017
2017030807;1;1;6;2;7;560;31/03/2017
2017030808;1;2;2;1;3;560;03/04/2017
2017030809;5;2;6;1;1;560;05/04/2017
2017030810;1;2;2;1;6;560;06/04/2017
2017030811;1;2;1;1;1;560;06/04/2017
2017030812;1;2;6;1;7;560;08/04/2017
2017030813;1;2;6;1;6;560;12/04/2017
2017030814;1;2;3;1;3;560;13/04/2017
2017030815;1;2;1;1;2;560;14/04/2017
2017030816;5;2;1;1;6;560;20/04/2017
2017030817;5;2;2;1;3;560;20/04/2017
2017030818;1;1;1;1;7;560;22/04/2017
2017030819;1;2;1;1;6;560;23/04/2017
2017030820;1;2;1;1;6;560;23/04/2017
2017030821;2;1;1;1;6;560;24/04/2017
2017030822;2;2;2;1;3;560;24/04/2017
2017030823;1;2;6;1;6;560;26/04/2017
2017030824;1;2;3;1;2;560;25/04/2017
2017030825;1;1;2;1;2;560;28/04/2017
2017030826;1;2;1;1;6;560;29/04/2017
2017030827;1;2;2;8;3;560;01/05/2017
2017030828;5;2;2;1;6;560;02/05/2017
2017030829;1;2;6;1;6;560;02/05/2017
2017030830;1;2;1;1;3;560;03/05/2017
2017030831;1;1;1;1;6;560;04/05/2017
2017030832;1;2;6;1;3;560;08/05/2017
2017030833;1;2;3;1;2;560;08/05/2017
2017030834;1;1;4;1;2;560;09/05/2017
2017030835;1;1;1;1;4;560;05/05/2017
2017030836;2;2;2;1;3;560;12/05/2017
2017030837;5;2;1;1;3;560;14/05/2017
2017030838;1;2;1;1;6;560;15/05/2017
2017030839;1;2;2;1;3;560;16/05/2017
2017030840;1;2;1;1;6;560;16/05/2017
2017030841;1;1;1;2;1;560;17/05/2017
2017030842;1;2;1;1;6;560;24/05/2017
2017030843;1;2;6;1;2;560;26/05/2017
2017030844;1;1;1;1;6;560;26/05/2017
2017030845;5;2;1;1;7;560;26/05/2017
2017030846;1;2;4;1;2;560;28/05/2017
2017030847;1;1;1;1;6;560;29/05/2017
2017030848;1;2;2;1;3;560;30/05/2017
2017030849;1;1;1;1;2;560;30/05/2017
2017030850;1;2;1;7;6;560;01/06/2017
2017030851;1;2;3;1;6;560;31/05/2017
2017030852;1;2;1;1;4;560;02/06/2017
2017030853;1;2;3;1;3;560;02/06/2017
2017030854;1;2;1;1;7;560;02/06/2017
2017030855;5;2;2;1;6;560;03/06/2017
2017030856;2;2;1;1;7;560;03/06/2017
2017030857;1;2;1;1;6;560;08/06/2017
2017030858;5;2;2;1;3;560;10/06/2017
2017030859;1;2;1;1;6;560;13/06/2017
2017030860;1;2;4;1;6;560;14/06/2017
2017030861;1;2;6;1;6;560;17/06/2017
2017030862;1;1;2;1;3;560;19/06/2017
2017030863;1;2;4;1;3;560;20/06/2017
2017030864;5;2;1;1;6;560;22/06/2017
2017030865;1;2;1;1;7;560;22/06/2017
2017030866;1;2;6;1;1;560;24/06/2017
2017030867;1;2;1;1;7;560;25/06/2017
2017030868;1;2;1;2;2;560;29/06/2017
2017030869;1;2;1;1;1;560;29/06/2017
2017030870;1;1;1;1;2;560;30/06/2017
2017030871;1;2;1;1;6;560;02/07/2017
2017030872;1;2;1;1;6;560;04/07/2017
2017030873;1;2;1;1;4;560;10/07/2017
2017030874;1;2;2;2;6;560;11/07/2017
2017030875;1;2;1;1;6;560;13/07/2017
2017030876;3;1;3;1;3;560;14/07/2017
2017030877;1;2;1;1;6;560;17/07/2017
2017030878;1;2;1;3;6;560;18/07/2017
2017030879;5;2;1;9;7;560;19/07/2017
2017030880;1;2;6;1;3;560;20/07/2017
2017030881;1;2;1;3;6;560;21/07/2017
2017030882;1;2;2;9;6;560;22/07/2017
2017030883;1;1;1;1;7;560;23/07/2017
2017030884;1;2;1;1;6;560;24/07/2017
2017030885;1;2;1;1;2;560;25/07/2017
2017030886;1;2;2;3;7;560;26/07/2017
2017030887;2;1;1;3;6;560;26/07/2017
2017030888;5;2;1;1;7;560;27/07/2017
2017030889;1;2;3;1;3;560;28/07/2017
2017030890;1;2;1;1;6;560;04/08/2017
2017030891;1;2;4;1;3;560;10/08/2017
2017030892;1;2;6;1;3;560;10/08/2017
2017030893;1;2;1;1;7;560;12/08/2017
2017030894;1;2;1;1;2;560;13/08/2017
2017030895;1;1;1;1;2;560;17/08/2017
2017030896;1;2;6;1;3;560;18/08/2017
2017030897;5;2;3;1;3;560;22/08/2017
2017030898;1;2;1;1;2;560;22/08/2017
2017030899;1;2;3;1;6;560;24/08/2017
2017030900;2;2;1;1;1;560;28/08/2017
2017030901;1;2;6;1;3;560;30/08/2017
2017030902;1;2;2;8;2;560;05/09/2017
2017030903;1;2;1;8;6;560;05/09/2017
2017030904;1;2;1;8;2;560;06/09/2017
2017030905;1;1;1;8;7;560;06/09/2017
2017030906;1;2;1;8;6;560;07/09/2017
2017030907;1;2;1;1;4;560;09/09/2017
2017030908;1;2;3;1;3;560;09/09/2017
2017030909;1;2;6;2;7;560;13/09/2017
2017030910;1;2;1;1;6;560;14/09/2017
2017030911;1;2;2;1;3;560;15/09/2017
2017030912;1;1;1;1;7;560;16/09/2017
2017030913;1;2;1;1;6;560;16/09/2017
2017030914;1;1;1;1;5;560;17/09/2017
2017030915;1;2;1;1;6;560;18/09/2017
2017030916;2;2;2;1;3;560;20/09/2017
2017030917;1;2;1;1;6;560;21/09/2017
2017030918;5;2;1;1;6;560;24/09/2017
2017030919;3;1;1;2;6;560;24/09/2017
2017030920;5;2;4;1;6;560;23/09/2017
2017030921;5;2;1;1;6;560;30/09/2017
2017030922;1;2;3;1;6;560;30/09/2017
2017030923;5;2;6;1;6;560;30/09/2017
2017030924;1;1;6;1;3;560;04/10/2017
2017030925;1;2;6;1;6;560;04/10/2017
2017030926;1;1;1;1;7;560;05/10/2017
2017030927;1;2;1;1;6;560;05/10/2017
2017030928;1;2;1;1;6;560;06/10/2017
2017030929;1;2;3;1;3;560;06/10/2017
2017030930;5;2;6;1;3;560;11/10/2017
2017030931;1;2;1;1;6;560;13/10/2017
2017030932;1;2;1;1;3;560;13/10/2017
2017030933;3;1;2;1;3;560;13/10/2017
2017030934;1;2;1;1;6;560;16/10/2017
2017030935;2;2;6;8;7;560;17/10/2017
2017030936;1;2;1;8;7;560;17/10/2017
2017030937;5;2;6;1;6;560;17/10/2017
2017030938;5;2;1;1;6;560;18/10/2017
2017030939;1;2;2;1;2;560;19/10/2017
2017030940;1;2;1;2;7;560;19/10/2017
2017030941;5;2;1;8;6;560;19/10/2017
2017030942;1;2;1;1;6;560;20/10/2017
2017030943;3;1;1;2;6;560;22/10/2017
2017030944;1;2;1;1;7;560;24/10/2017
2017030945;5;2;6;1;6;560;28/10/2017
2017030946;1;2;6;1;3;560;30/10/2017
2017030947;5;2;3;1;6;560;01/11/2017
2017030948;5;2;1;1;6;560;01/11/2017
2017030949;5;2;1;1;3;560;01/11/2017
2017030950;1;2;1;1;6;560;04/11/2017
2017030951;1;2;1;1;7;560;08/11/2017
2017030952;1;1;1;2;6;560;09/11/2017
2017030953;2;2;1;1;4;560;09/11/2017
2017030954;5;2;1;1;7;560;09/11/2017
2017030955;1;2;1;1;6;560;12/11/2017
2017030956;2;2;1;1;6;560;14/11/2017
2017030957;5;2;3;1;3;560;14/11/2017
2017030958;5;2;1;1;6;560;15/11/2017
2017030959;1;2;6;1;3;560;16/11/2017
2017030960;5;2;1;1;3;560;16/11/2017
2017030961;5;2;1;1;7;560;19/11/2017
2017030962;2;2;1;1;6;560;20/11/2017
2017030963;1;2;1;1;3;560;21/11/2017
2017030964;5;1;6;2;2;560;23/11/2017
2017030965;1;2;3;1;6;560;25/11/2017
2017030966;1;2;1;1;2;560;25/11/2017
2017030967;1;2;3;1;4;560;27/11/2017
2017030968;5;2;2;2;3;560;27/11/2017
2017030969;5;2;6;1;2;560;29/11/2017
2017030970;5;2;1;1;6;560;30/11/2017
2017030971;2;2;2;1;3;560;30/11/2017
2017030972;5;2;3;1;2;560;30/11/2017
2017030973;1;2;3;1;3;560;01/12/2017
2017030974;1;2;3;1;6;560;01/12/2017
2017030975;5;2;3;1;3;560;01/12/2017
2017030976;1;2;6;8;3;560;02/12/2017
2017030977;5;1;6;1;2;560;04/12/2017
2017030978;5;2;6;2;6;560;07/12/2017
2017030979;1;2;1;1;6;560;08/12/2017
2017030980;3;1;1;1;2;560;08/12/2017
2017030981;5;1;6;1;1;560;08/12/2017
2017030982;3;2;1;3;6;560;09/12/2017
2017030983;2;2;6;2;3;560;11/12/2017
2017030984;1;2;1;1;4;560;12/12/2017
2017030985;1;2;1;1;6;560;12/12/2017
2017030986;1;2;1;1;6;560;12/12/2017
2017030987;5;1;1;2;4;560;14/12/2017
2017030988;1;2;3;1;3;560;15/12/2017
2017030989;1;2;1;7;6;560;19/12/2017
2017030990;1;2;1;1;6;560;21/12/2017
2017030991;1;2;1;1;6;560;22/12/2017
2017030992;1;2;1;1;6;560;22/12/2017
2017030993;1;2;1;1;6;560;23/12/2017
2017030994;1;1;1;1;6;560;24/12/2017
2017030995;1;2;3;1;3;560;28/12/2017
2017030996;5;2;1;1;6;560;29/12/2017
2017030997;3;2;6;1;2;560;29/12/2017
2017030998;2;2;1;1;3;560;29/12/2017
2017030999;5;2;1;1;6;560;30/12/2017
2017031000;5;2;1;6;4;560;30/12/2017
2017031001;5;2;1;8;2;560;30/12/2017
2017031002;3;1;1;1;6;340;19/01/2017
2017031003;1;1;1;1;1;340;25/02/2017
2017031004;1;1;1;1;1;340;22/04/2017
2017031005;1;1;1;1;2;340;03/08/2017
2017031006;1;2;1;1;6;340;29/09/2017
2017031007;1;2;1;7;6;340;08/10/2017
2017031008;3;1;1;1;6;170;31/01/2017
2017031009;1;2;1;2;6;170;06/02/2017
2017031010;1;2;1;1;1;170;20/04/2017
2017031011;1;1;3;1;4;170;09/06/2017
2017031012;3;1;1;1;7;170;07/06/2017
2017031013;1;1;1;1;7;170;10/06/2017
2017031014;1;1;1;1;3;170;03/07/2017
2017031015;1;2;3;1;3;170;07/07/2017
2017031016;4;2;1;1;6;170;18/07/2017
2017031017;1;1;4;1;1;170;23/07/2017
2017031018;1;1;2;1;6;170;02/08/2017
2017031019;1;1;1;2;6;170;09/09/2017
2017031020;3;1;1;2;1;170;14/09/2017
2017031021;1;1;4;1;7;170;27/09/2017
2017031022;1;2;1;1;1;170;16/10/2017
2017031023;1;1;1;5;6;170;19/11/2017
2017031024;3;1;1;1;3;170;25/11/2017
2017031025;3;1;1;5;6;170;06/12/2017
2017031026;5;2;6;5;6;560;02/01/2017
2017031027;1;2;1;1;6;560;07/01/2017
2017031028;1;2;9;8;6;560;09/01/2017
2017031029;2;1;1;1;4;560;12/01/2017
2017031030;1;2;2;1;1;560;26/01/2017
2017031031;1;2;1;2;6;560;06/02/2017
2017031032;1;2;7;1;6;560;09/02/2017
2017031033;1;2;2;1;5;560;01/03/2017
2017031034;5;2;3;8;3;560;03/03/2017
2017031035;5;2;2;1;3;560;10/03/2017
2017031036;5;2;1;1;2;560;15/03/2017
2017031037;1;1;1;1;5;560;17/03/2017
2017031038;5;2;2;1;1;560;17/03/2017
2017031039;1;2;1;1;2;560;21/03/2017
2017031040;1;2;7;1;6;560;03/04/2017
2017031041;1;2;1;1;1;560;10/04/2017
2017031042;1;1;4;1;3;560;13/05/2017
2017031043;1;2;3;1;3;560;19/05/2017
2017031044;1;2;1;1;6;560;23/05/2017
2017031045;1;2;1;1;6;560;31/05/2017
2017031046;1;2;6;1;3;560;02/06/2017
2017031047;1;2;2;1;3;560;04/06/2017
2017031048;1;2;3;1;3;560;08/06/2017
2017031049;1;2;2;1;3;560;19/06/2017
2017031050;1;2;1;1;4;560;02/05/2017
2017031051;1;2;1;1;3;560;14/06/2017
2017031052;1;2;1;1;6;560;06/07/2017
2017031053;1;2;3;1;3;560;09/07/2017
2017031054;1;2;2;1;3;560;09/07/2017
2017031055;2;1;1;1;2;560;20/07/2017
2017031056;1;2;3;1;3;560;05/08/2017
2017031057;1;2;2;1;2;560;22/08/2017
2017031058;1;2;1;1;2;560;25/08/2017
2017031059;1;2;4;1;2;560;19/09/2017
2017031060;1;2;1;1;6;560;23/09/2017
2017031061;1;2;6;1;3;560;30/09/2017
2017031062;1;2;1;1;2;560;07/10/2017
2017031063;1;2;1;1;3;560;25/10/2017
2017031064;5;2;6;1;6;560;09/11/2017
2017031065;5;2;2;1;3;560;15/11/2017
2017031066;1;2;1;1;3;560;30/11/2017
2017031067;1;2;1;2;5;560;09/12/2017
2017031068;5;2;9;2;3;560;14/12/2017
2017031069;1;2;3;1;3;560;19/12/2017
2017031070;3;1;1;5;1;490;09/01/2017
2017031071;1;1;1;1;7;490;27/01/2017
2017031072;1;1;1;1;7;490;27/01/2017
2017031073;3;1;1;9;6;490;29/01/2017
2017031074;1;1;1;1;6;490;11/03/2017
2017031075;1;1;3;7;3;490;15/03/2017
2017031076;3;1;1;1;6;490;18/03/2017
2017031077;1;1;1;1;6;490;21/03/2017
2017031078;1;2;1;1;6;490;30/03/2017
2017031079;1;2;1;1;3;490;23/04/2017
2017031080;1;1;3;8;1;490;11/05/2017
2017031081;1;1;1;1;3;490;24/05/2017
2017031082;1;1;1;1;6;490;27/05/2017
2017031083;1;1;1;1;6;490;11/06/2017
2017031084;1;1;6;1;7;490;14/06/2017
2017031085;1;1;1;1;2;490;26/06/2017
2017031086;3;1;1;1;6;490;08/07/2017
2017031087;1;1;1;1;6;490;18/07/2017
2017031088;1;2;1;8;1;490;10/08/2017
2017031089;1;2;1;1;1;490;18/08/2017
2017031090;3;1;1;1;6;490;30/09/2017
2017031091;1;1;3;1;3;490;23/10/2017
2017031092;5;2;1;2;2;490;24/11/2017
2017031093;1;1;2;1;5;490;02/12/2017
2017031094;3;1;1;1;6;70;05/01/2017
2017031095;1;1;1;1;7;70;02/03/2017
2017031096;1;1;1;1;6;70;10/03/2017
2017031097;1;2;1;1;6;330;14/01/2017
2017031098;1;1;1;1;7;330;22/04/2017
2017031099;1;1;1;1;6;330;24/06/2017
2017031100;1;2;1;1;6;330;05/07/2017
2017031101;1;1;1;1;6;330;14/07/2017
2017031102;1;2;1;1;6;330;25/08/2017
2017031103;1;1;1;1;3;330;08/09/2017
2017031104;1;1;3;1;3;330;19/09/2017
2017031105;5;2;1;1;6;330;07/10/2017
2017031106;1;1;1;1;7;330;28/10/2017
2017031107;2;1;1;1;6;330;01/11/2017
2017031108;1;1;2;2;1;330;08/12/2017
2017031109;1;1;1;1;6;330;25/12/2017
2017031110;1;1;3;1;6;330;09/02/2017
2017031111;3;1;1;1;1;330;10/03/2017
2017031112;1;2;5;1;3;330;14/02/2017
2017031113;1;2;9;1;6;330;04/05/2017
2017031114;1;1;1;3;1;330;02/10/2017
2017031115;2;2;3;1;3;330;15/11/2017
2017031116;3;2;2;1;3;400;25/03/2017
2017031117;1;2;9;1;3;400;11/04/2017
2017031118;1;2;3;7;3;400;17/04/2017
2017031119;3;1;1;1;6;400;10/06/2017
2017031120;1;2;6;1;3;400;08/09/2017
2017031121;1;2;3;1;3;400;20/09/2017
2017031122;1;2;6;7;3;400;22/11/2017
2017031123;5;2;3;1;3;570;07/06/2017
2017031124;4;1;1;1;7;570;02/08/2017
2017031125;3;1;1;1;6;570;29/07/2017
2017031126;5;2;9;3;3;570;27/11/2017
2017031127;2;2;1;1;6;570;05/09/2017
2017031128;2;2;1;1;6;570;12/01/2017
2017031129;1;2;3;1;3;570;28/01/2017
2017031130;1;2;1;1;6;570;15/06/2017
2017031131;2;2;2;1;3;570;21/06/2017
2017031132;1;2;1;1;3;570;13/08/2017
2017031133;2;2;3;1;3;570;27/09/2017
2017031134;5;2;1;2;6;570;14/12/2017
2017031135;5;1;9;2;1;570;15/12/2017
2017031136;5;2;1;2;1;570;15/12/2017
2017031137;3;2;1;2;6;570;12/01/2017
2017031138;1;2;1;1;6;570;14/01/2017
2017031139;1;2;4;2;3;570;22/02/2017
2017031140;1;2;1;1;6;570;24/02/2017
2017031141;1;2;1;1;6;570;05/07/2017
2017031142;1;2;4;1;3;570;12/07/2017
2017031143;1;2;1;1;6;570;08/07/2017
2017031144;3;1;1;5;1;570;05/08/2017
2017031145;5;2;1;1;6;570;21/08/2017
2017031146;1;2;1;1;2;570;30/08/2017
2017031147;1;2;1;2;6;570;01/09/2017
2017031148;1;2;1;1;6;570;15/09/2017
2017031149;3;1;4;8;3;570;04/10/2017
2017031150;5;2;1;2;6;570;11/11/2017
2017031151;3;2;3;1;3;570;13/11/2017
2017031152;5;2;4;9;6;570;17/12/2017
2017031153;4;1;1;2;7;570;23/12/2017
2017031154;1;2;1;1;6;570;26/12/2017
2017031155;2;2;3;2;3;570;11/01/2017
2017031156;2;2;4;1;3;570;12/01/2017
2017031157;5;1;1;1;6;570;16/01/2017
2017031158;1;2;9;7;6;570;21/01/2017
2017031159;1;2;1;1;6;570;23/01/2017
2017031160;5;2;1;1;3;570;28/01/2017
2017031161;5;2;1;2;6;570;07/02/2017
2017031162;5;2;3;1;6;570;09/02/2017
2017031163;2;2;1;1;5;570;09/02/2017
2017031164;5;2;1;1;6;570;11/02/2017
2017031165;1;2;1;1;1;570;15/02/2017
2017031166;3;1;1;1;6;570;17/02/2017
2017031167;1;2;1;1;6;570;21/02/2017
2017031168;5;2;2;2;3;570;21/02/2017
2017031169;1;2;1;1;6;570;22/02/2017
2017031170;1;2;1;1;6;570;01/03/2017
2017031171;1;2;1;1;6;570;03/03/2017
2017031172;1;2;1;1;6;570;10/03/2017
2017031173;1;2;3;1;3;570;13/03/2017
2017031174;1;2;1;1;6;570;16/03/2017
2017031175;1;1;1;1;1;570;16/03/2017
2017031176;1;2;1;2;5;570;18/03/2017
2017031177;1;2;2;1;1;570;27/03/2017
2017031178;1;2;1;1;6;570;27/03/2017
2017031179;1;2;2;1;1;570;27/03/2017
2017031180;1;2;1;1;6;570;27/03/2017
2017031181;1;2;4;1;2;570;31/03/2017
2017031182;1;2;1;1;6;570;01/04/2017
2017031183;1;2;1;1;6;570;04/04/2017
2017031184;1;2;3;1;3;570;10/04/2017
2017031185;1;2;3;1;3;570;12/04/2017
2017031186;1;2;1;1;1;570;13/04/2017
2017031187;1;1;6;1;1;570;18/04/2017
2017031188;1;2;1;1;6;570;24/04/2017
2017031189;1;2;4;8;4;570;25/04/2017
2017031190;1;2;3;1;6;570;27/04/2017
2017031191;1;2;1;1;1;570;12/05/2017
2017031192;1;2;6;7;6;570;16/05/2017
2017031193;1;1;4;1;2;570;16/05/2017
2017031194;5;2;1;2;6;570;20/05/2017
2017031195;1;2;1;1;6;570;27/05/2017
2017031196;1;2;3;1;3;570;28/05/2017
2017031197;1;2;3;1;3;570;29/05/2017
2017031198;1;1;4;1;3;570;30/05/2017
2017031199;3;2;3;1;3;570;01/06/2017
2017031200;3;2;1;1;6;570;01/06/2017
2017031201;1;2;3;7;3;570;12/06/2017
2017031202;1;2;3;1;6;570;16/06/2017
2017031203;4;2;1;1;6;570;18/06/2017
2017031204;1;2;1;1;6;570;20/06/2017
2017031205;1;2;2;1;1;570;21/06/2017
2017031206;1;2;9;1;2;570;22/06/2017
2017031207;1;2;2;1;6;570;23/06/2017
2017031208;1;2;3;1;3;570;24/06/2017
2017031209;1;2;3;1;3;570;28/06/2017
2017031210;1;2;1;1;2;570;29/06/2017
2017031211;1;2;1;1;3;570;29/06/2017
2017031212;1;2;3;2;3;570;30/06/2017
2017031213;1;2;3;1;3;570;05/07/2017
2017031214;1;2;2;1;3;570;05/07/2017
2017031215;2;2;1;1;3;570;06/07/2017
2017031216;1;2;3;1;3;570;26/07/2017
2017031217;1;2;1;1;6;570;26/07/2017
2017031218;1;1;1;1;6;570;28/07/2017
2017031219;1;2;2;1;3;570;07/08/2017
2017031220;1;1;2;1;3;570;08/08/2017
2017031221;1;2;4;8;2;570;10/08/2017
2017031222;1;2;2;1;3;570;16/08/2017
2017031223;1;2;4;1;3;570;19/08/2017
2017031224;1;2;1;1;1;570;21/08/2017
2017031225;5;2;1;1;6;570;21/08/2017
2017031226;1;2;1;1;1;570;29/08/2017
2017031227;1;2;1;1;6;570;01/09/2017
2017031228;4;2;1;3;6;570;13/09/2017
2017031229;1;2;1;1;2;570;19/09/2017
2017031230;1;2;1;1;6;570;24/09/2017
2017031231;1;2;3;1;3;570;25/09/2017
2017031232;1;2;3;1;3;570;30/09/2017
2017031233;1;2;4;1;3;570;03/10/2017
2017031234;1;2;1;1;6;570;07/10/2017
2017031235;1;2;1;1;5;570;11/10/2017
2017031236;5;2;1;1;3;570;18/10/2017
2017031237;5;2;3;2;3;570;20/10/2017
2017031238;1;1;1;1;6;570;18/10/2017
2017031239;1;1;1;2;6;570;23/10/2017
2017031240;1;2;2;1;3;570;15/11/2017
2017031241;1;2;2;1;6;570;16/11/2017
2017031242;5;2;1;2;3;570;21/11/2017
2017031243;1;2;3;1;2;570;22/11/2017
2017031244;1;2;6;1;2;570;23/11/2017
2017031245;3;2;1;3;6;570;29/11/2017
2017031246;5;2;1;4;6;570;01/12/2017
2017031247;1;2;1;1;6;570;01/12/2017
2017031248;1;2;9;1;3;570;06/12/2017
2017031249;5;2;1;1;3;570;17/12/2017
2017031250;3;1;1;1;2;570;19/12/2017
2017031251;1;2;4;2;3;570;20/12/2017
2017031252;5;2;2;2;6;570;27/12/2017
2017031253;1;2;3;2;6;570;27/12/2017
2017031254;1;2;1;1;6;570;05/01/2017
2017031255;1;2;1;1;3;570;26/01/2017
2017031256;1;2;3;1;6;570;20/03/2017
2017031257;1;2;1;2;3;570;21/03/2017
2017031258;1;2;2;1;3;570;27/03/2017
2017031259;1;2;1;1;3;570;10/04/2017