num_acc;lum;agg;inter;atm;col;dep;date
2017031260;1;2;1;1;4;570;11/04/2017
2017031261;5;2;1;1;1;570;22/04/2017
2017031262;1;2;1;1;6;570;02/05/2017
2017031263;1;2;1;1;2;570;15/09/2017
2017031264;5;2;1;2;6;570;10/10/2017
2017031265;5;2;1;5;6;570;15/10/2017
2017031266;5;2;1;1;6;570;19/10/2017
2017031267;1;2;1;7;7;570;31/10/2017
2017031268;1;2;1;1;2;570;27/03/2017
2017031269;1;2;1;1;2;570;11/06/2017
2017031270;1;2;1;1;3;570;16/06/2017
2017031271;1;2;1;1;1;570;14/11/2017
2017031272;1;1;1;1;6;570;09/01/2017
2017031273;1;2;1;1;6;570;10/01/2017
2017031274;5;2;1;2;6;570;05/02/2017
2017031275;5;2;1;2;6;570;05/02/2017
2017031276;1;2;1;1;6;570;10/02/2017
2017031277;5;2;1;1;6;570;15/02/2017
2017031278;3;1;1;8;1;570;09/03/2017
2017031279;1;2;3;1;3;570;10/03/2017
2017031280;1;2;1;1;6;570;17/03/2017
2017031281;1;1;1;1;6;570;19/03/2017
2017031282;1;2;3;1;3;570;20/03/2017
2017031283;5;2;1;2;6;570;21/03/2017
2017031284;2;2;1;1;1;570;07/04/2017
2017031285;1;2;6;1;3;570;17/04/2017
2017031286;1;2;1;1;6;570;26/04/2017
2017031287;1;2;1;2;6;570;06/05/2017
2017031288;1;2;1;1;3;570;09/05/2017
2017031289;1;1;3;1;3;570;10/05/2017
2017031290;1;2;1;1;6;570;12/05/2017
2017031291;1;2;1;3;6;570;13/05/2017
2017031292;1;2;1;1;6;570;18/05/2017
2017031293;1;2;2;1;3;570;21/05/2017
2017031294;1;2;6;1;6;570;24/05/2017
2017031295;1;2;1;1;6;570;26/05/2017
2017031296;1;2;6;1;3;570;26/05/2017
2017031297;1;2;1;1;6;570;28/05/2017
2017031298;1;2;1;1;2;570;31/05/2017
2017031299;1;2;1;1;6;570;01/06/2017
2017031300;1;2;1;1;3;570;08/06/2017
2017031301;1;2;1;1;3;570;17/06/2017
2017031302;1;2;1;7;6;570;26/06/2017
2017031303;1;2;1;2;6;570;01/07/2017
2017031304;1;1;6;1;3;570;04/07/2017
2017031305;1;2;1;1;6;570;05/07/2017
2017031306;1;2;1;1;3;570;16/07/2017
2017031307;1;2;1;1;3;570;16/07/2017
2017031308;3;1;1;1;7;570;22/07/2017
2017031309;1;2;3;1;7;570;25/07/2017
2017031310;5;2;1;1;3;570;27/07/2017
2017031311;1;2;1;1;6;570;06/08/2017
2017031312;1;1;1;1;3;570;07/08/2017
2017031313;1;1;1;1;6;570;20/08/2017
2017031314;1;2;1;1;6;570;25/08/2017
2017031315;1;2;1;1;6;570;26/08/2017
2017031316;1;1;1;1;6;570;27/08/2017
2017031317;1;2;3;1;3;570;29/08/2017
2017031318;1;2;1;1;6;570;04/09/2017
2017031319;1;2;1;1;3;570;08/09/2017
2017031320;1;2;1;1;6;570;20/09/2017
2017031321;1;2;1;1;6;570;21/09/2017
2017031322;1;2;1;1;3;570;25/09/2017
2017031323;1;2;3;1;3;570;25/09/2017
2017031324;3;2;1;1;6;570;30/09/2017
2017031325;1;2;1;1;6;570;12/10/2017
2017031326;1;2;3;1;3;570;13/10/2017
2017031327;1;1;1;1;2;570;17/10/2017
2017031328;1;2;2;1;3;570;18/10/2017
2017031329;1;2;1;1;6;570;20/10/2017
2017031330;4;2;1;1;6;570;20/10/2017
2017031331;1;2;1;8;6;570;06/11/2017
2017031332;1;2;1;1;2;570;07/11/2017
2017031333;5;2;3;1;6;570;22/11/2017
2017031334;5;2;1;1;6;570;22/11/2017
2017031335;5;2;1;1;6;570;23/11/2017
2017031336;5;2;3;2;3;570;24/11/2017
2017031337;5;2;1;2;6;570;24/11/2017
2017031338;5;2;1;2;6;570;01/12/2017
2017031339;5;2;1;2;6;570;02/12/2017
2017031340;5;2;1;8;6;570;06/12/2017
2017031341;5;2;1;2;6;570;18/12/2017
2017031342;1;2;1;1;6;570;22/12/2017
2017031343;5;2;1;1;6;570;23/12/2017
2017031344;1;1;1;1;6;570;27/12/2017
2017031345;5;2;3;2;6;570;29/12/2017
2017031346;3;1;1;1;7;450;25/01/2017
2017031347;1;1;1;1;7;450;08/06/2017
2017031348;1;1;1;5;3;450;15/11/2017
2017031349;2;2;1;9;6;201;01/01/2017
2017031350;1;1;1;1;6;201;09/01/2017
2017031351;1;2;1;1;6;201;08/04/2017
2017031352;1;1;1;1;6;201;15/04/2017
2017031353;1;1;1;1;7;201;02/05/2017
2017031354;1;1;1;1;6;201;28/05/2017
2017031355;1;2;1;1;7;201;15/08/2017
2017031356;1;1;1;1;6;201;28/08/2017
2017031357;1;1;1;1;7;201;30/09/2017
2017031358;1;1;1;1;6;201;26/10/2017
2017031359;1;1;9;1;6;330;19/01/2017
2017031360;2;1;3;1;3;330;21/02/2017
2017031361;1;2;1;1;3;330;21/02/2017
2017031362;1;1;2;1;3;330;15/04/2017
2017031363;2;2;1;1;1;330;16/06/2017
2017031364;1;2;3;1;6;330;01/09/2017
2017031365;1;1;3;1;7;330;21/09/2017
2017031366;1;1;1;1;6;330;24/10/2017
2017031367;1;1;1;1;4;110;14/04/2017
2017031368;1;1;1;1;4;110;20/08/2017
2017031369;1;1;1;2;4;110;22/12/2017
2017031370;1;1;1;1;2;110;26/12/2017
2017031371;2;1;1;2;7;570;23/02/2017
2017031372;3;1;1;2;1;570;04/12/2017
2017031373;2;1;1;7;1;860;17/01/2017
2017031374;3;1;1;1;6;860;10/02/2017
2017031375;3;1;1;1;6;860;24/02/2017
2017031376;1;2;1;1;1;860;30/04/2017
2017031377;1;2;2;1;3;860;20/05/2017
2017031378;1;1;1;1;1;860;19/06/2017
2017031379;1;1;2;1;3;860;06/07/2017
2017031380;1;1;2;1;1;860;05/10/2017
2017031381;1;1;3;5;3;860;14/10/2017
2017031382;1;2;1;1;6;580;28/12/2017
2017031383;2;2;1;1;6;580;10/01/2017
2017031384;2;2;1;2;7;580;11/01/2017
2017031385;1;2;1;1;7;580;19/01/2017
2017031386;1;2;2;1;3;580;23/01/2017
2017031387;1;2;1;1;6;580;17/01/2017
2017031388;2;2;1;9;7;580;27/01/2017
2017031389;5;2;2;2;3;580;30/01/2017
2017031390;1;2;1;1;7;580;06/02/2017
2017031391;1;2;1;1;6;580;08/02/2017
2017031392;1;2;1;1;7;580;09/02/2017
2017031393;1;2;1;1;2;580;03/02/2017
2017031394;1;2;3;1;3;580;12/02/2017
2017031395;1;2;1;1;6;580;09/03/2017
2017031396;1;2;3;1;5;580;08/03/2017
2017031397;1;2;1;1;3;580;20/03/2017
2017031398;1;2;1;1;2;580;21/03/2017
2017031399;5;2;1;1;1;580;29/03/2017
2017031400;1;2;1;1;6;580;30/03/2017
2017031401;1;2;3;1;6;580;12/04/2017
2017031402;1;2;1;1;2;580;13/04/2017
2017031403;2;2;1;1;6;580;25/03/2017
2017031404;1;2;1;1;2;580;28/04/2017
2017031405;1;2;1;2;2;580;02/05/2017
2017031406;1;2;1;1;2;580;03/05/2017
2017031407;5;2;1;1;7;580;13/04/2017
2017031408;1;2;1;1;6;580;31/03/2017
2017031409;5;2;1;1;6;580;13/04/2017
2017031410;1;2;1;1;2;580;16/05/2017
2017031411;1;2;1;2;2;580;18/05/2017
2017031412;1;2;1;1;3;580;16/05/2017
2017031413;1;2;1;1;7;580;21/05/2017
2017031414;1;2;1;1;7;580;26/05/2017
2017031415;1;2;3;1;2;580;29/05/2017
2017031416;1;2;1;1;2;580;26/05/2017
2017031417;1;2;1;1;6;580;08/06/2017
2017031418;1;2;1;1;2;580;01/06/2017
2017031419;1;2;1;1;7;580;08/06/2017
2017031420;1;2;6;1;3;580;20/06/2017
2017031421;1;1;3;8;3;580;27/06/2017
2017031422;1;2;3;1;7;580;28/06/2017
2017031423;1;2;1;1;7;580;28/06/2017
2017031424;1;2;1;3;3;580;01/07/2017
2017031425;1;2;3;1;3;580;03/07/2017
2017031426;1;2;1;1;3;580;04/07/2017
2017031427;1;2;1;1;2;580;04/07/2017
2017031428;1;2;6;2;3;580;30/06/2017
2017031429;1;2;9;1;6;580;07/07/2017
2017031430;5;2;3;1;1;580;24/07/2017
2017031431;1;2;1;1;6;580;17/07/2017
2017031432;1;2;1;1;2;580;25/07/2017
2017031433;1;2;1;1;2;580;22/07/2017
2017031434;1;2;6;1;7;580;14/07/2017
2017031435;1;2;1;1;3;580;30/07/2017
2017031436;1;2;1;1;2;580;03/08/2017
2017031437;1;2;1;1;6;580;08/08/2017
2017031438;1;2;1;8;1;580;09/08/2017
2017031439;1;2;1;1;6;580;08/08/2017
2017031440;1;2;7;1;1;580;11/08/2017
2017031441;1;2;1;1;3;580;28/08/2017
2017031442;1;2;1;1;1;580;30/08/2017
2017031443;1;2;9;1;3;580;01/09/2017
2017031444;1;2;1;1;3;580;05/09/2017
2017031445;1;2;1;1;2;580;15/09/2017
2017031446;1;2;1;1;2;580;19/09/2017
2017031447;1;2;1;1;6;580;16/09/2017
2017031448;1;2;3;1;3;580;25/09/2017
2017031449;5;2;1;1;7;580;24/09/2017
2017031450;1;2;1;1;7;580;02/10/2017
2017031451;5;2;1;1;6;580;23/09/2017
2017031452;1;2;1;1;2;580;01/10/2017
2017031453;5;2;1;1;7;580;14/10/2017
2017031454;5;2;6;2;3;580;24/10/2017
2017031455;1;2;1;1;7;580;26/10/2017
2017031456;1;2;3;1;3;580;28/10/2017
2017031457;1;2;1;1;2;580;30/10/2017
2017031458;1;2;1;1;2;580;02/11/2017
2017031459;1;2;3;1;2;580;07/11/2017
2017031460;1;2;1;1;7;580;09/11/2017
2017031461;1;2;1;1;4;580;16/11/2017
2017031462;1;2;6;1;7;580;22/11/2017
2017031463;1;2;3;1;7;580;24/11/2017
2017031464;5;2;1;2;4;580;30/11/2017
2017031465;4;2;1;2;6;580;04/12/2017
2017031466;1;2;1;1;2;580;04/12/2017
2017031467;2;2;1;1;7;580;07/12/2017
2017031468;1;2;1;2;6;580;08/12/2017
2017031469;1;1;1;1;1;690;09/02/2017
2017031470;3;1;1;1;6;690;28/02/2017
2017031471;1;1;4;1;7;690;18/05/2017
2017031472;1;1;1;1;4;690;18/05/2017
2017031473;1;1;1;1;3;690;15/06/2017
2017031474;1;1;1;1;3;690;16/06/2017
2017031475;1;2;1;2;1;690;28/06/2017
2017031476;1;1;1;2;2;690;22/12/2017
2017031477;5;2;1;2;6;950;09/01/2017
2017031478;1;2;1;1;1;950;01/04/2017
2017031479;1;2;1;1;6;950;25/04/2017
2017031480;1;2;1;1;6;950;14/05/2017
2017031481;1;2;1;1;1;950;07/07/2017
2017031482;3;1;1;5;6;950;26/10/2017
2017031483;5;2;1;1;6;950;24/11/2017
2017031484;3;1;1;1;2;950;26/11/2017
2017031485;1;1;1;1;2;950;05/05/2017
2017031486;1;1;1;1;6;950;20/06/2017
2017031487;1;2;1;1;6;950;26/06/2017
2017031488;1;2;1;8;2;950;11/09/2017
2017031489;1;1;1;3;6;710;01/04/2017
2017031490;5;2;1;9;7;710;29/04/2017
2017031491;1;1;1;1;1;710;20/06/2017
2017031492;2;2;1;1;6;710;19/08/2017
2017031493;2;2;1;2;6;710;22/12/2017
2017031494;1;1;1;8;1;590;01/01/2017
2017031495;5;2;2;1;6;590;10/01/2017
2017031496;1;2;2;7;3;590;06/01/2017
2017031497;3;1;1;2;6;590;28/12/2017
2017031498;1;2;1;1;6;590;13/01/2017
2017031499;1;2;1;1;6;590;20/01/2017
2017031500;1;2;8;1;3;590;03/02/2017
2017031501;5;2;3;2;6;590;06/02/2017
2017031502;1;2;1;1;6;590;07/02/2017
2017031503;1;2;6;1;6;590;20/02/2017
2017031504;1;2;2;1;6;590;21/02/2017
2017031505;1;2;1;2;6;590;27/02/2017
2017031506;1;2;2;1;1;590;11/03/2017
2017031507;5;1;2;1;3;590;26/03/2017
2017031508;1;2;3;1;6;590;02/04/2017
2017031509;1;1;4;1;6;590;19/04/2017
2017031510;1;1;1;1;7;590;25/05/2017
2017031511;1;1;1;1;6;590;27/05/2017
2017031512;1;1;1;7;3;590;02/06/2017
2017031513;1;2;1;1;3;590;24/05/2017
2017031514;1;1;1;1;3;590;07/06/2017
2017031515;1;2;1;1;6;590;02/06/2017
2017031516;1;1;2;1;3;590;22/06/2017
2017031517;1;2;1;2;6;590;02/07/2017
2017031518;5;2;2;1;3;590;14/07/2017
2017031519;5;2;1;1;1;590;23/07/2017
2017031520;1;2;1;1;6;590;17/08/2017
2017031521;1;2;1;3;3;590;30/08/2017
2017031522;1;2;1;7;6;590;31/08/2017
2017031523;3;1;2;1;3;590;02/09/2017
2017031524;1;2;1;7;3;590;06/09/2017
2017031525;1;1;4;2;3;590;13/09/2017
2017031526;1;2;1;1;6;590;16/09/2017
2017031527;1;2;1;1;2;590;20/09/2017
2017031528;1;2;1;1;6;590;04/10/2017
2017031529;1;2;9;1;6;590;30/10/2017
2017031530;1;2;1;1;6;590;29/10/2017
2017031531;1;2;3;2;3;590;04/11/2017
2017031532;1;2;2;1;2;590;17/11/2017
2017031533;5;2;1;3;6;590;24/11/2017
2017031534;2;2;1;1;6;590;18/12/2017
2017031535;1;2;3;2;6;590;29/12/2017
2017031536;5;2;1;1;6;590;28/12/2017
2017031537;5;2;1;1;6;590;08/05/2017
2017031538;1;1;1;1;7;590;12/07/2017
2017031539;1;2;2;7;6;590;20/01/2017
2017031540;1;2;1;1;6;590;03/04/2017
2017031541;1;2;1;1;6;590;06/04/2017
2017031542;1;2;9;1;6;590;31/03/2017
2017031543;1;1;1;1;6;590;15/04/2017
2017031544;1;2;1;1;6;590;27/06/2017
2017031545;1;1;1;1;6;590;26/08/2017
2017031546;5;2;2;8;4;590;13/11/2017
2017031547;5;2;1;2;6;590;11/12/2017
2017031548;5;2;1;1;3;590;13/05/2017
2017031549;1;2;1;1;3;590;07/06/2017
2017031550;5;2;3;2;3;590;20/07/2017
2017031551;1;1;1;7;1;590;19/07/2017
2017031552;1;2;1;1;6;590;03/08/2017
2017031553;1;1;1;1;6;590;24/08/2017
2017031554;1;2;3;1;1;590;30/09/2017
2017031555;2;2;3;1;3;590;17/10/2017
2017031556;4;2;1;1;6;590;07/10/2017
2017031557;2;2;1;1;6;590;20/11/2017
2017031558;2;2;1;2;6;590;29/11/2017
2017031559;1;2;1;1;6;590;31/01/2017
2017031560;2;1;9;1;1;590;03/02/2017
2017031561;1;2;1;1;6;590;24/11/2017
2017031562;5;2;1;1;7;590;22/02/2017
2017031563;1;2;1;1;6;590;18/12/2017
2017031564;1;1;1;1;6;590;11/03/2017
2017031565;5;2;1;1;6;590;15/12/2017
2017031566;1;2;1;1;2;590;16/03/2017
2017031567;2;2;1;2;6;590;02/12/2017
2017031568;1;2;5;1;6;590;25/04/2017
2017031569;3;1;1;1;1;590;28/04/2017
2017031570;1;2;1;1;2;590;09/04/2017
2017031571;1;2;1;1;6;590;27/05/2017
2017031572;1;2;1;1;6;590;22/05/2017
2017031573;1;2;1;1;6;590;02/06/2017
2017031574;1;2;1;1;6;590;12/06/2017
2017031575;1;2;1;1;2;590;21/07/2017
2017031576;1;2;3;1;3;590;25/06/2017
2017031577;1;2;3;1;3;590;06/07/2017
2017031578;1;2;1;1;1;590;06/07/2017
2017031579;1;2;1;1;6;590;18/07/2017
2017031580;1;2;3;1;3;590;11/07/2017
2017031581;1;2;3;1;3;590;13/07/2017
2017031582;1;1;1;2;6;590;12/08/2017
2017031583;2;1;1;1;6;590;06/08/2017
2017031584;1;2;1;1;6;590;30/09/2017
2017031585;1;1;1;1;2;590;29/08/2017
2017031586;5;2;1;1;6;590;26/08/2017
2017031587;1;2;1;1;6;590;18/11/2017
2017031588;1;2;1;1;2;590;06/09/2017
2017031589;1;2;1;1;6;590;11/09/2017
2017031590;1;2;1;1;6;590;22/09/2017
2017031591;2;2;3;9;3;590;08/12/2017
2017031592;5;2;1;1;3;590;19/12/2017
2017031593;5;2;1;2;6;590;20/12/2017
2017031594;5;2;1;3;6;590;12/01/2017
2017031595;5;2;1;8;6;590;17/01/2017
2017031596;5;2;1;2;5;590;08/01/2017
2017031597;1;2;1;7;6;590;28/01/2017
2017031598;1;2;1;1;1;590;10/02/2017
2017031599;1;2;6;2;3;590;05/02/2017
2017031600;1;2;1;8;6;590;22/02/2017
2017031601;5;2;1;1;6;590;09/02/2017
2017031602;1;1;1;9;1;590;13/02/2017
2017031603;1;2;1;6;7;590;25/02/2017
2017031604;3;1;1;1;7;590;20/02/2017
2017031605;1;2;1;1;6;590;09/03/2017
2017031606;1;2;1;1;6;590;28/03/2017
2017031607;1;2;1;1;6;590;15/03/2017
2017031608;1;2;2;7;3;590;16/03/2017
2017031609;1;2;1;1;6;590;27/03/2017
2017031610;1;1;1;7;2;590;25/03/2017
2017031611;1;2;1;1;6;590;27/03/2017
2017031612;3;2;2;1;3;590;07/04/2017
2017031613;1;2;1;1;2;590;03/04/2017
2017031614;1;2;4;1;6;590;18/04/2017
2017031615;1;2;1;1;6;590;16/04/2017
2017031616;1;2;1;1;3;590;10/05/2017
2017031617;1;2;1;1;6;590;16/05/2017
2017031618;5;2;7;1;6;590;05/05/2017
2017031619;1;2;1;1;5;590;15/05/2017
2017031620;2;1;1;1;1;590;28/05/2017
2017031621;1;2;2;1;3;590;17/06/2017
2017031622;5;2;1;1;3;590;03/06/2017
2017031623;5;2;1;1;1;590;04/06/2017
2017031624;1;2;1;1;3;590;14/06/2017
2017031625;1;2;1;1;3;590;01/07/2017
2017031626;1;2;1;1;2;590;08/07/2017
2017031627;1;2;1;1;6;590;16/07/2017
2017031628;1;2;1;1;6;590;17/07/2017
2017031629;1;2;1;1;6;590;21/07/2017
2017031630;1;2;1;1;6;590;27/07/2017
2017031631;3;1;1;1;6;590;03/08/2017
2017031632;1;2;1;3;1;590;10/08/2017
2017031633;1;2;1;1;3;590;16/08/2017
2017031634;1;1;1;1;2;590;09/09/2017
2017031635;1;2;1;1;1;590;14/08/2017
2017031636;1;2;1;1;3;590;13/09/2017
2017031637;5;2;6;1;1;590;22/09/2017
2017031638;1;2;1;1;6;590;22/09/2017
2017031639;5;2;1;1;1;590;16/09/2017
2017031640;1;2;1;1;6;590;08/10/2017
2017031641;1;2;1;1;6;590;28/09/2017
2017031642;1;2;2;1;6;590;15/10/2017
2017031643;2;2;1;1;6;590;23/09/2017
2017031644;1;2;1;1;3;590;13/10/2017
2017031645;1;2;1;1;6;590;21/10/2017
2017031646;1;1;1;1;1;590;18/10/2017
2017031647;5;2;1;1;6;590;21/11/2017
2017031648;2;2;1;9;1;590;30/11/2017
2017031649;1;1;1;1;1;590;08/09/2017
2017031650;3;1;1;1;6;590;05/01/2017
2017031651;1;2;1;1;6;590;11/01/2017
2017031652;1;2;2;2;3;590;15/01/2017
2017031653;5;2;2;9;1;590;16/01/2017
2017031654;1;2;1;1;6;590;18/01/2017
2017031655;1;2;1;1;6;590;11/01/2017
2017031656;5;1;1;1;6;590;27/01/2017
2017031657;5;2;1;1;1;590;28/01/2017
2017031658;1;2;1;1;6;590;31/01/2017
2017031659;5;1;2;1;3;590;28/02/2017
2017031660;5;2;1;1;6;590;22/04/2017
2017031661;1;1;1;1;7;590;28/04/2017
2017031662;5;2;6;1;7;590;14/05/2017
2017031663;3;1;1;1;7;590;10/03/2017
2017031664;1;2;3;1;6;590;24/05/2017
2017031665;2;2;1;3;3;590;18/05/2017
2017031666;1;2;1;1;2;590;31/05/2017
2017031667;1;2;1;1;6;590;11/06/2017
2017031668;1;2;1;1;6;590;08/06/2017
2017031669;3;2;6;1;1;590;19/06/2017
2017031670;1;2;6;1;3;590;09/07/2017
2017031671;1;1;1;1;7;590;12/07/2017
2017031672;1;2;2;1;5;590;13/07/2017
2017031673;5;2;1;3;6;590;23/07/2017
2017031674;1;2;1;1;3;590;26/07/2017
2017031675;1;2;1;2;5;590;02/08/2017
2017031676;1;2;1;1;6;590;05/08/2017
2017031677;1;2;5;2;3;590;09/08/2017
2017031678;5;2;1;1;1;590;12/08/2017
2017031679;1;2;3;2;3;590;30/08/2017
2017031680;1;2;2;2;3;590;04/09/2017
2017031681;1;2;2;1;6;590;20/09/2017
2017031682;1;2;1;3;6;590;28/09/2017
2017031683;2;1;1;2;3;590;28/09/2017
2017031684;1;2;3;1;3;590;14/10/2017
2017031685;1;2;2;1;3;590;28/10/2017
2017031686;1;2;2;1;3;590;22/10/2017
2017031687;5;2;2;2;1;590;08/11/2017
2017031688;3;2;1;2;1;590;25/11/2017
2017031689;5;2;1;1;6;590;05/12/2017
2017031690;5;2;2;1;6;590;09/12/2017
2017031691;5;2;1;4;7;590;11/12/2017
2017031692;5;2;1;1;6;590;12/12/2017
2017031693;5;2;2;2;3;590;20/12/2017
2017031694;1;2;9;2;6;590;20/12/2017
2017031695;1;2;1;1;6;590;09/06/2017
2017031696;2;1;1;8;1;590;23/10/2017
2017031697;5;2;2;3;6;590;14/12/2017
2017031698;1;2;1;7;6;590;05/01/2017
2017031699;2;2;3;2;3;590;05/12/2017
2017031700;1;2;1;1;6;590;08/12/2017
2017031701;1;2;1;2;6;590;07/01/2017
2017031702;1;2;1;8;6;590;08/12/2017
2017031703;1;2;3;1;3;590;02/11/2017
2017031704;5;2;3;9;6;590;02/01/2017
2017031705;5;2;1;1;6;590;02/01/2017
2017031706;1;1;2;2;3;590;25/12/2017
2017031707;1;2;1;8;6;590;06/01/2017
2017031708;2;1;1;9;6;590;09/12/2017
2017031709;5;2;1;1;6;590;10/11/2017
2017031710;5;2;2;2;3;590;14/12/2017
2017031711;1;2;1;1;3;590;11/01/2017
2017031712;1;2;1;9;6;590;18/01/2017
2017031713;1;2;1;1;6;590;03/01/2017
2017031714;4;2;1;9;6;590;04/01/2017
2017031715;1;2;3;1;6;590;31/01/2017
2017031716;2;1;1;8;3;590;09/01/2017
2017031717;1;2;2;1;6;590;24/01/2017
2017031718;5;2;9;1;6;590;26/12/2017
2017031719;5;2;1;3;6;590;12/01/2017
2017031720;1;2;6;1;6;590;09/12/2017
2017031721;1;2;1;2;6;590;13/01/2017
2017031722;1;2;2;1;3;590;19/01/2017
2017031723;1;2;3;1;3;590;18/01/2017
2017031724;5;2;9;3;6;590;29/01/2017
2017031725;1;2;3;1;6;590;14/02/2017
2017031726;5;2;2;1;2;590;09/02/2017
2017031727;1;2;4;1;7;590;04/02/2017
2017031728;1;2;1;8;6;590;02/02/2017
2017031729;1;2;1;1;6;590;27/01/2017
2017031730;1;2;2;8;7;590;01/03/2017
2017031731;5;2;2;2;6;590;01/03/2017
2017031732;1;2;1;8;7;590;20/02/2017
2017031733;1;2;3;1;3;590;27/02/2017
2017031734;5;2;1;1;1;590;10/03/2017
2017031735;1;2;1;1;1;590;07/03/2017
2017031736;1;2;2;7;1;590;28/03/2017
2017031737;5;2;7;1;6;590;19/03/2017
2017031738;5;2;2;1;3;590;22/03/2017
2017031739;5;2;7;1;6;590;29/03/2017
2017031740;2;1;1;1;6;590;31/03/2017
2017031741;1;2;2;1;1;590;28/03/2017
2017031742;1;1;1;1;3;590;28/03/2017
2017031743;5;2;1;4;6;590;13/01/2017
2017031744;1;2;1;1;6;590;05/04/2017
2017031745;1;1;1;1;3;590;19/04/2017
2017031746;1;2;7;1;3;590;25/03/2017
2017031747;1;2;1;1;6;590;27/04/2017
2017031748;1;2;2;1;3;590;16/03/2017
2017031749;1;1;2;1;3;590;04/05/2017
2017031750;5;2;2;2;3;590;12/05/2017
2017031751;1;2;3;1;2;590;14/05/2017
2017031752;1;2;2;1;3;590;16/05/2017
2017031753;2;2;3;1;1;590;10/04/2017
2017031754;1;2;1;1;2;590;04/05/2017
2017031755;1;2;3;1;6;590;02/05/2017
2017031756;1;2;1;1;6;590;16/05/2017
2017031757;1;2;3;1;6;590;04/04/2017
2017031758;1;2;2;1;6;590;02/06/2017
2017031759;5;2;3;1;3;590;09/05/2017
2017031760;2;2;9;1;1;590;03/06/2017
2017031761;1;2;2;1;6;590;10/05/2017
2017031762;1;2;1;1;6;590;24/05/2017
2017031763;1;2;4;1;7;590;10/06/2017
2017031764;5;2;7;1;3;590;28/05/2017
2017031765;1;2;1;1;6;590;13/06/2017
2017031766;1;2;1;1;6;590;17/06/2017
2017031767;1;2;1;1;3;590;30/05/2017
2017031768;1;2;1;1;2;590;17/06/2017
2017031769;5;2;1;1;6;590;26/06/2017
2017031770;5;2;2;1;3;590;29/06/2017
2017031771;1;2;1;1;3;590;19/06/2017
2017031772;1;2;1;7;6;590;26/06/2017
2017031773;3;2;1;1;1;590;25/06/2017
2017031774;1;2;2;1;6;590;13/07/2017
2017031775;5;2;2;1;3;590;06/07/2017
2017031776;5;2;2;1;6;590;02/07/2017
2017031777;1;2;1;1;6;590;12/07/2017
2017031778;1;2;2;7;6;590;07/07/2017
2017031779;1;2;1;1;6;590;20/06/2017
2017031780;1;2;4;1;1;590;11/07/2017
2017031781;1;2;2;1;4;590;10/06/2017
2017031782;1;2;9;1;2;590;20/07/2017
2017031783;1;2;3;1;2;590;30/05/2017
2017031784;1;2;1;1;3;590;22/06/2017
2017031785;5;2;2;1;6;590;06/08/2017
2017031786;1;2;4;1;3;590;17/06/2017
2017031787;5;2;1;1;3;590;08/07/2017
2017031788;5;2;1;1;6;590;08/07/2017
2017031789;5;2;3;1;6;590;12/08/2017
2017031790;1;2;4;1;6;590;15/05/2017
2017031791;1;2;1;1;3;590;21/08/2017
2017031792;1;2;4;1;3;590;26/05/2017
2017031793;1;2;1;1;6;590;02/09/2017
2017031794;5;2;1;1;3;590;03/09/2017
2017031795;1;1;1;1;3;590;27/08/2017
2017031796;1;2;2;1;3;590;01/09/2017
2017031797;1;1;1;1;3;590;24/08/2017
2017031798;1;2;3;1;3;590;29/08/2017
2017031799;1;2;1;1;6;590;14/09/2017
2017031800;1;2;3;1;3;590;14/08/2017
2017031801;2;2;2;1;3;590;09/09/2017
2017031802;5;1;1;1;4;590;23/09/2017
2017031803;1;2;2;1;3;590;19/09/2017
2017031804;5;2;2;1;3;590;16/09/2017
2017031805;5;2;1;1;6;590;16/09/2017
2017031806;2;2;1;1;3;590;15/09/2017
2017031807;5;2;1;1;6;590;11/09/2017
2017031808;5;2;5;1;3;590;30/09/2017
2017031809;1;2;1;1;4;590;30/09/2017
2017031810;1;2;6;1;6;590;03/10/2017
2017031811;1;1;1;2;7;590;05/10/2017
2017031812;2;1;9;1;4;590;29/09/2017
2017031813;1;2;1;3;6;590;11/09/2017
2017031814;3;1;1;5;6;590;26/09/2017
2017031815;1;2;1;1;6;590;02/10/2017
2017031816;5;2;1;1;6;590;11/10/2017
2017031817;1;2;1;1;3;590;29/09/2017
2017031818;3;2;1;1;2;590;14/10/2017
2017031819;3;2;1;1;5;590;14/10/2017
2017031820;2;2;2;1;6;590;18/09/2017
2017031821;1;2;1;1;4;590;12/10/2017
2017031822;5;2;2;1;3;590;06/10/2017
2017031823;1;2;2;8;3;590;11/07/2017
2017031824;5;2;2;1;3;590;12/10/2017
2017031825;5;2;1;2;1;590;20/10/2017
2017031826;1;2;1;1;6;590;26/10/2017
2017031827;1;2;2;1;6;590;15/10/2017
2017031828;1;2;2;1;3;590;28/09/2017
2017031829;1;2;9;1;3;590;03/10/2017
2017031830;1;2;1;1;6;590;24/10/2017
2017031831;2;1;3;1;1;590;12/09/2017
2017031832;1;2;3;1;2;590;25/08/2017
2017031833;1;2;1;1;7;590;12/11/2017
2017031834;5;2;1;1;6;590;11/11/2017
2017031835;5;2;1;9;1;590;21/10/2017
2017031836;5;2;2;1;3;590;03/11/2017