num_acc;lum;agg;inter;atm;col;dep;date
2017032992;5;2;1;8;2;640;19/12/2017
2017032993;1;2;7;1;3;640;20/12/2017
2017032994;1;2;1;1;7;640;21/12/2017
2017032995;1;2;1;7;6;640;25/12/2017
2017032996;1;2;1;2;6;640;10/01/2017
2017032997;1;2;1;2;6;640;29/12/2017
2017032998;5;2;1;2;6;640;11/01/2017
2017032999;1;2;1;2;6;640;12/01/2017
2017033000;1;2;1;1;7;640;17/01/2017
2017033001;2;2;1;1;1;640;24/01/2017
2017033002;2;2;2;1;3;640;22/01/2017
2017033003;5;2;1;1;6;640;01/02/2017
2017033004;1;2;1;1;3;640;16/02/2017
2017033005;1;2;1;1;3;640;20/02/2017
2017033006;1;2;1;1;6;640;05/03/2017
2017033007;1;2;1;1;2;640;14/03/2017
2017033008;1;2;1;1;6;640;18/03/2017
2017033009;1;2;1;2;3;640;22/03/2017
2017033010;1;2;1;1;1;640;30/03/2017
2017033011;1;2;1;1;6;640;12/04/2017
2017033012;2;2;1;1;6;640;13/04/2017
2017033013;1;2;1;1;3;640;15/04/2017
2017033014;5;2;1;1;6;640;23/04/2017
2017033015;1;2;1;1;6;640;26/04/2017
2017033016;1;2;1;1;6;640;28/04/2017
2017033017;5;2;1;1;7;640;30/04/2017
2017033018;5;2;1;2;3;640;01/05/2017
2017033019;1;2;1;1;6;640;10/05/2017
2017033020;1;2;3;1;1;640;11/05/2017
2017033021;1;2;1;1;3;640;12/05/2017
2017033022;5;2;1;1;7;640;18/05/2017
2017033023;5;2;1;3;6;640;04/06/2017
2017033024;1;2;1;1;3;640;20/05/2017
2017033025;1;2;1;1;3;640;07/06/2017
2017033026;5;2;1;1;6;640;10/06/2017
2017033027;1;2;1;8;6;640;15/06/2017
2017033028;5;2;1;2;1;640;15/06/2017
2017033029;1;2;1;1;3;640;16/06/2017
2017033030;5;2;1;1;6;640;18/06/2017
2017033031;5;2;1;1;7;640;18/06/2017
2017033032;1;2;1;1;3;640;21/06/2017
2017033033;1;2;1;1;6;640;22/06/2017
2017033034;1;2;1;1;2;640;15/07/2017
2017033035;1;2;1;1;7;640;16/07/2017
2017033036;1;2;1;1;2;640;18/07/2017
2017033037;1;2;1;1;1;640;22/07/2017
2017033038;1;2;1;1;3;640;24/07/2017
2017033039;1;2;1;1;3;640;27/07/2017
2017033040;1;2;1;1;2;640;09/08/2017
2017033041;1;2;1;1;6;640;13/08/2017
2017033042;5;2;1;1;6;640;18/08/2017
2017033043;1;2;1;8;3;640;18/08/2017
2017033044;5;2;1;1;3;640;23/08/2017
2017033045;1;2;1;1;3;640;25/08/2017
2017033046;1;2;1;1;1;640;29/08/2017
2017033047;1;2;1;1;3;640;31/08/2017
2017033048;2;2;1;1;3;640;31/08/2017
2017033049;1;2;1;1;2;640;06/09/2017
2017033050;1;2;1;2;7;640;09/09/2017
2017033051;5;2;1;2;7;640;16/09/2017
2017033052;1;2;1;1;3;640;20/09/2017
2017033053;1;2;1;1;7;640;07/10/2017
2017033054;1;2;1;1;6;640;23/10/2017
2017033055;5;2;1;1;6;640;26/10/2017
2017033056;1;2;1;8;7;640;30/10/2017
2017033057;1;2;1;1;3;640;01/11/2017
2017033058;1;2;1;1;6;640;21/11/2017
2017033059;5;2;1;1;3;640;24/11/2017
2017033060;1;2;1;1;7;640;03/12/2017
2017033061;1;2;1;2;7;640;08/12/2017
2017033062;1;2;1;1;3;640;13/12/2017
2017033063;1;2;1;1;6;640;21/12/2017
2017033064;5;1;1;1;6;640;04/01/2017
2017033065;1;2;1;1;6;640;29/12/2017
2017033066;1;2;1;1;6;640;05/01/2017
2017033067;1;2;1;1;1;640;30/12/2017
2017033068;2;2;3;1;1;640;06/01/2017
2017033069;5;2;1;3;3;640;31/12/2017
2017033070;5;2;1;1;4;640;06/01/2017
2017033071;1;2;3;1;6;640;07/01/2017
2017033072;2;2;3;1;3;640;09/01/2017
2017033073;1;2;1;1;3;640;09/01/2017
2017033074;5;2;2;2;6;640;10/01/2017
2017033075;5;2;1;3;3;640;12/01/2017
2017033076;1;2;3;2;3;640;13/01/2017
2017033077;5;1;1;1;3;640;14/01/2017
2017033078;1;2;1;1;3;640;17/01/2017
2017033079;1;1;1;1;5;640;17/01/2017
2017033080;4;2;2;1;3;640;19/01/2017
2017033081;1;2;2;1;5;640;24/01/2017
2017033082;1;2;1;1;2;640;24/01/2017
2017033083;1;1;1;1;6;640;25/01/2017
2017033084;5;2;1;1;3;640;25/01/2017
2017033085;1;2;1;1;6;640;26/01/2017
2017033086;1;2;1;1;4;640;27/01/2017
2017033087;2;2;2;1;2;640;27/01/2017
2017033088;5;2;2;1;3;640;27/01/2017
2017033089;1;1;3;1;3;640;31/01/2017
2017033090;5;2;2;1;2;640;31/01/2017
2017033091;1;2;1;2;6;640;03/02/2017
2017033092;1;2;3;2;3;640;03/02/2017
2017033093;1;2;1;2;3;640;03/02/2017
2017033094;1;2;2;2;6;640;04/02/2017
2017033095;5;2;3;2;3;640;04/02/2017
2017033096;1;1;1;2;1;640;05/02/2017
2017033097;1;2;1;1;4;640;09/02/2017
2017033098;1;1;1;1;6;640;09/02/2017
2017033099;3;1;1;1;2;640;09/02/2017
2017033100;5;2;1;1;3;640;10/02/2017
2017033101;2;2;1;1;6;640;11/02/2017
2017033102;5;2;1;1;6;640;12/02/2017
2017033103;2;2;3;1;3;640;13/02/2017
2017033104;1;2;1;1;6;640;15/02/2017
2017033105;1;2;1;1;4;640;15/02/2017
2017033106;5;2;6;1;3;640;15/02/2017
2017033107;1;2;1;1;3;640;16/02/2017
2017033108;1;2;1;1;2;640;19/02/2017
2017033109;1;2;1;1;6;640;21/02/2017
2017033110;1;2;1;1;2;640;21/02/2017
2017033111;1;1;1;1;6;640;21/02/2017
2017033112;1;2;2;1;3;640;22/02/2017
2017033113;1;2;1;1;3;640;22/02/2017
2017033114;1;2;1;1;2;640;23/02/2017
2017033115;1;1;1;1;2;640;23/02/2017
2017033116;2;1;3;1;3;640;23/02/2017
2017033117;1;1;6;1;3;640;25/02/2017
2017033118;1;2;1;1;5;640;27/02/2017
2017033119;1;2;1;1;3;640;27/02/2017
2017033120;1;2;6;1;6;640;27/02/2017
2017033121;5;2;6;1;3;640;27/02/2017
2017033122;1;2;3;1;3;640;03/03/2017
2017033123;1;2;2;1;3;640;06/03/2017
2017033124;1;1;1;2;2;640;07/03/2017
2017033125;2;1;1;1;2;640;08/03/2017
2017033126;1;2;1;1;6;640;09/03/2017
2017033127;1;2;1;1;6;640;10/03/2017
2017033128;1;2;3;1;3;640;11/03/2017
2017033129;1;2;3;2;3;640;13/03/2017
2017033130;1;2;2;2;3;640;13/03/2017
2017033131;1;2;1;1;6;640;17/03/2017
2017033132;5;2;1;2;3;640;20/03/2017
2017033133;1;1;1;2;3;640;21/03/2017
2017033134;1;2;1;1;2;640;22/03/2017
2017033135;1;2;1;1;3;640;23/03/2017
2017033136;1;2;3;1;3;640;23/03/2017
2017033137;1;2;1;1;3;640;23/03/2017
2017033138;5;2;1;2;3;640;24/03/2017
2017033139;5;2;3;1;3;640;24/03/2017
2017033140;1;2;3;2;3;640;25/03/2017
2017033141;5;2;3;1;3;640;27/03/2017
2017033142;1;2;1;1;6;640;27/03/2017
2017033143;1;2;1;1;3;640;28/03/2017
2017033144;2;2;1;1;1;640;28/03/2017
2017033145;1;2;1;1;6;640;29/03/2017
2017033146;1;2;2;1;3;640;31/03/2017
2017033147;1;1;1;1;3;640;05/04/2017
2017033148;1;2;3;1;3;640;07/04/2017
2017033149;1;1;1;1;4;640;08/04/2017
2017033150;1;1;1;1;6;640;10/04/2017
2017033151;1;2;1;1;6;640;10/04/2017
2017033152;1;2;1;1;6;640;11/04/2017
2017033153;1;2;1;1;6;640;13/04/2017
2017033154;1;2;3;1;3;640;13/04/2017
2017033155;1;2;1;1;4;640;15/04/2017
2017033156;1;1;1;1;2;640;20/04/2017
2017033157;1;1;1;1;6;640;21/04/2017
2017033158;1;2;3;1;2;640;22/04/2017
2017033159;1;2;3;1;6;640;22/04/2017
2017033160;1;2;1;1;6;640;23/04/2017
2017033161;1;2;1;1;6;640;26/04/2017
2017033162;1;2;1;1;2;640;27/04/2017
2017033163;5;2;1;1;2;640;28/04/2017
2017033164;1;2;1;1;6;640;28/04/2017
2017033165;2;2;1;2;2;640;01/05/2017
2017033166;1;2;2;2;2;640;02/05/2017
2017033167;1;2;1;1;6;640;04/05/2017
2017033168;1;2;1;1;6;640;04/05/2017
2017033169;1;2;1;1;2;640;05/05/2017
2017033170;1;2;2;1;3;640;05/05/2017
2017033171;1;2;1;1;6;640;09/05/2017
2017033172;1;2;2;1;3;640;09/05/2017
2017033173;1;2;3;1;2;640;10/05/2017
2017033174;1;2;1;1;6;640;12/05/2017
2017033175;1;2;1;1;1;640;12/05/2017
2017033176;1;2;1;1;3;640;14/05/2017
2017033177;1;2;1;1;3;640;15/05/2017
2017033178;1;2;1;1;4;640;16/05/2017
2017033179;1;2;1;1;1;640;16/05/2017
2017033180;1;1;1;1;3;640;17/05/2017
2017033181;1;2;1;1;6;640;17/05/2017
2017033182;1;2;1;1;3;640;18/05/2017
2017033183;5;2;1;2;6;640;19/05/2017
2017033184;1;1;1;1;4;640;19/05/2017
2017033185;1;2;1;1;6;640;19/05/2017
2017033186;1;2;3;1;3;640;19/05/2017
2017033187;1;2;1;1;2;640;19/05/2017
2017033188;2;2;1;1;1;640;21/05/2017
2017033189;1;2;3;1;3;640;22/05/2017
2017033190;5;2;3;1;3;640;23/05/2017
2017033191;1;2;1;1;2;640;24/05/2017
2017033192;1;1;3;1;3;640;26/05/2017
2017033193;2;2;1;1;2;640;27/05/2017
2017033194;1;1;1;1;4;640;01/06/2017
2017033195;1;1;1;1;3;640;01/06/2017
2017033196;1;1;1;1;3;640;05/06/2017
2017033197;1;2;3;1;3;640;09/06/2017
2017033198;1;2;1;1;3;640;09/06/2017
2017033199;1;1;1;1;6;640;10/06/2017
2017033200;1;1;1;1;4;640;14/06/2017
2017033201;1;2;2;1;3;640;15/06/2017
2017033202;1;2;1;1;1;640;15/06/2017
2017033203;5;2;1;1;6;640;16/06/2017
2017033204;1;2;1;1;2;640;20/06/2017
2017033205;1;2;1;1;3;640;21/06/2017
2017033206;1;2;6;1;3;640;22/06/2017
2017033207;1;2;1;2;2;640;23/06/2017
2017033208;1;2;1;1;2;640;23/06/2017
2017033209;5;2;6;2;6;640;26/06/2017
2017033210;1;2;1;1;6;640;28/06/2017
2017033211;1;1;1;1;1;640;26/06/2017
2017033212;1;2;1;1;6;640;29/06/2017
2017033213;1;2;1;2;5;640;01/07/2017
2017033214;5;2;1;2;6;640;01/07/2017
2017033215;1;2;1;1;3;640;02/07/2017
2017033216;1;2;6;1;3;640;04/07/2017
2017033217;1;2;3;1;3;640;05/07/2017
2017033218;1;2;1;1;6;640;06/07/2017
2017033219;1;2;3;1;2;640;06/07/2017
2017033220;1;2;1;1;6;640;07/07/2017
2017033221;3;2;1;2;3;640;08/07/2017
2017033222;1;2;3;1;3;640;09/07/2017
2017033223;1;1;1;1;1;640;14/07/2017
2017033224;1;2;1;1;3;640;14/07/2017
2017033225;1;2;3;2;3;640;20/07/2017
2017033226;1;2;1;1;1;640;25/07/2017
2017033227;1;2;1;1;4;640;26/07/2017
2017033228;1;2;2;1;1;640;26/07/2017
2017033229;1;2;1;1;6;640;27/07/2017
2017033230;1;2;1;1;6;640;27/07/2017
2017033231;1;2;1;2;3;640;28/07/2017
2017033232;1;2;1;1;2;640;30/07/2017
2017033233;1;2;3;1;1;640;02/08/2017
2017033234;1;2;2;1;3;640;07/08/2017
2017033235;1;2;2;1;3;640;08/08/2017
2017033236;2;1;3;1;3;640;08/08/2017
2017033237;1;1;1;1;2;640;12/08/2017
2017033238;1;2;1;1;1;640;14/08/2017
2017033239;1;2;1;1;3;640;14/08/2017
2017033240;1;2;1;1;3;640;14/08/2017
2017033241;1;2;1;1;3;640;17/08/2017
2017033242;1;2;1;1;6;640;22/08/2017
2017033243;1;2;1;1;2;640;25/08/2017
2017033244;1;2;1;1;3;640;27/08/2017
2017033245;1;2;1;1;2;640;28/08/2017
2017033246;1;2;3;1;3;640;04/09/2017
2017033247;1;2;1;1;2;640;04/09/2017
2017033248;1;2;1;1;6;640;05/09/2017
2017033249;1;2;1;1;3;640;05/09/2017
2017033250;3;2;1;1;6;640;05/09/2017
2017033251;1;2;2;2;3;640;06/09/2017
2017033252;1;2;3;1;3;640;06/09/2017
2017033253;1;2;1;1;4;640;06/09/2017
2017033254;1;2;2;1;6;640;08/09/2017
2017033255;1;2;3;2;3;640;09/09/2017
2017033256;1;2;1;2;6;640;12/09/2017
2017033257;1;2;1;1;2;640;12/09/2017
2017033258;1;2;1;1;3;640;12/09/2017
2017033259;1;2;1;1;3;640;13/09/2017
2017033260;1;2;2;1;3;640;14/09/2017
2017033261;1;2;1;1;2;640;15/09/2017
2017033262;1;2;1;1;2;640;15/09/2017
2017033263;1;2;1;1;6;640;15/09/2017
2017033264;1;2;2;1;3;640;16/09/2017
2017033265;1;2;1;1;6;640;19/09/2017
2017033266;1;2;1;1;6;640;19/09/2017
2017033267;1;2;1;1;3;640;20/09/2017
2017033268;1;2;1;1;6;640;20/09/2017
2017033269;1;1;1;1;4;640;20/09/2017
2017033270;1;2;1;1;6;640;22/09/2017
2017033271;1;2;1;1;2;640;23/09/2017
2017033272;5;2;1;2;7;640;25/09/2017
2017033273;1;1;1;1;3;640;27/09/2017
2017033274;1;2;1;1;3;640;27/09/2017
2017033275;1;2;1;1;2;640;27/09/2017
2017033276;1;2;1;1;3;640;28/09/2017
2017033277;1;2;1;1;3;640;02/10/2017
2017033278;1;2;3;5;3;640;04/10/2017
2017033279;1;2;1;7;6;640;04/10/2017
2017033280;1;2;1;1;3;640;04/10/2017
2017033281;1;2;1;1;3;640;04/10/2017
2017033282;1;2;1;1;1;640;04/10/2017
2017033283;1;2;1;1;2;640;04/10/2017
2017033284;1;2;1;1;4;640;05/10/2017
2017033285;5;2;1;1;1;640;05/10/2017
2017033286;5;2;1;1;2;640;06/10/2017
2017033287;1;2;1;1;6;640;08/10/2017
2017033288;1;2;4;1;3;640;09/10/2017
2017033289;1;2;3;1;3;640;11/10/2017
2017033290;2;2;1;1;6;640;12/10/2017
2017033291;1;1;1;1;3;640;16/10/2017
2017033292;1;1;1;1;6;640;15/10/2017
2017033293;2;2;2;1;3;640;17/10/2017
2017033294;1;2;3;1;3;640;17/10/2017
2017033295;1;2;1;1;2;640;17/10/2017
2017033296;1;2;1;1;6;640;17/10/2017
2017033297;1;2;2;2;3;640;18/10/2017
2017033298;2;2;2;1;5;640;19/10/2017
2017033299;5;2;1;1;3;640;20/10/2017
2017033300;1;2;1;1;3;640;21/10/2017
2017033301;1;2;1;1;3;640;26/10/2017
2017033302;5;2;1;1;3;640;26/10/2017
2017033303;1;2;1;1;6;640;27/10/2017
2017033304;1;2;1;1;3;640;29/10/2017
2017033305;1;2;1;1;2;640;30/10/2017
2017033306;1;2;2;1;3;640;30/10/2017
2017033307;1;2;1;1;5;640;30/10/2017
2017033308;1;2;1;1;6;640;31/10/2017
2017033309;1;2;1;1;6;640;02/11/2017
2017033310;2;2;3;1;3;640;03/11/2017
2017033311;5;2;1;2;1;640;05/11/2017
2017033312;1;2;2;1;3;640;06/11/2017
2017033313;1;2;1;1;6;640;07/11/2017
2017033314;1;2;1;1;3;640;07/11/2017
2017033315;5;2;1;1;2;640;07/11/2017
2017033316;2;2;1;2;2;640;08/11/2017
2017033317;5;2;1;1;3;640;09/11/2017
2017033318;1;2;1;2;3;640;10/11/2017
2017033319;1;2;1;2;2;640;11/11/2017
2017033320;1;2;1;1;6;640;13/11/2017
2017033321;1;2;1;1;6;640;15/11/2017
2017033322;5;2;2;1;3;640;15/11/2017
2017033323;1;2;2;1;3;640;16/11/2017
2017033324;1;2;3;1;3;640;19/11/2017
2017033325;2;2;1;1;2;640;21/11/2017
2017033326;1;2;1;1;3;640;21/11/2017
2017033327;1;2;1;1;6;640;21/11/2017
2017033328;1;2;1;1;3;640;21/11/2017
2017033329;1;2;1;1;2;640;21/11/2017
2017033330;1;2;1;1;6;640;24/11/2017
2017033331;5;2;1;1;6;640;24/11/2017
2017033332;5;2;3;1;3;640;27/11/2017
2017033333;1;2;1;1;2;640;27/11/2017
2017033334;1;2;1;1;6;640;28/11/2017
2017033335;5;2;1;1;2;640;28/11/2017
2017033336;1;2;1;2;2;640;29/11/2017
2017033337;1;2;1;2;3;640;29/11/2017
2017033338;1;2;1;2;2;640;29/11/2017
2017033339;5;2;1;2;4;640;29/11/2017
2017033340;1;2;1;1;3;640;30/11/2017
2017033341;1;2;1;1;2;640;01/12/2017
2017033342;1;2;1;1;3;640;01/12/2017
2017033343;1;2;1;1;2;640;01/12/2017
2017033344;1;2;1;1;2;640;01/12/2017
2017033345;5;2;1;1;4;640;01/12/2017
2017033346;1;2;3;1;5;640;03/12/2017
2017033347;1;2;1;1;1;640;03/12/2017
2017033348;5;2;3;1;3;640;04/12/2017
2017033349;1;2;1;1;2;640;06/12/2017
2017033350;1;2;1;1;6;640;06/12/2017
2017033351;1;2;1;2;6;640;08/12/2017
2017033352;1;1;1;2;1;640;08/12/2017
2017033353;1;2;1;2;2;640;08/12/2017
2017033354;1;2;1;2;6;640;11/12/2017
2017033355;1;2;1;2;6;640;11/12/2017
2017033356;1;2;1;2;2;640;11/12/2017
2017033357;1;2;1;1;6;640;12/12/2017
2017033358;2;2;2;1;5;640;12/12/2017
2017033359;2;2;1;2;3;640;14/12/2017
2017033360;1;1;1;2;6;640;14/12/2017
2017033361;1;2;1;2;6;640;15/12/2017
2017033362;5;2;6;2;3;640;18/12/2017
2017033363;2;2;1;3;4;640;18/12/2017
2017033364;5;2;1;2;6;640;19/12/2017
2017033365;1;2;1;1;3;640;19/12/2017
2017033366;5;2;1;1;3;640;26/12/2017
2017033367;2;2;1;2;6;640;28/12/2017
2017033368;2;2;1;1;7;640;08/01/2017
2017033369;1;1;1;1;4;640;09/01/2017
2017033370;1;2;1;1;1;640;12/01/2017
2017033371;1;1;1;1;3;640;12/01/2017
2017033372;1;2;1;1;6;640;25/01/2017
2017033373;1;2;1;1;3;640;26/01/2017
2017033374;1;2;1;1;1;640;27/01/2017
2017033375;1;2;1;2;3;640;06/02/2017
2017033376;3;2;1;1;5;640;13/02/2017
2017033377;1;2;1;6;1;640;28/02/2017
2017033378;1;2;1;1;1;640;02/03/2017
2017033379;1;1;1;1;3;640;09/03/2017
2017033380;1;2;1;1;1;640;16/03/2017
2017033381;1;1;1;1;3;640;17/03/2017
2017033382;1;1;1;1;3;640;04/04/2017
2017033383;1;2;1;1;6;640;07/04/2017
2017033384;5;2;1;1;3;640;07/04/2017
2017033385;1;2;1;1;3;640;08/04/2017
2017033386;1;2;1;1;4;640;12/04/2017
2017033387;1;2;1;1;2;640;18/04/2017
2017033388;5;2;1;1;1;640;21/04/2017
2017033389;1;2;1;1;6;640;21/04/2017
2017033390;1;1;1;1;3;640;24/04/2017
2017033391;1;1;1;1;2;640;24/04/2017
2017033392;3;1;1;1;1;640;26/04/2017
2017033393;1;1;1;1;4;640;27/04/2017
2017033394;1;2;1;1;1;640;07/05/2017
2017033395;1;2;1;1;1;640;10/05/2017
2017033396;1;2;1;1;3;640;16/05/2017
2017033397;1;1;1;1;3;640;05/06/2017
2017033398;1;1;1;1;2;640;07/06/2017
2017033399;1;1;1;1;2;640;07/06/2017
2017033400;2;2;1;1;5;640;10/06/2017
2017033401;1;2;1;1;2;640;14/06/2017
2017033402;1;2;1;1;4;640;16/06/2017
2017033403;1;2;1;1;6;640;20/06/2017
2017033404;1;2;4;1;3;640;22/06/2017
2017033405;1;1;1;1;2;640;25/06/2017
2017033406;1;2;3;1;3;640;27/06/2017
2017033407;1;2;1;1;4;640;03/07/2017
2017033408;1;2;1;1;2;640;05/07/2017
2017033409;1;2;1;1;6;640;12/07/2017
2017033410;1;2;1;1;3;640;13/07/2017
2017033411;1;2;1;1;3;640;16/07/2017
2017033412;1;2;1;1;2;640;17/07/2017
2017033413;1;2;1;1;2;640;17/07/2017
2017033414;1;2;1;1;3;640;22/07/2017
2017033415;1;2;1;1;3;640;23/07/2017
2017033416;1;2;1;1;3;640;01/08/2017
2017033417;1;1;1;1;3;640;02/08/2017
2017033418;1;2;1;1;3;640;02/08/2017
2017033419;1;2;1;1;6;640;03/08/2017
2017033420;1;2;1;1;2;640;04/08/2017
2017033421;1;2;1;9;2;640;06/08/2017
2017033422;1;2;3;2;3;640;09/08/2017
2017033423;1;2;1;2;2;640;10/08/2017
2017033424;1;2;1;1;2;640;11/08/2017
2017033425;1;2;1;1;3;640;12/08/2017
2017033426;1;2;1;1;6;640;14/08/2017
2017033427;1;2;1;1;2;640;16/08/2017
2017033428;1;2;1;1;3;640;16/08/2017
2017033429;1;2;1;1;2;640;19/08/2017
2017033430;1;2;1;1;5;640;20/08/2017
2017033431;1;2;1;1;3;640;22/08/2017
2017033432;1;2;1;1;3;640;23/08/2017
2017033433;1;2;1;1;3;640;26/08/2017
2017033434;1;1;1;1;3;640;26/08/2017
2017033435;1;2;1;1;1;640;29/08/2017
2017033436;1;1;1;8;2;640;31/08/2017
2017033437;1;2;1;1;2;640;05/09/2017
2017033438;1;2;1;1;2;640;09/09/2017
2017033439;1;1;1;1;2;640;12/09/2017
2017033440;1;1;1;1;4;640;20/09/2017
2017033441;1;1;1;1;6;640;23/09/2017
2017033442;1;1;1;1;3;640;26/09/2017
2017033443;1;2;1;1;3;640;27/09/2017
2017033444;1;1;1;1;2;640;27/09/2017
2017033445;1;2;1;1;3;640;28/09/2017
2017033446;1;2;1;1;6;640;28/09/2017
2017033447;5;1;1;1;3;640;03/10/2017
2017033448;1;1;1;1;6;640;08/10/2017
2017033449;1;1;1;1;3;640;10/10/2017
2017033450;1;2;1;1;2;640;13/10/2017
2017033451;1;2;1;1;2;640;26/10/2017
2017033452;1;1;1;1;3;640;01/11/2017
2017033453;1;1;1;1;3;640;02/11/2017
2017033454;3;2;1;1;6;640;13/11/2017
2017033455;1;2;1;1;3;640;16/11/2017
2017033456;1;2;1;1;6;640;22/11/2017
2017033457;1;2;1;1;4;640;22/11/2017
2017033458;1;2;1;1;1;640;24/11/2017
2017033459;1;2;1;1;6;640;05/12/2017
2017033460;1;2;1;1;3;640;07/12/2017
2017033461;5;1;1;2;6;640;19/12/2017
2017033462;1;2;1;1;3;640;21/12/2017
2017033463;5;1;1;1;1;640;22/12/2017
2017033464;5;1;1;2;1;640;26/12/2017
2017033465;1;2;1;1;6;650;09/01/2017
2017033466;1;2;1;1;4;650;31/01/2017
2017033467;5;2;8;1;6;650;14/02/2017
2017033468;1;2;3;1;3;650;22/02/2017
2017033469;1;1;1;1;2;650;24/02/2017
2017033470;1;2;1;2;6;650;12/03/2017
2017033471;1;2;1;1;3;650;16/03/2017
2017033472;1;2;1;1;4;650;26/03/2017
2017033473;1;2;1;1;6;650;28/03/2017
2017033474;1;2;3;1;2;650;28/03/2017
2017033475;1;2;1;1;6;650;07/04/2017
2017033476;1;2;1;1;1;650;18/04/2017
2017033477;1;2;4;1;6;650;07/05/2017
2017033478;1;2;3;1;6;650;08/05/2017
2017033479;1;1;1;2;2;650;02/05/2017
2017033480;1;2;1;1;6;650;17/05/2017
2017033481;1;1;1;1;3;650;27/05/2017
2017033482;1;2;3;1;2;650;18/06/2017
2017033483;1;2;1;2;6;650;24/06/2017
2017033484;1;2;1;3;6;650;30/06/2017
2017033485;1;2;2;2;3;650;10/07/2017
2017033486;1;2;7;1;6;650;11/07/2017
2017033487;1;2;1;1;1;650;17/07/2017
2017033488;1;2;1;1;6;650;20/07/2017
2017033489;1;2;3;1;6;650;28/07/2017
2017033490;1;2;1;1;4;650;21/08/2017
2017033491;1;2;1;1;4;650;20/08/2017
2017033492;1;1;3;1;3;650;22/08/2017
2017033493;1;2;6;1;6;650;26/09/2017
2017033494;1;2;1;1;3;650;04/10/2017
2017033495;1;2;1;1;6;650;08/10/2017
2017033496;1;2;2;1;1;650;08/10/2017
2017033497;1;2;2;1;3;650;30/10/2017
2017033498;2;2;1;1;6;650;20/12/2017
2017033499;1;2;2;1;1;650;01/01/2017
2017033500;1;1;2;1;3;650;11/01/2017
2017033501;1;2;3;1;6;650;29/01/2017
2017033502;1;2;3;1;3;650;09/02/2017
2017033503;1;2;1;1;6;650;11/02/2017
2017033504;1;2;7;1;6;650;14/02/2017
2017033505;1;2;1;1;6;650;15/02/2017
2017033506;1;2;3;1;6;650;18/02/2017
2017033507;1;2;1;1;6;650;03/03/2017
2017033508;1;2;3;1;3;650;29/03/2017
2017033509;1;2;2;3;3;650;01/04/2017
2017033510;1;2;1;1;3;650;04/04/2017
2017033511;1;1;1;1;1;650;10/04/2017
2017033512;1;2;1;1;6;650;10/04/2017
2017033513;1;2;1;1;6;650;11/04/2017
2017033514;1;2;1;1;6;650;12/04/2017
2017033515;5;2;1;1;2;650;15/04/2017
2017033516;1;2;1;1;3;650;24/04/2017
2017033517;1;2;1;1;5;650;26/04/2017
2017033518;1;1;1;2;1;650;02/05/2017
2017033519;1;2;1;1;6;650;06/05/2017
2017033520;1;2;2;1;3;650;12/05/2017
2017033521;1;2;2;1;3;650;17/06/2017
2017033522;1;2;1;1;6;650;17/06/2017
2017033523;1;2;1;1;3;650;21/06/2017
2017033524;1;2;2;1;6;650;22/06/2017
2017033525;1;2;1;1;6;650;03/07/2017
2017033526;1;2;1;1;3;650;03/07/2017
2017033527;1;2;2;1;3;650;05/07/2017
2017033528;1;1;1;1;3;650;14/07/2017
2017033529;1;2;2;2;3;650;21/07/2017
2017033530;1;2;2;1;3;650;03/08/2017
2017033531;3;1;1;2;6;650;06/08/2017
2017033532;1;2;2;1;5;650;21/08/2017
2017033533;1;1;1;1;1;650;28/08/2017
2017033534;1;2;1;1;6;650;04/09/2017
2017033535;1;2;1;1;6;650;08/09/2017
2017033536;3;1;1;1;7;650;24/09/2017
2017033537;1;2;1;1;6;650;28/09/2017
2017033538;1;2;6;1;6;650;04/10/2017
2017033539;2;2;1;1;3;650;24/10/2017
2017033540;5;2;1;1;2;650;01/11/2017
2017033541;3;2;3;2;3;650;11/11/2017
2017033542;1;1;3;1;3;650;15/11/2017
2017033543;1;2;6;1;6;650;21/11/2017
2017033544;1;2;1;1;6;650;24/11/2017
2017033545;2;2;1;1;6;650;30/11/2017
2017033546;1;2;1;7;6;650;05/12/2017
2017033547;2;2;6;2;3;650;08/12/2017
2017033548;2;2;3;2;3;650;08/12/2017
2017033549;1;2;3;2;6;650;15/12/2017
2017033550;1;1;1;2;4;650;18/12/2017
2017033551;1;2;2;1;3;650;25/12/2017
2017033552;3;1;1;1;3;90;13/01/2017
2017033553;3;1;1;3;7;90;01/04/2017
2017033554;1;1;1;1;7;90;08/04/2017
2017033555;1;1;1;1;6;90;28/04/2017
2017033556;1;1;1;1;1;90;16/05/2017
2017033557;2;1;1;1;7;90;02/06/2017
2017033558;1;1;1;1;3;90;22/06/2017
2017033559;3;2;1;1;7;90;17/07/2017
2017033560;1;1;1;1;2;90;19/07/2017
2017033561;1;2;9;8;2;90;01/10/2017
2017033562;3;1;1;1;7;90;09/10/2017
2017033563;5;1;1;1;3;90;19/12/2017
2017033564;1;1;1;3;1;730;25/04/2017
2017033565;1;2;1;1;3;730;17/06/2017
2017033566;1;1;1;1;6;730;09/08/2017
2017033567;1;1;2;1;3;730;09/10/2017
2017033568;1;2;1;1;6;660;05/01/2017