num_acc;lum;agg;inter;atm;col;dep;date
2017035303;1;2;1;2;6;720;10/07/2017
2017035304;5;2;2;2;3;720;23/07/2017
2017035305;1;2;6;1;3;720;25/07/2017
2017035306;1;2;2;1;3;720;03/08/2017
2017035307;1;2;1;2;6;720;09/08/2017
2017035308;1;2;3;1;3;720;09/08/2017
2017035309;1;2;1;1;6;720;24/08/2017
2017035310;1;2;1;1;2;720;29/08/2017
2017035311;1;2;1;1;3;720;06/09/2017
2017035312;1;2;1;1;6;720;11/09/2017
2017035313;2;2;1;1;3;720;12/09/2017
2017035314;1;2;2;1;3;720;15/09/2017
2017035315;1;2;3;5;3;720;16/09/2017
2017035316;5;2;2;2;3;720;29/09/2017
2017035317;5;2;1;2;6;720;30/09/2017
2017035318;5;2;1;2;6;720;02/10/2017
2017035319;1;2;3;1;5;720;26/09/2017
2017035320;1;2;1;1;6;720;05/10/2017
2017035321;1;2;3;1;6;720;06/10/2017
2017035322;1;2;1;1;6;720;07/10/2017
2017035323;2;2;4;1;3;720;10/10/2017
2017035324;1;2;3;1;3;720;13/10/2017
2017035325;1;1;1;1;2;720;14/10/2017
2017035326;1;2;1;1;6;720;17/10/2017
2017035327;1;2;1;2;6;720;18/10/2017
2017035328;2;2;1;2;6;720;18/10/2017
2017035329;1;2;6;1;3;720;18/10/2017
2017035330;3;1;1;2;3;720;19/10/2017
2017035331;5;2;1;1;6;720;27/10/2017
2017035332;1;2;1;1;6;720;22/10/2017
2017035333;1;2;3;1;3;720;30/10/2017
2017035334;5;2;6;1;3;720;31/10/2017
2017035335;1;2;1;1;6;720;02/11/2017
2017035336;5;2;1;2;3;720;05/11/2017
2017035337;1;1;1;1;6;720;07/11/2017
2017035338;1;2;1;1;6;720;10/11/2017
2017035339;1;2;1;3;6;720;12/11/2017
2017035340;1;2;1;1;7;720;12/11/2017
2017035341;1;2;1;1;3;720;13/11/2017
2017035342;5;2;2;1;3;720;13/11/2017
2017035343;1;2;3;1;2;720;14/11/2017
2017035344;5;2;1;1;3;720;15/11/2017
2017035345;5;2;1;1;5;720;17/11/2017
2017035346;5;2;1;1;6;720;18/11/2017
2017035347;1;2;1;1;6;720;27/11/2017
2017035348;1;2;3;1;3;720;27/11/2017
2017035349;3;1;1;1;2;720;27/11/2017
2017035350;1;2;1;1;6;720;28/11/2017
2017035351;1;2;1;1;6;720;28/11/2017
2017035352;1;2;3;1;3;720;05/12/2017
2017035353;5;2;1;3;6;720;07/12/2017
2017035354;5;1;1;1;4;720;16/12/2017
2017035355;3;1;1;1;6;720;25/12/2017
2017035356;1;2;1;1;6;720;28/12/2017
2017035357;1;1;1;1;6;380;24/06/2017
2017035358;1;1;3;1;3;130;05/07/2017
2017035359;1;1;1;1;6;830;11/05/2017
2017035360;1;1;1;1;6;110;06/05/2017
2017035361;1;2;2;1;5;110;07/09/2017
2017035362;1;1;1;1;2;120;03/07/2017
2017035363;1;1;1;1;2;650;04/04/2017
2017035364;1;2;1;1;6;370;19/12/2017
2017035365;1;1;1;9;6;370;06/06/2017
2017035366;1;1;1;1;6;370;25/06/2017
2017035367;1;1;1;2;1;370;01/07/2017
2017035368;1;1;1;1;6;370;11/08/2017
2017035369;1;1;1;1;6;370;22/11/2017
2017035370;2;1;1;1;2;370;24/11/2017
2017035371;5;2;2;3;6;370;28/11/2017
2017035372;1;2;1;8;6;370;11/12/2017
2017035373;1;1;1;8;6;370;22/12/2017
2017035374;1;1;1;1;2;370;24/12/2017
2017035375;3;2;1;2;1;370;30/12/2017
2017035376;1;2;1;1;6;730;15/12/2017
2017035377;1;2;8;1;3;730;11/01/2017
2017035378;2;2;1;1;3;730;23/02/2017
2017035379;1;2;1;1;1;730;24/03/2017
2017035380;5;2;1;1;7;730;24/03/2017
2017035381;1;2;2;1;6;730;21/05/2017
2017035382;1;2;1;1;6;730;30/05/2017
2017035383;5;2;1;1;7;730;24/06/2017
2017035384;1;2;1;1;6;730;27/06/2017
2017035385;1;2;1;1;6;730;07/06/2017
2017035386;5;2;3;1;3;730;07/08/2017
2017035387;1;2;4;1;3;730;28/08/2017
2017035388;1;2;2;1;7;730;22/09/2017
2017035389;1;2;1;1;6;730;22/09/2017
2017035390;5;2;1;2;6;730;28/11/2017
2017035391;5;2;1;4;2;730;10/01/2017
2017035392;1;2;1;1;1;730;11/02/2017
2017035393;1;2;1;1;6;730;13/04/2017
2017035394;1;2;1;1;5;730;13/04/2017
2017035395;1;2;1;1;3;730;19/05/2017
2017035396;1;2;1;1;3;730;20/05/2017
2017035397;3;1;1;1;1;730;05/07/2017
2017035398;5;2;1;1;6;730;15/07/2017
2017035399;1;2;1;1;7;730;21/08/2017
2017035400;1;1;1;1;1;730;26/08/2017
2017035401;1;2;1;1;6;730;13/09/2017
2017035402;1;2;6;1;6;730;15/10/2017
2017035403;1;2;1;1;2;730;28/10/2017
2017035404;5;2;2;1;3;730;07/12/2017
2017035405;5;2;1;3;6;730;11/12/2017
2017035406;3;1;1;1;2;730;02/02/2017
2017035407;3;1;1;1;6;730;23/12/2017
2017035408;1;1;1;2;1;730;27/12/2017
2017035409;1;2;1;1;6;730;15/02/2017
2017035410;4;2;3;3;6;730;27/12/2017
2017035411;1;2;7;1;6;730;04/03/2017
2017035412;5;2;3;4;1;730;27/12/2017
2017035413;1;2;1;1;6;730;10/03/2017
2017035414;5;2;2;1;7;730;31/12/2017
2017035415;1;1;1;1;4;730;11/03/2017
2017035416;1;1;1;1;1;730;13/03/2017
2017035417;1;2;1;1;2;730;19/03/2017
2017035418;2;2;1;1;6;730;06/03/2017
2017035419;5;1;9;2;3;730;14/01/2017
2017035420;3;1;2;1;6;730;15/01/2017
2017035421;1;2;1;1;3;730;20/01/2017
2017035422;2;2;1;1;6;730;13/01/2017
2017035423;1;2;1;8;1;730;25/03/2017
2017035424;1;2;1;1;6;730;11/01/2017
2017035425;5;2;2;1;3;730;03/04/2017
2017035426;2;2;2;1;6;730;08/04/2017
2017035427;1;2;1;1;4;730;16/02/2017
2017035428;1;2;3;1;6;730;18/05/2017
2017035429;1;1;1;3;6;730;06/06/2017
2017035430;1;2;4;1;3;730;30/05/2017
2017035431;1;2;1;1;6;730;30/03/2017
2017035432;1;2;6;7;3;730;12/04/2017
2017035433;1;2;3;1;1;730;14/04/2017
2017035434;1;2;1;1;3;730;14/04/2017
2017035435;1;2;1;1;6;730;19/04/2017
2017035436;1;2;1;1;6;730;19/04/2017
2017035437;1;2;1;1;3;730;23/04/2017
2017035438;1;2;4;1;6;730;24/04/2017
2017035439;1;2;6;8;3;730;27/04/2017
2017035440;1;2;1;8;1;730;10/05/2017
2017035441;1;2;3;1;1;730;01/05/2017
2017035442;5;2;1;1;6;730;17/05/2017
2017035443;1;2;6;1;7;730;20/06/2017
2017035444;1;2;1;7;6;730;27/06/2017
2017035445;2;2;6;1;3;730;13/06/2017
2017035446;4;2;2;1;3;730;14/06/2017
2017035447;2;1;1;1;6;730;15/06/2017
2017035448;1;2;1;1;2;730;16/06/2017
2017035449;4;1;1;1;3;730;18/06/2017
2017035450;1;2;6;7;3;730;27/06/2017
2017035451;5;2;7;1;3;730;23/06/2017
2017035452;5;2;1;1;6;730;07/07/2017
2017035453;1;2;1;7;6;730;17/07/2017
2017035454;1;2;2;1;2;730;18/07/2017
2017035455;1;1;1;1;2;730;03/09/2017
2017035456;1;2;1;1;3;730;25/08/2017
2017035457;5;2;1;1;6;730;25/08/2017
2017035458;1;2;1;1;6;730;26/08/2017
2017035459;2;2;1;1;6;730;01/10/2017
2017035460;1;1;1;1;3;730;13/09/2017
2017035461;5;2;6;1;6;730;15/09/2017
2017035462;1;1;2;1;3;730;26/09/2017
2017035463;1;2;6;1;6;730;05/10/2017
2017035464;1;2;1;1;3;730;13/10/2017
2017035465;4;1;1;1;3;730;13/10/2017
2017035466;1;2;6;1;2;730;14/10/2017
2017035467;1;2;6;1;3;730;14/10/2017
2017035468;1;2;1;1;3;730;17/10/2017
2017035469;1;2;1;1;3;730;18/10/2017
2017035470;1;2;6;1;6;730;25/10/2017
2017035471;1;2;2;1;3;730;18/10/2017
2017035472;5;2;1;1;6;730;18/11/2017
2017035473;1;2;6;1;3;730;11/11/2017
2017035474;5;1;1;1;2;730;14/11/2017
2017035475;5;2;6;1;3;730;15/11/2017
2017035476;5;2;2;1;3;730;27/11/2017
2017035477;5;2;4;2;1;730;12/11/2017
2017035478;5;2;4;2;6;730;04/12/2017
2017035479;5;2;4;1;6;740;21/01/2017
2017035480;1;2;1;7;6;740;20/01/2017
2017035481;5;2;4;1;3;740;21/01/2017
2017035482;5;2;2;1;3;740;23/09/2017
2017035483;5;2;3;8;1;740;27/01/2017
2017035484;1;2;1;1;6;740;27/01/2017
2017035485;5;2;3;1;6;740;31/01/2017
2017035486;2;2;1;3;6;740;07/02/2017
2017035487;3;1;1;2;7;740;07/02/2017
2017035488;5;2;2;1;3;740;11/02/2017
2017035489;1;1;1;1;2;740;16/02/2017
2017035490;2;2;3;1;6;740;24/02/2017
2017035491;1;2;6;3;6;740;08/03/2017
2017035492;2;2;3;1;6;740;10/03/2017
2017035493;1;2;6;1;3;740;09/03/2017
2017035494;1;2;1;1;3;740;14/03/2017
2017035495;1;2;1;1;3;740;18/03/2017
2017035496;1;2;1;1;6;740;13/03/2017
2017035497;1;2;1;1;6;740;19/03/2017
2017035498;1;2;1;1;4;740;23/03/2017
2017035499;1;2;3;1;2;740;14/03/2017
2017035500;1;2;1;1;6;740;21/03/2017
2017035501;1;2;1;1;3;740;16/03/2017
2017035502;1;2;1;1;6;740;28/03/2017
2017035503;1;2;1;1;6;740;29/03/2017
2017035504;1;2;1;1;6;740;01/04/2017
2017035505;1;2;1;2;2;740;01/04/2017
2017035506;5;2;2;1;3;740;24/02/2017
2017035507;1;2;6;1;3;740;28/03/2017
2017035508;1;2;1;1;5;740;05/04/2017
2017035509;1;2;1;1;2;740;05/04/2017
2017035510;1;2;2;1;6;740;30/03/2017
2017035511;1;2;1;1;6;740;11/04/2017
2017035512;1;1;1;1;1;740;17/04/2017
2017035513;1;2;1;1;3;740;22/03/2017
2017035514;1;2;1;1;6;740;14/04/2017
2017035515;1;2;1;1;6;740;03/04/2017
2017035516;1;2;6;1;6;740;22/04/2017
2017035517;1;2;1;1;2;740;23/04/2017
2017035518;1;2;1;1;6;740;20/04/2017
2017035519;1;2;1;1;6;740;02/04/2017
2017035520;1;2;2;1;3;740;25/04/2017
2017035521;1;2;4;1;6;740;05/04/2017
2017035522;1;2;1;1;2;740;03/05/2017
2017035523;1;2;6;1;7;740;09/05/2017
2017035524;1;2;1;1;6;740;28/04/2017
2017035525;1;2;1;1;2;740;13/05/2017
2017035526;1;2;2;1;3;740;14/05/2017
2017035527;5;2;2;1;3;740;16/03/2017
2017035528;1;2;3;1;3;740;30/03/2017
2017035529;5;2;3;2;6;740;07/05/2017
2017035530;1;2;1;1;2;740;21/05/2017
2017035531;1;2;6;1;2;740;22/05/2017
2017035532;1;2;3;1;6;740;23/05/2017
2017035533;1;2;6;1;3;740;27/05/2017
2017035534;1;1;3;1;1;740;27/05/2017
2017035535;1;2;1;1;2;740;01/06/2017
2017035536;1;2;1;1;3;740;08/06/2017
2017035537;1;2;1;1;6;740;10/06/2017
2017035538;1;2;1;1;6;740;09/06/2017
2017035539;1;2;1;1;6;740;12/06/2017
2017035540;1;2;1;1;6;740;12/06/2017
2017035541;1;2;1;1;2;740;13/06/2017
2017035542;1;2;1;1;6;740;13/06/2017
2017035543;1;2;3;1;2;740;20/06/2017
2017035544;1;2;3;1;6;740;28/04/2017
2017035545;1;2;6;1;2;740;21/06/2017
2017035546;1;2;1;1;4;740;22/06/2017
2017035547;1;2;3;1;6;740;22/06/2017
2017035548;5;2;3;1;3;740;29/03/2017
2017035549;2;2;1;1;3;740;13/05/2017
2017035550;1;2;1;1;3;740;29/04/2017
2017035551;1;2;3;1;3;740;26/05/2017
2017035552;1;2;1;2;7;740;28/06/2017
2017035553;1;2;1;1;2;740;24/06/2017
2017035554;1;2;1;3;6;740;01/07/2017
2017035555;1;1;1;1;2;740;03/07/2017
2017035556;1;2;1;1;2;740;04/07/2017
2017035557;1;2;1;1;6;740;24/05/2017
2017035558;1;2;1;1;3;740;04/07/2017
2017035559;1;2;4;1;6;740;28/05/2017
2017035560;1;2;1;1;6;740;07/07/2017
2017035561;1;2;4;2;3;740;09/07/2017
2017035562;1;2;1;1;6;740;07/07/2017
2017035563;1;2;1;1;1;740;12/07/2017
2017035564;1;2;1;1;2;740;08/07/2017
2017035565;1;2;2;1;6;740;11/07/2017
2017035566;1;2;2;1;1;740;14/07/2017
2017035567;1;2;3;3;3;740;10/07/2017
2017035568;1;2;3;1;3;740;15/07/2017
2017035569;1;2;1;1;4;740;17/07/2017
2017035570;1;2;1;1;6;740;13/07/2017
2017035571;1;2;1;2;3;740;24/07/2017
2017035572;1;2;6;8;3;740;31/07/2017
2017035573;1;2;1;1;2;740;04/08/2017
2017035574;1;2;1;1;6;740;04/08/2017
2017035575;1;2;1;1;6;740;15/07/2017
2017035576;1;2;1;1;2;740;13/08/2017
2017035577;1;2;2;1;3;740;05/08/2017
2017035578;1;2;1;1;2;740;18/08/2017
2017035579;1;1;1;3;2;740;18/08/2017
2017035580;1;2;1;1;2;740;20/08/2017
2017035581;1;2;7;1;2;740;22/08/2017
2017035582;1;2;2;1;6;740;19/08/2017
2017035583;1;2;4;1;3;740;23/08/2017
2017035584;1;2;1;1;2;740;28/08/2017
2017035585;1;2;3;1;3;740;29/08/2017
2017035586;1;2;2;2;7;740;31/08/2017
2017035587;1;2;1;1;6;740;30/08/2017
2017035588;1;2;3;1;3;740;07/09/2017
2017035589;1;2;1;2;6;740;09/09/2017
2017035590;1;2;1;1;3;740;10/09/2017
2017035591;1;2;1;1;2;740;13/09/2017
2017035592;1;2;1;3;3;740;02/09/2017
2017035593;1;2;1;1;3;740;15/09/2017
2017035594;1;1;1;1;2;740;13/09/2017
2017035595;1;2;1;1;4;740;18/09/2017
2017035596;2;2;1;1;1;740;20/09/2017
2017035597;1;2;2;1;2;740;21/09/2017
2017035598;1;1;6;2;3;740;31/08/2017
2017035599;1;2;1;1;4;740;22/09/2017
2017035600;5;2;3;2;3;740;31/08/2017
2017035601;1;2;1;1;6;740;20/09/2017
2017035602;1;2;2;1;3;740;22/09/2017
2017035603;1;2;1;1;7;740;23/09/2017
2017035604;1;2;3;1;3;740;24/09/2017
2017035605;1;2;4;1;3;740;26/09/2017
2017035606;1;2;1;2;6;740;03/10/2017
2017035607;1;2;6;7;6;740;05/10/2017
2017035608;5;2;6;1;7;740;06/10/2017
2017035609;5;2;1;1;2;740;08/07/2017
2017035610;5;2;1;1;2;740;27/09/2017
2017035611;1;2;3;1;3;740;13/10/2017
2017035612;5;2;1;1;6;740;14/10/2017
2017035613;1;2;3;1;3;740;17/10/2017
2017035614;1;2;1;1;6;740;19/10/2017
2017035615;1;2;2;1;1;740;20/10/2017
2017035616;1;2;6;1;6;740;21/10/2017
2017035617;1;2;1;1;2;740;25/10/2017
2017035618;5;2;2;1;6;740;23/10/2017
2017035619;1;1;3;1;3;740;28/10/2017
2017035620;5;2;4;1;3;740;02/11/2017
2017035621;1;2;6;1;3;740;07/11/2017
2017035622;1;2;1;1;3;740;10/11/2017
2017035623;5;2;6;2;3;740;10/11/2017
2017035624;1;2;1;7;6;740;13/11/2017
2017035625;5;2;4;1;6;740;13/11/2017
2017035626;1;2;2;1;6;740;17/11/2017
2017035627;5;2;3;1;2;740;05/11/2017
2017035628;5;2;1;1;6;740;17/11/2017
2017035629;5;2;3;1;3;740;21/11/2017
2017035630;5;2;1;1;4;740;27/11/2017
2017035631;5;2;4;1;6;740;05/12/2017
2017035632;5;2;1;1;1;740;07/12/2017
2017035633;1;2;1;4;6;740;09/12/2017
2017035634;5;2;1;3;6;740;11/12/2017
2017035635;5;2;1;1;2;740;15/12/2017
2017035636;1;2;1;4;6;740;18/12/2017
2017035637;5;2;2;8;6;740;18/12/2017
2017035638;1;2;1;1;4;740;19/12/2017
2017035639;1;2;3;1;3;740;21/12/2017
2017035640;1;2;1;2;6;740;26/12/2017
2017035641;1;2;1;2;1;740;26/12/2017
2017035642;5;2;1;1;3;740;31/12/2017
2017035643;3;2;1;4;6;740;22/01/2017
2017035644;5;2;3;1;3;740;02/03/2017
2017035645;1;2;1;2;3;740;06/03/2017
2017035646;1;2;2;2;3;740;04/03/2017
2017035647;1;2;3;1;1;740;16/03/2017
2017035648;1;2;6;1;3;740;07/04/2017
2017035649;1;2;1;1;6;740;24/05/2017
2017035650;1;2;6;1;7;740;20/12/2017
2017035651;1;2;3;1;6;740;12/05/2017
2017035652;3;2;1;1;6;740;18/06/2017
2017035653;5;2;9;2;2;740;30/06/2017
2017035654;1;2;4;1;3;740;03/07/2017
2017035655;1;2;3;1;5;740;27/07/2017
2017035656;1;2;3;1;3;740;12/07/2017
2017035657;1;2;1;2;6;740;31/08/2017
2017035658;1;2;1;2;3;740;01/09/2017
2017035659;1;2;1;1;3;740;03/08/2017
2017035660;1;2;3;1;3;740;21/09/2017
2017035661;1;2;3;1;2;740;23/09/2017
2017035662;1;2;1;1;6;740;02/10/2017
2017035663;5;2;1;1;6;740;23/10/2017
2017035664;5;2;1;1;6;740;15/10/2017
2017035665;5;2;3;1;6;740;29/09/2017
2017035666;2;2;1;8;3;740;02/11/2017
2017035667;1;2;1;1;2;740;21/10/2017
2017035668;5;2;1;2;6;740;08/11/2017
2017035669;1;2;4;1;3;740;09/11/2017
2017035670;5;2;3;3;3;740;21/10/2017
2017035671;5;2;1;1;6;740;08/11/2017
2017035672;1;2;1;1;3;740;15/11/2017
2017035673;1;2;1;1;6;740;15/11/2017
2017035674;1;2;3;1;3;740;13/11/2017
2017035675;1;2;2;1;3;740;02/11/2017
2017035676;1;2;3;1;3;740;20/11/2017
2017035677;5;2;2;1;2;740;22/11/2017
2017035678;3;2;1;1;6;740;10/11/2017
2017035679;2;2;1;1;2;740;20/11/2017
2017035680;2;2;6;1;3;740;28/11/2017
2017035681;1;2;1;9;5;740;30/11/2017
2017035682;2;2;1;1;1;740;04/12/2017
2017035683;1;2;2;1;3;740;05/12/2017
2017035684;1;2;3;1;3;740;05/12/2017
2017035685;5;2;3;1;3;740;04/12/2017
2017035686;5;2;6;2;6;740;11/12/2017
2017035687;1;2;2;4;6;740;12/12/2017
2017035688;1;2;1;8;4;740;12/12/2017
2017035689;5;2;2;1;1;740;12/12/2017
2017035690;1;2;3;1;3;740;23/11/2017
2017035691;5;2;1;2;3;740;08/12/2017
2017035692;1;2;2;2;3;740;27/12/2017
2017035693;1;2;3;1;3;740;29/01/2017
2017035694;1;2;1;1;6;740;15/03/2017
2017035695;1;2;1;1;3;740;21/03/2017
2017035696;1;2;4;1;3;740;30/03/2017
2017035697;1;2;3;1;3;740;07/04/2017
2017035698;1;2;1;1;6;740;14/06/2017
2017035699;1;2;1;1;6;740;24/06/2017
2017035700;1;2;3;1;3;740;23/06/2017
2017035701;1;2;1;1;4;740;28/06/2017
2017035702;1;2;2;1;3;740;28/06/2017
2017035703;2;2;1;8;7;740;09/07/2017
2017035704;1;2;1;1;6;740;05/07/2017
2017035705;1;2;8;1;6;740;11/07/2017
2017035706;1;2;3;1;3;740;18/07/2017
2017035707;1;2;3;1;2;740;07/08/2017
2017035708;1;2;9;1;6;740;10/08/2017
2017035709;1;2;1;1;1;740;04/09/2017
2017035710;5;2;3;1;3;740;15/08/2017
2017035711;5;2;1;1;2;740;21/07/2017
2017035712;2;2;1;1;3;740;15/09/2017
2017035713;5;2;1;1;3;740;02/11/2017
2017035714;3;2;3;2;6;760;22/02/2017
2017035715;1;2;1;1;1;760;02/03/2017
2017035716;2;1;1;1;6;760;05/04/2017
2017035717;5;2;1;8;6;760;02/05/2017
2017035718;1;2;1;1;6;760;08/05/2017
2017035719;1;1;1;1;7;760;08/08/2017
2017035720;3;1;1;1;7;760;18/08/2017
2017035721;1;2;6;8;6;760;09/10/2017
2017035722;1;2;4;2;6;760;07/01/2017
2017035723;5;2;6;1;2;760;25/12/2017
2017035724;2;1;3;1;2;760;10/01/2017
2017035725;5;2;1;1;6;760;19/01/2017
2017035726;1;2;1;1;6;760;21/01/2017
2017035727;3;1;1;5;3;760;16/02/2017
2017035728;1;2;1;1;6;760;15/02/2017
2017035729;1;2;1;1;2;760;28/02/2017
2017035730;1;2;1;1;7;760;16/03/2017
2017035731;1;2;6;1;3;760;06/04/2017
2017035732;1;2;1;1;6;760;05/05/2017
2017035733;1;1;1;1;1;760;06/05/2017
2017035734;1;2;1;1;3;760;26/05/2017
2017035735;1;2;1;1;6;760;28/05/2017
2017035736;1;1;1;1;2;760;28/05/2017
2017035737;1;1;1;1;3;760;18/07/2017
2017035738;1;1;1;8;1;760;05/07/2017
2017035739;1;1;1;1;3;760;06/07/2017
2017035740;3;1;1;1;6;760;15/07/2017
2017035741;1;2;3;1;6;760;19/07/2017
2017035742;1;1;1;1;6;760;19/07/2017
2017035743;1;2;1;1;6;760;09/07/2017
2017035744;3;1;1;1;7;760;05/08/2017
2017035745;5;2;1;1;2;760;15/08/2017
2017035746;1;1;1;8;6;760;16/08/2017
2017035747;1;1;2;1;2;760;16/08/2017
2017035748;1;2;1;1;2;760;02/09/2017
2017035749;3;1;1;2;1;760;03/09/2017
2017035750;1;2;1;1;6;760;05/09/2017
2017035751;1;1;1;1;6;760;07/09/2017
2017035752;2;1;3;2;3;760;08/09/2017
2017035753;1;1;1;2;6;760;12/09/2017
2017035754;1;2;6;1;2;760;27/10/2017
2017035755;1;1;1;2;6;760;28/09/2017
2017035756;1;2;3;1;6;760;29/09/2017
2017035757;1;2;1;1;2;760;13/10/2017
2017035758;5;2;7;1;6;760;02/11/2017
2017035759;1;2;1;1;6;760;06/11/2017
2017035760;5;2;1;1;6;760;06/11/2017
2017035761;1;2;2;1;6;760;06/11/2017
2017035762;1;1;1;1;2;760;17/11/2017
2017035763;2;1;1;2;2;760;20/11/2017
2017035764;1;2;3;1;3;760;22/11/2017
2017035765;5;2;1;3;6;760;24/11/2017
2017035766;1;2;1;1;7;760;24/12/2017
2017035767;1;2;1;2;2;760;29/12/2017
2017035768;1;2;3;1;3;760;02/01/2017
2017035769;1;2;1;8;6;760;13/04/2017
2017035770;5;2;1;1;2;760;20/06/2017
2017035771;1;2;3;7;3;760;06/08/2017
2017035772;1;1;1;1;7;760;05/07/2017
2017035773;5;2;2;1;6;760;13/10/2017
2017035774;5;2;9;1;6;760;02/11/2017
2017035775;5;2;9;1;3;760;18/11/2017
2017035776;1;2;1;1;6;760;16/12/2017
2017035777;1;2;1;1;6;760;19/12/2017
2017035778;2;2;1;8;6;760;15/12/2017
2017035779;3;1;2;2;6;760;31/12/2017
2017035780;5;2;1;2;2;760;07/01/2017
2017035781;1;1;2;1;3;760;06/01/2017
2017035782;2;2;3;2;6;760;09/01/2017
2017035783;5;2;2;1;6;760;07/01/2017
2017035784;1;2;1;2;6;760;14/01/2017
2017035785;5;2;3;1;6;760;14/01/2017
2017035786;5;2;2;2;2;760;14/01/2017
2017035787;2;1;1;1;6;760;14/01/2017
2017035788;5;2;3;2;3;760;01/12/2017
2017035789;1;2;3;1;3;760;05/01/2017
2017035790;1;2;1;1;7;760;18/01/2017
2017035791;1;2;1;1;2;760;20/01/2017
2017035792;1;2;3;1;2;760;21/01/2017
2017035793;3;1;1;1;2;760;21/01/2017
2017035794;3;1;1;1;6;760;23/01/2017
2017035795;1;2;1;1;2;760;26/01/2017
2017035796;5;1;3;1;3;760;27/01/2017
2017035797;5;2;1;2;3;760;21/12/2017
2017035798;1;2;1;1;6;760;31/01/2017
2017035799;5;2;3;1;7;760;06/02/2017
2017035800;1;2;2;1;3;760;23/01/2017
2017035801;1;2;3;1;2;760;09/02/2017
2017035802;2;2;3;1;2;760;09/02/2017
2017035803;1;2;1;1;2;760;14/02/2017
2017035804;1;2;1;1;6;760;19/02/2017
2017035805;1;2;3;1;7;760;19/02/2017
2017035806;1;2;2;2;3;760;22/02/2017
2017035807;5;2;3;1;3;760;23/02/2017
2017035808;1;2;3;1;6;760;23/02/2017
2017035809;1;2;3;1;3;760;25/02/2017
2017035810;5;2;2;1;3;760;26/02/2017
2017035811;2;2;1;2;6;760;28/02/2017
2017035812;5;2;1;1;1;760;01/03/2017
2017035813;1;2;2;1;4;760;25/02/2017
2017035814;5;2;3;1;7;760;02/03/2017
2017035815;5;2;2;3;3;760;05/03/2017
2017035816;1;2;1;2;7;760;08/03/2017
2017035817;1;1;1;1;6;760;11/03/2017
2017035818;1;2;6;2;3;760;28/02/2017
2017035819;3;1;6;1;7;760;24/02/2017
2017035820;3;1;1;1;6;760;14/03/2017
2017035821;1;2;1;1;6;760;14/03/2017
2017035822;3;2;1;2;1;760;19/03/2017
2017035823;1;2;1;1;6;760;16/02/2017
2017035824;5;2;2;2;3;760;22/03/2017
2017035825;1;1;3;1;3;760;23/03/2017
2017035826;1;2;1;1;7;760;25/03/2017
2017035827;5;2;1;1;6;760;01/04/2017
2017035828;1;2;1;1;2;760;04/04/2017
2017035829;1;2;1;1;6;760;05/04/2017
2017035830;1;2;2;1;1;760;03/04/2017
2017035831;1;2;1;1;1;760;03/04/2017
2017035832;1;2;2;1;3;760;06/04/2017
2017035833;1;2;1;1;1;760;08/04/2017
2017035834;5;2;2;1;3;760;08/04/2017
2017035835;1;2;3;1;4;760;11/04/2017
2017035836;1;2;6;1;6;760;06/04/2017
2017035837;1;2;1;1;7;760;16/04/2017
2017035838;1;2;2;1;3;760;16/04/2017
2017035839;1;1;1;1;5;760;12/04/2017
2017035840;1;2;2;1;3;760;18/04/2017
2017035841;1;2;1;1;6;760;16/04/2017
2017035842;1;2;1;1;6;760;18/04/2017
2017035843;5;2;1;1;2;760;18/04/2017
2017035844;1;1;1;1;6;760;20/04/2017
2017035845;1;2;3;1;2;760;06/03/2017
2017035846;1;1;2;1;3;760;21/04/2017
2017035847;1;2;2;1;3;760;21/04/2017
2017035848;1;2;1;1;6;760;21/04/2017
2017035849;1;2;1;1;6;760;28/04/2017
2017035850;1;2;2;1;6;760;12/05/2017
2017035851;1;1;1;1;6;760;07/05/2017
2017035852;1;2;1;1;6;760;17/05/2017
2017035853;1;2;3;1;3;760;17/05/2017
2017035854;1;1;6;1;2;760;17/05/2017
2017035855;5;2;6;1;6;760;18/05/2017
2017035856;1;1;1;1;6;760;20/05/2017
2017035857;1;1;1;2;6;760;19/05/2017
2017035858;1;2;1;1;6;760;20/05/2017
2017035859;2;2;2;1;3;760;22/05/2017
2017035860;1;2;2;1;3;760;29/05/2017
2017035861;5;2;1;2;7;760;29/05/2017
2017035862;1;1;6;1;6;760;30/05/2017
2017035863;1;2;2;1;3;760;26/05/2017
2017035864;1;2;2;1;2;760;02/06/2017
2017035865;1;2;4;1;1;760;07/06/2017
2017035866;1;2;3;1;3;760;08/06/2017
2017035867;1;2;1;1;6;760;09/06/2017
2017035868;1;2;1;1;6;760;07/06/2017
2017035869;5;2;2;1;7;760;12/06/2017
2017035870;1;2;1;1;6;760;13/06/2017
2017035871;1;2;1;1;6;760;11/06/2017
2017035872;1;2;2;1;6;760;07/06/2017
2017035873;5;2;2;1;3;760;14/06/2017
2017035874;5;1;6;1;6;760;26/06/2017
2017035875;1;2;2;1;3;760;02/07/2017
2017035876;1;2;4;1;6;760;03/07/2017
2017035877;5;2;1;3;6;760;02/07/2017
2017035878;1;2;1;1;6;760;04/07/2017
2017035879;1;2;2;1;3;760;05/07/2017