num_acc;lum;agg;inter;atm;col;dep;date
2017036457;1;2;1;1;6;770;02/06/2017
2017036458;1;2;1;1;6;770;08/06/2017
2017036459;1;2;3;1;6;770;15/06/2017
2017036460;1;2;1;1;6;770;04/07/2017
2017036461;5;2;1;1;6;770;15/07/2017
2017036462;1;2;1;1;7;770;31/08/2017
2017036463;1;2;2;1;3;770;05/09/2017
2017036464;3;1;1;1;6;770;01/10/2017
2017036465;1;2;6;1;3;770;29/10/2017
2017036466;1;1;9;1;2;770;31/10/2017
2017036467;5;2;2;1;3;770;01/11/2017
2017036468;1;2;2;1;6;770;18/11/2017
2017036469;4;2;3;1;6;770;18/11/2017
2017036470;5;2;6;2;6;770;27/11/2017
2017036471;5;2;2;2;2;770;12/12/2017
2017036472;5;2;1;1;6;770;16/12/2017
2017036473;1;2;3;5;3;770;17/12/2017
2017036474;2;2;6;1;6;770;28/12/2017
2017036475;2;2;1;2;6;770;31/12/2017
2017036476;1;2;1;2;6;770;13/01/2017
2017036477;5;2;9;2;6;770;03/02/2017
2017036478;1;1;1;1;7;770;19/02/2017
2017036479;1;2;1;1;6;770;10/03/2017
2017036480;1;1;1;1;4;770;27/03/2017
2017036481;1;2;1;1;3;770;04/04/2017
2017036482;1;2;1;1;3;770;09/04/2017
2017036483;3;1;1;1;2;770;22/04/2017
2017036484;2;1;1;2;6;770;08/05/2017
2017036485;1;2;6;1;1;770;22/05/2017
2017036486;1;2;1;1;2;770;21/05/2017
2017036487;1;1;1;1;6;770;20/05/2017
2017036488;1;2;1;1;6;770;25/05/2017
2017036489;1;2;1;1;6;770;11/05/2017
2017036490;1;2;2;1;3;770;03/06/2017
2017036491;3;1;1;1;7;770;12/06/2017
2017036492;1;2;5;1;6;770;12/06/2017
2017036493;5;2;6;1;3;770;15/06/2017
2017036494;1;1;1;1;3;770;15/06/2017
2017036495;1;2;1;7;3;770;17/06/2017
2017036496;1;2;4;2;2;770;30/06/2017
2017036497;1;2;3;8;6;770;30/06/2017
2017036498;1;2;1;1;6;770;01/07/2017
2017036499;1;2;1;1;6;770;06/07/2017
2017036500;1;2;1;1;1;770;02/07/2017
2017036501;1;2;1;9;6;770;09/04/2017
2017036502;1;2;1;1;6;770;25/04/2017
2017036503;1;1;1;3;2;770;30/06/2017
2017036504;1;2;1;1;6;770;03/08/2017
2017036505;1;1;1;2;6;770;09/08/2017
2017036506;1;2;1;1;6;770;11/08/2017
2017036507;1;1;1;1;6;770;12/08/2017
2017036508;1;1;1;1;1;770;12/08/2017
2017036509;1;2;9;1;6;770;17/09/2017
2017036510;2;2;1;8;6;770;19/09/2017
2017036511;1;1;1;1;4;770;20/09/2017
2017036512;1;1;9;1;3;770;27/09/2017
2017036513;1;2;5;1;3;770;05/10/2017
2017036514;1;2;1;3;6;770;05/10/2017
2017036515;1;2;1;1;6;770;17/10/2017
2017036516;1;2;4;1;3;770;19/10/2017
2017036517;1;1;1;1;1;770;25/10/2017
2017036518;1;1;1;1;6;770;31/10/2017
2017036519;1;1;1;1;2;770;27/10/2017
2017036520;2;2;1;1;2;770;07/11/2017
2017036521;5;2;6;1;2;770;09/11/2017
2017036522;5;2;1;2;2;770;11/11/2017
2017036523;5;2;1;8;6;770;23/11/2017
2017036524;3;1;1;8;7;770;09/12/2017
2017036525;3;1;1;2;5;770;09/12/2017
2017036526;1;1;1;1;1;770;23/12/2017
2017036527;5;2;1;2;6;770;27/12/2017
2017036528;3;1;6;8;7;770;04/01/2017
2017036529;1;2;1;1;6;770;07/03/2017
2017036530;3;1;1;1;6;770;29/03/2017
2017036531;1;2;1;1;6;770;06/04/2017
2017036532;1;2;7;1;6;770;27/04/2017
2017036533;5;2;1;1;6;770;15/12/2017
2017036534;3;1;1;2;3;770;03/02/2017
2017036535;1;1;1;1;3;770;22/08/2017
2017036536;1;2;1;2;1;770;12/02/2017
2017036537;5;1;9;2;1;770;04/03/2017
2017036538;3;1;1;1;5;770;20/10/2017
2017036539;1;2;1;2;7;770;03/12/2017
2017036540;1;1;1;1;2;770;20/03/2017
2017036541;1;1;1;1;1;770;20/03/2017
2017036542;1;1;4;8;1;770;10/12/2017
2017036543;1;1;9;1;3;770;22/03/2017
2017036544;1;2;2;1;6;770;30/03/2017
2017036545;1;2;1;1;3;770;13/04/2017
2017036546;1;1;1;1;6;770;24/04/2017
2017036547;1;1;1;1;6;770;09/04/2017
2017036548;1;1;1;1;7;770;16/04/2017
2017036549;1;2;1;1;6;770;30/04/2017
2017036550;1;1;9;1;5;770;22/04/2017
2017036551;1;1;1;1;4;770;11/05/2017
2017036552;1;1;1;1;1;770;15/05/2017
2017036553;1;2;1;3;4;770;12/05/2017
2017036554;1;1;1;1;4;770;31/05/2017
2017036555;2;1;1;1;3;770;18/07/2017
2017036556;5;2;2;1;3;770;14/08/2017
2017036557;1;2;1;1;6;770;16/10/2017
2017036558;5;2;1;2;6;770;10/11/2017
2017036559;3;1;1;8;7;770;17/12/2017
2017036560;1;2;2;1;3;780;18/12/2017
2017036561;5;2;1;1;6;780;02/11/2017
2017036562;5;1;1;2;6;780;15/12/2017
2017036563;5;2;2;1;3;780;19/01/2017
2017036564;5;2;1;1;6;780;15/02/2017
2017036565;1;1;9;1;6;780;16/01/2017
2017036566;5;2;1;2;6;780;30/01/2017
2017036567;1;2;1;1;6;780;03/03/2017
2017036568;1;2;2;1;6;780;16/03/2017
2017036569;1;2;3;1;3;780;15/03/2017
2017036570;5;2;4;1;6;780;18/03/2017
2017036571;5;2;1;1;2;780;03/02/2017
2017036572;1;2;1;1;6;780;02/03/2017
2017036573;5;2;2;1;3;780;17/03/2017
2017036574;1;2;6;1;1;780;26/03/2017
2017036575;3;1;1;1;1;780;25/03/2017
2017036576;2;2;6;1;6;780;02/04/2017
2017036577;5;2;3;1;7;780;01/04/2017
2017036578;1;2;1;1;7;780;02/04/2017
2017036579;1;2;3;1;7;780;07/05/2017
2017036580;1;1;2;1;6;780;16/06/2017
2017036581;1;2;1;1;2;780;12/06/2017
2017036582;1;2;2;1;6;780;10/05/2017
2017036583;4;2;2;1;7;780;19/04/2017
2017036584;1;2;1;1;6;780;08/06/2017
2017036585;1;2;3;1;3;780;13/06/2017
2017036586;1;1;9;1;6;780;23/06/2017
2017036587;1;2;1;1;1;780;09/07/2017
2017036588;1;2;1;8;6;780;11/07/2017
2017036589;2;1;1;1;7;780;10/07/2017
2017036590;1;2;1;2;3;780;09/08/2017
2017036591;5;2;2;1;6;780;18/06/2017
2017036592;5;2;1;1;6;780;24/08/2017
2017036593;1;2;7;1;2;780;23/07/2017
2017036594;1;2;1;2;3;780;09/09/2017
2017036595;1;1;1;1;3;780;06/09/2017
2017036596;2;2;1;1;2;780;10/06/2017
2017036597;1;2;2;1;6;780;13/07/2017
2017036598;1;1;1;1;6;780;02/10/2017
2017036599;3;2;1;1;6;780;17/10/2017
2017036600;5;2;2;1;3;780;20/08/2017
2017036601;1;2;9;1;3;780;03/10/2017
2017036602;1;2;3;1;3;780;29/07/2017
2017036603;1;2;2;9;2;780;24/09/2017
2017036604;5;2;1;1;6;780;30/07/2017
2017036605;1;2;3;1;6;780;07/07/2017
2017036606;1;2;1;1;7;780;12/11/2017
2017036607;2;2;2;1;1;780;06/12/2017
2017036608;5;2;2;4;2;780;08/12/2017
2017036609;1;2;1;1;6;780;10/01/2017
2017036610;5;2;3;5;3;780;03/01/2017
2017036611;1;2;1;1;3;780;20/01/2017
2017036612;1;2;1;1;4;780;23/01/2017
2017036613;5;2;3;2;6;780;09/01/2017
2017036614;1;2;1;1;6;780;21/01/2017
2017036615;4;2;1;1;1;780;03/02/2017
2017036616;5;2;1;1;6;780;27/02/2017
2017036617;1;2;3;1;5;780;18/02/2017
2017036618;5;2;1;2;1;780;22/03/2017
2017036619;1;2;1;1;6;780;05/04/2017
2017036620;1;2;1;1;6;780;27/03/2017
2017036621;1;2;2;1;3;780;05/05/2017
2017036622;1;2;1;1;3;780;16/05/2017
2017036623;1;2;1;1;2;780;26/05/2017
2017036624;1;2;1;1;6;780;26/05/2017
2017036625;3;1;1;1;1;780;13/04/2017
2017036626;1;2;2;1;3;780;13/06/2017
2017036627;1;2;2;8;3;780;09/07/2017
2017036628;1;2;1;1;3;780;04/07/2017
2017036629;1;2;1;1;7;780;04/07/2017
2017036630;1;2;1;1;6;780;05/08/2017
2017036631;2;2;1;8;6;780;27/09/2017
2017036632;2;2;1;1;6;780;18/09/2017
2017036633;1;2;2;1;3;780;25/09/2017
2017036634;2;2;1;1;6;780;01/10/2017
2017036635;5;2;1;1;6;780;16/10/2017
2017036636;5;1;1;1;3;780;15/10/2017
2017036637;1;2;3;1;3;780;30/10/2017
2017036638;1;2;1;1;3;780;18/10/2017
2017036639;5;2;1;1;6;780;02/12/2017
2017036640;2;2;1;6;6;780;11/12/2017
2017036641;5;2;2;1;6;780;10/01/2017
2017036642;2;1;1;1;6;780;22/01/2017
2017036643;2;2;1;1;1;780;21/03/2017
2017036644;1;1;1;1;7;780;01/04/2017
2017036645;1;1;1;1;4;780;18/04/2017
2017036646;1;2;1;1;6;780;10/05/2017
2017036647;1;2;1;1;6;780;11/05/2017
2017036648;2;2;2;1;6;780;14/05/2017
2017036649;1;1;1;1;7;780;02/07/2017
2017036650;2;2;1;1;1;780;10/07/2017
2017036651;2;2;1;1;1;780;14/07/2017
2017036652;1;2;1;1;6;780;29/08/2017
2017036653;1;2;2;1;3;780;02/09/2017
2017036654;1;1;1;1;5;780;04/09/2017
2017036655;1;2;1;1;6;780;10/09/2017
2017036656;1;2;1;1;3;780;11/09/2017
2017036657;4;2;1;2;6;780;07/10/2017
2017036658;1;2;1;1;6;780;11/10/2017
2017036659;1;2;1;1;6;780;18/10/2017
2017036660;3;1;3;1;1;780;20/10/2017
2017036661;2;2;1;2;5;780;23/10/2017
2017036662;5;2;2;1;1;780;28/11/2017
2017036663;5;2;1;8;1;780;03/12/2017
2017036664;1;2;1;8;6;780;08/12/2017
2017036665;5;2;1;4;1;780;12/12/2017
2017036666;5;2;1;1;6;780;15/12/2017
2017036667;5;2;1;1;6;780;05/01/2017
2017036668;5;2;6;2;3;780;07/01/2017
2017036669;4;2;3;2;3;780;15/01/2017
2017036670;1;2;1;1;3;780;27/01/2017
2017036671;5;2;1;1;5;780;02/01/2017
2017036672;1;2;2;1;3;780;11/03/2017
2017036673;1;2;1;1;6;780;27/03/2017
2017036674;1;1;1;1;3;780;29/03/2017
2017036675;1;2;1;1;1;780;31/03/2017
2017036676;1;1;1;1;6;780;31/03/2017
2017036677;1;1;1;1;2;780;20/04/2017
2017036678;1;2;3;1;6;780;02/05/2017
2017036679;1;1;1;1;2;780;08/05/2017
2017036680;1;2;1;1;3;780;10/05/2017
2017036681;1;2;1;1;6;780;11/05/2017
2017036682;1;1;1;1;1;780;18/04/2017
2017036683;5;1;1;1;5;780;25/05/2017
2017036684;1;2;1;8;6;780;07/06/2017
2017036685;1;2;2;1;3;780;07/06/2017
2017036686;2;2;3;1;6;780;08/06/2017
2017036687;1;1;1;1;3;780;15/06/2017
2017036688;1;2;6;1;3;780;16/06/2017
2017036689;1;2;3;1;7;780;29/06/2017
2017036690;1;2;2;1;3;780;03/07/2017
2017036691;1;2;6;1;7;780;03/07/2017
2017036692;1;2;6;7;3;780;05/07/2017
2017036693;1;2;2;1;3;780;08/07/2017
2017036694;1;1;3;3;3;780;09/08/2017
2017036695;1;2;1;1;1;780;02/09/2017
2017036696;5;2;1;1;6;780;10/09/2017
2017036697;1;1;1;1;3;780;11/09/2017
2017036698;3;1;1;2;7;780;24/10/2017
2017036699;5;2;7;1;6;780;15/11/2017
2017036700;1;2;3;1;7;780;16/11/2017
2017036701;5;2;2;1;3;780;01/12/2017
2017036702;1;2;1;1;6;780;18/12/2017
2017036703;1;2;7;2;7;780;21/12/2017
2017036704;1;1;6;1;3;780;17/12/2017
2017036705;5;2;3;1;6;780;06/01/2017
2017036706;1;2;1;1;6;780;19/01/2017
2017036707;1;2;1;1;6;780;17/12/2017
2017036708;1;2;1;1;6;780;16/12/2017
2017036709;1;2;1;1;6;780;16/11/2017
2017036710;5;2;1;1;6;780;10/01/2017
2017036711;5;2;1;9;7;780;28/01/2017
2017036712;5;2;1;1;6;780;10/03/2017
2017036713;3;1;6;1;3;780;02/04/2017
2017036714;1;2;1;1;6;780;25/02/2017
2017036715;3;1;6;1;6;780;26/05/2017
2017036716;1;2;1;1;6;780;08/06/2017
2017036717;1;2;1;1;6;780;23/06/2017
2017036718;2;2;2;1;3;780;26/06/2017
2017036719;1;2;1;1;6;780;06/06/2017
2017036720;1;2;2;1;1;780;07/09/2017
2017036721;1;2;1;1;3;780;30/09/2017
2017036722;1;2;1;1;6;780;21/08/2017
2017036723;1;2;1;2;6;780;19/11/2017
2017036724;2;2;1;1;3;780;08/04/2017
2017036725;1;2;2;1;6;780;15/12/2017
2017036726;1;1;1;1;1;780;09/06/2017
2017036727;1;2;1;1;6;780;05/08/2017
2017036728;1;2;3;1;3;780;24/09/2017
2017036729;5;2;6;3;3;780;22/10/2017
2017036730;5;2;1;1;6;780;07/01/2017
2017036731;4;2;2;2;3;780;17/11/2017
2017036732;1;1;1;6;2;780;11/12/2017
2017036733;2;1;1;1;1;780;16/01/2017
2017036734;1;2;6;1;6;780;20/01/2017
2017036735;3;2;1;2;6;780;30/12/2017
2017036736;5;2;1;1;6;780;15/12/2017
2017036737;2;2;2;1;6;780;17/01/2017
2017036738;5;1;1;1;6;780;29/01/2017
2017036739;1;2;9;2;2;780;08/03/2017
2017036740;1;2;1;1;2;780;15/03/2017
2017036741;1;2;1;1;2;780;27/03/2017
2017036742;1;1;1;1;3;780;19/03/2017
2017036743;3;1;1;1;6;780;13/04/2017
2017036744;4;1;1;1;5;780;23/04/2017
2017036745;1;2;3;1;4;780;04/06/2017
2017036746;1;2;7;1;6;780;31/05/2017
2017036747;1;2;1;1;1;780;17/07/2017
2017036748;1;2;1;1;2;780;19/06/2017
2017036749;1;2;3;1;6;780;12/09/2017
2017036750;1;2;1;8;6;780;10/07/2017
2017036751;1;2;1;1;2;780;30/09/2017
2017036752;5;2;2;1;3;780;15/08/2017
2017036753;3;2;1;1;1;780;29/07/2017
2017036754;1;2;1;1;2;780;22/09/2017
2017036755;5;1;1;1;3;780;12/08/2017
2017036756;1;2;1;1;3;780;21/09/2017
2017036757;5;1;1;2;1;780;11/11/2017
2017036758;1;2;1;1;5;780;23/09/2017
2017036759;2;2;1;4;6;780;08/12/2017
2017036760;2;2;1;1;6;780;03/12/2017
2017036761;2;2;2;1;6;780;03/01/2017
2017036762;1;2;1;9;6;780;06/01/2017
2017036763;1;2;4;1;6;780;20/01/2017
2017036764;1;2;3;1;6;780;20/01/2017
2017036765;5;2;1;1;6;780;10/02/2017
2017036766;1;2;1;1;3;780;02/03/2017
2017036767;5;2;6;1;6;780;12/03/2017
2017036768;1;2;1;1;3;780;23/04/2017
2017036769;1;2;1;1;3;780;28/05/2017
2017036770;1;2;1;1;6;780;31/05/2017
2017036771;1;2;1;1;6;780;31/05/2017
2017036772;5;2;1;1;6;780;31/05/2017
2017036773;1;2;3;1;3;780;31/05/2017
2017036774;1;2;2;1;3;780;05/07/2017
2017036775;1;2;1;8;1;780;26/07/2017
2017036776;1;2;1;1;1;780;26/07/2017
2017036777;5;2;1;3;6;780;05/08/2017
2017036778;1;2;3;2;3;780;28/06/2017
2017036779;1;2;1;1;6;780;12/09/2017
2017036780;1;2;2;1;3;780;17/09/2017
2017036781;1;2;1;1;3;780;17/09/2017
2017036782;5;2;3;2;3;950;01/10/2017
2017036783;5;2;3;1;3;780;14/10/2017
2017036784;5;2;7;1;3;780;18/10/2017
2017036785;5;2;4;1;1;780;31/10/2017
2017036786;1;2;2;2;3;780;04/11/2017
2017036787;5;2;2;1;3;780;10/11/2017
2017036788;1;2;3;1;6;780;09/12/2017
2017036789;3;2;2;2;3;780;22/12/2017
2017036790;5;2;1;1;6;780;30/12/2017
2017036791;5;2;1;1;6;780;06/01/2017
2017036792;3;1;1;2;2;780;16/12/2017
2017036793;1;2;3;1;6;780;16/01/2017
2017036794;1;2;2;1;6;780;22/12/2017
2017036795;1;2;1;1;3;780;20/01/2017
2017036796;5;2;1;1;6;780;09/01/2017
2017036797;1;2;4;1;3;780;15/02/2017
2017036798;1;2;2;1;1;780;03/02/2017
2017036799;5;2;6;1;2;780;07/04/2017
2017036800;1;2;3;1;3;780;17/01/2017
2017036801;2;2;2;1;3;780;03/04/2017
2017036802;1;1;2;1;3;780;06/04/2017
2017036803;1;2;2;1;5;780;17/04/2017
2017036804;1;2;2;2;3;780;02/05/2017
2017036805;1;2;2;1;6;780;02/05/2017
2017036806;1;2;1;1;6;780;08/05/2017
2017036807;1;2;1;1;6;780;21/02/2017
2017036808;1;2;1;1;6;780;10/05/2017
2017036809;1;2;2;1;6;780;11/05/2017
2017036810;1;2;1;1;3;780;15/05/2017
2017036811;1;2;1;1;3;780;19/05/2017
2017036812;1;2;2;1;3;780;25/05/2017
2017036813;1;2;2;1;6;780;26/05/2017
2017036814;1;2;2;1;2;780;07/04/2017
2017036815;2;2;2;1;3;780;06/06/2017
2017036816;1;2;1;1;6;780;08/06/2017
2017036817;5;2;2;1;1;780;09/06/2017
2017036818;2;2;1;1;3;780;13/06/2017
2017036819;1;2;2;1;5;780;16/06/2017
2017036820;1;2;3;1;3;780;16/06/2017
2017036821;1;2;1;1;3;780;21/06/2017
2017036822;1;2;1;1;6;780;28/06/2017
2017036823;1;2;2;8;3;780;29/03/2017
2017036824;5;2;1;1;3;780;09/07/2017
2017036825;1;2;1;1;3;780;10/07/2017
2017036826;1;2;1;2;6;780;02/06/2017
2017036827;1;2;1;2;3;780;22/07/2017
2017036828;1;2;2;2;6;780;27/07/2017
2017036829;1;2;1;1;6;780;17/08/2017
2017036830;2;2;1;1;6;780;23/08/2017
2017036831;1;2;2;1;6;780;31/08/2017
2017036832;1;2;4;1;6;780;28/08/2017
2017036833;1;2;1;1;3;780;09/09/2017
2017036834;1;2;2;1;3;780;12/09/2017
2017036835;1;2;1;2;6;780;14/09/2017
2017036836;1;2;1;1;6;780;15/09/2017
2017036837;1;2;1;1;2;780;08/06/2017
2017036838;1;2;1;1;6;780;22/09/2017
2017036839;1;2;1;1;3;780;25/09/2017
2017036840;1;2;2;1;6;780;27/09/2017
2017036841;1;2;1;1;6;780;05/10/2017
2017036842;1;2;1;1;7;780;10/10/2017
2017036843;2;2;2;8;3;780;11/10/2017
2017036844;1;2;1;1;6;780;12/10/2017
2017036845;1;2;3;3;6;780;22/10/2017
2017036846;1;2;4;1;3;780;20/09/2017
2017036847;5;2;2;1;1;780;25/10/2017
2017036848;2;2;1;1;6;780;25/10/2017
2017036849;5;2;1;1;6;780;15/11/2017
2017036850;1;2;1;2;1;780;25/11/2017
2017036851;1;2;1;1;6;780;26/11/2017
2017036852;5;2;1;1;6;780;27/11/2017
2017036853;3;2;1;1;6;780;06/12/2017
2017036854;3;2;6;2;3;780;20/10/2017
2017036855;1;2;6;1;6;790;23/12/2017
2017036856;1;2;3;1;7;790;04/01/2017
2017036857;2;2;3;1;3;790;18/01/2017
2017036858;5;2;1;1;6;790;27/01/2017
2017036859;5;2;1;1;6;790;30/01/2017
2017036860;1;2;1;1;1;790;14/03/2017
2017036861;1;2;1;1;3;790;16/03/2017
2017036862;1;2;1;1;6;790;01/04/2017
2017036863;1;2;1;1;3;790;10/04/2017
2017036864;1;2;3;1;6;790;30/03/2017
2017036865;1;2;2;1;3;790;14/04/2017
2017036866;5;2;2;1;3;790;07/05/2017
2017036867;1;2;2;1;6;790;24/06/2017
2017036868;1;2;2;1;5;790;04/08/2017
2017036869;5;2;2;1;3;790;29/08/2017
2017036870;1;2;1;1;5;790;09/09/2017
2017036871;2;2;2;1;2;790;15/09/2017
2017036872;1;2;1;1;6;790;16/09/2017
2017036873;1;2;3;1;3;790;20/09/2017
2017036874;2;2;3;1;3;790;30/09/2017
2017036875;5;2;2;1;3;790;25/09/2017
2017036876;1;2;6;1;3;790;07/10/2017
2017036877;1;2;2;1;3;790;23/10/2017
2017036878;5;2;9;1;3;790;27/10/2017
2017036879;1;2;3;1;3;790;28/10/2017
2017036880;5;2;1;1;6;790;03/11/2017
2017036881;2;2;3;1;3;790;07/11/2017
2017036882;1;2;1;1;6;790;14/11/2017
2017036883;1;2;2;1;2;790;30/11/2017
2017036884;5;2;3;1;6;790;13/01/2017
2017036885;5;1;1;1;6;790;19/01/2017
2017036886;1;1;1;1;6;790;06/02/2017
2017036887;1;2;1;1;6;790;11/02/2017
2017036888;5;2;6;1;5;790;03/03/2017
2017036889;1;2;2;1;3;790;06/03/2017
2017036890;1;2;1;1;6;790;10/04/2017
2017036891;1;1;3;1;6;790;14/04/2017
2017036892;1;2;2;1;3;790;02/05/2017
2017036893;1;2;1;1;2;790;13/05/2017
2017036894;1;2;1;1;6;790;19/05/2017
2017036895;1;2;1;1;3;790;02/06/2017
2017036896;1;2;1;2;3;790;03/06/2017
2017036897;1;2;6;1;3;790;07/06/2017
2017036898;1;2;1;1;3;790;25/06/2017
2017036899;1;2;1;1;3;790;21/07/2017
2017036900;1;1;1;1;6;790;29/07/2017
2017036901;1;2;1;1;2;790;22/08/2017
2017036902;1;2;1;1;7;790;14/09/2017
2017036903;1;2;1;1;2;790;11/10/2017
2017036904;1;1;4;1;3;790;16/10/2017
2017036905;1;1;4;1;3;790;31/10/2017
2017036906;2;2;1;1;3;790;06/11/2017
2017036907;1;2;1;1;6;790;15/11/2017
2017036908;1;2;2;5;6;790;21/11/2017
2017036909;5;2;2;2;3;790;08/12/2017
2017036910;5;2;1;1;6;790;12/12/2017
2017036911;1;2;1;1;2;800;23/01/2017
2017036912;1;2;1;1;3;800;14/03/2017
2017036913;1;2;1;1;6;800;16/03/2017
2017036914;1;2;6;1;6;800;06/04/2017
2017036915;5;1;1;1;6;800;30/05/2017
2017036916;1;2;6;1;3;800;25/06/2017
2017036917;2;1;1;1;6;800;21/06/2017
2017036918;5;2;1;1;2;800;07/08/2017
2017036919;1;2;7;1;6;800;15/10/2017
2017036920;5;2;6;1;6;800;20/09/2017
2017036921;1;2;4;1;3;800;22/11/2017
2017036922;2;2;1;1;6;800;12/12/2017
2017036923;5;2;1;2;6;800;15/12/2017
2017036924;1;2;1;5;6;800;19/12/2017
2017036925;5;2;2;1;3;800;03/01/2017
2017036926;1;2;1;5;2;800;19/12/2017
2017036927;2;1;1;9;1;800;05/01/2017
2017036928;1;2;2;1;3;800;20/12/2017
2017036929;1;2;1;2;3;800;09/01/2017
2017036930;5;2;2;2;2;800;20/12/2017
2017036931;2;2;1;2;6;800;11/01/2017
2017036932;5;2;2;1;3;800;22/12/2017
2017036933;1;2;1;1;2;800;11/01/2017
2017036934;5;2;1;1;6;800;31/12/2017
2017036935;1;2;1;1;6;800;15/01/2017
2017036936;5;2;2;8;3;800;23/12/2017
2017036937;5;2;1;2;6;800;14/01/2017
2017036938;1;2;1;2;2;800;27/12/2017
2017036939;5;2;1;1;6;800;18/01/2017
2017036940;1;1;1;2;1;800;27/12/2017
2017036941;1;2;1;1;2;800;22/01/2017
2017036942;5;2;1;1;6;800;31/12/2017
2017036943;3;1;1;1;3;800;23/01/2017
2017036944;1;2;1;1;3;800;27/01/2017
2017036945;1;2;1;1;6;800;02/02/2017
2017036946;1;2;1;1;6;800;03/02/2017
2017036947;1;2;3;1;6;800;10/02/2017
2017036948;1;1;1;1;1;800;15/02/2017
2017036949;5;2;1;2;6;800;17/02/2017
2017036950;1;2;1;1;6;800;16/02/2017
2017036951;1;2;6;1;3;800;17/02/2017
2017036952;1;2;1;1;4;800;17/02/2017
2017036953;1;1;1;1;5;800;18/02/2017
2017036954;1;2;1;1;1;800;18/02/2017
2017036955;1;2;1;1;3;800;24/02/2017
2017036956;5;2;1;1;3;800;01/03/2017
2017036957;5;2;1;1;6;800;26/02/2017
2017036958;1;2;3;1;3;800;11/03/2017
2017036959;1;2;1;1;6;800;13/03/2017
2017036960;1;2;2;1;3;800;08/03/2017
2017036961;1;2;2;1;3;800;17/03/2017
2017036962;1;2;1;1;3;800;13/03/2017
2017036963;1;2;1;1;3;800;21/03/2017
2017036964;1;2;1;1;6;800;19/03/2017
2017036965;1;2;3;1;3;800;22/03/2017
2017036966;1;2;1;1;3;800;26/03/2017
2017036967;1;2;2;7;6;800;25/03/2017
2017036968;1;2;2;1;3;800;28/03/2017
2017036969;1;2;1;1;6;800;29/03/2017
2017036970;1;2;1;1;3;800;30/03/2017
2017036971;1;2;2;1;3;800;30/03/2017
2017036972;1;1;1;1;2;800;05/04/2017
2017036973;1;2;1;1;6;800;06/04/2017
2017036974;1;2;1;1;6;800;06/04/2017
2017036975;1;2;2;1;6;800;07/04/2017
2017036976;1;2;2;1;3;800;18/04/2017
2017036977;1;2;1;1;6;800;19/04/2017
2017036978;1;2;1;1;5;800;25/04/2017
2017036979;1;2;1;1;6;800;29/04/2017
2017036980;1;2;1;1;3;800;29/04/2017
2017036981;3;1;1;1;6;800;14/04/2017
2017036982;1;2;1;1;2;800;06/05/2017
2017036983;1;2;1;1;3;800;08/05/2017
2017036984;1;2;1;1;6;800;05/05/2017
2017036985;1;2;2;1;3;800;08/05/2017
2017036986;1;1;1;2;2;800;08/05/2017
2017036987;1;2;1;1;6;800;14/05/2017
2017036988;1;2;1;1;2;800;15/05/2017
2017036989;5;2;1;1;6;800;14/05/2017
2017036990;1;2;1;1;6;800;17/05/2017
2017036991;1;2;1;1;3;800;26/05/2017
2017036992;1;2;1;1;6;800;24/05/2017
2017036993;5;2;2;1;3;800;12/06/2017
2017036994;1;2;1;1;3;800;09/06/2017
2017036995;1;2;1;1;3;800;14/06/2017
2017036996;1;2;1;1;3;800;11/06/2017
2017036997;1;2;1;1;6;800;14/06/2017
2017036998;1;2;1;1;6;800;02/06/2017
2017036999;1;2;1;1;3;800;03/06/2017
2017037000;1;2;1;1;6;800;10/06/2017
2017037001;1;2;3;1;3;800;10/06/2017
2017037002;1;2;1;1;7;800;16/06/2017
2017037003;1;2;1;1;6;800;27/06/2017
2017037004;1;2;1;1;2;800;27/06/2017
2017037005;1;2;1;1;2;800;30/06/2017
2017037006;1;1;1;1;6;800;21/06/2017
2017037007;2;2;3;1;3;800;26/06/2017
2017037008;1;2;1;1;6;800;30/06/2017
2017037009;1;2;1;1;6;800;01/07/2017
2017037010;1;2;1;1;4;800;10/07/2017
2017037011;1;2;1;1;6;800;13/07/2017
2017037012;5;2;1;1;6;800;21/07/2017
2017037013;1;2;2;1;3;800;18/07/2017
2017037014;1;2;1;1;6;800;26/07/2017
2017037015;1;1;1;1;3;800;03/07/2017
2017037016;1;1;2;3;3;800;10/07/2017
2017037017;1;1;1;1;2;800;28/07/2017
2017037018;1;2;1;1;6;800;01/08/2017
2017037019;2;2;2;1;3;800;12/08/2017
2017037020;1;2;1;1;3;800;19/08/2017
2017037021;1;1;1;1;4;800;05/07/2017
2017037022;1;2;1;2;2;800;21/08/2017
2017037023;1;2;1;1;6;800;22/08/2017
2017037024;1;2;2;1;3;800;22/08/2017
2017037025;1;2;2;1;3;800;24/08/2017
2017037026;1;2;1;1;6;800;26/08/2017
2017037027;1;2;2;1;6;800;29/08/2017
2017037028;1;2;2;1;3;800;31/08/2017
2017037029;1;2;1;1;6;800;04/09/2017
2017037030;1;2;1;1;3;800;31/08/2017
2017037031;1;2;1;1;3;800;08/09/2017
2017037032;1;2;1;2;7;800;09/09/2017
2017037033;1;2;6;1;3;800;13/09/2017