num_acc;lum;agg;inter;atm;col;dep;date
2017037034;5;2;1;2;2;800;15/09/2017
2017037035;1;2;1;7;6;800;15/09/2017
2017037036;1;2;2;1;3;800;21/09/2017
2017037037;1;2;1;1;3;800;23/09/2017
2017037038;5;2;2;1;3;800;24/09/2017
2017037039;1;2;1;2;2;800;25/09/2017
2017037040;1;2;1;1;3;800;27/09/2017
2017037041;5;2;1;3;6;800;29/09/2017
2017037042;1;2;1;1;4;800;29/09/2017
2017037043;1;2;1;1;6;800;30/09/2017
2017037044;1;2;1;1;3;800;03/10/2017
2017037045;5;2;1;2;1;800;07/10/2017
2017037046;1;2;2;1;3;800;12/10/2017
2017037047;1;2;2;1;5;800;14/10/2017
2017037048;3;2;1;1;6;800;15/10/2017
2017037049;5;2;1;2;6;800;20/10/2017
2017037050;1;2;2;1;3;800;21/10/2017
2017037051;1;2;1;1;6;800;21/10/2017
2017037052;5;2;1;2;3;800;21/10/2017
2017037053;3;2;1;2;6;800;21/10/2017
2017037054;5;2;1;2;2;800;22/10/2017
2017037055;1;1;1;1;1;800;22/10/2017
2017037056;2;1;1;2;2;800;23/10/2017
2017037057;1;2;1;1;2;800;25/10/2017
2017037058;1;2;2;1;3;800;26/10/2017
2017037059;1;2;2;1;3;800;30/10/2017
2017037060;2;2;1;1;6;800;30/10/2017
2017037061;2;2;2;1;3;800;01/11/2017
2017037062;1;2;2;1;6;800;06/11/2017
2017037063;3;2;2;1;3;800;08/11/2017
2017037064;1;2;1;1;3;800;09/11/2017
2017037065;1;2;1;1;1;800;12/11/2017
2017037066;5;2;1;1;6;800;14/11/2017
2017037067;1;2;1;1;6;800;16/11/2017
2017037068;5;2;2;3;3;800;19/11/2017
2017037069;1;2;1;1;3;800;20/11/2017
2017037070;1;2;1;1;6;800;17/11/2017
2017037071;5;2;1;1;6;800;21/11/2017
2017037072;5;2;2;1;3;800;25/11/2017
2017037073;1;2;1;2;2;800;25/11/2017
2017037074;1;2;1;1;6;800;29/11/2017
2017037075;1;2;1;2;6;800;29/11/2017
2017037076;1;2;1;2;5;800;29/11/2017
2017037077;5;2;1;4;5;800;30/11/2017
2017037078;5;1;1;1;5;800;04/12/2017
2017037079;1;1;1;1;3;800;05/12/2017
2017037080;1;2;1;2;6;800;07/12/2017
2017037081;1;2;2;2;3;800;07/12/2017
2017037082;5;2;2;2;3;800;07/12/2017
2017037083;1;2;1;1;1;800;08/12/2017
2017037084;5;2;1;2;6;800;11/12/2017
2017037085;1;2;1;2;3;800;11/12/2017
2017037086;5;2;2;2;3;800;12/12/2017
2017037087;5;2;1;3;3;800;13/12/2017
2017037088;5;2;1;1;7;800;09/12/2017
2017037089;1;2;1;2;6;800;11/12/2017
2017037090;5;2;2;2;5;800;12/12/2017
2017037091;1;2;1;3;2;800;14/12/2017
2017037092;5;2;1;2;6;800;14/12/2017
2017037093;2;2;1;2;2;800;15/12/2017
2017037094;1;2;1;2;6;800;15/12/2017
2017037095;1;2;6;1;3;800;18/12/2017
2017037096;1;1;1;1;5;800;18/12/2017
2017037097;1;2;1;1;6;810;12/01/2017
2017037098;1;1;1;1;6;810;20/01/2017
2017037099;1;2;1;2;6;810;30/01/2017
2017037100;4;2;3;1;3;810;09/02/2017
2017037101;5;2;1;1;6;810;15/02/2017
2017037102;5;2;1;1;3;810;21/02/2017
2017037103;1;2;1;1;5;810;23/02/2017
2017037104;1;1;1;2;3;810;12/03/2017
2017037105;1;2;1;1;1;810;16/03/2017
2017037106;1;2;3;1;3;810;16/03/2017
2017037107;1;2;1;1;2;810;09/05/2017
2017037108;1;2;3;1;3;810;14/08/2017
2017037109;5;2;1;1;6;810;23/09/2017
2017037110;1;2;1;1;1;810;13/10/2017
2017037111;2;2;1;1;3;810;20/11/2017
2017037112;3;1;1;1;6;810;06/04/2017
2017037113;1;2;1;1;1;810;27/04/2017
2017037114;3;1;6;1;1;810;19/06/2017
2017037115;5;2;7;1;1;810;25/11/2017
2017037116;5;2;1;1;7;810;27/03/2017
2017037117;1;2;1;3;6;810;10/01/2017
2017037118;1;2;1;1;7;810;25/01/2017
2017037119;3;1;1;1;6;810;02/03/2017
2017037120;1;2;1;1;3;810;02/04/2017
2017037121;1;1;1;1;2;810;07/04/2017
2017037122;1;2;1;1;6;810;29/04/2017
2017037123;1;2;1;1;3;810;02/06/2017
2017037124;1;1;1;1;7;810;11/06/2017
2017037125;1;2;1;1;3;810;08/08/2017
2017037126;2;2;3;1;3;820;17/03/2017
2017037127;1;1;1;1;6;820;01/05/2017
2017037128;1;2;1;1;2;820;24/05/2017
2017037129;2;1;9;1;3;820;29/06/2017
2017037130;1;1;3;1;6;820;01/08/2017
2017037131;1;2;2;7;3;820;22/08/2017
2017037132;3;1;3;1;6;820;13/09/2017
2017037133;3;2;1;1;6;820;06/10/2017
2017037134;1;2;7;1;6;820;19/10/2017
2017037135;2;1;1;1;2;820;11/11/2017
2017037136;5;2;1;2;6;820;14/02/2017
2017037137;3;2;1;1;6;820;01/01/2017
2017037138;5;2;1;1;6;820;10/01/2017
2017037139;1;2;2;1;6;820;25/01/2017
2017037140;1;2;6;1;3;820;11/02/2017
2017037141;1;2;1;1;6;820;12/04/2017
2017037142;1;1;1;1;1;820;14/04/2017
2017037143;1;2;2;1;3;820;30/03/2017
2017037144;1;1;1;1;7;820;16/04/2017
2017037145;1;1;1;1;1;820;19/06/2017
2017037146;3;1;1;1;6;820;05/05/2017
2017037147;1;2;3;1;3;820;24/05/2017
2017037148;1;2;3;1;6;820;07/07/2017
2017037149;5;1;1;1;7;820;22/08/2017
2017037150;1;2;1;1;6;820;17/08/2017
2017037151;3;1;1;1;2;820;23/08/2017
2017037152;1;1;6;1;1;820;06/09/2017
2017037153;1;2;3;1;3;820;17/09/2017
2017037154;5;2;2;1;3;820;01/10/2017
2017037155;5;1;3;1;4;820;02/11/2017
2017037156;5;2;7;1;6;820;06/11/2017
2017037157;5;2;1;1;7;820;14/11/2017
2017037158;5;2;3;1;3;820;22/11/2017
2017037159;5;2;7;1;3;820;12/12/2017
2017037160;1;2;3;1;6;820;13/12/2017
2017037161;2;2;1;1;6;820;19/12/2017
2017037162;1;2;3;1;3;830;11/01/2017
2017037163;1;1;1;1;1;830;16/01/2017
2017037164;1;2;1;1;2;830;03/02/2017
2017037165;1;2;6;1;3;830;03/02/2017
2017037166;5;2;1;1;1;830;18/02/2017
2017037167;5;2;9;1;6;830;19/04/2017
2017037168;1;2;1;1;3;830;15/05/2017
2017037169;1;2;1;1;7;830;20/05/2017
2017037170;1;1;3;1;5;830;13/06/2017
2017037171;1;1;2;1;3;830;21/05/2017
2017037172;1;2;1;1;2;830;24/06/2017
2017037173;1;1;1;1;3;830;05/07/2017
2017037174;3;1;1;1;7;830;14/07/2017
2017037175;1;2;1;1;3;830;25/07/2017
2017037176;5;2;1;1;5;830;06/09/2017
2017037177;1;2;1;7;6;830;17/09/2017
2017037178;1;2;1;1;1;830;26/09/2017
2017037179;1;1;1;1;2;830;18/09/2017
2017037180;1;2;1;1;3;830;27/09/2017
2017037181;1;2;1;1;2;830;23/10/2017
2017037182;1;2;1;1;6;830;31/10/2017
2017037183;2;2;9;1;6;830;21/10/2017
2017037184;5;2;2;1;3;830;28/11/2017
2017037185;1;1;1;1;1;830;18/02/2017
2017037186;1;1;1;1;1;830;27/11/2017
2017037187;1;2;1;1;6;830;03/03/2017
2017037188;1;1;1;1;1;830;12/03/2017
2017037189;1;2;1;2;6;830;25/03/2017
2017037190;1;2;2;1;3;830;06/04/2017
2017037191;1;1;1;1;1;830;02/05/2017
2017037192;1;2;3;1;3;830;11/05/2017
2017037193;1;2;1;1;6;830;19/05/2017
2017037194;1;2;1;7;6;830;04/04/2017
2017037195;1;1;1;1;1;830;28/05/2017
2017037196;5;2;1;1;6;830;26/05/2017
2017037197;1;2;1;1;6;830;25/06/2017
2017037198;1;2;6;1;3;830;02/07/2017
2017037199;1;2;3;1;3;830;11/07/2017
2017037200;1;2;1;1;3;830;24/07/2017
2017037201;1;2;1;1;2;830;28/07/2017
2017037202;2;1;1;1;7;830;01/08/2017
2017037203;1;2;1;1;6;830;23/07/2017
2017037204;1;2;1;1;1;830;18/08/2017
2017037205;1;2;1;1;6;830;04/08/2017
2017037206;1;2;1;1;6;830;29/09/2017
2017037207;1;2;6;1;3;830;15/10/2017
2017037208;5;2;1;1;7;830;21/10/2017
2017037209;1;2;1;7;6;830;19/10/2017
2017037210;1;2;1;1;6;830;13/12/2017
2017037211;5;2;1;1;6;830;22/12/2017
2017037212;5;2;1;1;2;830;04/01/2017
2017037213;1;1;1;2;1;830;05/02/2017
2017037214;1;1;1;1;1;830;07/02/2017
2017037215;1;1;1;1;7;830;15/02/2017
2017037216;1;1;1;1;7;830;15/02/2017
2017037217;1;2;1;1;6;830;15/02/2017
2017037218;5;2;1;1;3;830;18/02/2017
2017037219;1;2;1;1;6;830;08/03/2017
2017037220;1;2;1;1;3;830;10/03/2017
2017037221;1;2;3;1;6;830;14/03/2017
2017037222;1;2;1;1;6;830;15/03/2017
2017037223;1;2;3;1;3;830;18/04/2017
2017037224;1;2;1;7;6;830;20/04/2017
2017037225;1;1;1;1;2;830;01/05/2017
2017037226;1;1;1;1;6;830;09/05/2017
2017037227;1;2;1;1;6;830;23/05/2017
2017037228;1;1;1;1;3;830;28/05/2017
2017037229;1;2;1;1;2;830;31/05/2017
2017037230;3;1;1;1;3;830;31/05/2017
2017037231;1;2;3;1;3;830;04/06/2017
2017037232;1;2;1;1;3;830;06/06/2017
2017037233;1;2;1;1;6;830;06/06/2017
2017037234;1;1;1;1;7;830;05/06/2017
2017037235;1;1;1;1;1;830;07/06/2017
2017037236;2;1;6;1;6;830;10/06/2017
2017037237;1;1;1;1;6;830;11/06/2017
2017037238;1;1;1;1;1;830;11/06/2017
2017037239;1;2;1;1;2;830;09/06/2017
2017037240;1;2;1;1;2;830;28/05/2017
2017037241;1;1;6;1;3;830;12/06/2017
2017037242;1;1;1;1;3;830;12/06/2017
2017037243;1;2;1;1;3;830;19/06/2017
2017037244;1;2;1;1;3;830;19/06/2017
2017037245;1;1;1;1;1;830;21/06/2017
2017037246;1;2;1;1;6;830;20/06/2017
2017037247;1;2;1;1;6;830;25/06/2017
2017037248;1;2;1;1;6;830;15/06/2017
2017037249;5;2;1;1;7;830;30/06/2017
2017037250;1;2;1;1;3;830;03/07/2017
2017037251;1;2;1;1;4;830;04/07/2017
2017037252;1;1;1;1;6;830;05/07/2017
2017037253;1;1;1;1;7;830;06/07/2017
2017037254;1;2;6;1;7;830;06/07/2017
2017037255;1;2;1;1;2;830;11/07/2017
2017037256;1;1;1;1;5;830;10/07/2017
2017037257;4;1;1;1;6;830;13/07/2017
2017037258;1;2;1;7;3;830;18/07/2017
2017037259;1;2;3;1;6;830;24/07/2017
2017037260;1;2;6;1;3;830;25/07/2017
2017037261;1;2;1;1;6;830;28/07/2017
2017037262;3;1;1;1;7;830;30/07/2017
2017037263;1;2;1;1;1;830;30/07/2017
2017037264;1;2;1;1;3;830;01/08/2017
2017037265;1;2;1;7;6;830;08/08/2017
2017037266;3;1;1;1;7;830;09/08/2017
2017037267;1;2;1;1;6;830;10/08/2017
2017037268;1;2;1;1;3;830;10/08/2017
2017037269;1;1;1;1;1;830;15/08/2017
2017037270;1;2;1;1;3;830;18/08/2017
2017037271;1;1;1;1;1;830;19/08/2017
2017037272;1;1;1;1;3;830;21/08/2017
2017037273;1;2;1;1;3;830;22/08/2017
2017037274;1;2;1;1;3;830;05/09/2017
2017037275;1;2;1;1;6;830;06/09/2017
2017037276;1;2;6;1;6;830;07/09/2017
2017037277;5;2;3;1;6;830;17/09/2017
2017037278;1;2;1;1;2;830;24/09/2017
2017037279;1;1;1;1;2;830;24/09/2017
2017037280;1;2;1;1;2;830;28/09/2017
2017037281;5;1;1;1;6;830;26/09/2017
2017037282;1;2;1;1;2;830;03/10/2017
2017037283;1;2;8;1;6;830;04/10/2017
2017037284;3;1;1;1;6;830;08/10/2017
2017037285;1;1;1;1;6;830;16/10/2017
2017037286;1;1;6;1;3;830;18/10/2017
2017037287;1;2;1;1;7;830;27/10/2017
2017037288;1;1;1;1;1;830;28/10/2017
2017037289;1;1;1;1;2;830;30/10/2017
2017037290;3;2;1;1;1;830;29/10/2017
2017037291;1;1;1;7;3;830;05/11/2017
2017037292;5;1;1;6;3;830;05/11/2017
2017037293;1;2;1;1;6;830;08/11/2017
2017037294;1;2;1;1;4;830;12/11/2017
2017037295;5;2;4;1;6;830;13/11/2017
2017037296;1;2;1;7;6;830;14/11/2017
2017037297;5;2;1;1;2;830;14/11/2017
2017037298;3;1;1;1;3;830;15/11/2017
2017037299;1;1;1;1;2;830;16/11/2017
2017037300;1;2;3;1;3;830;17/11/2017
2017037301;1;2;1;1;2;830;21/11/2017
2017037302;1;2;9;1;3;830;25/11/2017
2017037303;5;2;1;1;6;830;26/11/2017
2017037304;5;2;2;1;1;830;01/12/2017
2017037305;1;2;1;1;6;830;03/12/2017
2017037306;1;2;1;7;6;830;09/12/2017
2017037307;1;2;1;1;3;830;07/12/2017
2017037308;1;2;6;7;6;830;16/12/2017
2017037309;1;2;1;1;1;830;04/01/2017
2017037310;1;2;3;1;3;830;21/12/2017
2017037311;1;2;1;1;6;830;14/01/2017
2017037312;1;2;6;1;2;830;27/12/2017
2017037313;5;2;3;1;3;830;28/01/2017
2017037314;5;1;9;8;6;830;30/01/2017
2017037315;1;2;1;1;6;830;02/02/2017
2017037316;1;2;3;1;3;830;07/02/2017
2017037317;3;1;1;8;3;830;04/03/2017
2017037318;1;1;3;1;3;830;01/03/2017
2017037319;1;1;1;1;3;830;19/03/2017
2017037320;1;2;3;1;3;830;28/03/2017
2017037321;1;2;1;1;6;830;26/03/2017
2017037322;5;2;1;1;3;830;04/04/2017
2017037323;1;2;6;1;6;830;07/04/2017
2017037324;1;1;1;1;4;830;21/04/2017
2017037325;1;2;1;1;7;830;07/05/2017
2017037326;5;2;1;1;7;830;09/05/2017
2017037327;1;2;1;1;6;830;05/05/2017
2017037328;2;2;1;1;2;830;13/05/2017
2017037329;1;2;1;1;3;830;15/05/2017
2017037330;1;2;9;1;2;830;02/06/2017
2017037331;1;2;3;1;3;830;12/06/2017
2017037332;1;2;3;1;3;830;16/06/2017
2017037333;1;1;1;1;2;830;11/06/2017
2017037334;2;2;1;1;3;830;25/06/2017
2017037335;1;2;1;1;1;830;02/07/2017
2017037336;1;2;1;1;3;830;05/07/2017
2017037337;1;2;1;1;3;830;11/07/2017
2017037338;1;2;1;7;2;830;13/07/2017
2017037339;1;2;1;1;2;830;17/07/2017
2017037340;1;2;6;1;3;830;19/07/2017
2017037341;5;2;3;1;3;830;19/07/2017
2017037342;2;2;2;1;3;830;23/07/2017
2017037343;1;2;1;1;3;830;25/07/2017
2017037344;1;2;3;1;3;830;28/07/2017
2017037345;1;2;3;1;6;830;31/07/2017
2017037346;1;2;1;1;5;830;14/08/2017
2017037347;1;1;1;1;6;830;10/08/2017
2017037348;1;2;6;1;1;830;17/08/2017
2017037349;1;2;1;1;2;830;18/08/2017
2017037350;1;2;1;1;5;830;15/08/2017
2017037351;1;2;1;1;2;830;28/08/2017
2017037352;5;2;6;1;6;830;24/09/2017
2017037353;2;2;3;1;3;830;26/09/2017
2017037354;3;2;1;1;3;830;28/09/2017
2017037355;1;2;1;1;1;830;05/10/2017
2017037356;1;2;1;1;6;830;10/10/2017
2017037357;5;2;1;1;3;830;31/10/2017
2017037358;1;2;1;1;6;830;31/10/2017
2017037359;1;2;1;1;2;830;31/10/2017
2017037360;2;2;6;1;6;830;01/12/2017
2017037361;1;2;1;1;3;830;02/01/2017
2017037362;1;2;1;1;3;830;10/01/2017
2017037363;5;2;9;3;3;830;10/01/2017
2017037364;1;2;1;1;3;830;15/01/2017
2017037365;5;2;1;1;6;830;09/01/2017
2017037366;1;1;1;1;3;830;30/01/2017
2017037367;1;2;1;2;2;830;05/02/2017
2017037368;5;2;1;1;6;830;03/03/2017
2017037369;1;1;3;1;3;830;14/03/2017
2017037370;1;2;1;1;6;830;09/03/2017
2017037371;1;2;1;1;1;830;21/03/2017
2017037372;5;1;1;1;6;830;31/03/2017
2017037373;1;1;1;1;2;830;14/04/2017
2017037374;5;2;1;1;3;830;11/04/2017
2017037375;1;1;1;1;1;830;17/04/2017
2017037376;1;1;1;1;3;830;28/04/2017
2017037377;1;1;1;1;2;830;08/05/2017
2017037378;1;2;1;1;6;830;26/03/2017
2017037379;1;2;9;1;3;830;26/05/2017
2017037380;1;2;1;1;1;830;30/05/2017
2017037381;1;2;3;1;1;830;05/06/2017
2017037382;1;2;2;1;6;830;10/06/2017
2017037383;1;2;1;1;3;830;08/06/2017
2017037384;1;2;2;1;3;830;08/06/2017
2017037385;1;1;6;1;1;830;18/06/2017
2017037386;1;2;2;1;6;830;07/07/2017
2017037387;1;2;6;1;3;830;08/07/2017
2017037388;1;1;1;1;3;830;08/07/2017
2017037389;1;2;1;1;1;830;29/07/2017
2017037390;1;1;1;1;6;830;09/08/2017
2017037391;1;1;1;1;3;830;11/08/2017
2017037392;1;2;1;1;3;830;13/09/2017
2017037393;1;2;1;1;5;830;26/09/2017
2017037394;5;1;1;2;2;830;01/10/2017
2017037395;1;1;1;1;2;830;02/10/2017
2017037396;1;2;6;1;3;830;14/10/2017
2017037397;1;1;1;1;2;830;18/10/2017
2017037398;1;2;1;1;6;830;07/11/2017
2017037399;1;2;9;1;6;830;09/11/2017
2017037400;1;2;1;1;6;830;16/11/2017
2017037401;1;2;1;1;6;830;17/11/2017
2017037402;1;2;1;1;6;830;28/12/2017
2017037403;5;2;1;1;6;830;04/01/2017
2017037404;1;2;1;1;6;830;05/01/2017
2017037405;2;2;1;1;5;830;09/01/2017
2017037406;1;2;1;1;3;830;10/01/2017
2017037407;1;2;1;1;3;830;10/01/2017
2017037408;5;1;1;2;6;830;13/01/2017
2017037409;5;2;1;1;3;830;15/01/2017
2017037410;1;1;1;1;1;830;18/01/2017
2017037411;5;2;2;1;1;830;29/01/2017
2017037412;1;2;2;8;3;830;31/01/2017
2017037413;1;1;1;1;3;830;02/02/2017
2017037414;5;2;1;8;1;830;04/02/2017
2017037415;5;1;3;1;3;830;05/02/2017
2017037416;5;2;1;6;6;830;06/02/2017
2017037417;1;2;3;1;3;830;06/02/2017
2017037418;1;2;1;2;6;830;08/02/2017
2017037419;1;2;3;2;6;830;09/02/2017
2017037420;5;2;1;2;6;830;09/02/2017
2017037421;1;2;1;1;1;830;12/02/2017
2017037422;1;2;2;1;3;830;15/02/2017
2017037423;1;2;1;1;5;830;17/02/2017
2017037424;1;1;1;1;3;830;21/02/2017
2017037425;1;2;1;1;6;830;21/02/2017
2017037426;1;2;1;1;6;830;03/03/2017
2017037427;1;2;1;1;6;830;08/03/2017
2017037428;1;2;1;1;6;830;09/03/2017
2017037429;2;2;1;1;6;830;09/03/2017
2017037430;1;2;3;1;5;830;16/03/2017
2017037431;5;2;1;1;1;830;19/03/2017
2017037432;1;1;1;1;3;830;20/03/2017
2017037433;5;1;6;1;1;830;26/03/2017
2017037434;1;2;1;1;6;830;28/03/2017
2017037435;1;2;1;1;6;830;25/03/2017
2017037436;1;1;1;1;2;830;29/03/2017
2017037437;1;2;2;1;3;830;30/03/2017
2017037438;1;1;9;1;3;830;31/03/2017
2017037439;1;2;4;1;6;830;07/04/2017
2017037440;3;2;1;1;5;830;08/04/2017
2017037441;1;2;3;1;3;830;09/04/2017
2017037442;1;2;1;1;6;830;10/04/2017
2017037443;1;2;1;1;6;830;12/04/2017
2017037444;1;1;1;1;1;830;13/04/2017
2017037445;1;2;1;1;6;830;15/04/2017
2017037446;5;2;3;1;3;830;16/04/2017
2017037447;1;2;1;1;6;830;18/04/2017
2017037448;1;1;1;1;3;830;18/04/2017
2017037449;1;1;1;1;6;830;20/04/2017
2017037450;1;2;1;1;6;830;21/04/2017
2017037451;1;2;1;1;7;830;24/04/2017
2017037452;1;1;1;1;4;830;24/04/2017
2017037453;1;2;9;1;1;830;03/05/2017
2017037454;1;2;3;3;3;830;06/05/2017
2017037455;1;2;4;1;3;830;08/05/2017
2017037456;2;2;1;1;3;830;09/05/2017
2017037457;1;2;1;1;2;830;10/05/2017
2017037458;2;2;1;1;6;830;11/05/2017
2017037459;5;2;1;1;6;830;12/05/2017
2017037460;1;2;1;1;6;830;15/05/2017
2017037461;1;2;1;1;5;830;17/05/2017
2017037462;1;2;1;1;2;830;19/05/2017
2017037463;1;1;1;1;4;830;19/05/2017
2017037464;5;2;1;1;6;830;25/05/2017
2017037465;1;1;1;1;3;830;28/05/2017
2017037466;1;2;1;1;2;830;02/06/2017
2017037467;2;2;1;1;3;830;03/06/2017
2017037468;1;2;1;7;6;830;04/06/2017
2017037469;1;2;2;1;3;830;05/06/2017
2017037470;1;2;3;1;3;830;06/06/2017
2017037471;1;1;1;1;6;830;07/06/2017
2017037472;1;2;3;1;7;830;07/06/2017
2017037473;1;1;1;1;3;830;08/06/2017
2017037474;1;2;2;1;3;830;08/06/2017
2017037475;1;1;1;1;3;830;08/06/2017
2017037476;1;2;1;1;6;830;08/06/2017
2017037477;5;1;1;1;6;830;09/06/2017
2017037478;1;1;6;1;6;830;12/06/2017
2017037479;5;2;2;1;3;830;14/06/2017
2017037480;1;2;2;1;3;830;14/06/2017
2017037481;1;2;1;1;6;830;15/06/2017
2017037482;1;2;6;1;1;830;17/06/2017
2017037483;1;1;1;1;2;830;20/06/2017
2017037484;1;2;2;1;3;830;20/06/2017
2017037485;1;2;6;1;3;830;20/06/2017
2017037486;2;2;1;1;2;830;21/06/2017
2017037487;1;1;1;1;1;830;24/06/2017
2017037488;1;1;1;1;1;830;24/06/2017
2017037489;1;2;3;1;1;830;24/06/2017
2017037490;5;2;2;1;1;830;28/06/2017
2017037491;3;1;1;1;3;830;30/06/2017
2017037492;1;2;1;1;6;830;30/06/2017
2017037493;1;2;2;1;6;830;01/07/2017
2017037494;1;2;1;1;4;830;03/07/2017
2017037495;1;2;1;1;6;830;06/07/2017
2017037496;1;2;6;1;2;830;05/07/2017
2017037497;1;2;6;1;2;830;09/07/2017
2017037498;1;2;1;1;6;830;12/07/2017
2017037499;1;2;1;1;3;830;12/07/2017
2017037500;1;2;1;1;1;830;13/07/2017
2017037501;1;1;4;1;3;830;16/07/2017
2017037502;1;2;1;1;3;830;19/07/2017
2017037503;1;1;1;1;3;830;20/07/2017
2017037504;1;1;5;1;3;830;21/07/2017
2017037505;1;2;1;1;3;830;22/07/2017
2017037506;5;2;1;8;6;830;23/07/2017
2017037507;1;2;1;1;6;830;23/07/2017
2017037508;1;2;1;1;6;830;27/07/2017
2017037509;1;2;1;1;6;830;02/08/2017
2017037510;1;2;1;1;1;830;07/08/2017
2017037511;1;2;2;1;3;830;08/08/2017
2017037512;1;2;1;1;3;830;11/08/2017
2017037513;1;2;6;1;3;830;13/08/2017
2017037514;1;2;1;1;6;830;17/08/2017
2017037515;1;2;7;1;3;830;17/08/2017
2017037516;1;2;3;1;3;830;19/08/2017
2017037517;5;2;1;1;6;830;20/08/2017
2017037518;1;2;1;1;6;830;21/08/2017
2017037519;1;2;1;1;6;830;22/08/2017
2017037520;1;2;1;1;3;830;23/08/2017
2017037521;1;2;3;1;3;830;29/08/2017
2017037522;1;2;1;1;6;830;01/09/2017
2017037523;1;2;1;1;2;830;15/09/2017
2017037524;1;2;1;1;6;830;20/09/2017
2017037525;5;2;2;1;3;830;21/09/2017
2017037526;1;2;3;1;3;830;22/09/2017
2017037527;4;2;1;1;2;830;23/09/2017
2017037528;2;2;1;1;3;830;26/09/2017
2017037529;5;2;1;1;6;830;28/09/2017
2017037530;5;2;1;1;2;830;29/09/2017
2017037531;1;2;1;1;3;830;22/09/2017
2017037532;5;2;1;1;6;830;06/10/2017
2017037533;1;2;3;1;3;830;03/10/2017
2017037534;4;1;9;1;3;830;09/10/2017
2017037535;1;2;1;1;2;830;09/10/2017
2017037536;5;2;1;1;6;830;10/10/2017
2017037537;5;2;1;1;4;830;13/10/2017
2017037538;2;2;1;1;3;830;16/10/2017
2017037539;1;2;1;1;6;830;17/10/2017
2017037540;1;2;1;1;3;830;18/10/2017
2017037541;1;2;1;7;6;830;25/10/2017
2017037542;1;2;1;1;6;830;25/10/2017
2017037543;5;2;8;1;6;830;29/10/2017
2017037544;2;2;1;1;6;830;30/10/2017
2017037545;1;2;1;1;3;830;30/10/2017
2017037546;1;1;1;1;2;830;01/11/2017
2017037547;5;2;1;1;3;830;03/11/2017
2017037548;1;2;1;1;2;830;04/11/2017
2017037549;1;2;1;1;3;830;05/11/2017
2017037550;1;2;1;1;6;830;07/11/2017
2017037551;1;2;1;7;6;830;09/11/2017
2017037552;1;2;1;7;6;830;10/11/2017
2017037553;5;2;1;1;2;830;15/11/2017
2017037554;2;2;1;1;6;830;20/11/2017
2017037555;1;2;1;7;6;830;21/11/2017
2017037556;1;1;1;1;1;830;21/11/2017
2017037557;5;2;3;1;3;830;24/11/2017
2017037558;5;2;2;1;3;830;24/11/2017
2017037559;5;2;3;1;3;830;25/11/2017
2017037560;1;2;6;1;3;830;26/11/2017
2017037561;5;2;3;1;3;830;28/11/2017
2017037562;1;2;1;1;6;830;01/12/2017
2017037563;5;2;1;1;3;830;01/12/2017
2017037564;5;2;1;1;6;830;05/12/2017
2017037565;1;2;1;1;2;830;06/12/2017
2017037566;1;2;1;1;6;830;07/12/2017
2017037567;1;2;1;1;6;830;08/12/2017
2017037568;1;2;1;8;6;830;08/12/2017
2017037569;4;1;3;8;6;830;08/12/2017
2017037570;5;2;1;2;1;830;10/12/2017
2017037571;3;1;1;6;6;830;10/12/2017
2017037572;1;2;1;1;1;830;12/12/2017
2017037573;1;2;1;1;3;830;14/12/2017
2017037574;1;2;1;1;3;830;14/12/2017
2017037575;5;2;1;1;3;830;14/12/2017
2017037576;1;2;1;1;6;830;16/12/2017
2017037577;1;2;2;1;1;830;16/12/2017
2017037578;5;2;1;1;1;830;18/12/2017
2017037579;1;2;1;1;6;830;20/12/2017
2017037580;2;2;4;6;2;830;28/12/2017
2017037581;5;2;1;1;2;830;28/12/2017
2017037582;5;2;2;1;3;840;22/12/2017
2017037583;1;2;1;1;3;840;03/11/2017
2017037584;1;2;1;1;6;840;06/11/2017
2017037585;1;2;3;1;3;840;07/11/2017
2017037586;1;2;1;1;6;840;28/11/2017
2017037587;3;2;1;1;6;840;15/01/2017
2017037588;3;1;1;1;6;840;08/12/2017
2017037589;1;2;1;1;6;840;01/02/2017
2017037590;5;1;1;2;6;840;15/02/2017
2017037591;1;2;1;1;6;840;06/01/2017
2017037592;2;2;2;1;3;840;05/02/2017
2017037593;1;2;1;1;6;840;16/01/2017
2017037594;5;2;3;1;3;300;24/02/2017
2017037595;5;2;4;1;3;840;10/03/2017
2017037596;1;2;2;1;3;840;08/03/2017
2017037597;1;2;6;1;2;300;13/05/2017
2017037598;1;2;1;1;3;840;14/05/2017
2017037599;1;2;1;1;3;840;21/02/2017
2017037600;2;1;1;1;1;840;13/05/2017
2017037601;5;2;1;1;5;840;19/05/2017
2017037602;1;2;1;1;6;840;12/04/2017
2017037603;5;2;1;1;2;840;14/04/2017
2017037604;1;2;1;1;6;300;08/06/2017
2017037605;1;2;1;1;6;840;06/06/2017
2017037606;1;2;1;1;6;840;08/06/2017
2017037607;1;2;2;1;2;840;01/06/2017
2017037608;1;2;1;1;6;840;12/06/2017
2017037609;4;2;2;1;6;840;27/07/2017
2017037610;3;1;1;1;1;840;31/07/2017
2017037611;3;2;1;1;3;840;30/07/2017