num_acc;lum;agg;inter;atm;col;dep;date
2017037612;3;1;1;1;5;300;01/09/2017
2017037613;1;2;1;1;3;840;20/05/2017
2017037614;1;2;1;1;6;840;26/05/2017
2017037615;3;1;1;1;5;300;02/09/2017
2017037616;1;2;2;1;6;840;20/09/2017
2017037617;1;2;7;1;3;840;29/08/2017
2017037618;1;2;1;1;6;840;16/10/2017
2017037619;1;2;1;1;6;840;09/12/2017
2017037620;5;1;1;1;6;840;13/10/2017
2017037621;1;2;1;1;3;840;18/12/2017
2017037622;1;2;1;1;6;840;14/02/2017
2017037623;5;2;1;2;6;840;12/12/2017
2017037624;5;2;1;1;6;840;03/01/2017
2017037625;2;1;1;2;5;840;11/12/2017
2017037626;2;2;8;1;6;840;20/02/2017
2017037627;1;2;4;1;1;840;15/04/2017
2017037628;1;2;1;1;2;840;24/04/2017
2017037629;1;1;1;1;3;840;06/04/2017
2017037630;3;2;1;1;2;840;08/04/2017
2017037631;1;2;1;1;3;840;16/05/2017
2017037632;1;2;1;1;6;840;18/04/2017
2017037633;1;1;1;1;6;840;28/05/2017
2017037634;1;2;1;1;6;840;05/04/2017
2017037635;1;1;1;1;3;840;17/04/2017
2017037636;1;2;1;1;3;840;04/04/2017
2017037637;1;2;1;1;6;840;17/06/2017
2017037638;1;1;1;1;6;840;28/06/2017
2017037639;1;1;1;1;3;840;20/05/2017
2017037640;5;2;3;1;3;840;15/06/2017
2017037641;1;1;6;1;3;840;07/08/2017
2017037642;1;2;1;1;3;840;07/07/2017
2017037643;3;1;9;1;3;840;08/07/2017
2017037644;1;1;1;1;2;840;20/07/2017
2017037645;5;2;1;1;3;840;17/08/2017
2017037646;1;2;3;1;6;840;10/07/2017
2017037647;1;1;3;1;3;840;19/09/2017
2017037648;1;1;1;1;3;840;27/10/2017
2017037649;1;2;3;1;3;840;14/11/2017
2017037650;1;2;1;1;3;840;26/09/2017
2017037651;3;1;1;1;6;840;08/12/2017
2017037652;1;2;1;1;6;840;21/11/2017
2017037653;1;1;2;1;3;840;05/07/2017
2017037654;1;1;9;1;3;840;27/07/2017
2017037655;2;2;1;1;1;840;29/09/2017
2017037656;3;1;2;1;5;840;13/10/2017
2017037657;1;2;1;1;2;840;19/10/2017
2017037658;3;1;1;2;2;840;12/11/2017
2017037659;5;2;1;1;1;840;11/01/2017
2017037660;1;2;1;1;6;840;31/01/2017
2017037661;1;1;3;1;3;840;20/02/2017
2017037662;1;2;3;1;3;840;13/02/2017
2017037663;1;2;1;1;3;840;16/02/2017
2017037664;1;2;3;1;3;840;13/05/2017
2017037665;1;1;6;1;3;840;18/05/2017
2017037666;1;2;6;1;3;840;05/06/2017
2017037667;1;2;6;1;3;840;31/05/2017
2017037668;1;1;1;1;1;840;29/07/2017
2017037669;1;1;1;1;6;840;09/08/2017
2017037670;3;1;1;1;7;840;15/08/2017
2017037671;1;1;1;6;6;840;13/11/2017
2017037672;1;1;1;1;6;840;17/11/2017
2017037673;1;2;3;1;3;840;24/11/2017
2017037674;5;2;2;1;1;850;12/01/2017
2017037675;1;2;1;1;6;850;21/01/2017
2017037676;5;2;1;2;6;850;02/02/2017
2017037677;5;2;1;1;6;850;02/02/2017
2017037678;1;1;1;1;7;850;21/02/2017
2017037679;2;2;1;1;1;850;04/01/2017
2017037680;1;1;1;2;2;850;06/02/2017
2017037681;1;2;1;1;3;850;04/03/2017
2017037682;1;1;1;1;3;850;13/03/2017
2017037683;1;2;1;1;1;850;14/03/2017
2017037684;2;1;1;1;2;850;30/03/2017
2017037685;5;2;3;1;3;850;26/03/2017
2017037686;1;2;1;1;2;850;08/04/2017
2017037687;1;2;2;1;3;850;10/04/2017
2017037688;1;1;1;1;1;850;18/04/2017
2017037689;1;1;1;7;6;850;15/05/2017
2017037690;1;1;1;1;1;850;18/05/2017
2017037691;1;2;2;1;2;850;20/05/2017
2017037692;1;1;1;1;1;850;23/05/2017
2017037693;5;2;6;1;3;850;09/06/2017
2017037694;1;2;1;1;6;850;21/06/2017
2017037695;1;2;1;1;2;850;23/06/2017
2017037696;1;2;1;1;6;850;20/07/2017
2017037697;1;2;1;1;1;850;01/08/2017
2017037698;3;2;1;1;1;850;09/09/2017
2017037699;1;2;1;1;6;850;21/09/2017
2017037700;1;1;1;1;6;850;13/09/2017
2017037701;1;2;6;1;3;850;11/10/2017
2017037702;1;2;1;1;7;850;07/10/2017
2017037703;4;1;1;1;1;850;24/10/2017
2017037704;1;2;1;1;6;850;10/11/2017
2017037705;5;2;1;1;5;850;14/11/2017
2017037706;5;2;2;1;3;850;16/11/2017
2017037707;4;2;9;1;6;850;30/11/2017
2017037708;1;2;9;1;6;850;06/12/2017
2017037709;1;2;1;1;6;850;14/12/2017
2017037710;1;2;1;1;6;850;16/12/2017
2017037711;2;2;1;1;4;850;20/12/2017
2017037712;1;2;2;1;3;850;06/10/2017
2017037713;3;2;1;1;6;850;19/12/2017
2017037714;5;2;2;1;3;850;30/10/2017
2017037715;5;2;1;6;6;850;26/12/2017
2017037716;1;1;1;1;6;850;15/01/2017
2017037717;1;2;1;1;1;850;13/11/2017
2017037718;1;2;1;1;6;850;07/02/2017
2017037719;1;2;3;1;3;850;25/01/2017
2017037720;4;1;2;1;6;850;23/11/2017
2017037721;5;2;1;1;2;850;15/12/2017
2017037722;1;2;3;1;3;850;16/02/2017
2017037723;4;2;2;1;3;850;22/12/2017
2017037724;5;2;1;1;6;850;19/01/2017
2017037725;1;2;1;1;3;850;14/01/2017
2017037726;1;2;2;1;3;850;06/04/2017
2017037727;1;2;1;1;2;850;20/03/2017
2017037728;1;2;1;1;6;850;18/04/2017
2017037729;1;2;1;1;3;850;11/03/2017
2017037730;2;2;6;1;2;850;22/04/2017
2017037731;1;2;3;1;2;850;04/04/2017
2017037732;5;2;3;1;3;850;05/04/2017
2017037733;1;2;1;1;2;850;08/04/2017
2017037734;1;2;3;1;3;850;17/04/2017
2017037735;5;2;3;1;6;850;15/04/2017
2017037736;1;1;1;1;2;850;26/05/2017
2017037737;1;2;6;1;3;850;28/05/2017
2017037738;1;2;7;1;6;850;09/06/2017
2017037739;5;2;1;1;6;850;09/07/2017
2017037740;1;2;1;1;6;850;16/06/2017
2017037741;5;2;1;1;3;850;06/07/2017
2017037742;1;2;6;1;6;850;27/05/2017
2017037743;1;2;3;1;3;850;27/07/2017
2017037744;5;2;7;2;3;850;24/07/2017
2017037745;1;2;1;1;6;850;05/08/2017
2017037746;1;2;1;1;1;850;02/09/2017
2017037747;1;2;1;1;6;850;15/08/2017
2017037748;1;2;1;1;3;850;15/08/2017
2017037749;1;1;1;1;1;850;11/08/2017
2017037750;1;2;1;1;6;850;20/09/2017
2017037751;1;2;1;1;2;850;30/07/2017
2017037752;1;1;2;1;3;850;23/07/2017
2017037753;3;2;6;1;6;850;24/09/2017
2017037754;1;2;1;1;3;850;28/09/2017
2017037755;1;2;1;1;3;850;15/10/2017
2017037756;1;2;2;1;3;850;08/10/2017
2017037757;1;2;2;1;3;850;23/10/2017
2017037758;5;2;1;1;3;850;02/11/2017
2017037759;3;2;1;2;2;850;22/10/2017
2017037760;2;2;2;1;2;850;15/11/2017
2017037761;5;2;1;1;6;850;15/10/2017
2017037762;3;2;1;1;7;850;04/12/2017
2017037763;3;2;1;9;1;860;01/01/2017
2017037764;1;2;6;1;6;860;05/01/2017
2017037765;1;2;3;2;1;860;15/01/2017
2017037766;1;2;1;1;7;860;19/02/2017
2017037767;1;2;1;1;2;860;21/02/2017
2017037768;1;2;6;2;6;860;01/03/2017
2017037769;1;1;1;1;2;860;04/03/2017
2017037770;1;2;2;1;3;860;18/03/2017
2017037771;3;2;1;1;6;860;28/03/2017
2017037772;1;1;1;1;4;860;18/04/2017
2017037773;1;2;1;1;6;860;25/04/2017
2017037774;1;2;1;1;1;860;27/04/2017
2017037775;1;2;1;1;6;860;27/04/2017
2017037776;1;2;6;1;3;860;28/04/2017
2017037777;1;2;1;1;2;860;02/05/2017
2017037778;1;1;1;1;6;860;05/05/2017
2017037779;1;2;2;1;3;860;09/05/2017
2017037780;1;1;2;1;3;860;10/05/2017
2017037781;1;2;2;1;3;860;13/05/2017
2017037782;1;2;1;1;7;860;14/05/2017
2017037783;1;2;2;1;3;860;15/05/2017
2017037784;1;2;1;1;6;860;16/05/2017
2017037785;1;2;1;1;2;860;22/05/2017
2017037786;1;2;1;1;2;860;07/06/2017
2017037787;1;2;1;1;6;860;12/06/2017
2017037788;1;2;2;1;3;860;15/06/2017
2017037789;5;2;6;1;7;860;16/06/2017
2017037790;2;2;1;1;6;860;19/06/2017
2017037791;1;1;3;1;3;860;28/06/2017
2017037792;1;2;3;1;3;860;04/08/2017
2017037793;1;2;1;1;2;860;04/08/2017
2017037794;1;2;1;1;5;860;19/08/2017
2017037795;1;2;1;2;7;860;08/10/2017
2017037796;1;2;3;1;3;860;10/10/2017
2017037797;1;2;1;1;6;860;25/10/2017
2017037798;1;2;6;2;3;860;09/11/2017
2017037799;1;2;1;1;6;860;09/11/2017
2017037800;1;2;1;1;2;860;18/12/2017
2017037801;5;2;3;1;7;860;02/01/2017
2017037802;1;2;1;1;6;860;20/10/2017
2017037803;1;1;1;1;7;860;03/01/2017
2017037804;1;2;1;1;6;860;04/01/2017
2017037805;2;2;1;1;6;860;05/01/2017
2017037806;3;1;1;1;4;860;05/01/2017
2017037807;2;1;1;5;4;860;04/12/2017
2017037808;1;2;1;2;3;860;12/01/2017
2017037809;5;2;1;1;3;860;14/01/2017
2017037810;5;2;2;1;3;860;14/01/2017
2017037811;1;2;1;1;2;860;18/01/2017
2017037812;1;2;1;1;6;860;14/01/2017
2017037813;1;1;2;1;3;860;18/01/2017
2017037814;3;2;1;1;6;860;20/01/2017
2017037815;5;2;1;1;6;860;22/01/2017
2017037816;1;1;1;1;3;860;23/01/2017
2017037817;1;2;1;1;2;860;24/01/2017
2017037818;5;2;3;1;1;860;26/01/2017
2017037819;1;2;3;1;3;860;28/01/2017
2017037820;5;2;2;1;3;860;29/01/2017
2017037821;1;1;1;1;2;860;16/12/2017
2017037822;1;2;2;1;1;860;30/01/2017
2017037823;5;2;1;1;2;860;01/02/2017
2017037824;2;2;6;2;5;860;02/02/2017
2017037825;1;2;3;1;5;860;04/02/2017
2017037826;1;2;3;1;3;860;09/02/2017
2017037827;5;2;1;1;2;860;11/02/2017
2017037828;1;2;2;1;1;860;15/02/2017
2017037829;5;2;1;1;6;860;16/02/2017
2017037830;1;2;6;1;2;860;17/02/2017
2017037831;1;2;3;1;2;860;17/02/2017
2017037832;1;2;2;2;3;860;21/02/2017
2017037833;1;2;1;1;6;860;24/02/2017
2017037834;1;1;1;1;1;860;24/02/2017
2017037835;5;2;1;1;7;860;26/02/2017
2017037836;1;1;1;1;1;860;26/02/2017
2017037837;1;2;2;1;3;860;10/03/2017
2017037838;2;2;1;1;2;860;11/03/2017
2017037839;5;2;1;1;3;860;10/03/2017
2017037840;1;2;1;1;6;860;13/03/2017
2017037841;1;2;2;1;2;860;13/03/2017
2017037842;1;2;1;1;3;860;14/03/2017
2017037843;1;2;1;1;6;860;14/03/2017
2017037844;5;2;2;1;3;860;15/03/2017
2017037845;1;2;1;1;2;860;16/03/2017
2017037846;1;2;1;1;4;860;16/03/2017
2017037847;1;1;1;1;6;860;16/03/2017
2017037848;3;1;1;1;2;860;17/03/2017
2017037849;5;2;1;1;6;860;17/03/2017
2017037850;1;2;1;1;3;860;25/03/2017
2017037851;1;2;1;1;3;860;27/03/2017
2017037852;1;2;1;1;2;860;27/03/2017
2017037853;1;2;1;1;1;860;28/03/2017
2017037854;1;1;1;1;5;860;28/03/2017
2017037855;1;2;3;1;6;860;01/04/2017
2017037856;2;2;2;1;6;860;01/04/2017
2017037857;5;2;2;1;3;860;31/03/2017
2017037858;1;2;1;1;6;860;03/04/2017
2017037859;1;1;1;1;4;860;04/04/2017
2017037860;1;2;1;1;6;860;05/04/2017
2017037861;1;2;2;1;2;860;08/04/2017
2017037862;1;2;1;1;6;860;08/04/2017
2017037863;1;2;1;1;6;860;09/04/2017
2017037864;1;1;1;1;7;860;09/04/2017
2017037865;1;2;1;1;6;860;10/04/2017
2017037866;2;2;3;1;2;860;11/04/2017
2017037867;5;2;1;1;6;860;12/04/2017
2017037868;1;2;6;1;4;860;12/04/2017
2017037869;1;2;1;1;6;860;13/04/2017
2017037870;1;2;1;1;4;860;15/04/2017
2017037871;1;2;1;1;1;860;14/04/2017
2017037872;1;2;3;1;3;860;19/04/2017
2017037873;1;2;1;1;2;860;19/04/2017
2017037874;3;2;1;1;2;860;19/04/2017
2017037875;5;2;1;1;6;860;19/04/2017
2017037876;1;2;1;1;2;860;20/04/2017
2017037877;1;2;1;1;1;860;26/04/2017
2017037878;5;2;2;1;3;860;28/04/2017
2017037879;1;2;1;5;4;860;04/05/2017
2017037880;1;2;1;1;6;860;05/05/2017
2017037881;5;2;2;1;1;860;06/05/2017
2017037882;1;2;6;1;3;860;08/05/2017
2017037883;2;2;2;1;3;860;08/05/2017
2017037884;1;2;2;1;3;860;11/05/2017
2017037885;1;2;1;1;4;860;16/05/2017
2017037886;1;2;2;1;1;860;17/05/2017
2017037887;1;2;2;3;6;860;19/05/2017
2017037888;1;2;1;1;6;860;20/05/2017
2017037889;1;2;1;1;4;860;20/05/2017
2017037890;1;2;3;1;3;860;25/05/2017
2017037891;1;2;1;7;3;860;26/05/2017
2017037892;1;2;3;1;2;860;30/05/2017
2017037893;1;2;1;1;6;860;31/05/2017
2017037894;1;2;6;1;1;860;01/06/2017
2017037895;1;2;8;1;6;860;02/06/2017
2017037896;1;2;1;1;2;860;02/06/2017
2017037897;5;2;1;2;4;860;06/06/2017
2017037898;1;2;1;1;6;860;03/06/2017
2017037899;1;2;1;1;4;860;06/06/2017
2017037900;1;2;1;1;3;860;09/06/2017
2017037901;1;2;1;1;2;860;15/06/2017
2017037902;1;2;3;1;3;860;15/06/2017
2017037903;1;2;1;1;6;860;18/06/2017
2017037904;1;2;1;1;6;860;18/06/2017
2017037905;3;1;9;1;6;860;03/06/2017
2017037906;1;2;2;1;3;860;17/06/2017
2017037907;5;2;2;1;3;860;21/06/2017
2017037908;3;1;1;1;6;860;24/06/2017
2017037909;1;2;2;1;3;860;29/06/2017
2017037910;2;2;6;1;3;860;02/07/2017
2017037911;1;1;1;3;3;860;29/06/2017
2017037912;5;2;1;1;6;860;03/07/2017
2017037913;1;2;1;1;3;860;04/07/2017
2017037914;1;2;1;1;2;860;04/07/2017
2017037915;1;2;1;1;2;860;06/07/2017
2017037916;1;1;3;1;1;860;14/07/2017
2017037917;1;2;2;2;2;860;07/07/2017
2017037918;1;2;2;1;1;860;10/07/2017
2017037919;1;1;1;1;1;860;14/07/2017
2017037920;2;1;1;1;2;860;20/07/2017
2017037921;1;2;1;1;2;860;20/07/2017
2017037922;5;2;3;1;3;860;20/07/2017
2017037923;1;2;1;1;6;860;21/07/2017
2017037924;5;2;6;1;7;860;25/07/2017
2017037925;1;2;1;1;2;860;26/07/2017
2017037926;1;2;1;1;6;860;26/07/2017
2017037927;5;2;1;1;3;860;30/07/2017
2017037928;1;2;1;1;2;860;31/07/2017
2017037929;1;2;3;1;3;860;08/08/2017
2017037930;5;2;2;1;7;860;09/08/2017
2017037931;5;2;3;2;6;860;09/08/2017
2017037932;1;2;1;1;7;860;25/06/2017
2017037933;1;2;1;1;3;860;12/08/2017
2017037934;1;2;1;1;6;860;20/08/2017
2017037935;3;2;1;1;7;860;20/08/2017
2017037936;1;1;1;1;4;860;20/08/2017
2017037937;5;2;1;1;6;860;21/08/2017
2017037938;1;2;1;1;4;860;25/08/2017
2017037939;3;1;1;1;6;860;30/08/2017
2017037940;1;2;1;1;2;860;31/08/2017
2017037941;1;2;2;1;3;860;31/08/2017
2017037942;1;2;2;1;5;860;02/09/2017
2017037943;5;2;1;1;6;860;05/09/2017
2017037944;1;2;3;1;3;860;05/09/2017
2017037945;1;2;1;1;3;860;07/09/2017
2017037946;1;2;1;1;4;860;07/09/2017
2017037947;1;2;1;1;2;860;12/09/2017
2017037948;5;2;3;1;2;860;16/09/2017
2017037949;5;2;1;1;6;860;14/09/2017
2017037950;1;2;3;2;2;860;17/09/2017
2017037951;2;2;3;2;3;860;17/09/2017
2017037952;1;2;1;7;2;860;21/09/2017
2017037953;1;2;2;1;3;860;23/09/2017
2017037954;1;1;1;3;7;860;25/09/2017
2017037955;1;2;2;1;3;860;26/09/2017
2017037956;1;2;1;1;3;860;15/09/2017
2017037957;1;2;2;1;3;860;27/09/2017
2017037958;2;1;1;2;4;860;01/10/2017
2017037959;3;1;1;2;5;860;29/09/2017
2017037960;3;1;1;2;2;860;02/10/2017
2017037961;1;2;2;1;3;860;26/09/2017
2017037962;1;2;1;1;2;860;03/10/2017
2017037963;1;1;1;1;3;860;03/10/2017
2017037964;1;2;1;1;6;860;05/10/2017
2017037965;1;2;3;1;3;860;05/10/2017
2017037966;1;2;1;1;2;860;03/10/2017
2017037967;3;1;1;2;6;860;06/10/2017
2017037968;1;2;1;2;1;860;09/10/2017
2017037969;1;1;1;1;4;860;16/10/2017
2017037970;5;2;1;1;3;860;17/10/2017
2017037971;1;2;1;1;6;860;18/10/2017
2017037972;5;2;1;1;6;860;19/10/2017
2017037973;1;2;1;1;6;860;02/10/2017
2017037974;1;2;1;1;6;860;05/10/2017
2017037975;5;2;2;1;3;860;24/10/2017
2017037976;5;2;1;1;3;860;26/10/2017
2017037977;1;2;1;1;4;860;14/10/2017
2017037978;1;2;1;1;4;860;03/11/2017
2017037979;1;2;6;2;6;860;08/11/2017
2017037980;5;2;1;1;4;860;07/11/2017
2017037981;5;2;1;1;3;860;09/11/2017
2017037982;5;2;3;1;2;860;11/11/2017
2017037983;1;2;1;1;6;860;19/10/2017
2017037984;1;2;6;1;3;860;06/11/2017
2017037985;5;2;1;1;6;860;13/11/2017
2017037986;1;2;2;1;3;860;17/11/2017
2017037987;2;2;6;1;5;860;17/11/2017
2017037988;2;1;1;5;2;860;20/11/2017
2017037989;1;2;1;1;6;860;22/11/2017
2017037990;2;2;1;1;1;860;27/11/2017
2017037991;2;2;1;1;6;860;27/11/2017
2017037992;1;2;2;1;3;860;24/11/2017
2017037993;2;2;1;3;4;860;28/11/2017
2017037994;5;2;1;3;2;860;28/11/2017
2017037995;5;1;1;1;2;860;29/11/2017
2017037996;1;2;1;1;6;860;30/11/2017
2017037997;5;2;2;1;3;860;06/12/2017
2017037998;5;2;2;2;6;860;08/12/2017
2017037999;3;1;1;2;5;860;09/12/2017
2017038000;2;2;1;1;4;860;11/12/2017
2017038001;1;2;1;1;2;860;24/11/2017
2017038002;1;2;1;1;6;860;04/12/2017
2017038003;1;2;9;2;3;860;11/12/2017
2017038004;5;2;6;2;3;860;13/12/2017
2017038005;5;2;2;1;4;860;13/12/2017
2017038006;1;2;3;1;1;860;15/12/2017
2017038007;1;2;1;1;2;860;15/12/2017
2017038008;5;2;1;1;2;860;17/12/2017
2017038009;1;2;1;1;6;860;15/12/2017
2017038010;1;2;1;1;6;860;18/12/2017
2017038011;3;1;1;1;2;860;20/12/2017
2017038012;1;2;1;1;4;860;21/12/2017
2017038013;5;2;2;2;3;860;22/12/2017
2017038014;2;2;1;1;6;860;22/12/2017
2017038015;5;2;2;6;3;860;26/12/2017
2017038016;1;2;1;1;6;860;15/12/2017
2017038017;5;2;1;1;6;860;28/12/2017
2017038018;1;2;2;1;3;860;29/12/2017
2017038019;1;2;1;2;6;870;29/12/2017
2017038020;5;2;1;4;6;870;01/01/2017
2017038021;1;1;1;3;3;870;31/12/2017
2017038022;5;2;1;4;6;870;01/01/2017
2017038023;1;2;1;1;4;870;02/01/2017
2017038024;5;1;1;1;4;870;03/01/2017
2017038025;5;2;1;2;3;870;29/12/2017
2017038026;2;2;3;1;7;870;02/01/2017
2017038027;1;1;1;1;2;870;03/01/2017
2017038028;1;2;1;2;3;870;26/12/2017
2017038029;1;2;3;1;3;870;05/01/2017
2017038030;5;2;3;2;6;870;11/01/2017
2017038031;1;2;1;1;6;870;14/01/2017
2017038032;5;2;3;1;6;870;13/01/2017
2017038033;2;2;1;1;6;870;17/01/2017
2017038034;5;2;1;3;2;870;12/01/2017
2017038035;2;2;2;1;3;870;23/01/2017
2017038036;1;2;1;1;6;870;24/01/2017
2017038037;1;2;1;1;2;870;26/01/2017
2017038038;1;2;1;1;2;870;25/01/2017
2017038039;1;2;1;1;2;870;27/01/2017
2017038040;5;2;4;1;6;870;28/01/2017
2017038041;1;2;1;1;3;870;30/01/2017
2017038042;1;1;1;6;6;870;04/02/2017
2017038043;1;2;2;2;3;870;01/02/2017
2017038044;2;2;1;2;6;870;05/02/2017
2017038045;1;2;1;1;6;870;04/02/2017
2017038046;5;2;1;2;6;870;07/02/2017
2017038047;1;2;1;1;6;870;08/02/2017
2017038048;1;2;2;1;3;870;10/02/2017
2017038049;1;2;1;1;6;870;10/02/2017
2017038050;1;1;1;1;5;870;07/01/2017
2017038051;5;2;2;2;3;870;12/02/2017
2017038052;1;2;1;1;2;870;10/02/2017
2017038053;1;2;1;1;6;870;10/02/2017
2017038054;5;2;1;1;3;870;10/02/2017
2017038055;1;2;1;1;1;870;01/02/2017
2017038056;5;2;1;1;6;870;05/02/2017
2017038057;1;2;1;1;1;870;18/02/2017
2017038058;1;2;1;1;6;870;20/02/2017
2017038059;1;2;1;2;6;870;21/02/2017
2017038060;1;1;1;2;6;870;21/02/2017
2017038061;1;2;3;1;3;870;14/02/2017
2017038062;1;1;1;2;1;870;21/02/2017
2017038063;2;2;2;2;6;870;23/02/2017
2017038064;5;2;1;2;6;870;23/02/2017
2017038065;1;1;1;1;2;870;27/02/2017
2017038066;1;2;1;2;3;870;28/02/2017
2017038067;1;2;3;2;6;870;28/02/2017
2017038068;1;2;1;2;6;870;01/03/2017
2017038069;1;2;1;2;2;870;01/03/2017
2017038070;1;2;1;1;6;870;02/03/2017
2017038071;5;2;6;1;2;870;24/02/2017
2017038072;2;2;1;1;6;870;01/03/2017
2017038073;1;2;1;1;6;870;06/03/2017
2017038074;1;2;1;2;4;870;07/03/2017
2017038075;5;2;1;2;6;870;08/03/2017
2017038076;5;2;3;1;3;870;05/03/2017
2017038077;1;2;2;1;3;870;08/03/2017
2017038078;1;2;1;2;6;870;08/03/2017
2017038079;3;1;1;1;6;870;03/03/2017
2017038080;1;2;1;1;6;870;10/03/2017
2017038081;1;2;1;1;2;870;10/03/2017
2017038082;1;2;2;1;3;870;11/03/2017
2017038083;1;2;1;1;3;870;14/03/2017
2017038084;1;2;1;1;2;870;16/03/2017
2017038085;5;2;3;1;3;870;19/03/2017
2017038086;1;2;3;1;3;870;19/03/2017
2017038087;5;2;1;1;6;870;16/02/2017
2017038088;1;2;3;2;3;870;23/03/2017
2017038089;1;2;1;2;6;870;23/03/2017
2017038090;1;1;3;1;3;870;01/04/2017
2017038091;1;2;1;2;6;870;31/03/2017
2017038092;1;2;3;1;3;870;01/04/2017
2017038093;1;1;1;1;2;870;05/04/2017
2017038094;1;2;3;1;3;870;06/04/2017
2017038095;1;1;3;1;1;870;07/04/2017
2017038096;1;1;1;1;3;870;07/04/2017
2017038097;1;1;1;1;1;870;09/04/2017
2017038098;1;2;2;1;2;870;10/04/2017
2017038099;1;2;2;1;3;870;04/04/2017
2017038100;1;1;1;1;4;870;07/04/2017
2017038101;1;2;1;1;2;870;07/04/2017
2017038102;1;1;1;1;2;870;10/04/2017
2017038103;1;1;1;1;6;870;15/04/2017
2017038104;1;2;3;1;3;870;14/04/2017
2017038105;1;2;3;1;3;870;16/04/2017
2017038106;1;1;1;1;1;870;20/04/2017
2017038107;1;2;2;1;6;870;19/04/2017
2017038108;1;1;1;1;1;870;21/04/2017
2017038109;1;2;1;2;6;870;30/04/2017
2017038110;1;2;3;1;3;870;20/04/2017
2017038111;1;1;1;1;6;870;30/04/2017
2017038112;1;2;3;1;3;870;03/05/2017
2017038113;1;2;3;1;3;870;03/05/2017
2017038114;1;2;2;1;6;870;10/04/2017
2017038115;5;2;1;1;7;870;11/04/2017
2017038116;1;2;1;1;6;870;07/05/2017
2017038117;1;2;2;1;3;870;07/05/2017
2017038118;1;1;1;1;1;870;06/05/2017
2017038119;1;2;6;1;7;870;09/05/2017
2017038120;5;2;1;1;6;870;10/05/2017
2017038121;1;2;3;1;3;870;12/05/2017
2017038122;5;2;3;1;6;870;13/05/2017
2017038123;1;1;1;1;6;870;16/05/2017
2017038124;1;2;2;1;6;870;16/05/2017
2017038125;1;2;1;2;6;870;18/05/2017
2017038126;1;2;1;2;5;870;18/05/2017
2017038127;1;2;1;3;6;870;18/05/2017
2017038128;1;2;1;1;6;870;21/05/2017
2017038129;1;1;1;1;7;870;27/05/2017
2017038130;1;1;2;1;3;870;28/05/2017
2017038131;1;2;1;1;6;870;30/05/2017
2017038132;1;2;1;1;2;870;31/05/2017
2017038133;1;2;2;1;3;870;31/05/2017
2017038134;1;2;1;1;6;870;01/06/2017
2017038135;5;2;2;1;3;870;01/06/2017
2017038136;1;2;1;1;6;870;02/06/2017
2017038137;1;2;2;1;3;870;03/06/2017
2017038138;1;2;1;1;6;870;07/06/2017
2017038139;1;1;1;1;2;870;09/06/2017
2017038140;1;2;1;1;2;870;10/06/2017
2017038141;1;2;1;1;4;870;10/06/2017
2017038142;5;2;1;1;6;870;13/06/2017
2017038143;1;2;2;2;3;870;13/06/2017
2017038144;1;2;2;1;3;870;07/06/2017
2017038145;1;1;1;1;6;870;18/06/2017
2017038146;1;2;1;1;6;870;02/06/2017
2017038147;1;1;1;1;6;870;20/06/2017
2017038148;2;2;1;1;3;870;21/06/2017
2017038149;1;2;1;1;7;870;07/06/2017
2017038150;1;2;3;1;6;870;17/06/2017
2017038151;1;1;1;1;6;870;23/06/2017
2017038152;1;2;3;1;3;870;22/06/2017
2017038153;1;2;1;1;2;870;24/06/2017
2017038154;1;1;1;1;6;870;12/04/2017
2017038155;1;2;6;1;3;870;11/04/2017
2017038156;1;2;1;2;2;870;29/06/2017
2017038157;1;2;1;2;6;870;29/06/2017
2017038158;1;2;1;1;6;870;29/06/2017
2017038159;1;2;1;2;1;870;29/06/2017
2017038160;3;1;1;1;7;870;04/07/2017
2017038161;1;2;2;1;3;870;06/07/2017
2017038162;1;2;3;1;3;870;07/07/2017
2017038163;5;2;2;1;3;870;08/07/2017
2017038164;1;2;1;1;6;870;09/07/2017
2017038165;1;2;1;1;4;870;12/07/2017
2017038166;1;2;1;1;6;870;13/07/2017
2017038167;1;2;1;1;6;870;12/07/2017
2017038168;5;2;3;2;6;870;20/07/2017
2017038169;1;1;1;1;6;870;24/07/2017
2017038170;1;2;1;1;6;870;25/07/2017
2017038171;1;2;1;1;6;870;26/07/2017
2017038172;1;2;6;2;6;870;27/07/2017
2017038173;1;2;6;2;6;870;27/07/2017
2017038174;1;1;1;1;4;870;26/07/2017
2017038175;1;1;1;1;2;870;29/07/2017
2017038176;1;1;1;1;6;870;01/08/2017
2017038177;1;1;1;1;3;870;01/08/2017
2017038178;1;2;1;1;3;870;02/08/2017
2017038179;1;2;1;1;6;870;02/08/2017
2017038180;1;2;2;1;2;870;07/08/2017
2017038181;1;1;1;1;1;870;28/07/2017
2017038182;1;2;2;1;3;870;07/08/2017
2017038183;1;2;1;1;3;870;07/08/2017
2017038184;1;1;1;1;2;870;08/08/2017
2017038185;1;2;2;1;3;870;09/08/2017
2017038186;1;2;3;1;3;870;10/08/2017
2017038187;1;1;1;2;4;870;11/08/2017
2017038188;1;2;3;1;5;870;12/08/2017