num_acc;lum;agg;inter;atm;col;dep;date
2017038766;1;2;1;1;6;910;18/10/2017
2017038767;1;1;9;1;7;910;21/10/2017
2017038768;1;2;1;1;1;910;22/10/2017
2017038769;2;1;1;2;7;910;23/10/2017
2017038770;1;1;1;1;2;910;27/10/2017
2017038771;1;2;6;1;2;910;31/10/2017
2017038772;2;2;1;1;7;910;31/10/2017
2017038773;1;2;1;1;7;910;07/11/2017
2017038774;3;1;1;1;6;910;07/11/2017
2017038775;2;2;1;1;6;910;10/11/2017
2017038776;1;2;1;2;6;910;11/11/2017
2017038777;1;2;1;1;4;910;12/11/2017
2017038778;3;1;1;1;6;910;14/11/2017
2017038779;5;2;3;1;3;910;15/11/2017
2017038780;2;2;3;1;6;910;01/12/2017
2017038781;5;2;1;1;6;910;05/12/2017
2017038782;3;1;1;1;7;910;05/12/2017
2017038783;1;2;1;1;6;910;12/12/2017
2017038784;3;1;1;1;6;910;12/12/2017
2017038785;1;1;1;2;7;910;13/12/2017
2017038786;5;1;6;1;7;910;16/12/2017
2017038787;3;1;1;1;6;910;19/12/2017
2017038788;1;2;1;1;2;910;20/12/2017
2017038789;5;2;1;1;2;910;23/12/2017
2017038790;1;2;1;1;6;910;26/12/2017
2017038791;1;1;1;2;6;910;27/12/2017
2017038792;1;2;1;1;6;910;28/12/2017
2017038793;5;2;1;2;6;910;13/12/2017
2017038794;1;2;1;1;6;910;18/03/2017
2017038795;1;2;1;2;3;910;15/12/2017
2017038796;1;2;6;1;3;910;19/04/2017
2017038797;1;2;3;1;3;910;17/03/2017
2017038798;1;2;1;1;6;910;09/10/2017
2017038799;1;1;1;1;1;910;06/02/2017
2017038800;1;2;2;1;6;910;28/12/2017
2017038801;1;2;1;1;6;910;11/05/2017
2017038802;2;2;1;2;6;910;07/12/2017
2017038803;5;2;3;1;6;910;18/02/2017
2017038804;1;2;1;2;3;910;30/12/2017
2017038805;1;2;7;1;6;910;09/05/2017
2017038806;1;2;1;2;5;910;19/05/2017
2017038807;5;2;1;1;6;910;15/11/2017
2017038808;1;2;7;1;3;910;21/05/2017
2017038809;1;2;1;1;6;910;03/06/2017
2017038810;1;2;1;1;3;910;06/06/2017
2017038811;1;2;3;1;3;910;26/06/2017
2017038812;1;2;3;3;3;910;09/08/2017
2017038813;2;2;1;1;6;910;26/05/2017
2017038814;1;2;4;7;6;910;20/06/2017
2017038815;1;2;1;1;3;910;03/09/2017
2017038816;2;2;1;2;6;910;01/09/2017
2017038817;1;2;1;1;6;910;03/10/2017
2017038818;5;2;1;1;6;910;15/11/2017
2017038819;1;2;1;1;2;910;04/08/2017
2017038820;1;2;1;1;2;910;07/08/2017
2017038821;1;2;3;1;3;910;23/08/2017
2017038822;1;2;3;1;3;910;15/11/2017
2017038823;1;2;2;1;3;910;22/11/2017
2017038824;5;2;1;1;6;910;15/10/2017
2017038825;5;2;1;1;6;910;21/03/2017
2017038826;1;2;1;1;6;910;04/10/2017
2017038827;1;2;1;1;6;910;04/04/2017
2017038828;1;2;1;1;6;910;26/05/2017
2017038829;1;2;1;1;6;910;31/05/2017
2017038830;1;2;2;1;3;910;04/06/2017
2017038831;1;2;2;1;3;910;21/05/2017
2017038832;1;2;1;1;2;910;05/07/2017
2017038833;1;2;1;1;3;910;08/07/2017
2017038834;1;2;2;1;3;910;07/11/2017
2017038835;1;2;1;1;6;910;09/11/2017
2017038836;1;2;2;2;3;910;17/11/2017
2017038837;1;2;3;8;5;910;17/11/2017
2017038838;5;2;4;8;4;910;21/11/2017
2017038839;1;2;3;1;1;910;21/11/2017
2017038840;1;2;1;1;6;910;21/11/2017
2017038841;1;2;1;9;6;910;14/09/2017
2017038842;1;2;6;2;3;910;01/12/2017
2017038843;5;2;1;1;2;910;17/11/2017
2017038844;5;2;1;1;2;910;04/12/2017
2017038845;1;2;1;2;2;910;08/12/2017
2017038846;1;2;3;8;1;910;14/12/2017
2017038847;5;2;1;8;1;910;16/12/2017
2017038848;5;2;1;1;5;910;18/12/2017
2017038849;5;2;6;2;6;910;20/12/2017
2017038850;1;2;1;2;2;910;25/12/2017
2017038851;5;2;2;2;3;910;29/12/2017
2017038852;1;2;3;2;6;910;06/03/2017
2017038853;5;1;1;1;6;910;29/03/2017
2017038854;1;2;3;1;3;910;07/07/2017
2017038855;1;2;1;1;6;910;23/07/2017
2017038856;5;2;1;1;3;910;29/09/2017
2017038857;3;2;1;8;6;910;08/10/2017
2017038858;5;2;1;1;5;910;12/10/2017
2017038859;5;2;1;1;6;910;03/09/2017
2017038860;3;2;1;1;3;910;31/10/2017
2017038861;1;2;1;1;6;910;09/11/2017
2017038862;1;2;1;1;6;910;12/12/2017
2017038863;1;2;1;1;6;910;20/12/2017
2017038864;1;2;1;1;6;910;04/12/2017
2017038865;1;2;1;1;6;910;05/01/2017
2017038866;5;2;1;2;3;910;10/01/2017
2017038867;1;1;1;1;6;910;13/10/2017
2017038868;1;2;1;2;6;910;12/01/2017
2017038869;5;2;1;3;6;910;12/01/2017
2017038870;1;1;1;1;3;910;12/12/2017
2017038871;2;2;1;1;6;910;12/01/2017
2017038872;1;2;1;1;6;910;17/01/2017
2017038873;3;2;6;1;6;910;08/02/2017
2017038874;1;2;6;1;3;910;08/02/2017
2017038875;1;2;1;1;2;910;19/02/2017
2017038876;1;1;1;1;3;910;23/02/2017
2017038877;1;2;1;1;2;910;14/03/2017
2017038878;5;2;2;1;6;910;14/03/2017
2017038879;1;2;1;1;6;910;15/03/2017
2017038880;1;2;1;1;6;910;10/04/2017
2017038881;1;1;1;1;1;910;04/01/2017
2017038882;1;2;1;1;1;910;28/04/2017
2017038883;2;1;1;1;6;910;29/04/2017
2017038884;2;2;1;7;6;910;27/03/2017
2017038885;1;2;1;1;2;910;23/05/2017
2017038886;1;1;6;1;7;910;28/05/2017
2017038887;1;2;1;1;2;910;28/05/2017
2017038888;1;2;8;1;6;910;03/06/2017
2017038889;1;2;1;1;2;910;02/06/2017
2017038890;1;2;3;2;3;910;12/07/2017
2017038891;1;2;1;1;2;910;13/07/2017
2017038892;1;2;1;1;6;910;21/07/2017
2017038893;1;2;1;1;4;910;25/04/2017
2017038894;1;2;1;1;1;910;06/08/2017
2017038895;1;2;1;2;2;910;30/08/2017
2017038896;5;2;3;2;3;910;01/10/2017
2017038897;2;2;1;9;6;910;02/10/2017
2017038898;1;2;3;1;2;910;03/07/2017
2017038899;5;2;6;1;3;910;10/10/2017
2017038900;1;2;9;1;6;910;13/10/2017
2017038901;5;1;1;2;1;910;14/09/2017
2017038902;1;2;1;2;3;910;25/10/2017
2017038903;1;2;1;1;6;910;19/08/2017
2017038904;1;2;1;2;6;910;24/11/2017
2017038905;5;2;3;2;6;910;27/11/2017
2017038906;3;1;1;4;1;910;30/11/2017
2017038907;1;2;1;8;5;910;02/12/2017
2017038908;1;2;9;2;3;910;07/12/2017
2017038909;1;2;1;1;1;910;12/01/2017
2017038910;1;2;1;1;2;910;14/01/2017
2017038911;5;2;1;1;6;910;26/01/2017
2017038912;2;2;1;1;5;910;27/01/2017
2017038913;1;1;1;2;2;910;24/01/2017
2017038914;1;2;1;1;6;910;04/02/2017
2017038915;5;2;2;1;3;910;03/02/2017
2017038916;5;2;1;1;1;910;14/02/2017
2017038917;1;1;1;1;2;910;18/02/2017
2017038918;1;2;2;1;3;910;18/02/2017
2017038919;1;2;2;1;3;910;08/03/2017
2017038920;1;2;1;1;1;910;11/03/2017
2017038921;4;1;1;1;2;910;15/03/2017
2017038922;1;1;1;1;2;910;25/03/2017
2017038923;1;2;1;1;6;910;01/04/2017
2017038924;1;2;1;1;2;910;03/04/2017
2017038925;1;2;1;1;6;910;24/04/2017
2017038926;1;2;1;1;1;910;04/05/2017
2017038927;1;2;3;1;2;910;09/04/2017
2017038928;1;1;1;1;4;910;26/03/2017
2017038929;1;2;3;1;3;910;17/04/2017
2017038930;1;2;1;1;1;910;18/04/2017
2017038931;1;1;1;1;6;910;22/05/2017
2017038932;1;2;1;1;2;910;23/05/2017
2017038933;1;2;1;1;4;910;23/05/2017
2017038934;1;2;1;1;2;910;24/05/2017
2017038935;1;2;7;1;4;910;25/04/2017
2017038936;2;2;1;1;6;910;01/06/2017
2017038937;1;2;1;1;6;910;03/06/2017
2017038938;1;2;1;1;2;910;05/06/2017
2017038939;1;2;7;1;6;910;09/06/2017
2017038940;1;1;1;1;5;910;13/06/2017
2017038941;1;2;1;1;3;910;14/06/2017
2017038942;1;2;1;1;6;910;23/06/2017
2017038943;1;2;1;1;2;910;19/06/2017
2017038944;5;2;2;2;3;910;09/07/2017
2017038945;1;2;4;1;3;910;10/07/2017
2017038946;1;1;1;1;7;910;11/07/2017
2017038947;1;2;1;1;1;910;04/08/2017
2017038948;3;1;1;1;1;910;06/08/2017
2017038949;1;2;2;1;3;910;03/08/2017
2017038950;5;2;1;3;6;910;16/08/2017
2017038951;1;2;2;1;3;910;30/06/2017
2017038952;1;2;1;1;2;910;17/07/2017
2017038953;1;2;1;1;3;910;03/08/2017
2017038954;1;2;1;1;6;910;14/07/2017
2017038955;1;2;1;1;6;910;26/09/2017
2017038956;1;2;3;1;1;910;20/07/2017
2017038957;1;2;3;1;2;910;27/09/2017
2017038958;1;2;1;1;6;910;27/08/2017
2017038959;1;2;1;1;3;910;02/09/2017
2017038960;5;1;1;1;2;910;03/09/2017
2017038961;1;2;6;1;3;910;20/09/2017
2017038962;1;2;2;1;2;910;21/09/2017
2017038963;1;2;1;1;6;910;18/10/2017
2017038964;1;2;1;1;1;910;17/09/2017
2017038965;5;2;1;1;3;910;03/10/2017
2017038966;2;2;1;2;6;910;28/09/2017
2017038967;2;2;2;1;6;910;20/10/2017
2017038968;5;2;1;2;6;910;23/10/2017
2017038969;1;1;1;2;2;910;24/10/2017
2017038970;1;1;1;2;3;910;24/10/2017
2017038971;1;1;1;1;1;910;28/10/2017
2017038972;5;2;3;1;3;910;07/11/2017
2017038973;1;2;3;1;6;910;09/11/2017
2017038974;1;2;1;1;2;910;20/11/2017
2017038975;3;2;1;1;6;910;22/11/2017
2017038976;3;2;1;1;6;910;24/11/2017
2017038977;1;2;1;1;6;910;25/11/2017
2017038978;2;2;1;1;6;910;25/11/2017
2017038979;5;2;2;2;3;910;28/11/2017
2017038980;2;2;3;2;4;910;27/11/2017
2017038981;1;2;1;2;3;910;28/11/2017
2017038982;1;2;3;1;5;910;25/09/2017
2017038983;3;1;1;1;7;910;03/12/2017
2017038984;2;2;3;1;3;910;04/12/2017
2017038985;2;2;1;1;3;910;29/11/2017
2017038986;5;2;1;1;6;910;17/12/2017
2017038987;4;2;3;1;6;910;03/01/2017
2017038988;1;1;1;1;6;910;15/10/2017
2017038989;5;2;1;5;6;910;03/01/2017
2017038990;2;1;1;1;6;910;25/10/2017
2017038991;1;2;1;1;6;910;04/01/2017
2017038992;5;2;1;2;7;910;02/10/2017
2017038993;1;1;1;1;2;910;04/01/2017
2017038994;1;1;6;1;7;910;24/10/2017
2017038995;5;2;1;6;6;910;12/01/2017
2017038996;5;2;4;2;6;910;12/01/2017
2017038997;5;2;1;1;2;910;17/11/2017
2017038998;3;1;1;9;7;910;14/01/2017
2017038999;1;2;1;1;3;910;17/11/2017
2017039000;1;2;3;1;6;910;19/01/2017
2017039001;5;2;1;1;6;910;17/11/2017
2017039002;5;2;1;1;1;910;28/01/2017
2017039003;5;2;1;8;2;910;31/01/2017
2017039004;1;2;2;1;6;910;05/11/2017
2017039005;1;2;1;2;7;910;16/02/2017
2017039006;1;2;1;1;6;910;23/02/2017
2017039007;1;2;9;7;6;910;29/12/2017
2017039008;1;2;1;1;3;910;22/02/2017
2017039009;3;2;1;2;3;910;13/12/2017
2017039010;1;1;1;1;4;910;28/02/2017
2017039011;5;2;1;1;1;910;07/03/2017
2017039012;1;2;1;1;3;910;12/03/2017
2017039013;1;1;1;1;2;910;14/03/2017
2017039014;3;2;1;1;3;910;18/03/2017
2017039015;1;1;2;1;3;910;20/03/2017
2017039016;1;1;1;1;3;910;31/03/2017
2017039017;1;2;1;1;5;910;03/04/2017
2017039018;1;2;1;1;2;910;06/04/2017
2017039019;1;2;6;1;2;910;07/04/2017
2017039020;5;2;1;1;6;910;13/04/2017
2017039021;1;1;1;1;2;910;18/04/2017
2017039022;1;1;4;7;3;910;18/04/2017
2017039023;5;1;1;1;7;910;20/04/2017
2017039024;1;2;1;2;2;910;03/05/2017
2017039025;1;2;6;1;4;910;04/05/2017
2017039026;1;2;1;1;3;910;10/05/2017
2017039027;2;2;1;1;1;910;11/05/2017
2017039028;1;2;1;1;2;910;11/05/2017
2017039029;2;2;1;8;6;910;12/05/2017
2017039030;1;2;1;1;3;910;16/05/2017
2017039031;1;2;1;1;3;910;29/05/2017
2017039032;1;2;2;1;3;910;30/05/2017
2017039033;1;1;1;1;6;910;30/05/2017
2017039034;1;2;1;1;2;910;31/05/2017
2017039035;1;2;1;1;6;910;20/05/2017
2017039036;1;2;1;1;1;910;06/06/2017
2017039037;1;2;1;1;2;910;07/06/2017
2017039038;1;2;9;1;3;910;08/06/2017
2017039039;1;2;1;1;6;910;08/06/2017
2017039040;1;2;1;1;6;910;15/05/2017
2017039041;1;2;3;1;1;910;20/06/2017
2017039042;1;1;1;1;5;910;22/06/2017
2017039043;5;2;1;1;6;910;24/06/2017
2017039044;1;1;6;1;2;910;03/07/2017
2017039045;1;2;1;1;6;910;08/07/2017
2017039046;1;2;3;1;2;910;15/07/2017
2017039047;1;2;1;1;3;910;20/07/2017
2017039048;1;1;1;1;2;910;20/07/2017
2017039049;1;2;1;9;2;910;21/07/2017
2017039050;1;2;3;1;3;910;21/07/2017
2017039051;1;2;1;8;3;910;25/07/2017
2017039052;1;1;6;1;2;910;27/07/2017
2017039053;1;2;1;1;6;910;03/08/2017
2017039054;1;2;1;1;2;910;14/08/2017
2017039055;1;2;1;1;3;910;17/08/2017
2017039056;1;2;1;1;3;910;19/08/2017
2017039057;1;2;1;1;1;910;22/08/2017
2017039058;1;2;1;1;6;910;28/06/2017
2017039059;1;2;1;7;6;910;28/08/2017
2017039060;3;2;1;1;6;910;27/08/2017
2017039061;1;2;6;1;2;910;22/06/2017
2017039062;1;2;1;1;3;910;04/09/2017
2017039063;1;2;1;1;3;910;31/08/2017
2017039064;5;2;1;3;7;910;29/09/2017
2017039065;1;1;3;7;3;910;06/10/2017
2017039066;1;2;1;1;1;910;17/10/2017
2017039067;1;2;3;1;3;910;18/10/2017
2017039068;1;2;1;1;6;910;15/10/2017
2017039069;2;2;1;1;2;910;27/10/2017
2017039070;2;2;1;1;6;910;28/11/2017
2017039071;5;2;1;2;6;910;30/11/2017
2017039072;1;2;1;8;6;910;01/12/2017
2017039073;5;2;1;2;6;910;07/12/2017
2017039074;5;2;1;2;6;910;07/12/2017
2017039075;5;2;1;2;4;910;21/12/2017
2017039076;1;2;3;7;6;910;28/12/2017
2017039077;2;2;6;1;3;910;18/01/2017
2017039078;3;2;2;1;3;910;23/01/2017
2017039079;5;2;1;9;6;910;22/01/2017
2017039080;5;2;1;1;4;910;25/01/2017
2017039081;1;2;3;1;3;910;11/02/2017
2017039082;1;2;1;1;6;910;15/02/2017
2017039083;2;2;1;1;3;910;23/02/2017
2017039084;1;2;1;1;6;910;24/02/2017
2017039085;1;2;6;1;3;910;02/03/2017
2017039086;1;2;3;1;1;910;14/04/2017
2017039087;1;2;1;1;3;910;14/04/2017
2017039088;1;2;1;1;6;910;13/05/2017
2017039089;1;2;1;1;3;910;24/05/2017
2017039090;1;1;6;1;6;910;12/06/2017
2017039091;1;2;1;1;6;910;13/06/2017
2017039092;1;2;3;1;1;910;11/06/2017
2017039093;1;2;4;1;3;910;27/06/2017
2017039094;1;2;1;1;6;910;11/07/2017
2017039095;1;2;1;1;3;910;29/07/2017
2017039096;3;2;1;1;6;910;20/10/2017
2017039097;1;2;1;2;3;910;24/11/2017
2017039098;2;2;2;2;3;910;27/11/2017
2017039099;5;2;1;1;5;910;29/11/2017
2017039100;2;2;1;9;6;910;12/12/2017
2017039101;5;2;1;1;6;910;12/12/2017
2017039102;5;2;1;8;6;910;21/12/2017
2017039103;1;2;1;8;6;910;28/12/2017
2017039104;1;2;2;2;3;910;11/01/2017
2017039105;5;2;1;9;7;910;12/12/2017
2017039106;5;2;4;1;2;910;09/02/2017
2017039107;1;2;1;1;2;910;11/02/2017
2017039108;5;2;1;1;6;910;16/02/2017
2017039109;3;2;3;8;6;910;16/01/2017
2017039110;1;1;1;1;7;910;26/01/2017
2017039111;1;2;2;1;6;910;05/01/2017
2017039112;1;2;2;1;3;910;27/02/2017
2017039113;1;2;1;1;6;910;09/05/2017
2017039114;1;2;2;1;3;910;25/04/2017
2017039115;1;2;4;1;3;910;28/03/2017
2017039116;1;2;2;1;3;910;30/03/2017
2017039117;5;2;2;9;3;910;08/03/2017
2017039118;1;2;1;1;6;910;07/07/2017
2017039119;2;2;2;7;6;910;26/04/2017
2017039120;1;2;1;1;6;910;28/06/2017
2017039121;1;2;1;1;6;910;05/08/2017
2017039122;1;2;2;7;3;910;14/08/2017
2017039123;1;2;1;1;6;910;12/09/2017
2017039124;1;2;3;1;6;910;03/10/2017
2017039125;1;2;1;1;6;910;08/07/2017
2017039126;1;2;1;1;6;910;13/10/2017
2017039127;2;2;1;1;6;910;18/10/2017
2017039128;1;2;3;1;6;910;19/10/2017
2017039129;2;2;2;2;3;910;24/10/2017
2017039130;5;2;1;1;6;910;19/08/2017
2017039131;1;2;1;1;3;910;31/10/2017
2017039132;1;2;1;1;6;910;04/08/2017
2017039133;1;2;1;1;2;910;09/11/2017
2017039134;1;2;1;2;2;910;11/11/2017
2017039135;5;2;1;9;5;910;17/11/2017
2017039136;5;2;2;2;3;910;27/11/2017
2017039137;5;2;2;2;3;910;07/12/2017
2017039138;5;2;1;1;6;910;12/12/2017
2017039139;2;2;2;8;3;910;14/12/2017
2017039140;2;2;2;1;6;910;22/09/2017
2017039141;5;2;1;2;6;910;15/12/2017
2017039142;1;2;1;8;6;910;16/12/2017
2017039143;5;2;2;2;3;910;20/12/2017
2017039144;5;2;1;2;2;910;21/12/2017
2017039145;1;2;1;2;2;910;30/12/2017
2017039146;1;2;1;1;2;920;02/06/2017
2017039147;1;2;1;1;6;920;09/06/2017
2017039148;1;2;2;1;6;920;06/06/2017
2017039149;1;2;7;1;7;920;08/06/2017
2017039150;1;2;1;1;3;920;13/11/2017
2017039151;1;2;1;1;3;920;14/06/2017
2017039152;1;2;1;1;3;920;25/11/2017
2017039153;5;2;3;1;3;920;12/06/2017
2017039154;1;2;3;2;6;920;17/11/2017
2017039155;1;2;1;2;2;920;28/06/2017
2017039156;1;2;2;1;6;920;16/08/2017
2017039157;5;2;3;1;3;920;19/11/2017
2017039158;1;2;3;1;6;920;26/08/2017
2017039159;5;2;2;1;6;920;07/12/2017
2017039160;1;2;1;1;6;920;29/08/2017
2017039161;1;2;1;1;6;920;31/08/2017
2017039162;1;2;3;1;6;920;02/09/2017
2017039163;1;2;2;1;6;920;06/09/2017
2017039164;2;2;1;1;2;920;06/09/2017
2017039165;2;2;1;8;6;920;17/09/2017
2017039166;2;2;6;1;3;920;20/09/2017
2017039167;1;2;1;1;2;920;26/09/2017
2017039168;1;2;2;1;3;920;22/07/2017
2017039169;1;2;3;1;6;920;12/09/2017
2017039170;1;2;2;1;3;920;26/09/2017
2017039171;1;2;3;1;6;920;09/10/2017
2017039172;1;2;6;1;2;920;21/10/2017
2017039173;5;2;1;1;2;920;08/10/2017
2017039174;2;2;3;2;6;920;24/10/2017
2017039175;1;2;2;1;3;920;19/06/2017
2017039176;1;2;2;1;6;920;13/10/2017
2017039177;2;2;3;1;3;920;30/10/2017
2017039178;1;2;1;2;3;920;24/11/2017
2017039179;1;2;3;1;2;920;29/11/2017
2017039180;1;2;1;1;2;920;31/10/2017
2017039181;5;2;3;1;6;920;24/11/2017
2017039182;1;2;1;1;5;920;25/11/2017
2017039183;1;2;3;1;2;920;11/07/2017
2017039184;2;2;2;1;3;920;11/07/2017
2017039185;5;2;3;1;5;920;24/11/2017
2017039186;1;2;3;1;3;920;02/11/2017
2017039187;5;2;3;3;6;920;13/12/2017
2017039188;1;2;1;2;7;920;01/12/2017
2017039189;1;2;1;3;6;920;13/12/2017
2017039190;1;2;1;2;2;920;22/12/2017
2017039191;1;2;2;1;3;920;28/12/2017
2017039192;1;2;1;1;2;920;17/01/2017
2017039193;1;2;2;1;6;920;17/01/2017
2017039194;1;2;2;1;6;920;24/01/2017
2017039195;1;2;2;8;6;920;31/01/2017
2017039196;1;2;1;1;3;920;03/02/2017
2017039197;5;2;1;2;6;920;23/02/2017
2017039198;1;2;3;1;3;920;03/03/2017
2017039199;1;2;2;1;3;920;09/03/2017
2017039200;1;2;3;1;3;920;09/03/2017
2017039201;1;2;1;1;6;920;16/03/2017
2017039202;1;2;1;1;6;920;21/03/2017
2017039203;5;2;3;1;3;920;26/03/2017
2017039204;1;2;1;1;2;920;28/03/2017
2017039205;1;2;1;1;3;920;26/04/2017
2017039206;1;2;3;3;6;920;26/04/2017
2017039207;1;2;3;1;5;920;04/05/2017
2017039208;3;2;1;1;6;920;05/05/2017
2017039209;1;2;3;1;3;920;05/05/2017
2017039210;1;2;1;1;6;920;15/05/2017
2017039211;1;2;3;1;6;920;19/05/2017
2017039212;1;2;1;1;6;920;06/01/2017
2017039213;5;2;1;1;2;920;11/01/2017
2017039214;5;2;2;2;6;920;27/11/2017
2017039215;5;2;3;1;3;920;16/01/2017
2017039216;5;2;2;2;6;920;08/12/2017
2017039217;1;2;1;1;1;920;27/01/2017
2017039218;5;2;2;2;5;920;11/12/2017
2017039219;1;2;1;1;6;920;29/01/2017
2017039220;5;2;1;1;7;920;28/10/2017
2017039221;5;2;1;1;6;920;29/01/2017
2017039222;5;2;1;1;6;920;08/02/2017
2017039223;5;2;1;1;6;920;21/12/2017
2017039224;1;2;3;1;3;920;18/02/2017
2017039225;5;2;1;1;7;920;22/06/2017
2017039226;1;2;6;1;3;920;23/02/2017
2017039227;5;2;1;1;7;920;21/10/2017
2017039228;1;2;1;1;6;920;23/02/2017
2017039229;2;2;3;1;6;920;15/12/2017
2017039230;5;2;1;1;6;920;26/02/2017
2017039231;5;2;9;1;6;920;24/02/2017
2017039232;1;2;1;1;7;920;08/11/2017
2017039233;1;2;1;1;3;920;27/02/2017
2017039234;5;2;1;1;7;920;16/11/2017
2017039235;1;1;9;2;3;920;27/02/2017
2017039236;1;2;1;1;6;920;22/11/2017
2017039237;3;2;1;1;6;920;21/11/2017
2017039238;1;2;1;1;6;920;01/03/2017
2017039239;5;2;1;1;2;920;14/12/2017
2017039240;1;2;3;1;3;920;03/03/2017
2017039241;1;2;1;1;3;920;08/12/2017
2017039242;1;2;3;2;1;920;07/03/2017
2017039243;5;2;1;2;7;920;20/12/2017
2017039244;1;2;1;2;6;920;07/03/2017
2017039245;1;2;1;1;7;920;31/12/2017
2017039246;1;2;2;1;3;920;10/03/2017
2017039247;5;2;6;1;7;920;14/03/2017
2017039248;1;2;1;1;7;920;19/03/2017
2017039249;2;2;1;1;6;920;10/12/2017
2017039250;1;2;1;1;7;920;20/03/2017
2017039251;1;2;6;1;3;920;14/12/2017
2017039252;1;2;1;1;7;920;20/03/2017
2017039253;1;2;1;1;6;920;22/03/2017
2017039254;5;2;1;1;3;920;04/12/2017
2017039255;1;1;9;1;3;920;23/03/2017
2017039256;5;2;2;1;3;920;19/12/2017
2017039257;1;2;1;2;6;920;24/03/2017
2017039258;1;2;1;1;6;920;26/12/2017
2017039259;5;2;1;1;6;920;16/03/2017
2017039260;5;2;1;1;6;920;21/12/2017
2017039261;1;2;1;1;6;920;27/03/2017
2017039262;5;2;1;1;6;920;21/12/2017
2017039263;1;2;3;1;6;920;28/03/2017
2017039264;1;2;1;1;6;920;30/03/2017
2017039265;1;2;2;1;6;920;01/04/2017
2017039266;1;2;4;1;6;920;04/04/2017
2017039267;1;2;1;1;2;920;11/04/2017
2017039268;1;1;1;1;3;920;13/04/2017
2017039269;1;2;1;1;6;920;16/04/2017
2017039270;1;2;9;1;3;920;17/04/2017
2017039271;1;2;2;1;1;920;20/04/2017
2017039272;1;2;1;1;1;920;20/04/2017
2017039273;1;2;2;1;3;920;20/04/2017
2017039274;1;2;1;1;6;920;25/04/2017
2017039275;1;2;1;1;2;920;26/04/2017
2017039276;1;2;1;1;2;920;29/04/2017
2017039277;1;2;1;2;6;920;03/05/2017
2017039278;1;2;1;1;2;920;09/05/2017
2017039279;1;2;1;1;6;920;10/05/2017
2017039280;1;2;1;1;3;920;10/05/2017
2017039281;1;2;1;1;2;920;17/05/2017
2017039282;1;2;1;1;6;920;18/05/2017
2017039283;5;2;2;1;5;920;20/05/2017
2017039284;1;2;1;1;6;920;21/05/2017
2017039285;1;2;1;1;3;920;26/05/2017
2017039286;1;2;1;1;2;920;15/06/2017
2017039287;1;2;1;1;6;920;06/06/2017
2017039288;1;2;1;1;6;920;06/06/2017
2017039289;1;2;1;1;3;920;07/06/2017
2017039290;1;2;1;1;6;920;10/06/2017
2017039291;1;2;2;1;2;920;08/06/2017
2017039292;1;2;1;1;7;920;12/06/2017
2017039293;1;2;1;1;7;920;12/06/2017
2017039294;1;2;1;1;2;920;13/06/2017
2017039295;5;2;1;1;3;920;15/06/2017
2017039296;1;2;1;1;2;920;16/06/2017
2017039297;1;2;2;1;2;920;15/06/2017
2017039298;1;2;2;1;3;920;30/06/2017
2017039299;1;2;1;1;6;920;26/06/2017
2017039300;1;2;2;1;3;920;28/07/2017
2017039301;1;2;1;1;6;920;21/06/2017
2017039302;1;2;1;1;1;920;27/06/2017
2017039303;1;2;1;1;2;920;06/07/2017
2017039304;1;2;2;1;3;920;07/08/2017
2017039305;1;2;2;1;5;920;16/08/2017
2017039306;1;2;1;1;6;920;08/07/2017
2017039307;1;2;1;2;3;920;19/07/2017
2017039308;1;2;1;1;3;920;21/06/2017
2017039309;1;2;1;1;7;920;15/07/2017
2017039310;1;2;1;1;7;920;18/08/2017
2017039311;5;2;2;1;3;920;18/06/2017
2017039312;1;2;1;1;6;920;21/08/2017
2017039313;1;2;1;1;6;920;04/09/2017
2017039314;1;2;3;1;6;920;12/09/2017
2017039315;1;2;1;1;3;920;26/06/2017
2017039316;5;2;1;1;3;920;16/09/2017
2017039317;5;2;1;1;3;920;30/06/2017
2017039318;1;2;1;1;6;920;10/06/2017
2017039319;1;2;1;1;2;920;28/09/2017
2017039320;1;2;1;1;6;920;21/09/2017
2017039321;5;2;1;1;6;920;27/10/2017
2017039322;1;2;1;1;2;920;20/10/2017
2017039323;5;2;1;1;3;920;27/10/2017
2017039324;4;2;1;1;3;920;06/11/2017
2017039325;1;2;1;1;6;920;07/09/2017
2017039326;1;2;1;1;6;920;18/09/2017
2017039327;5;2;2;1;3;920;29/08/2017
2017039328;1;2;1;1;2;920;12/07/2017
2017039329;1;2;1;1;1;920;27/10/2017
2017039330;1;2;1;1;2;920;19/11/2017
2017039331;5;2;3;1;1;920;09/11/2017
2017039332;1;2;1;1;3;920;07/06/2017
2017039333;1;2;2;1;2;920;11/08/2017
2017039334;1;2;1;1;6;920;13/11/2017
2017039335;2;2;2;1;3;920;20/11/2017
2017039336;1;2;1;1;6;920;04/12/2017
2017039337;1;2;2;1;3;920;17/07/2017
2017039338;1;2;1;1;4;920;31/07/2017
2017039339;1;2;1;1;6;920;21/08/2017
2017039340;1;2;1;1;6;920;11/09/2017
2017039341;5;2;1;1;6;920;13/09/2017
2017039342;1;2;1;2;7;920;28/09/2017