num_acc;lum;agg;inter;atm;col;dep;date
2017039343;1;2;1;2;7;920;28/09/2017
2017039344;1;2;1;1;2;920;09/08/2017
2017039345;1;1;1;1;7;920;09/10/2017
2017039346;2;2;1;1;6;920;17/10/2017
2017039347;3;2;1;2;6;920;10/01/2017
2017039348;5;2;1;1;3;920;11/01/2017
2017039349;5;2;6;1;2;920;13/01/2017
2017039350;1;2;1;1;5;920;16/01/2017
2017039351;1;2;2;2;3;920;04/02/2017
2017039352;5;2;3;1;3;920;15/02/2017
2017039353;1;2;3;1;1;920;24/01/2017
2017039354;5;2;1;1;7;920;26/02/2017
2017039355;2;2;3;1;6;920;24/03/2017
2017039356;1;2;1;1;6;920;28/03/2017
2017039357;5;2;2;2;6;920;28/02/2017
2017039358;1;2;1;1;5;920;04/05/2017
2017039359;1;2;1;1;6;920;27/04/2017
2017039360;1;2;1;2;7;920;28/04/2017
2017039361;1;2;2;1;3;920;16/04/2017
2017039362;2;2;3;3;3;920;18/05/2017
2017039363;1;2;1;1;3;920;07/06/2017
2017039364;1;2;1;1;6;920;10/06/2017
2017039365;2;2;2;1;1;920;24/05/2017
2017039366;1;2;1;1;2;920;24/04/2017
2017039367;5;2;1;1;3;920;19/04/2017
2017039368;1;2;1;1;6;920;17/06/2017
2017039369;1;2;3;2;6;920;27/06/2017
2017039370;1;2;9;1;6;920;28/06/2017
2017039371;1;2;1;1;6;920;05/07/2017
2017039372;1;2;1;1;3;920;21/07/2017
2017039373;1;2;1;1;2;920;21/08/2017
2017039374;5;2;9;1;3;920;26/08/2017
2017039375;1;2;1;1;7;920;28/08/2017
2017039376;1;2;3;1;3;920;02/09/2017
2017039377;1;2;1;1;6;920;15/09/2017
2017039378;1;2;6;2;3;920;19/09/2017
2017039379;1;2;1;1;2;920;29/09/2017
2017039380;1;2;6;1;3;920;06/10/2017
2017039381;1;2;2;1;3;920;17/10/2017
2017039382;1;2;2;1;3;920;20/10/2017
2017039383;2;2;1;1;3;920;31/10/2017
2017039384;1;2;7;1;6;920;05/11/2017
2017039385;5;2;1;2;6;920;12/11/2017
2017039386;1;2;1;1;6;920;15/11/2017
2017039387;5;2;3;2;3;920;27/11/2017
2017039388;2;2;1;2;6;920;28/11/2017
2017039389;1;2;2;1;2;920;09/09/2017
2017039390;5;2;1;1;7;920;07/09/2017
2017039391;1;2;1;1;6;920;13/11/2017
2017039392;5;2;2;2;3;920;19/11/2017
2017039393;1;2;8;1;6;920;23/11/2017
2017039394;1;2;3;2;6;920;08/12/2017
2017039395;1;2;1;1;6;920;09/12/2017
2017039396;1;2;1;1;6;920;12/12/2017
2017039397;3;2;1;1;2;920;12/12/2017
2017039398;1;2;2;2;6;920;14/12/2017
2017039399;5;2;1;1;6;920;15/12/2017
2017039400;5;2;1;1;6;920;15/12/2017
2017039401;2;2;1;2;7;920;21/12/2017
2017039402;5;2;3;1;3;920;22/12/2017
2017039403;5;2;1;2;6;920;22/12/2017
2017039404;5;2;3;2;6;920;23/12/2017
2017039405;5;2;1;1;6;920;25/12/2017
2017039406;2;2;2;4;3;920;04/01/2017
2017039407;5;2;1;2;3;920;31/12/2017
2017039408;5;2;1;1;6;920;05/01/2017
2017039409;5;2;1;3;3;920;31/12/2017
2017039410;1;2;1;1;3;920;06/01/2017
2017039411;1;2;1;5;6;920;07/01/2017
2017039412;1;2;3;6;2;920;09/01/2017
2017039413;5;2;1;2;5;920;14/01/2017
2017039414;1;2;1;1;3;920;18/01/2017
2017039415;1;2;5;1;3;920;18/01/2017
2017039416;1;2;1;1;6;920;19/01/2017
2017039417;1;2;1;1;3;920;20/01/2017
2017039418;5;2;1;1;6;920;25/01/2017
2017039419;5;2;1;1;6;920;27/01/2017
2017039420;1;2;1;1;6;920;28/01/2017
2017039421;1;2;1;1;6;920;31/01/2017
2017039422;5;2;1;1;3;920;31/01/2017
2017039423;1;2;1;1;7;920;01/02/2017
2017039424;1;2;1;2;7;920;03/02/2017
2017039425;5;2;1;2;6;920;03/02/2017
2017039426;1;2;1;2;3;920;07/02/2017
2017039427;5;2;1;1;6;920;08/02/2017
2017039428;1;2;5;4;3;920;09/02/2017
2017039429;1;2;1;1;2;920;10/02/2017
2017039430;5;2;1;1;3;920;10/02/2017
2017039431;2;2;1;1;3;920;14/02/2017
2017039432;1;2;2;1;3;920;14/02/2017
2017039433;1;2;1;1;7;920;16/02/2017
2017039434;1;2;1;1;3;920;17/02/2017
2017039435;5;2;1;1;6;920;17/02/2017
2017039436;5;2;1;1;3;920;18/02/2017
2017039437;1;2;1;1;3;920;22/02/2017
2017039438;1;2;1;8;7;920;23/02/2017
2017039439;1;2;1;6;2;920;28/02/2017
2017039440;1;2;1;1;3;920;09/03/2017
2017039441;5;2;1;1;4;920;03/03/2017
2017039442;1;2;1;1;3;920;07/03/2017
2017039443;1;2;1;2;6;920;06/03/2017
2017039444;1;2;3;1;3;920;08/03/2017
2017039445;1;2;1;1;6;920;11/03/2017
2017039446;1;2;1;1;3;920;12/03/2017
2017039447;1;2;1;1;6;920;13/03/2017
2017039448;2;2;1;1;3;920;14/03/2017
2017039449;1;2;1;1;6;920;15/03/2017
2017039450;1;2;1;1;6;920;16/03/2017
2017039451;1;2;1;1;3;920;17/03/2017
2017039452;1;2;1;1;6;920;18/03/2017
2017039453;1;2;1;1;3;920;20/03/2017
2017039454;1;2;1;1;3;920;14/03/2017
2017039455;1;2;1;1;6;920;22/03/2017
2017039456;1;2;1;2;6;920;23/03/2017
2017039457;1;2;1;1;6;920;23/03/2017
2017039458;1;2;1;1;3;920;24/03/2017
2017039459;1;2;1;1;2;920;27/03/2017
2017039460;1;2;1;1;2;920;28/03/2017
2017039461;1;2;1;1;3;920;28/03/2017
2017039462;1;2;1;1;6;920;28/03/2017
2017039463;5;2;1;1;3;920;29/03/2017
2017039464;1;2;1;1;3;920;05/04/2017
2017039465;1;2;1;1;4;920;07/04/2017
2017039466;1;2;2;1;3;920;07/04/2017
2017039467;2;2;2;1;1;920;08/04/2017
2017039468;1;2;3;1;3;920;11/04/2017
2017039469;1;2;1;1;6;920;12/04/2017
2017039470;1;2;1;1;6;920;07/04/2017
2017039471;1;2;1;1;3;920;18/04/2017
2017039472;1;2;1;1;2;920;20/04/2017
2017039473;1;2;1;1;6;920;27/04/2017
2017039474;1;2;1;2;3;920;28/04/2017
2017039475;1;2;2;1;6;920;29/04/2017
2017039476;1;2;1;1;6;920;03/05/2017
2017039477;1;2;1;1;3;920;04/05/2017
2017039478;1;2;1;1;3;920;04/05/2017
2017039479;1;2;1;1;6;920;08/05/2017
2017039480;1;2;1;1;6;920;09/05/2017
2017039481;1;2;1;1;6;920;10/05/2017
2017039482;1;2;1;1;3;920;14/05/2017
2017039483;1;2;1;1;2;920;16/05/2017
2017039484;1;2;1;1;2;920;16/05/2017
2017039485;1;2;1;1;3;920;17/05/2017
2017039486;1;2;1;1;3;920;18/05/2017
2017039487;1;2;2;1;6;920;19/05/2017
2017039488;1;2;1;1;6;920;19/05/2017
2017039489;1;2;1;1;2;920;20/05/2017
2017039490;1;2;2;1;3;920;24/05/2017
2017039491;1;2;1;1;3;920;24/05/2017
2017039492;1;2;1;1;6;920;26/05/2017
2017039493;1;2;1;1;3;920;29/05/2017
2017039494;1;2;1;1;2;920;02/06/2017
2017039495;5;2;1;1;3;920;03/06/2017
2017039496;1;2;1;2;3;920;06/06/2017
2017039497;5;2;1;1;3;920;09/06/2017
2017039498;5;2;3;1;1;920;10/06/2017
2017039499;1;2;1;1;3;920;11/06/2017
2017039500;2;2;3;1;3;920;11/06/2017
2017039501;5;2;1;1;6;920;12/06/2017
2017039502;1;2;1;1;2;920;13/06/2017
2017039503;1;2;1;1;6;920;13/06/2017
2017039504;1;2;1;1;1;920;14/06/2017
2017039505;1;2;1;1;6;920;15/06/2017
2017039506;1;2;1;1;6;920;15/06/2017
2017039507;1;2;1;1;6;920;17/06/2017
2017039508;1;2;1;1;1;920;17/06/2017
2017039509;1;2;6;1;3;920;18/06/2017
2017039510;1;2;2;1;3;920;19/06/2017
2017039511;1;2;1;1;3;920;21/06/2017
2017039512;1;2;1;1;3;920;22/06/2017
2017039513;5;2;1;1;2;920;22/06/2017
2017039514;5;2;1;1;3;920;27/06/2017
2017039515;1;2;1;1;5;920;28/06/2017
2017039516;1;2;1;1;6;920;29/06/2017
2017039517;1;2;1;1;2;920;05/07/2017
2017039518;1;2;1;1;3;920;06/07/2017
2017039519;1;2;1;1;6;920;30/06/2017
2017039520;1;2;2;1;6;920;07/07/2017
2017039521;1;2;1;1;6;920;07/07/2017
2017039522;1;2;1;1;3;920;08/07/2017
2017039523;1;2;3;2;3;920;10/07/2017
2017039524;1;2;2;2;3;920;11/07/2017
2017039525;1;2;1;2;6;920;11/07/2017
2017039526;1;2;1;1;3;920;18/07/2017
2017039527;1;2;2;8;3;920;27/07/2017
2017039528;1;2;1;1;6;920;15/07/2017
2017039529;1;2;1;1;2;920;07/08/2017
2017039530;1;2;1;1;3;920;22/08/2017
2017039531;1;2;1;1;3;920;17/08/2017
2017039532;1;2;2;1;3;920;29/08/2017
2017039533;1;2;1;1;6;920;01/09/2017
2017039534;1;2;1;1;3;920;31/08/2017
2017039535;1;2;1;1;2;920;04/09/2017
2017039536;1;2;2;1;1;920;06/09/2017
2017039537;5;2;2;3;3;920;08/09/2017
2017039538;1;2;1;1;3;920;11/09/2017
2017039539;1;2;1;1;3;920;11/09/2017
2017039540;1;2;1;2;6;920;14/09/2017
2017039541;5;2;1;8;7;920;15/09/2017
2017039542;1;2;3;3;6;920;17/09/2017
2017039543;1;2;1;1;3;920;20/09/2017
2017039544;1;2;2;1;6;920;25/09/2017
2017039545;1;2;2;1;6;920;27/09/2017
2017039546;5;2;1;1;6;920;29/09/2017
2017039547;1;2;7;1;3;920;04/10/2017
2017039548;5;2;2;2;3;920;01/10/2017
2017039549;5;2;1;1;3;920;04/10/2017
2017039550;1;2;1;2;3;920;05/10/2017
2017039551;1;2;1;1;3;920;06/10/2017
2017039552;1;2;2;1;6;920;06/10/2017
2017039553;1;2;1;1;6;920;07/10/2017
2017039554;1;2;1;1;6;920;12/10/2017
2017039555;5;2;5;1;6;920;10/10/2017
2017039556;2;2;1;1;6;920;10/10/2017
2017039557;1;2;1;1;5;920;13/10/2017
2017039558;5;2;2;1;3;920;15/10/2017
2017039559;5;2;1;1;6;920;18/10/2017
2017039560;1;2;1;1;6;920;19/10/2017
2017039561;5;2;2;2;3;920;22/10/2017
2017039562;1;2;1;1;1;920;27/10/2017
2017039563;5;2;3;1;2;920;29/10/2017
2017039564;1;2;3;1;3;920;31/10/2017
2017039565;1;2;1;1;7;920;01/11/2017
2017039566;1;2;1;2;3;920;04/11/2017
2017039567;1;2;1;1;3;920;06/11/2017
2017039568;5;2;1;1;5;920;31/10/2017
2017039569;5;2;2;3;3;920;11/11/2017
2017039570;1;2;1;1;2;920;14/11/2017
2017039571;5;2;2;3;6;920;12/11/2017
2017039572;5;2;1;1;3;920;14/11/2017
2017039573;5;2;1;1;6;920;20/11/2017
2017039574;1;2;1;2;3;920;23/11/2017
2017039575;1;2;1;1;6;920;27/11/2017
2017039576;5;2;2;2;1;920;27/11/2017
2017039577;1;2;1;1;2;920;28/11/2017
2017039578;5;2;1;8;6;920;30/11/2017
2017039579;1;2;1;1;6;920;08/12/2017
2017039580;5;2;1;8;3;920;01/12/2017
2017039581;1;2;2;8;6;920;04/12/2017
2017039582;1;2;3;8;3;920;06/12/2017
2017039583;5;2;1;1;6;920;06/12/2017
2017039584;1;2;1;2;6;920;13/12/2017
2017039585;5;2;2;1;6;920;18/12/2017
2017039586;1;2;1;1;3;920;19/12/2017
2017039587;5;2;6;2;2;920;21/12/2017
2017039588;5;2;5;2;6;920;27/12/2017
2017039589;5;2;1;1;6;920;04/01/2017
2017039590;5;2;1;1;6;920;12/12/2017
2017039591;5;2;2;1;3;920;05/01/2017
2017039592;1;2;1;1;4;920;06/01/2017
2017039593;1;2;1;1;2;920;09/01/2017
2017039594;5;2;6;2;6;920;10/02/2017
2017039595;1;2;1;1;6;920;17/02/2017
2017039596;1;2;3;1;6;920;19/02/2017
2017039597;1;2;1;1;6;920;20/03/2017
2017039598;5;2;3;1;3;920;07/03/2017
2017039599;1;2;1;1;5;920;29/03/2017
2017039600;1;2;1;1;2;920;30/03/2017
2017039601;1;2;6;1;3;920;03/04/2017
2017039602;1;2;1;1;6;920;20/04/2017
2017039603;1;2;1;1;3;920;23/04/2017
2017039604;1;2;1;1;6;920;27/04/2017
2017039605;3;2;1;1;7;920;28/04/2017
2017039606;1;2;2;1;5;920;15/05/2017
2017039607;1;2;6;1;5;920;19/05/2017
2017039608;1;2;1;1;6;920;13/06/2017
2017039609;1;2;2;1;3;920;24/06/2017
2017039610;1;2;1;1;6;920;24/06/2017
2017039611;1;2;1;1;6;920;26/06/2017
2017039612;2;2;1;1;6;920;08/07/2017
2017039613;5;2;1;3;2;920;09/07/2017
2017039614;1;2;1;1;6;920;28/07/2017
2017039615;1;2;1;1;5;920;30/07/2017
2017039616;1;2;2;1;1;920;01/08/2017
2017039617;5;2;2;1;1;920;01/09/2017
2017039618;1;2;1;1;4;920;09/09/2017
2017039619;1;2;1;1;6;920;23/09/2017
2017039620;1;2;1;1;6;920;25/09/2017
2017039621;1;2;1;8;6;920;26/09/2017
2017039622;1;2;1;1;6;920;03/10/2017
2017039623;1;2;2;1;3;920;14/10/2017
2017039624;1;2;1;1;6;920;05/10/2017
2017039625;1;2;1;1;6;920;26/09/2017
2017039626;1;2;1;1;3;920;17/10/2017
2017039627;1;2;5;1;3;920;18/10/2017
2017039628;5;2;2;1;3;920;18/10/2017
2017039629;1;2;1;1;6;920;20/10/2017
2017039630;5;2;1;1;6;920;14/12/2017
2017039631;5;2;1;2;6;920;21/12/2017
2017039632;2;2;1;2;6;920;22/12/2017
2017039633;5;2;3;1;3;920;28/12/2017
2017039634;5;2;6;1;3;920;21/12/2017
2017039635;1;2;1;1;6;920;04/06/2017
2017039636;1;2;1;1;6;920;06/06/2017
2017039637;5;2;6;1;6;920;08/06/2017
2017039638;1;2;1;1;6;920;02/06/2017
2017039639;5;2;1;2;6;920;14/12/2017
2017039640;1;2;2;1;6;920;24/06/2017
2017039641;5;2;4;1;6;920;24/06/2017
2017039642;1;2;3;1;3;920;28/06/2017
2017039643;1;2;1;1;7;920;23/06/2017
2017039644;5;2;1;2;7;920;21/12/2017
2017039645;1;2;1;1;2;920;02/07/2017
2017039646;1;2;1;1;6;920;02/07/2017
2017039647;5;2;2;1;6;920;05/07/2017
2017039648;1;2;1;1;3;920;16/07/2017
2017039649;1;2;2;1;2;920;06/08/2017
2017039650;1;2;1;2;6;920;17/08/2017
2017039651;1;2;1;1;4;920;17/08/2017
2017039652;1;2;1;1;6;920;15/12/2017
2017039653;5;2;3;1;3;920;02/09/2017
2017039654;5;2;1;1;7;920;31/08/2017
2017039655;1;2;1;1;2;920;04/09/2017
2017039656;1;2;4;1;2;920;06/09/2017
2017039657;1;2;1;1;3;920;27/07/2017
2017039658;5;2;6;1;3;920;07/09/2017
2017039659;5;2;2;1;6;920;13/10/2017
2017039660;1;2;9;1;3;920;28/09/2017
2017039661;2;2;1;1;2;920;07/09/2017
2017039662;1;2;3;1;6;920;18/09/2017
2017039663;1;2;3;1;7;920;20/09/2017
2017039664;1;2;1;1;6;920;21/09/2017
2017039665;1;2;1;2;3;920;22/09/2017
2017039666;5;2;1;1;7;920;26/09/2017
2017039667;2;2;1;1;3;920;28/09/2017
2017039668;1;2;1;1;6;920;30/09/2017
2017039669;2;2;1;2;6;920;27/11/2017
2017039670;1;2;1;1;6;920;30/10/2017
2017039671;1;2;2;1;3;920;30/10/2017
2017039672;5;2;1;1;6;920;20/10/2017
2017039673;1;2;1;2;3;920;28/11/2017
2017039674;1;2;1;1;2;920;30/11/2017
2017039675;1;2;1;1;3;920;16/10/2017
2017039676;1;2;6;2;2;920;24/10/2017
2017039677;1;2;3;1;2;920;18/10/2017
2017039678;1;2;1;2;7;920;02/01/2017
2017039679;5;2;1;1;6;920;17/10/2017
2017039680;5;2;1;1;6;920;04/11/2017
2017039681;5;2;6;1;2;920;18/11/2017
2017039682;5;2;6;1;1;920;20/10/2017
2017039683;5;2;3;1;3;920;05/11/2017
2017039684;1;2;1;1;5;920;20/11/2017
2017039685;5;2;1;2;7;920;12/12/2017
2017039686;1;2;6;2;2;920;10/11/2017
2017039687;1;2;3;1;6;920;15/12/2017
2017039688;5;2;2;1;6;920;18/12/2017
2017039689;5;2;3;2;4;920;20/12/2017
2017039690;5;2;1;5;7;920;03/01/2017
2017039691;5;1;1;1;2;920;03/01/2017
2017039692;5;2;3;1;3;920;06/01/2017
2017039693;1;2;6;2;2;920;09/01/2017
2017039694;1;2;3;1;3;920;10/01/2017
2017039695;1;2;2;1;3;920;13/01/2017
2017039696;1;2;1;2;6;920;15/01/2017
2017039697;1;2;2;2;6;920;13/01/2017
2017039698;5;2;1;1;6;920;16/01/2017
2017039699;1;2;1;1;7;920;19/01/2017
2017039700;1;2;2;1;3;920;19/01/2017
2017039701;5;2;1;1;6;920;19/01/2017
2017039702;5;2;6;2;7;920;25/01/2017
2017039703;1;2;3;1;6;920;25/01/2017
2017039704;1;2;1;1;2;920;26/01/2017
2017039705;2;2;1;1;7;920;26/01/2017
2017039706;1;2;1;5;6;920;29/01/2017
2017039707;5;2;2;4;1;920;27/01/2017
2017039708;5;2;3;2;3;920;30/01/2017
2017039709;5;2;1;2;6;920;30/01/2017
2017039710;1;2;1;1;7;920;30/01/2017
2017039711;1;2;3;1;3;920;02/02/2017
2017039712;1;2;1;2;5;920;07/02/2017
2017039713;3;2;1;1;7;920;04/02/2017
2017039714;5;2;1;2;2;920;10/02/2017
2017039715;5;2;3;1;1;920;13/02/2017
2017039716;1;2;2;1;2;920;13/02/2017
2017039717;5;2;1;1;6;920;14/02/2017
2017039718;5;2;1;2;6;920;14/02/2017
2017039719;5;2;2;1;3;920;16/02/2017
2017039720;5;2;6;2;6;920;17/02/2017
2017039721;1;2;1;1;6;920;27/02/2017
2017039722;5;2;2;1;6;920;27/02/2017
2017039723;1;2;1;1;6;920;02/03/2017
2017039724;1;2;1;1;5;920;06/03/2017
2017039725;4;2;1;2;3;920;06/03/2017
2017039726;1;2;1;1;4;920;09/03/2017
2017039727;5;2;2;1;3;920;11/03/2017
2017039728;1;2;2;1;6;920;14/03/2017
2017039729;5;2;1;1;7;920;23/03/2017
2017039730;1;2;1;1;4;920;24/03/2017
2017039731;1;2;2;1;2;920;30/03/2017
2017039732;1;2;4;1;3;920;03/04/2017
2017039733;1;1;1;1;6;920;06/04/2017
2017039734;1;2;6;1;6;920;07/04/2017
2017039735;1;2;6;1;7;920;11/04/2017
2017039736;1;2;1;1;4;920;12/04/2017
2017039737;5;2;1;1;7;920;21/04/2017
2017039738;1;2;3;1;3;920;26/04/2017
2017039739;1;2;3;1;6;920;28/04/2017
2017039740;1;2;1;1;6;920;11/05/2017
2017039741;1;2;1;1;6;920;11/05/2017
2017039742;1;2;1;1;4;920;12/05/2017
2017039743;1;2;6;1;5;920;16/05/2017
2017039744;1;2;3;1;6;920;17/05/2017
2017039745;1;2;1;1;6;920;31/05/2017
2017039746;5;2;1;1;6;920;04/11/2017
2017039747;1;2;1;1;3;920;04/04/2017
2017039748;5;2;3;2;6;920;04/11/2017
2017039749;1;2;2;1;6;920;05/04/2017
2017039750;5;2;2;1;3;920;07/11/2017
2017039751;1;2;4;1;3;920;08/04/2017
2017039752;4;2;3;1;6;920;09/11/2017
2017039753;1;2;3;1;3;920;10/04/2017
2017039754;5;2;1;1;6;920;12/11/2017
2017039755;1;2;2;1;6;920;12/04/2017
2017039756;5;2;1;1;4;920;13/11/2017
2017039757;1;2;2;1;2;920;17/04/2017
2017039758;1;2;1;1;3;920;17/11/2017
2017039759;5;2;1;1;7;920;17/04/2017
2017039760;1;2;2;1;3;920;19/11/2017
2017039761;5;2;2;2;3;920;25/04/2017
2017039762;1;2;1;1;4;920;19/11/2017
2017039763;1;2;3;1;3;920;27/04/2017
2017039764;1;2;1;1;6;920;29/11/2017
2017039765;1;2;1;1;6;920;27/04/2017
2017039766;1;2;1;1;3;920;30/11/2017
2017039767;1;2;3;1;6;920;09/05/2017
2017039768;5;2;1;1;7;920;19/11/2017
2017039769;1;2;1;1;2;920;04/05/2017
2017039770;1;1;2;1;7;920;03/12/2017
2017039771;1;2;2;1;3;920;05/05/2017
2017039772;4;2;3;1;6;920;03/12/2017
2017039773;1;2;3;1;3;920;05/05/2017
2017039774;5;2;6;1;7;920;12/12/2017
2017039775;1;2;2;1;3;920;05/05/2017
2017039776;5;2;1;1;6;920;12/12/2017
2017039777;1;2;2;1;3;920;06/05/2017
2017039778;1;2;2;1;6;920;17/12/2017
2017039779;1;2;1;1;6;920;09/05/2017
2017039780;5;2;2;1;6;920;18/12/2017
2017039781;1;2;1;1;6;920;14/05/2017
2017039782;5;2;2;1;3;920;19/12/2017
2017039783;1;2;3;1;3;920;22/05/2017
2017039784;5;2;1;1;7;920;28/12/2017
2017039785;2;2;1;1;6;920;29/05/2017
2017039786;1;2;1;1;7;920;17/12/2017
2017039787;1;2;1;1;6;920;30/05/2017
2017039788;5;2;2;1;3;920;30/05/2017
2017039789;1;2;3;1;3;920;11/06/2017
2017039790;1;2;1;1;6;920;08/06/2017
2017039791;1;2;2;1;3;920;11/06/2017
2017039792;5;2;1;1;6;920;15/06/2017
2017039793;1;2;2;1;3;920;18/06/2017
2017039794;1;2;1;1;3;920;20/06/2017
2017039795;1;2;6;1;3;920;21/06/2017
2017039796;1;2;2;1;3;920;29/06/2017
2017039797;1;2;2;1;3;920;30/06/2017
2017039798;1;2;3;1;3;920;30/06/2017
2017039799;1;2;1;1;3;920;16/06/2017
2017039800;1;2;2;1;3;920;06/07/2017
2017039801;1;2;2;1;2;920;07/07/2017
2017039802;1;2;3;1;3;920;21/07/2017
2017039803;1;2;1;1;6;920;22/07/2017
2017039804;1;2;2;8;6;920;22/07/2017
2017039805;1;2;3;1;2;920;24/07/2017
2017039806;1;2;6;1;3;920;25/07/2017
2017039807;5;2;2;1;3;920;11/08/2017
2017039808;1;2;2;1;2;920;01/09/2017
2017039809;1;2;1;1;2;920;25/09/2017
2017039810;1;2;3;1;6;920;03/08/2017
2017039811;1;2;2;1;6;920;11/08/2017
2017039812;5;2;3;1;3;920;29/08/2017
2017039813;1;2;2;1;6;920;05/09/2017
2017039814;1;1;1;1;2;920;07/09/2017
2017039815;1;2;1;1;6;920;07/09/2017
2017039816;1;2;2;1;6;920;09/09/2017
2017039817;1;2;4;1;3;920;14/09/2017
2017039818;2;2;2;1;6;920;23/09/2017
2017039819;1;2;2;1;3;920;26/09/2017
2017039820;5;2;2;1;3;920;30/09/2017
2017039821;5;2;3;1;3;920;21/10/2017
2017039822;1;2;1;1;6;920;03/10/2017
2017039823;1;2;1;1;5;920;13/10/2017
2017039824;5;2;1;1;7;920;14/10/2017
2017039825;1;2;1;1;3;920;14/10/2017
2017039826;1;2;3;1;3;920;26/10/2017
2017039827;5;2;3;1;3;920;03/01/2017
2017039828;5;2;1;1;7;920;04/01/2017
2017039829;5;2;2;1;4;920;07/01/2017
2017039830;1;2;3;1;6;920;17/01/2017
2017039831;1;2;1;1;2;920;03/01/2017
2017039832;1;2;6;1;3;920;21/01/2017
2017039833;1;2;2;1;6;920;23/01/2017
2017039834;1;2;6;1;3;920;28/01/2017
2017039835;5;2;3;2;2;920;07/02/2017
2017039836;1;2;1;1;3;920;21/02/2017
2017039837;1;2;2;1;6;920;26/02/2017
2017039838;1;2;1;1;6;920;02/03/2017
2017039839;1;2;2;1;5;920;09/03/2017
2017039840;1;2;2;1;3;920;13/03/2017
2017039841;5;2;1;1;3;920;13/03/2017
2017039842;5;2;1;1;7;920;15/03/2017
2017039843;2;2;2;1;3;920;13/02/2017
2017039844;1;2;2;1;3;920;16/03/2017
2017039845;1;2;2;1;3;920;22/03/2017
2017039846;1;2;2;1;2;920;11/02/2017
2017039847;1;2;1;1;6;920;27/03/2017
2017039848;1;2;1;1;3;920;28/03/2017
2017039849;1;2;3;2;6;920;27/02/2017
2017039850;1;2;2;1;2;920;30/03/2017
2017039851;1;2;2;1;6;920;30/01/2017
2017039852;5;2;1;1;7;920;12/01/2017
2017039853;1;2;2;1;3;920;18/01/2017
2017039854;1;2;1;4;6;920;25/01/2017
2017039855;1;2;1;1;6;920;26/01/2017
2017039856;5;2;1;1;3;920;29/01/2017
2017039857;5;2;1;1;6;920;26/01/2017
2017039858;5;2;1;1;1;920;31/01/2017
2017039859;1;2;1;1;2;920;02/02/2017
2017039860;1;2;1;1;3;920;04/02/2017
2017039861;1;2;1;1;6;920;08/02/2017
2017039862;1;2;1;1;6;920;11/02/2017
2017039863;1;2;2;1;3;920;12/02/2017
2017039864;1;2;1;1;6;920;12/02/2017
2017039865;5;2;1;1;3;920;13/02/2017
2017039866;5;2;1;1;3;920;13/02/2017
2017039867;1;2;3;1;3;920;14/02/2017
2017039868;1;2;1;1;6;920;18/02/2017
2017039869;1;2;1;1;6;920;18/02/2017
2017039870;1;2;2;1;1;920;20/02/2017
2017039871;1;2;1;1;6;920;23/02/2017
2017039872;5;2;1;1;4;920;26/02/2017
2017039873;1;2;1;1;7;920;27/02/2017
2017039874;1;2;1;1;6;920;04/03/2017
2017039875;1;2;2;1;3;920;12/03/2017
2017039876;1;2;1;1;6;920;02/03/2017
2017039877;1;2;1;1;6;920;14/03/2017
2017039878;1;2;1;1;3;920;17/03/2017
2017039879;5;2;2;1;3;920;18/03/2017
2017039880;1;2;3;1;2;920;18/03/2017
2017039881;1;2;2;1;3;920;20/03/2017
2017039882;2;2;2;1;3;920;21/03/2017
2017039883;1;2;3;1;3;920;26/03/2017
2017039884;1;2;3;1;6;920;29/03/2017
2017039885;1;2;3;1;6;920;30/03/2017
2017039886;1;2;3;1;2;920;02/04/2017
2017039887;1;2;1;1;6;920;03/04/2017
2017039888;5;2;1;1;6;920;04/04/2017
2017039889;1;2;1;1;3;920;06/04/2017
2017039890;1;2;3;1;3;920;08/04/2017
2017039891;1;2;1;1;6;920;20/04/2017
2017039892;1;2;1;1;6;920;20/04/2017
2017039893;1;2;2;1;3;920;22/04/2017
2017039894;1;2;1;1;6;920;25/04/2017
2017039895;1;2;2;1;2;920;28/04/2017
2017039896;1;2;3;1;3;920;28/04/2017
2017039897;1;2;1;1;6;920;01/05/2017
2017039898;1;2;1;1;6;920;03/05/2017
2017039899;1;2;1;1;3;920;05/05/2017
2017039900;1;2;1;1;6;920;06/05/2017
2017039901;1;2;2;1;3;920;12/05/2017
2017039902;1;2;1;1;6;920;14/05/2017
2017039903;1;2;1;1;6;920;15/05/2017
2017039904;1;2;1;1;6;920;17/05/2017
2017039905;1;2;3;1;3;920;19/05/2017
2017039906;1;2;1;1;6;920;20/05/2017
2017039907;1;2;1;1;3;920;24/05/2017
2017039908;1;2;1;1;6;920;25/05/2017
2017039909;1;2;2;1;6;920;26/05/2017
2017039910;1;2;1;1;6;920;30/05/2017
2017039911;1;2;2;1;1;920;31/05/2017
2017039912;1;2;1;1;6;920;01/06/2017
2017039913;1;2;3;1;3;920;07/06/2017
2017039914;5;2;1;1;6;920;07/06/2017
2017039915;1;2;3;1;2;920;11/06/2017
2017039916;1;2;1;1;6;920;12/06/2017
2017039917;1;2;1;1;6;920;15/06/2017
2017039918;2;2;1;1;2;920;19/06/2017
2017039919;1;2;1;1;3;920;20/06/2017
2017039920;1;2;1;1;3;920;20/06/2017