num_acc;lum;agg;inter;atm;col;dep;date
2017039921;1;2;1;1;3;920;23/06/2017
2017039922;5;2;2;1;3;920;24/06/2017
2017039923;1;2;1;1;3;920;26/06/2017
2017039924;5;2;1;1;3;920;28/06/2017
2017039925;1;2;1;1;3;920;23/06/2017
2017039926;1;2;1;2;2;920;10/07/2017
2017039927;5;2;1;1;5;920;10/07/2017
2017039928;1;2;3;1;6;920;15/07/2017
2017039929;1;2;1;1;6;920;21/07/2017
2017039930;1;2;1;1;3;920;20/07/2017
2017039931;1;2;1;1;1;920;20/07/2017
2017039932;1;2;2;1;2;920;19/07/2017
2017039933;1;2;1;1;3;920;29/07/2017
2017039934;5;2;2;1;3;920;10/08/2017
2017039935;1;2;1;1;6;920;15/08/2017
2017039936;1;2;1;1;3;920;16/08/2017
2017039937;1;2;3;1;3;920;23/08/2017
2017039938;1;2;1;1;3;920;22/08/2017
2017039939;1;2;1;1;3;920;24/08/2017
2017039940;1;2;2;1;3;920;18/08/2017
2017039941;1;2;2;1;3;920;03/09/2017
2017039942;1;2;1;1;6;920;03/09/2017
2017039943;1;2;2;1;6;920;06/09/2017
2017039944;1;2;1;1;6;920;08/09/2017
2017039945;3;2;2;3;3;920;09/09/2017
2017039946;1;2;1;1;3;920;09/09/2017
2017039947;1;2;1;1;6;920;18/09/2017
2017039948;1;2;1;2;6;920;18/09/2017
2017039949;5;2;1;1;6;920;18/09/2017
2017039950;1;2;1;1;6;920;20/09/2017
2017039951;1;2;2;1;6;920;24/09/2017
2017039952;5;2;2;1;6;920;26/09/2017
2017039953;5;2;1;1;6;920;28/09/2017
2017039954;1;2;1;2;6;920;28/09/2017
2017039955;1;2;2;2;6;920;02/10/2017
2017039956;1;2;2;1;6;920;03/10/2017
2017039957;1;2;1;1;6;920;03/10/2017
2017039958;1;2;2;1;3;920;05/10/2017
2017039959;1;2;1;1;3;920;05/10/2017
2017039960;1;2;1;1;2;920;10/10/2017
2017039961;1;2;2;1;3;920;11/10/2017
2017039962;1;2;1;1;6;920;13/10/2017
2017039963;1;2;1;1;6;920;13/10/2017
2017039964;3;2;1;1;6;920;14/10/2017
2017039965;5;2;1;1;6;920;14/10/2017
2017039966;1;2;2;1;6;920;24/10/2017
2017039967;1;2;1;1;6;920;27/10/2017
2017039968;1;2;2;1;6;920;27/10/2017
2017039969;5;2;1;1;6;920;02/11/2017
2017039970;1;2;1;1;6;920;03/11/2017
2017039971;2;2;2;1;6;920;06/11/2017
2017039972;1;2;2;1;6;920;08/11/2017
2017039973;5;2;1;2;2;920;11/11/2017
2017039974;4;2;3;2;6;920;24/11/2017
2017039975;5;2;1;1;6;920;25/11/2017
2017039976;5;2;1;1;6;920;28/11/2017
2017039977;1;2;1;1;6;920;29/11/2017
2017039978;1;2;1;1;1;920;29/11/2017
2017039979;1;2;4;1;6;920;02/12/2017
2017039980;5;2;2;1;3;920;05/12/2017
2017039981;5;2;1;2;6;920;07/12/2017
2017039982;5;2;2;2;6;920;08/12/2017
2017039983;1;2;1;2;3;920;10/12/2017
2017039984;2;2;1;1;6;920;14/12/2017
2017039985;1;2;1;2;6;920;14/12/2017
2017039986;5;2;1;2;6;920;14/12/2017
2017039987;1;2;2;2;6;920;15/12/2017
2017039988;5;2;1;2;6;920;15/12/2017
2017039989;1;2;1;1;6;920;16/12/2017
2017039990;1;2;2;1;6;920;17/12/2017
2017039991;1;2;1;2;6;920;21/12/2017
2017039992;5;2;2;1;3;920;24/12/2017
2017039993;5;2;3;1;1;920;28/12/2017
2017039994;1;2;1;1;6;920;01/06/2017
2017039995;5;2;1;1;2;920;04/06/2017
2017039996;1;2;1;1;2;920;14/05/2017
2017039997;5;2;9;2;6;920;18/05/2017
2017039998;1;2;3;8;3;920;29/11/2017
2017039999;1;2;1;1;6;920;20/06/2017
2017040000;1;2;1;1;6;920;21/06/2017
2017040001;1;2;1;1;6;920;22/06/2017
2017040002;1;2;1;2;6;920;17/05/2017
2017040003;5;2;1;2;3;920;01/01/2017
2017040004;1;2;1;1;6;920;26/06/2017
2017040005;1;2;2;2;6;920;30/06/2017
2017040006;1;2;1;1;6;920;03/07/2017
2017040007;1;2;9;1;3;920;05/07/2017
2017040008;1;2;1;1;6;920;05/07/2017
2017040009;1;2;3;3;2;920;06/07/2017
2017040010;1;2;1;8;6;920;11/07/2017
2017040011;1;2;1;1;3;920;11/07/2017
2017040012;1;2;1;1;3;920;13/07/2017
2017040013;1;2;1;1;3;920;17/07/2017
2017040014;1;2;4;1;6;920;21/07/2017
2017040015;1;2;1;1;2;920;21/07/2017
2017040016;1;2;1;2;6;920;22/07/2017
2017040017;5;2;1;1;3;920;07/08/2017
2017040018;1;2;1;1;3;920;20/07/2017
2017040019;1;2;2;1;3;920;24/08/2017
2017040020;1;2;1;1;3;920;19/07/2017
2017040021;1;2;9;1;3;920;31/08/2017
2017040022;5;2;2;1;3;920;06/09/2017
2017040023;1;2;1;2;3;920;13/09/2017
2017040024;1;2;1;1;2;920;09/09/2017
2017040025;1;2;1;1;6;920;11/09/2017
2017040026;5;2;2;1;3;920;01/07/2017
2017040027;5;2;3;1;3;920;18/09/2017
2017040028;1;2;1;2;3;920;19/09/2017
2017040029;1;2;1;1;3;920;25/09/2017
2017040030;5;1;1;9;3;920;01/01/2017
2017040031;1;2;3;1;1;920;04/10/2017
2017040032;5;2;1;1;2;920;13/10/2017
2017040033;5;2;2;1;3;920;17/10/2017
2017040034;1;2;1;1;6;920;18/10/2017
2017040035;5;2;2;1;3;920;20/10/2017
2017040036;5;2;1;1;3;920;29/07/2017
2017040037;5;2;3;1;2;920;25/10/2017
2017040038;2;2;1;5;3;920;26/10/2017
2017040039;1;2;1;1;6;920;28/10/2017
2017040040;5;2;1;1;4;920;31/10/2017
2017040041;1;2;1;1;5;920;03/11/2017
2017040042;5;2;1;1;6;920;04/11/2017
2017040043;2;2;6;8;6;920;06/11/2017
2017040044;1;2;9;2;2;920;10/11/2017
2017040045;5;2;1;1;6;920;15/11/2017
2017040046;5;2;1;1;6;920;08/11/2017
2017040047;1;2;1;1;6;920;16/11/2017
2017040048;1;2;1;1;3;920;16/11/2017
2017040049;5;2;1;1;3;920;28/10/2017
2017040050;5;2;1;1;2;920;20/11/2017
2017040051;5;2;1;1;3;920;21/11/2017
2017040052;1;2;1;1;3;920;14/10/2017
2017040053;2;2;1;1;6;920;04/12/2017
2017040054;5;2;1;1;6;920;08/12/2017
2017040055;5;2;2;2;3;920;08/12/2017
2017040056;5;2;1;2;6;920;11/12/2017
2017040057;2;2;1;1;3;920;28/10/2017
2017040058;1;2;1;2;3;920;14/12/2017
2017040059;5;2;1;1;3;920;14/12/2017
2017040060;5;2;1;2;3;920;15/12/2017
2017040061;5;2;1;1;3;920;27/12/2017
2017040062;1;2;1;1;6;920;03/01/2017
2017040063;2;2;1;1;6;920;02/01/2017
2017040064;2;2;1;1;6;920;11/01/2017
2017040065;5;2;1;1;6;920;23/01/2017
2017040066;5;2;1;1;6;920;24/01/2017
2017040067;5;2;3;2;2;920;30/01/2017
2017040068;5;2;1;2;2;920;03/02/2017
2017040069;5;2;2;1;6;920;08/02/2017
2017040070;1;2;1;1;7;920;12/01/2017
2017040071;5;2;1;1;6;920;17/02/2017
2017040072;5;2;1;1;3;920;01/02/2017
2017040073;1;2;1;1;3;920;27/02/2017
2017040074;1;2;1;2;6;920;01/03/2017
2017040075;1;2;1;8;3;920;06/03/2017
2017040076;1;2;1;1;6;920;09/03/2017
2017040077;1;2;1;1;6;920;01/03/2017
2017040078;2;2;1;1;2;920;09/03/2017
2017040079;1;2;1;1;3;920;13/03/2017
2017040080;1;2;1;1;1;920;15/03/2017
2017040081;1;2;1;1;7;920;18/03/2017
2017040082;1;2;1;1;2;920;22/03/2017
2017040083;1;2;3;8;3;920;10/04/2017
2017040084;1;2;1;1;7;920;27/03/2017
2017040085;1;2;1;1;5;920;18/04/2017
2017040086;1;2;1;1;2;920;19/04/2017
2017040087;1;2;6;1;1;920;20/04/2017
2017040088;5;2;1;1;3;920;20/04/2017
2017040089;1;2;1;1;3;920;20/04/2017
2017040090;1;2;1;1;6;920;29/04/2017
2017040091;1;2;1;1;2;920;04/05/2017
2017040092;1;2;1;2;6;920;17/05/2017
2017040093;5;2;1;2;6;920;18/05/2017
2017040094;1;2;1;1;2;920;14/05/2017
2017040095;1;2;1;1;4;920;19/05/2017
2017040096;2;2;1;1;6;920;04/12/2017
2017040097;4;2;4;1;3;920;07/11/2017
2017040098;1;2;1;1;7;920;05/08/2017
2017040099;1;2;1;1;2;920;20/11/2017
2017040100;1;2;1;1;1;920;02/06/2017
2017040101;1;2;1;1;7;920;03/11/2017
2017040102;1;2;2;1;3;920;24/12/2017
2017040103;5;2;1;1;7;920;22/09/2017
2017040104;2;2;1;2;6;920;20/12/2017
2017040105;5;2;1;1;6;920;08/12/2017
2017040106;1;2;1;1;5;920;28/09/2017
2017040107;1;2;2;1;6;920;05/10/2017
2017040108;1;2;4;1;6;920;12/09/2017
2017040109;1;2;2;1;6;920;03/06/2017
2017040110;1;2;2;1;6;920;07/06/2017
2017040111;1;2;3;1;3;920;13/06/2017
2017040112;1;2;5;1;6;920;11/06/2017
2017040113;1;2;3;7;6;920;19/06/2017
2017040114;1;2;1;2;3;920;06/07/2017
2017040115;1;2;2;1;6;920;07/07/2017
2017040116;1;2;2;1;7;920;11/07/2017
2017040117;1;2;2;1;3;920;17/07/2017
2017040118;1;2;3;1;3;920;28/07/2017
2017040119;1;2;5;1;3;920;17/07/2017
2017040120;1;2;1;8;6;920;06/09/2017
2017040121;5;2;6;1;3;920;19/09/2017
2017040122;1;2;1;8;6;920;26/09/2017
2017040123;1;2;6;8;2;920;19/09/2017
2017040124;1;2;1;1;2;920;29/09/2017
2017040125;5;2;1;1;2;920;04/10/2017
2017040126;1;2;1;2;3;920;05/10/2017
2017040127;1;2;3;1;6;920;06/10/2017
2017040128;1;2;1;1;2;920;15/10/2017
2017040129;5;2;2;1;6;920;17/10/2017
2017040130;2;2;5;1;3;920;02/11/2017
2017040131;5;2;2;1;3;920;10/11/2017
2017040132;1;2;6;1;3;920;22/11/2017
2017040133;1;2;3;1;3;920;22/11/2017
2017040134;1;2;1;8;3;920;25/11/2017
2017040135;5;2;1;3;6;920;27/11/2017
2017040136;1;2;3;1;6;920;30/11/2017
2017040137;5;2;1;1;6;920;14/12/2017
2017040138;1;2;2;8;6;920;15/12/2017
2017040139;1;2;6;8;6;920;20/12/2017
2017040140;5;2;6;2;6;920;22/12/2017
2017040141;5;2;2;1;6;920;11/01/2017
2017040142;2;2;2;1;6;920;05/01/2017
2017040143;1;2;1;1;6;920;01/02/2017
2017040144;1;2;2;1;3;920;07/02/2017
2017040145;5;2;2;1;3;920;08/02/2017
2017040146;1;2;2;1;3;920;13/02/2017
2017040147;1;2;1;1;3;920;22/02/2017
2017040148;1;2;5;2;2;920;01/03/2017
2017040149;1;2;2;1;6;920;24/04/2017
2017040150;1;2;3;1;6;920;27/04/2017
2017040151;1;2;3;2;2;920;12/05/2017
2017040152;5;2;2;1;6;920;08/05/2017
2017040153;1;2;1;1;6;920;23/05/2017
2017040154;1;2;9;1;6;920;02/01/2017
2017040155;1;2;2;2;3;920;30/11/2017
2017040156;5;2;3;1;6;920;09/01/2017
2017040157;1;2;2;2;2;920;01/12/2017
2017040158;1;2;1;1;6;920;10/01/2017
2017040159;1;2;2;1;2;920;04/12/2017
2017040160;5;2;4;2;6;920;11/01/2017
2017040161;5;2;2;1;6;920;05/12/2017
2017040162;5;2;1;1;6;920;14/01/2017
2017040163;5;2;2;2;7;920;07/12/2017
2017040164;5;2;1;1;7;920;23/01/2017
2017040165;1;2;1;2;6;920;08/12/2017
2017040166;1;2;1;1;6;920;26/01/2017
2017040167;5;2;1;1;6;920;09/12/2017
2017040168;5;2;1;1;6;920;29/01/2017
2017040169;5;2;3;2;5;920;11/12/2017
2017040170;5;2;2;1;6;920;29/01/2017
2017040171;2;2;1;1;6;920;12/12/2017
2017040172;5;2;2;1;6;920;30/01/2017
2017040173;5;2;2;1;6;920;15/12/2017
2017040174;5;2;3;1;3;920;02/02/2017
2017040175;5;2;2;1;6;920;15/12/2017
2017040176;1;2;2;1;6;920;02/02/2017
2017040177;1;2;1;2;6;920;22/12/2017
2017040178;1;2;1;1;6;920;03/02/2017
2017040179;5;2;1;2;7;920;27/12/2017
2017040180;1;2;3;2;6;920;03/02/2017
2017040181;1;2;2;3;3;920;04/02/2017
2017040182;5;2;2;1;2;920;07/02/2017
2017040183;5;2;2;1;6;920;13/02/2017
2017040184;5;2;3;1;6;920;15/02/2017
2017040185;1;2;1;1;6;920;19/02/2017
2017040186;1;2;1;1;2;920;21/02/2017
2017040187;1;2;1;1;2;920;21/02/2017
2017040188;1;2;1;1;7;920;22/02/2017
2017040189;1;2;3;6;6;920;23/02/2017
2017040190;1;2;3;1;6;920;28/02/2017
2017040191;1;2;3;1;3;920;02/03/2017
2017040192;2;2;3;1;6;920;03/03/2017
2017040193;1;2;3;1;6;920;03/03/2017
2017040194;3;2;1;1;6;920;04/03/2017
2017040195;1;2;2;1;3;920;07/03/2017
2017040196;1;2;1;1;6;920;09/03/2017
2017040197;1;2;1;1;6;920;12/03/2017
2017040198;5;2;3;1;6;920;15/03/2017
2017040199;1;2;3;1;3;920;20/03/2017
2017040200;5;2;2;1;3;920;20/03/2017
2017040201;1;2;1;1;6;920;01/04/2017
2017040202;1;2;9;1;2;920;14/04/2017
2017040203;1;2;3;1;3;920;17/04/2017
2017040204;1;2;3;1;6;920;24/04/2017
2017040205;2;2;1;1;4;920;10/06/2017
2017040206;1;2;2;1;3;920;13/06/2017
2017040207;1;2;1;1;6;920;13/06/2017
2017040208;1;2;1;1;6;920;16/06/2017
2017040209;1;2;1;1;6;920;16/06/2017
2017040210;1;2;3;1;6;920;30/06/2017
2017040211;1;2;6;1;6;920;04/07/2017
2017040212;1;2;1;1;2;920;09/07/2017
2017040213;1;2;1;1;4;920;07/07/2017
2017040214;5;2;3;1;3;920;14/07/2017
2017040215;1;2;1;1;6;920;25/07/2017
2017040216;5;2;1;1;6;920;06/08/2017
2017040217;1;2;3;1;6;920;07/08/2017
2017040218;1;2;2;1;6;920;19/08/2017
2017040219;1;2;1;1;6;920;21/08/2017
2017040220;1;2;1;2;2;920;03/09/2017
2017040221;1;2;2;1;6;920;06/09/2017
2017040222;1;2;2;1;1;920;07/09/2017
2017040223;1;2;1;1;6;920;11/09/2017
2017040224;1;2;3;3;3;920;13/09/2017
2017040225;1;2;3;1;6;920;14/09/2017
2017040226;5;2;1;1;6;920;15/09/2017
2017040227;5;2;1;1;6;920;22/09/2017
2017040228;1;2;1;1;6;920;26/09/2017
2017040229;1;2;1;1;6;920;27/09/2017
2017040230;1;2;1;1;4;920;29/09/2017
2017040231;1;2;1;1;6;920;02/10/2017
2017040232;5;2;2;1;3;920;02/10/2017
2017040233;1;2;1;1;6;920;06/10/2017
2017040234;1;2;2;1;5;920;09/10/2017
2017040235;5;2;3;2;3;920;10/10/2017
2017040236;1;2;1;1;6;920;11/10/2017
2017040237;1;2;6;1;6;920;12/10/2017
2017040238;1;2;1;1;6;920;12/10/2017
2017040239;1;2;2;1;3;920;15/10/2017
2017040240;2;2;1;1;6;920;15/10/2017
2017040241;1;2;3;1;3;920;16/10/2017
2017040242;1;2;1;1;6;920;17/10/2017
2017040243;1;2;3;1;6;920;19/10/2017
2017040244;5;2;1;1;6;920;20/10/2017
2017040245;1;2;1;1;6;920;25/10/2017
2017040246;1;2;1;1;2;920;31/10/2017
2017040247;1;2;2;1;2;920;06/11/2017
2017040248;5;2;3;1;6;920;09/11/2017
2017040249;1;2;2;1;3;920;16/11/2017
2017040250;5;2;1;1;6;920;26/11/2017
2017040251;1;2;1;1;6;920;27/11/2017
2017040252;5;2;3;2;6;920;28/11/2017
2017040253;5;2;1;1;6;920;29/11/2017
2017040254;1;2;3;1;3;920;29/11/2017
2017040255;5;2;3;1;3;920;02/11/2017
2017040256;1;2;1;1;6;920;07/11/2017
2017040257;2;2;1;1;6;920;18/10/2017
2017040258;5;2;1;2;2;920;23/10/2017
2017040259;1;2;1;1;3;920;24/10/2017
2017040260;2;2;1;2;7;920;01/01/2017
2017040261;2;2;1;1;5;920;08/11/2017
2017040262;5;2;1;1;3;920;26/06/2017
2017040263;1;2;1;1;3;920;02/08/2017
2017040264;1;2;1;1;6;920;29/09/2017
2017040265;5;2;1;1;6;920;02/11/2017
2017040266;5;2;1;4;6;920;30/11/2017
2017040267;1;2;2;1;3;920;05/12/2017
2017040268;5;2;1;1;3;920;18/12/2017
2017040269;5;2;1;3;3;920;14/12/2017
2017040270;1;2;1;1;6;920;18/12/2017
2017040271;5;2;1;1;6;920;19/12/2017
2017040272;5;2;1;1;3;920;12/12/2017
2017040273;1;2;3;1;2;920;12/06/2017
2017040274;1;2;1;1;7;920;31/07/2017
2017040275;1;2;1;1;2;920;21/07/2017
2017040276;1;2;1;1;3;920;25/07/2017
2017040277;1;2;1;1;3;920;10/07/2017
2017040278;1;2;1;2;7;920;29/06/2017
2017040279;1;2;1;1;3;920;21/07/2017
2017040280;1;2;1;1;6;920;08/01/2017
2017040281;1;2;1;1;6;920;20/07/2017
2017040282;1;2;2;1;3;920;21/06/2017
2017040283;1;2;1;2;6;920;29/06/2017
2017040284;1;2;1;1;6;920;24/06/2017
2017040285;1;2;1;1;6;920;08/06/2017
2017040286;1;2;3;2;7;920;18/08/2017
2017040287;1;2;1;1;6;920;28/07/2017
2017040288;1;2;1;1;6;920;26/07/2017
2017040289;5;2;1;1;6;920;10/11/2017
2017040290;5;2;1;1;3;940;27/09/2017
2017040291;1;2;1;1;6;920;29/09/2017
2017040292;1;2;2;1;3;920;16/11/2017
2017040293;1;2;1;1;6;920;11/12/2017
2017040294;5;2;1;2;6;920;02/10/2017
2017040295;2;2;1;3;6;920;13/12/2017
2017040296;1;2;1;1;3;920;13/12/2017
2017040297;5;2;1;1;3;920;18/12/2017
2017040298;1;2;2;9;2;920;09/01/2017
2017040299;5;2;6;1;6;920;18/01/2017
2017040300;5;2;1;1;3;920;25/01/2017
2017040301;5;2;1;1;3;920;28/01/2017
2017040302;1;2;1;1;6;920;04/02/2017
2017040303;2;2;2;1;1;920;02/02/2017
2017040304;5;2;1;1;6;920;07/02/2017
2017040305;1;2;1;1;3;920;08/02/2017
2017040306;5;2;1;1;3;920;22/02/2017
2017040307;1;2;1;1;3;920;23/02/2017
2017040308;1;2;1;1;3;920;23/02/2017
2017040309;1;2;1;2;6;920;23/02/2017
2017040310;5;2;1;8;3;920;04/03/2017
2017040311;4;2;1;8;3;920;04/03/2017
2017040312;1;2;1;1;3;920;16/03/2017
2017040313;1;2;3;1;2;920;25/03/2017
2017040314;1;2;1;1;6;920;27/03/2017
2017040315;5;2;1;1;3;920;30/03/2017
2017040316;1;2;1;1;3;920;31/03/2017
2017040317;1;2;1;1;3;920;04/04/2017
2017040318;5;2;1;1;6;920;10/04/2017
2017040319;1;2;3;1;2;920;08/04/2017
2017040320;1;2;1;1;2;920;22/04/2017
2017040321;1;2;1;2;2;920;03/05/2017
2017040322;1;2;6;2;3;920;03/05/2017
2017040323;1;2;1;1;3;920;12/05/2017
2017040324;1;2;1;1;4;920;12/05/2017
2017040325;1;2;1;1;7;920;13/05/2017
2017040326;1;2;1;1;3;920;23/05/2017
2017040327;1;2;2;1;3;920;27/05/2017
2017040328;1;2;9;1;6;920;08/06/2017
2017040329;1;2;1;1;3;920;04/06/2017
2017040330;5;2;3;1;3;920;15/11/2017
2017040331;1;2;1;1;4;920;10/06/2017
2017040332;1;2;2;1;6;920;16/06/2017
2017040333;1;2;1;3;6;920;11/12/2017
2017040334;5;2;1;1;7;920;19/06/2017
2017040335;1;2;1;1;6;920;05/07/2017
2017040336;1;2;9;1;6;920;22/06/2017
2017040337;2;2;2;2;6;920;22/12/2017
2017040338;5;2;3;1;1;920;07/07/2017
2017040339;1;2;3;1;6;920;06/12/2017
2017040340;1;2;1;1;7;920;18/07/2017
2017040341;1;2;1;3;6;920;01/07/2017
2017040342;1;2;1;1;3;920;25/07/2017
2017040343;1;2;1;2;3;920;13/12/2017
2017040344;1;2;2;1;6;920;26/07/2017
2017040345;3;2;1;1;6;920;25/12/2017
2017040346;1;2;2;1;3;920;28/07/2017
2017040347;1;2;3;1;3;920;28/07/2017
2017040348;1;2;2;1;3;920;24/08/2017
2017040349;1;2;1;2;3;920;12/09/2017
2017040350;1;2;3;1;3;920;03/08/2017
2017040351;1;2;9;1;6;920;03/08/2017
2017040352;1;2;1;1;6;920;31/08/2017
2017040353;1;2;9;1;3;920;02/10/2017
2017040354;1;2;2;1;3;920;09/10/2017
2017040355;1;2;2;1;6;920;10/10/2017
2017040356;1;2;1;3;4;920;08/09/2017
2017040357;1;2;2;1;6;920;12/10/2017
2017040358;2;2;3;1;6;920;18/10/2017
2017040359;1;2;1;1;3;920;29/09/2017
2017040360;1;1;1;1;6;920;02/10/2017
2017040361;5;2;1;1;6;920;19/10/2017
2017040362;1;2;1;1;7;920;27/09/2017
2017040363;1;2;1;7;6;920;13/11/2017
2017040364;1;2;2;1;3;920;16/11/2017
2017040365;1;2;1;1;3;920;17/11/2017
2017040366;1;2;1;1;3;920;21/11/2017
2017040367;1;2;3;1;3;920;14/10/2017
2017040368;1;2;1;1;6;920;24/11/2017
2017040369;1;2;1;1;6;920;03/10/2017
2017040370;2;2;2;2;6;920;23/10/2017
2017040371;5;2;2;1;3;920;31/10/2017
2017040372;1;2;1;1;6;920;02/10/2017
2017040373;1;2;4;8;6;920;29/11/2017
2017040374;1;2;1;1;2;920;05/11/2017
2017040375;5;2;1;2;2;920;03/12/2017
2017040376;2;2;1;1;6;920;11/11/2017
2017040377;1;2;3;1;3;920;07/11/2017
2017040378;5;2;3;1;6;920;20/12/2017
2017040379;1;2;1;8;3;920;29/12/2017
2017040380;1;2;1;2;6;920;08/01/2017
2017040381;1;2;2;1;6;920;10/01/2017
2017040382;5;2;2;2;3;920;12/01/2017
2017040383;1;2;1;1;3;920;15/01/2017
2017040384;1;2;2;1;3;920;21/01/2017
2017040385;1;2;9;1;3;920;24/01/2017
2017040386;5;2;4;1;3;920;02/02/2017
2017040387;1;2;2;2;6;920;07/02/2017
2017040388;5;2;2;1;6;920;13/02/2017
2017040389;5;2;1;1;7;920;15/02/2017
2017040390;5;2;2;1;3;920;16/02/2017
2017040391;1;2;1;1;6;920;13/02/2017
2017040392;1;2;1;1;6;920;20/02/2017
2017040393;1;2;1;1;7;920;21/02/2017
2017040394;1;2;1;1;6;920;14/03/2017
2017040395;1;2;3;1;3;920;14/03/2017
2017040396;1;2;2;1;3;920;21/03/2017
2017040397;5;2;1;1;3;920;26/03/2017
2017040398;1;2;1;1;3;920;06/04/2017
2017040399;1;2;2;1;2;920;12/04/2017
2017040400;1;2;1;1;7;920;15/04/2017
2017040401;1;2;1;1;7;920;19/04/2017
2017040402;1;2;1;1;4;920;28/04/2017
2017040403;1;2;2;1;6;920;29/04/2017
2017040404;1;2;2;2;3;920;30/04/2017
2017040405;1;2;9;2;7;920;11/05/2017
2017040406;1;2;1;1;3;920;15/05/2017
2017040407;1;2;1;1;6;920;16/05/2017
2017040408;1;2;2;1;6;920;16/05/2017
2017040409;1;2;1;1;6;920;18/05/2017
2017040410;1;2;3;1;7;920;21/05/2017
2017040411;1;2;1;1;3;920;22/05/2017
2017040412;1;2;2;1;6;920;24/05/2017
2017040413;1;2;1;1;3;920;29/05/2017
2017040414;1;2;2;1;3;920;14/06/2017
2017040415;1;2;1;1;3;920;21/06/2017
2017040416;1;2;1;1;6;920;26/06/2017
2017040417;1;2;1;1;5;920;05/07/2017
2017040418;1;2;1;1;7;920;12/07/2017
2017040419;1;2;1;1;3;920;17/07/2017
2017040420;1;1;1;2;6;920;10/07/2017
2017040421;1;2;1;1;7;920;23/08/2017
2017040422;1;2;3;1;3;920;29/08/2017
2017040423;5;2;1;2;7;920;30/08/2017
2017040424;5;2;2;1;7;920;10/09/2017
2017040425;1;2;3;3;6;920;18/09/2017
2017040426;1;2;1;9;2;920;18/09/2017
2017040427;1;1;1;1;7;920;13/10/2017
2017040428;2;2;1;2;3;920;23/10/2017
2017040429;5;2;6;2;6;920;24/10/2017
2017040430;1;1;1;8;6;920;24/10/2017
2017040431;5;2;1;1;6;920;27/11/2017
2017040432;5;2;3;1;3;920;29/11/2017
2017040433;5;2;3;1;3;920;06/12/2017
2017040434;1;2;1;1;7;920;17/12/2017
2017040435;5;2;1;1;6;920;12/12/2017
2017040436;1;2;1;2;6;920;21/12/2017
2017040437;1;2;3;1;6;920;05/01/2017
2017040438;1;2;1;2;2;920;02/01/2017
2017040439;5;2;3;1;6;920;27/01/2017
2017040440;5;2;3;1;6;920;05/01/2017
2017040441;5;2;6;2;6;920;09/01/2017
2017040442;1;1;1;2;6;920;10/01/2017
2017040443;1;2;2;2;6;920;10/01/2017
2017040444;1;2;2;2;6;920;11/01/2017
2017040445;1;1;1;1;6;920;25/01/2017
2017040446;5;2;2;1;6;920;26/01/2017
2017040447;2;2;2;1;3;920;27/01/2017
2017040448;1;2;2;2;6;920;31/01/2017
2017040449;5;2;1;1;6;920;10/02/2017
2017040450;1;2;2;1;2;920;14/02/2017
2017040451;5;2;1;1;7;920;15/02/2017
2017040452;1;2;1;1;1;920;21/02/2017
2017040453;5;2;1;1;3;920;05/03/2017
2017040454;1;2;3;1;3;920;12/03/2017
2017040455;1;2;1;1;1;920;25/03/2017
2017040456;1;1;1;1;7;920;19/04/2017
2017040457;1;2;1;1;2;920;20/04/2017
2017040458;1;2;3;1;3;920;21/04/2017
2017040459;5;2;6;1;6;920;01/05/2017
2017040460;1;1;1;1;6;920;09/05/2017
2017040461;1;2;1;1;4;920;11/05/2017
2017040462;1;2;1;1;6;920;29/05/2017
2017040463;1;2;1;1;6;920;25/03/2017
2017040464;5;2;2;1;6;920;02/01/2017
2017040465;5;2;3;1;5;920;03/01/2017
2017040466;1;2;3;1;5;920;06/01/2017
2017040467;1;2;3;1;1;920;06/01/2017
2017040468;2;2;6;1;3;920;10/01/2017
2017040469;5;2;1;1;5;920;11/01/2017
2017040470;5;2;2;2;6;920;10/01/2017
2017040471;5;2;1;1;3;920;13/01/2017
2017040472;2;2;1;1;1;920;16/01/2017
2017040473;1;2;1;1;3;920;16/01/2017
2017040474;1;2;3;1;3;920;17/01/2017
2017040475;1;2;1;8;6;920;17/01/2017
2017040476;1;1;1;1;3;920;18/01/2017
2017040477;2;2;1;1;6;920;19/01/2017
2017040478;5;2;2;1;3;920;23/01/2017
2017040479;1;2;1;8;2;920;24/01/2017
2017040480;5;2;3;1;1;920;28/01/2017
2017040481;1;2;1;1;7;920;01/02/2017
2017040482;1;2;1;2;6;920;07/02/2017
2017040483;1;2;2;1;3;920;07/02/2017
2017040484;5;2;3;1;3;920;11/02/2017
2017040485;1;2;1;1;2;920;18/02/2017
2017040486;1;2;3;3;6;920;28/02/2017
2017040487;5;2;1;1;6;920;28/02/2017
2017040488;1;2;1;1;6;920;02/03/2017
2017040489;1;2;1;1;3;920;03/03/2017
2017040490;1;2;3;2;7;920;04/03/2017
2017040491;1;2;3;1;1;920;08/03/2017
2017040492;5;2;1;1;3;920;08/03/2017
2017040493;1;2;1;1;2;920;10/03/2017
2017040494;1;2;1;1;2;920;11/03/2017
2017040495;1;2;2;1;3;920;13/03/2017
2017040496;5;2;3;1;6;920;13/03/2017
2017040497;1;2;1;1;2;920;14/03/2017