num_acc;lum;agg;inter;atm;col;dep;date
2017041652;4;2;1;1;1;930;09/02/2017
2017041653;1;2;1;1;2;930;22/02/2017
2017041654;5;2;1;1;4;930;22/02/2017
2017041655;1;2;2;1;3;930;02/03/2017
2017041656;5;2;1;1;3;930;07/03/2017
2017041657;1;2;1;1;6;930;09/03/2017
2017041658;1;2;1;1;2;930;10/03/2017
2017041659;5;2;1;1;3;930;12/03/2017
2017041660;1;2;3;1;6;930;21/03/2017
2017041661;1;2;3;1;6;930;21/03/2017
2017041662;1;2;3;1;7;930;22/03/2017
2017041663;1;2;1;1;6;930;04/04/2017
2017041664;1;2;2;1;6;930;06/04/2017
2017041665;1;2;1;1;6;930;11/04/2017
2017041666;1;2;6;1;6;930;12/04/2017
2017041667;1;2;1;1;6;930;16/04/2017
2017041668;1;2;1;1;6;930;19/04/2017
2017041669;1;2;3;1;3;930;21/04/2017
2017041670;1;2;1;1;2;930;23/04/2017
2017041671;1;2;1;1;6;930;27/04/2017
2017041672;1;2;1;1;6;930;11/05/2017
2017041673;1;2;9;1;3;930;11/05/2017
2017041674;1;2;1;1;6;930;17/05/2017
2017041675;5;2;3;1;1;930;20/05/2017
2017041676;1;2;1;1;6;930;23/05/2017
2017041677;1;2;1;1;1;930;08/06/2017
2017041678;1;2;1;1;6;930;26/06/2017
2017041679;1;2;1;1;1;930;26/06/2017
2017041680;1;2;1;2;2;930;29/06/2017
2017041681;1;2;1;1;4;930;20/07/2017
2017041682;1;2;1;1;2;930;21/07/2017
2017041683;3;2;1;1;3;930;04/08/2017
2017041684;1;2;1;7;3;930;14/08/2017
2017041685;1;2;6;1;6;930;22/08/2017
2017041686;1;2;6;8;2;930;24/08/2017
2017041687;1;2;1;1;3;930;27/08/2017
2017041688;1;2;1;1;4;930;01/09/2017
2017041689;2;2;1;1;6;930;04/09/2017
2017041690;1;2;1;1;6;930;12/09/2017
2017041691;1;2;2;2;5;930;14/09/2017
2017041692;1;2;1;1;6;930;15/09/2017
2017041693;1;2;3;1;3;930;16/09/2017
2017041694;1;2;1;1;6;930;30/09/2017
2017041695;1;2;1;1;3;930;16/10/2017
2017041696;1;2;9;1;3;930;19/10/2017
2017041697;5;2;1;1;6;930;30/10/2017
2017041698;1;2;1;1;2;930;06/11/2017
2017041699;2;2;1;1;6;930;07/11/2017
2017041700;5;2;1;3;3;930;12/11/2017
2017041701;5;2;6;3;4;930;12/11/2017
2017041702;1;2;1;1;5;930;13/11/2017
2017041703;2;2;1;1;7;930;14/11/2017
2017041704;1;2;2;8;3;930;21/11/2017
2017041705;1;2;1;3;2;930;23/11/2017
2017041706;1;2;6;1;6;930;24/11/2017
2017041707;5;2;1;1;2;930;25/11/2017
2017041708;2;2;1;1;3;930;26/11/2017
2017041709;5;2;1;1;3;930;26/11/2017
2017041710;5;2;1;3;6;930;27/11/2017
2017041711;1;2;1;2;2;930;08/12/2017
2017041712;3;2;1;1;1;930;10/12/2017
2017041713;1;2;1;1;1;930;18/12/2017
2017041714;5;2;3;8;3;930;18/12/2017
2017041715;3;2;9;1;6;930;22/12/2017
2017041716;5;2;3;1;3;930;23/12/2017
2017041717;1;2;6;1;6;930;20/03/2017
2017041718;1;2;1;2;6;930;23/03/2017
2017041719;1;2;3;1;3;930;25/03/2017
2017041720;1;2;1;1;6;930;28/03/2017
2017041721;1;2;1;1;6;930;29/03/2017
2017041722;2;2;1;1;6;930;02/04/2017
2017041723;1;2;1;1;6;930;07/04/2017
2017041724;1;2;7;1;6;930;11/04/2017
2017041725;1;2;1;1;3;930;11/04/2017
2017041726;1;2;3;1;3;930;14/04/2017
2017041727;1;2;1;1;6;930;18/04/2017
2017041728;1;1;4;1;3;930;19/04/2017
2017041729;1;2;3;1;3;930;21/04/2017
2017041730;1;2;1;2;2;930;28/04/2017
2017041731;1;2;1;1;2;930;28/04/2017
2017041732;1;2;6;1;2;930;02/05/2017
2017041733;1;2;1;1;6;930;04/05/2017
2017041734;1;2;1;1;6;930;05/05/2017
2017041735;1;2;1;1;2;930;14/05/2017
2017041736;1;2;8;1;3;930;14/05/2017
2017041737;1;2;1;1;6;930;17/05/2017
2017041738;1;2;3;1;1;930;19/05/2017
2017041739;1;2;2;1;3;930;22/05/2017
2017041740;1;2;3;7;3;930;26/05/2017
2017041741;5;2;2;1;3;930;27/05/2017
2017041742;1;2;1;1;3;930;31/05/2017
2017041743;1;2;1;1;3;930;02/06/2017
2017041744;1;2;1;1;6;930;04/06/2017
2017041745;1;2;1;1;3;930;06/06/2017
2017041746;1;2;1;7;2;930;12/06/2017
2017041747;1;2;3;1;3;930;16/06/2017
2017041748;1;2;1;1;2;930;16/06/2017
2017041749;1;2;3;1;3;930;23/06/2017
2017041750;1;2;1;1;1;930;24/06/2017
2017041751;5;2;2;1;3;930;27/06/2017
2017041752;1;2;1;2;6;930;29/06/2017
2017041753;1;2;9;1;5;930;30/06/2017
2017041754;5;2;1;1;1;930;30/06/2017
2017041755;1;2;1;1;4;930;03/07/2017
2017041756;1;2;1;1;6;930;05/07/2017
2017041757;1;2;1;1;3;930;05/07/2017
2017041758;5;2;2;1;3;930;14/07/2017
2017041759;1;2;1;1;2;930;15/07/2017
2017041760;1;2;1;1;6;930;16/07/2017
2017041761;1;2;3;1;3;930;16/07/2017
2017041762;1;2;1;1;6;930;21/07/2017
2017041763;2;2;1;1;4;930;26/07/2017
2017041764;1;2;3;1;2;930;29/07/2017
2017041765;5;2;2;1;3;930;05/08/2017
2017041766;5;2;2;1;3;930;05/08/2017
2017041767;1;2;2;1;3;930;09/08/2017
2017041768;1;2;1;1;2;930;04/08/2017
2017041769;1;2;3;1;3;930;11/08/2017
2017041770;1;2;1;1;5;930;13/08/2017
2017041771;1;2;1;1;1;930;21/08/2017
2017041772;1;2;1;1;7;930;22/08/2017
2017041773;1;2;1;1;2;930;22/08/2017
2017041774;1;2;1;2;2;930;25/08/2017
2017041775;5;2;1;1;6;930;28/08/2017
2017041776;1;2;1;3;2;930;09/09/2017
2017041777;1;2;1;1;2;930;12/09/2017
2017041778;1;2;3;1;3;930;22/09/2017
2017041779;2;2;1;1;5;930;25/09/2017
2017041780;5;2;1;2;3;930;01/10/2017
2017041781;1;2;1;1;3;930;06/10/2017
2017041782;5;1;1;8;7;930;08/10/2017
2017041783;1;2;1;8;2;930;09/10/2017
2017041784;1;2;1;1;2;930;10/10/2017
2017041785;5;2;3;1;3;930;15/10/2017
2017041786;1;2;2;1;2;930;17/10/2017
2017041787;5;2;1;1;6;930;17/10/2017
2017041788;1;2;1;1;6;930;18/10/2017
2017041789;2;2;3;2;3;930;23/10/2017
2017041790;1;2;1;1;7;930;28/10/2017
2017041791;1;2;1;1;2;930;30/10/2017
2017041792;1;2;2;1;3;930;04/11/2017
2017041793;4;2;1;1;6;930;07/11/2017
2017041794;1;2;2;1;3;930;09/11/2017
2017041795;1;2;3;4;3;930;12/11/2017
2017041796;5;2;1;1;6;930;18/11/2017
2017041797;1;2;3;1;3;930;20/11/2017
2017041798;1;2;2;1;6;930;21/11/2017
2017041799;1;2;1;8;3;930;21/11/2017
2017041800;1;2;1;1;6;930;25/11/2017
2017041801;5;2;1;1;6;930;25/11/2017
2017041802;5;2;1;1;2;930;26/11/2017
2017041803;5;2;2;1;3;930;26/11/2017
2017041804;1;2;1;1;2;930;02/12/2017
2017041805;5;2;1;1;6;930;02/12/2017
2017041806;5;2;1;2;7;930;27/11/2017
2017041807;1;1;1;1;6;930;06/12/2017
2017041808;5;2;9;3;6;930;07/12/2017
2017041809;5;2;3;8;3;930;08/12/2017
2017041810;5;2;1;3;6;930;10/12/2017
2017041811;5;2;1;1;3;930;13/12/2017
2017041812;1;2;1;1;6;930;18/12/2017
2017041813;1;2;1;1;6;930;19/12/2017
2017041814;2;2;1;2;6;930;21/12/2017
2017041815;5;2;1;2;6;930;21/12/2017
2017041816;5;2;1;1;6;930;28/12/2017
2017041817;5;2;1;2;3;930;31/12/2017
2017041818;5;2;1;5;6;930;03/01/2017
2017041819;1;2;1;1;3;930;04/01/2017
2017041820;1;2;5;1;3;930;05/01/2017
2017041821;5;2;2;1;2;930;08/01/2017
2017041822;5;2;1;2;6;930;10/01/2017
2017041823;5;2;1;2;2;930;14/01/2017
2017041824;5;2;2;1;3;930;10/01/2017
2017041825;1;2;1;1;6;930;18/01/2017
2017041826;1;2;4;1;6;930;19/01/2017
2017041827;5;2;1;9;2;930;23/01/2017
2017041828;1;2;1;1;6;930;25/01/2017
2017041829;5;2;3;1;3;930;29/01/2017
2017041830;1;2;1;2;6;930;30/01/2017
2017041831;1;1;1;8;2;930;06/02/2017
2017041832;5;2;2;1;6;930;12/02/2017
2017041833;1;2;1;1;6;930;21/02/2017
2017041834;1;1;1;1;6;930;23/02/2017
2017041835;1;2;6;2;2;930;28/02/2017
2017041836;1;2;3;1;3;930;28/02/2017
2017041837;5;2;1;1;7;930;28/02/2017
2017041838;1;2;1;1;1;930;02/03/2017
2017041839;1;2;1;2;6;930;04/03/2017
2017041840;1;2;1;8;2;930;18/03/2017
2017041841;1;2;1;8;6;930;18/03/2017
2017041842;5;2;2;1;6;930;05/01/2017
2017041843;5;2;1;1;1;930;06/01/2017
2017041844;3;2;1;1;6;930;07/01/2017
2017041845;1;2;3;2;3;930;12/01/2017
2017041846;1;2;1;2;6;930;13/01/2017
2017041847;1;2;3;1;6;930;14/01/2017
2017041848;5;2;2;1;2;930;22/01/2017
2017041849;1;2;1;1;6;930;24/01/2017
2017041850;5;2;1;1;2;930;25/01/2017
2017041851;1;2;2;1;3;930;28/01/2017
2017041852;1;2;1;1;6;930;05/02/2017
2017041853;5;2;1;1;3;930;09/02/2017
2017041854;1;2;1;1;1;930;15/02/2017
2017041855;5;2;1;1;6;930;21/02/2017
2017041856;5;2;2;1;3;930;03/03/2017
2017041857;1;2;1;1;4;930;11/03/2017
2017041858;2;2;1;1;1;930;12/03/2017
2017041859;1;2;2;1;1;930;13/03/2017
2017041860;1;2;2;1;3;930;16/03/2017
2017041861;1;2;2;1;3;930;17/03/2017
2017041862;1;2;9;1;6;930;22/03/2017
2017041863;1;2;2;1;3;930;23/03/2017
2017041864;1;2;3;1;3;930;30/03/2017
2017041865;5;2;1;1;5;930;07/04/2017
2017041866;1;2;2;2;3;930;15/04/2017
2017041867;1;2;1;1;7;930;19/04/2017
2017041868;5;2;1;1;3;930;23/04/2017
2017041869;1;2;1;1;2;930;24/04/2017
2017041870;1;2;1;1;1;930;05/05/2017
2017041871;1;2;3;1;2;930;09/05/2017
2017041872;5;2;2;1;3;930;11/05/2017
2017041873;5;2;2;1;3;930;11/05/2017
2017041874;1;2;1;7;6;930;17/05/2017
2017041875;1;2;2;1;3;930;28/05/2017
2017041876;1;2;3;1;3;930;30/05/2017
2017041877;1;2;5;1;3;930;29/05/2017
2017041878;5;2;3;1;3;930;02/06/2017
2017041879;1;2;3;7;1;930;07/06/2017
2017041880;1;2;2;1;3;930;09/06/2017
2017041881;1;2;1;1;3;930;15/06/2017
2017041882;1;2;1;7;2;930;19/06/2017
2017041883;1;2;4;1;6;930;24/06/2017
2017041884;1;2;2;2;3;930;27/06/2017
2017041885;1;2;1;8;3;930;30/06/2017
2017041886;1;2;1;1;6;930;05/07/2017
2017041887;5;2;1;1;3;930;05/07/2017
2017041888;1;2;1;1;3;930;07/07/2017
2017041889;1;2;1;1;4;930;15/07/2017
2017041890;1;2;4;1;6;930;21/07/2017
2017041891;5;2;1;1;6;930;25/07/2017
2017041892;2;2;1;1;6;930;03/08/2017
2017041893;1;2;1;1;6;930;06/08/2017
2017041894;5;2;1;2;1;930;18/08/2017
2017041895;1;2;1;1;3;930;22/08/2017
2017041896;1;2;1;1;6;930;24/08/2017
2017041897;1;2;1;1;6;930;07/09/2017
2017041898;1;2;1;1;3;930;10/09/2017
2017041899;1;2;2;7;3;930;15/09/2017
2017041900;1;2;4;1;6;930;15/09/2017
2017041901;1;2;3;1;2;930;16/09/2017
2017041902;1;2;1;1;2;930;23/09/2017
2017041903;1;2;4;1;2;930;23/09/2017
2017041904;1;2;3;2;3;930;26/09/2017
2017041905;5;2;3;1;2;930;26/09/2017
2017041906;1;2;2;2;3;930;28/09/2017
2017041907;1;2;4;1;3;930;04/10/2017
2017041908;5;2;1;1;3;930;04/10/2017
2017041909;1;2;3;1;6;930;06/10/2017
2017041910;2;2;3;1;3;930;11/10/2017
2017041911;1;2;1;1;2;930;27/10/2017
2017041912;5;2;2;1;3;930;03/11/2017
2017041913;1;2;3;2;3;930;04/11/2017
2017041914;5;2;1;1;6;930;06/11/2017
2017041915;1;2;2;1;3;930;07/11/2017
2017041916;1;2;2;1;2;930;08/11/2017
2017041917;5;2;5;2;3;930;11/11/2017
2017041918;1;2;1;1;1;930;13/11/2017
2017041919;1;2;1;1;3;930;13/11/2017
2017041920;1;2;3;1;3;930;15/11/2017
2017041921;1;2;3;1;6;930;22/11/2017
2017041922;5;2;1;1;6;930;24/11/2017
2017041923;5;2;1;1;6;930;29/11/2017
2017041924;5;2;5;2;6;930;10/12/2017
2017041925;1;2;1;3;6;930;13/12/2017
2017041926;2;2;3;1;6;930;29/12/2017
2017041927;1;2;1;1;2;930;03/01/2017
2017041928;1;2;3;2;3;930;12/01/2017
2017041929;1;2;1;2;6;930;13/01/2017
2017041930;1;2;5;1;3;930;18/01/2017
2017041931;5;2;1;1;6;930;20/01/2017
2017041932;1;2;3;9;3;930;21/01/2017
2017041933;5;2;9;2;6;930;29/01/2017
2017041934;5;2;2;1;3;930;06/02/2017
2017041935;1;2;1;1;4;930;09/02/2017
2017041936;5;2;1;2;6;930;10/02/2017
2017041937;5;2;3;1;3;930;12/02/2017
2017041938;5;2;1;1;3;930;12/02/2017
2017041939;1;2;1;1;5;930;13/02/2017
2017041940;1;2;1;2;6;930;14/02/2017
2017041941;1;2;1;1;6;930;14/02/2017
2017041942;1;2;1;1;3;930;17/02/2017
2017041943;1;2;3;1;6;930;23/02/2017
2017041944;1;2;2;8;6;930;26/02/2017
2017041945;1;2;1;1;6;930;28/02/2017
2017041946;1;2;3;2;3;930;01/03/2017
2017041947;5;2;1;2;5;930;04/03/2017
2017041948;5;2;1;2;2;930;08/03/2017
2017041949;1;2;1;1;6;930;17/03/2017
2017041950;1;2;1;2;6;930;18/03/2017
2017041951;1;1;1;8;6;930;21/03/2017
2017041952;1;2;1;1;6;930;21/03/2017
2017041953;1;2;1;1;6;930;27/03/2017
2017041954;1;2;1;1;6;930;29/03/2017
2017041955;1;2;1;1;4;930;30/03/2017
2017041956;1;2;1;1;6;930;31/03/2017
2017041957;1;2;1;1;6;930;01/04/2017
2017041958;5;2;1;1;2;930;05/04/2017
2017041959;1;2;9;1;4;930;09/04/2017
2017041960;1;2;1;1;6;930;14/04/2017
2017041961;1;2;1;1;6;930;18/04/2017
2017041962;2;2;1;1;3;930;21/04/2017
2017041963;1;2;1;1;2;930;23/04/2017
2017041964;2;2;2;1;6;930;01/05/2017
2017041965;5;2;2;2;3;930;07/05/2017
2017041966;1;2;1;1;2;930;10/05/2017
2017041967;1;2;3;1;3;930;15/05/2017
2017041968;5;2;3;1;3;930;22/05/2017
2017041969;1;2;1;1;6;930;23/05/2017
2017041970;5;2;1;1;7;930;24/05/2017
2017041971;1;2;1;1;2;930;25/05/2017
2017041972;1;2;6;1;3;930;30/05/2017
2017041973;1;2;2;1;6;930;01/06/2017
2017041974;5;2;1;1;6;930;04/06/2017
2017041975;2;2;1;1;6;930;05/06/2017
2017041976;1;2;2;1;3;930;07/06/2017
2017041977;1;2;2;1;3;930;07/06/2017
2017041978;1;2;3;1;6;930;09/06/2017
2017041979;1;2;1;1;6;930;10/06/2017
2017041980;1;2;1;1;2;930;07/06/2017
2017041981;1;2;1;1;4;930;12/06/2017
2017041982;1;2;3;1;3;930;15/06/2017
2017041983;5;2;1;1;3;930;16/06/2017
2017041984;1;2;2;1;3;930;18/06/2017
2017041985;1;2;3;1;6;930;18/06/2017
2017041986;1;2;1;1;6;930;22/06/2017
2017041987;1;2;2;1;3;930;23/06/2017
2017041988;1;2;2;1;3;930;24/06/2017
2017041989;1;2;1;1;6;930;25/06/2017
2017041990;1;2;1;8;2;930;29/06/2017
2017041991;1;2;1;1;6;930;18/07/2017
2017041992;2;2;2;1;3;930;20/07/2017
2017041993;1;2;1;1;6;930;21/07/2017
2017041994;2;2;1;1;7;930;21/06/2017
2017041995;1;2;1;1;6;930;03/08/2017
2017041996;1;2;1;1;2;930;04/08/2017
2017041997;1;2;1;2;3;930;10/08/2017
2017041998;1;2;1;1;6;930;13/08/2017
2017041999;1;2;3;1;3;930;14/08/2017
2017042000;1;2;6;1;3;930;19/08/2017
2017042001;1;2;1;1;3;930;23/08/2017
2017042002;1;2;3;1;3;930;24/08/2017
2017042003;1;2;1;1;6;930;29/08/2017
2017042004;5;2;1;1;6;930;06/09/2017
2017042005;5;2;2;2;6;930;14/09/2017
2017042006;1;2;2;1;6;930;14/09/2017
2017042007;1;2;1;1;3;930;14/09/2017
2017042008;5;2;1;1;6;930;16/09/2017
2017042009;1;2;1;1;6;930;18/09/2017
2017042010;2;2;1;1;6;930;18/09/2017
2017042011;2;2;1;8;6;930;18/09/2017
2017042012;1;2;1;1;6;930;29/09/2017
2017042013;1;2;1;1;7;930;30/09/2017
2017042014;1;2;6;1;6;930;30/09/2017
2017042015;5;2;2;1;3;930;05/10/2017
2017042016;5;2;6;1;3;930;06/10/2017
2017042017;1;2;1;1;1;930;10/10/2017
2017042018;1;2;1;1;3;930;11/10/2017
2017042019;5;2;1;1;6;930;13/10/2017
2017042020;1;2;3;1;3;930;14/10/2017
2017042021;1;2;1;1;6;930;18/10/2017
2017042022;1;2;1;1;3;930;19/10/2017
2017042023;5;2;1;2;3;930;22/10/2017
2017042024;5;2;3;2;2;930;23/10/2017
2017042025;1;2;1;1;2;930;03/11/2017
2017042026;1;2;1;1;6;930;03/11/2017
2017042027;2;2;1;2;4;930;05/11/2017
2017042028;1;2;7;1;6;930;05/11/2017
2017042029;1;2;3;1;3;930;06/11/2017
2017042030;1;2;1;1;2;930;07/11/2017
2017042031;5;2;7;1;3;930;07/11/2017
2017042032;2;2;9;8;6;930;09/11/2017
2017042033;5;2;1;2;6;930;12/11/2017
2017042034;2;2;1;2;6;930;11/11/2017
2017042035;2;2;9;1;6;930;14/11/2017
2017042036;2;2;1;1;2;930;15/11/2017
2017042037;2;2;1;1;2;930;17/11/2017
2017042038;1;2;1;1;6;930;20/11/2017
2017042039;2;2;3;1;6;930;21/11/2017
2017042040;1;2;1;8;6;930;24/11/2017
2017042041;1;2;1;1;6;930;25/11/2017
2017042042;5;2;1;1;3;930;25/11/2017
2017042043;5;2;1;1;4;930;25/11/2017
2017042044;1;2;1;1;6;930;01/12/2017
2017042045;5;2;2;1;3;930;06/12/2017
2017042046;5;2;1;2;2;930;07/12/2017
2017042047;2;2;9;2;6;930;08/12/2017
2017042048;5;2;1;3;6;930;12/12/2017
2017042049;5;2;1;1;3;930;22/12/2017
2017042050;5;2;1;2;4;930;22/12/2017
2017042051;5;2;1;1;3;930;23/12/2017
2017042052;5;2;2;2;3;930;25/12/2017
2017042053;5;2;1;2;3;930;04/01/2017
2017042054;5;2;1;2;6;930;08/01/2017
2017042055;5;2;1;2;6;930;09/01/2017
2017042056;1;2;1;2;3;930;12/01/2017
2017042057;1;2;9;9;6;930;18/01/2017
2017042058;1;2;1;1;3;930;18/01/2017
2017042059;1;2;1;1;6;930;18/01/2017
2017042060;1;2;3;1;3;930;19/01/2017
2017042061;5;2;1;4;6;930;27/01/2017
2017042062;5;2;1;1;6;930;27/01/2017
2017042063;5;2;2;2;3;930;28/01/2017
2017042064;1;2;1;8;3;930;08/02/2017
2017042065;1;1;1;1;3;930;21/02/2017
2017042066;5;2;2;2;6;930;01/03/2017
2017042067;1;2;7;1;6;930;07/03/2017
2017042068;5;2;3;2;3;930;08/03/2017
2017042069;5;2;3;1;3;930;11/03/2017
2017042070;5;2;1;1;1;930;13/03/2017
2017042071;5;2;1;1;3;930;15/03/2017
2017042072;1;2;1;1;2;930;19/03/2017
2017042073;1;2;1;1;6;930;22/03/2017
2017042074;1;2;1;2;7;930;23/03/2017
2017042075;5;2;2;1;2;930;25/03/2017
2017042076;1;2;2;1;3;930;30/03/2017
2017042077;1;2;1;1;3;930;30/03/2017
2017042078;1;2;1;1;3;930;07/04/2017
2017042079;1;2;3;1;3;930;07/04/2017
2017042080;1;2;3;1;1;930;08/04/2017
2017042081;1;2;5;1;6;930;25/04/2017
2017042082;1;2;1;1;1;930;29/04/2017
2017042083;1;2;2;1;3;930;02/05/2017
2017042084;1;2;3;2;3;930;11/05/2017
2017042085;3;2;1;8;2;930;13/05/2017
2017042086;1;2;3;8;3;930;20/05/2017
2017042087;1;2;1;1;6;930;23/05/2017
2017042088;1;2;1;1;4;930;24/05/2017
2017042089;1;2;3;1;6;930;11/06/2017
2017042090;1;2;1;1;6;930;11/06/2017
2017042091;1;2;1;1;6;930;14/06/2017
2017042092;5;2;3;1;3;930;14/06/2017
2017042093;2;2;1;1;7;930;18/06/2017
2017042094;1;2;2;1;3;930;19/06/2017
2017042095;1;2;2;1;3;930;20/06/2017
2017042096;1;2;1;1;1;930;25/06/2017
2017042097;1;2;1;1;6;930;01/07/2017
2017042098;1;2;3;1;1;930;17/07/2017
2017042099;1;2;1;1;2;930;18/07/2017
2017042100;5;2;1;1;6;930;23/07/2017
2017042101;5;2;2;1;1;930;29/07/2017
2017042102;1;2;1;8;5;930;12/08/2017
2017042103;1;2;3;1;3;930;19/08/2017
2017042104;1;2;1;1;3;930;07/09/2017
2017042105;2;2;1;1;2;930;07/09/2017
2017042106;1;2;2;2;3;930;19/09/2017
2017042107;1;2;1;1;2;930;11/09/2017
2017042108;1;2;1;1;1;930;19/09/2017
2017042109;1;2;3;2;3;930;28/09/2017
2017042110;1;2;3;2;3;930;10/10/2017
2017042111;5;2;1;1;2;930;13/10/2017
2017042112;1;2;3;1;3;930;14/10/2017
2017042113;1;2;1;1;7;930;16/10/2017
2017042114;5;2;1;2;6;930;24/10/2017
2017042115;5;2;1;1;2;930;28/10/2017
2017042116;5;2;1;1;3;930;31/10/2017
2017042117;1;2;1;2;6;930;04/11/2017
2017042118;1;2;9;1;6;930;05/11/2017
2017042119;5;2;1;8;6;930;15/11/2017
2017042120;1;2;1;1;1;930;15/11/2017
2017042121;1;2;1;1;1;930;15/11/2017
2017042122;5;2;1;9;3;930;23/11/2017
2017042123;5;2;3;3;3;930;27/11/2017
2017042124;1;2;9;2;6;930;29/11/2017
2017042125;1;2;2;2;3;930;03/12/2017
2017042126;5;2;3;1;3;930;05/12/2017
2017042127;1;2;1;1;3;930;09/12/2017
2017042128;5;2;3;9;3;930;09/12/2017
2017042129;1;2;3;2;3;930;15/12/2017
2017042130;5;2;2;2;3;930;14/12/2017
2017042131;5;2;9;2;3;930;21/12/2017
2017042132;5;2;1;1;3;930;02/01/2017
2017042133;1;2;1;7;6;930;06/01/2017
2017042134;5;2;1;8;3;930;08/01/2017
2017042135;5;2;1;2;6;930;13/01/2017
2017042136;2;2;1;8;1;930;15/01/2017
2017042137;5;2;1;8;6;930;16/01/2017
2017042138;5;2;1;9;6;930;17/01/2017
2017042139;1;2;3;1;5;930;19/01/2017
2017042140;5;2;1;1;3;930;26/01/2017
2017042141;5;2;2;2;6;930;04/02/2017
2017042142;1;2;3;1;5;930;05/02/2017
2017042143;5;2;3;1;1;930;05/02/2017
2017042144;5;2;2;1;6;930;06/02/2017
2017042145;1;2;1;1;6;930;12/02/2017
2017042146;5;2;3;1;3;930;18/02/2017
2017042147;1;2;1;1;6;930;13/03/2017
2017042148;5;2;2;1;1;930;18/03/2017
2017042149;1;2;1;1;6;930;20/03/2017
2017042150;1;2;1;1;6;930;20/03/2017
2017042151;2;2;1;2;6;930;22/03/2017
2017042152;5;2;1;1;4;930;26/03/2017
2017042153;1;2;1;1;2;930;27/03/2017
2017042154;1;2;1;1;6;930;29/03/2017
2017042155;1;2;1;1;6;930;05/04/2017
2017042156;2;2;1;1;2;930;07/04/2017
2017042157;1;2;1;1;3;930;12/04/2017
2017042158;1;2;2;1;5;930;13/04/2017
2017042159;2;2;1;1;3;930;13/04/2017
2017042160;1;2;3;1;6;930;15/04/2017
2017042161;1;2;1;8;3;930;22/04/2017
2017042162;1;2;1;7;6;930;02/05/2017
2017042163;1;2;1;1;3;930;11/05/2017
2017042164;1;2;2;1;6;930;12/05/2017
2017042165;1;2;1;3;6;930;12/05/2017
2017042166;1;2;1;1;6;930;15/05/2017
2017042167;2;2;1;3;2;930;18/05/2017
2017042168;1;2;1;1;6;930;20/05/2017
2017042169;1;2;3;1;2;930;22/05/2017
2017042170;1;2;3;1;3;930;24/05/2017
2017042171;1;2;3;1;2;930;26/05/2017
2017042172;1;2;1;1;1;930;30/05/2017
2017042173;1;2;2;1;3;930;30/05/2017
2017042174;1;2;1;1;6;930;01/06/2017
2017042175;1;2;1;1;6;930;03/06/2017
2017042176;1;2;1;1;3;930;04/06/2017
2017042177;1;2;3;1;3;930;07/06/2017
2017042178;4;2;3;1;3;930;08/06/2017
2017042179;5;2;2;1;3;930;11/06/2017
2017042180;1;2;2;1;3;930;15/06/2017
2017042181;1;2;2;1;3;930;20/06/2017
2017042182;1;2;1;1;3;930;22/06/2017
2017042183;2;2;1;7;6;930;22/06/2017
2017042184;2;2;2;1;3;930;25/06/2017
2017042185;1;2;3;1;1;930;04/07/2017
2017042186;1;2;1;3;4;930;06/07/2017
2017042187;1;2;1;1;2;930;07/07/2017
2017042188;1;2;3;1;6;930;11/07/2017
2017042189;1;2;1;1;6;930;11/07/2017
2017042190;1;2;2;1;3;930;11/07/2017
2017042191;1;2;1;8;5;930;12/07/2017
2017042192;1;2;3;1;3;930;12/07/2017
2017042193;1;2;3;1;6;930;17/07/2017
2017042194;2;2;3;1;2;930;27/07/2017
2017042195;1;2;1;1;6;930;01/08/2017
2017042196;1;2;1;1;1;930;14/08/2017
2017042197;1;2;1;1;2;930;30/08/2017
2017042198;1;2;1;1;3;930;31/08/2017
2017042199;2;2;1;1;3;930;02/09/2017
2017042200;1;2;1;8;1;930;07/09/2017
2017042201;1;2;1;8;4;930;08/09/2017
2017042202;2;2;1;8;6;930;17/09/2017
2017042203;5;2;1;1;6;930;19/09/2017
2017042204;1;2;1;1;6;930;20/09/2017
2017042205;1;2;3;1;3;930;20/09/2017
2017042206;1;2;9;7;3;930;21/09/2017
2017042207;5;2;1;2;1;930;01/10/2017
2017042208;5;2;3;2;6;930;02/10/2017
2017042209;1;2;1;2;6;930;05/10/2017
2017042210;5;2;1;1;6;930;06/10/2017
2017042211;5;2;3;2;6;930;07/10/2017
2017042212;1;2;1;1;6;930;11/10/2017
2017042213;1;2;2;1;3;930;22/10/2017
2017042214;1;2;1;1;4;930;25/10/2017
2017042215;5;2;2;1;3;930;28/10/2017
2017042216;5;2;1;1;2;930;02/11/2017
2017042217;1;2;3;1;3;930;04/11/2017
2017042218;1;2;1;2;6;930;04/11/2017
2017042219;2;2;1;1;6;930;05/11/2017
2017042220;1;2;1;2;2;930;11/11/2017
2017042221;1;2;1;2;6;930;12/11/2017
2017042222;1;2;1;1;6;930;14/11/2017
2017042223;1;2;1;1;4;930;15/11/2017
2017042224;5;2;1;1;7;930;16/11/2017
2017042225;1;2;1;1;3;930;18/11/2017
2017042226;1;2;2;1;3;930;23/11/2017
2017042227;5;2;3;8;6;930;23/11/2017
2017042228;5;2;1;1;3;930;24/11/2017
2017042229;1;2;1;1;6;930;26/11/2017