num_acc;lum;agg;inter;atm;col;dep;date
2017042807;5;2;1;1;2;930;21/09/2017
2017042808;1;2;1;1;6;930;11/10/2017
2017042809;1;2;3;8;3;930;13/10/2017
2017042810;1;2;3;1;3;930;14/10/2017
2017042811;1;2;9;1;2;930;16/10/2017
2017042812;1;2;1;1;5;930;17/10/2017
2017042813;1;2;1;1;6;930;18/10/2017
2017042814;1;2;6;1;2;930;10/11/2017
2017042815;1;2;1;1;5;930;14/11/2017
2017042816;1;2;3;1;2;930;14/11/2017
2017042817;1;2;1;1;2;930;16/11/2017
2017042818;5;2;1;1;5;930;21/11/2017
2017042819;5;2;3;8;6;930;11/12/2017
2017042820;5;2;1;2;6;930;19/12/2017
2017042821;1;2;1;1;6;930;30/03/2017
2017042822;2;2;4;1;3;930;01/04/2017
2017042823;1;2;1;1;2;930;09/04/2017
2017042824;1;2;4;1;3;930;24/04/2017
2017042825;5;2;1;1;1;930;24/04/2017
2017042826;1;2;2;2;3;930;03/05/2017
2017042827;1;2;1;1;6;930;09/05/2017
2017042828;1;2;1;7;6;930;24/05/2017
2017042829;1;2;1;1;2;930;25/05/2017
2017042830;1;2;1;1;6;930;18/06/2017
2017042831;1;2;4;7;2;930;23/06/2017
2017042832;1;2;1;8;6;930;13/07/2017
2017042833;1;2;1;2;1;930;26/07/2017
2017042834;5;2;1;1;2;930;01/08/2017
2017042835;1;2;1;2;2;930;18/08/2017
2017042836;1;2;1;1;6;930;22/08/2017
2017042837;1;2;2;1;6;930;23/08/2017
2017042838;1;2;1;1;1;930;24/08/2017
2017042839;1;2;1;1;7;930;29/08/2017
2017042840;1;2;1;1;6;930;03/09/2017
2017042841;1;2;1;1;3;930;07/09/2017
2017042842;1;2;9;1;6;930;14/09/2017
2017042843;1;2;3;1;3;930;15/09/2017
2017042844;1;2;2;8;2;930;16/09/2017
2017042845;2;2;1;1;7;930;21/09/2017
2017042846;1;2;1;1;6;930;23/09/2017
2017042847;1;2;3;1;7;930;25/09/2017
2017042848;5;2;1;1;6;930;25/09/2017
2017042849;1;2;1;1;6;930;03/10/2017
2017042850;5;2;1;1;7;930;03/10/2017
2017042851;1;2;1;8;3;930;07/10/2017
2017042852;5;2;1;1;6;930;10/10/2017
2017042853;5;2;2;1;3;930;12/10/2017
2017042854;1;2;3;1;3;930;14/10/2017
2017042855;1;2;1;1;6;930;14/10/2017
2017042856;1;2;1;1;7;930;15/10/2017
2017042857;1;2;2;1;3;930;16/10/2017
2017042858;5;2;1;2;3;930;24/10/2017
2017042859;1;2;1;1;6;930;27/10/2017
2017042860;2;2;1;1;6;930;27/10/2017
2017042861;5;2;1;1;3;930;28/10/2017
2017042862;5;2;1;1;3;930;01/11/2017
2017042863;1;2;1;1;6;930;06/11/2017
2017042864;2;2;1;1;3;930;07/11/2017
2017042865;1;2;1;1;6;930;13/11/2017
2017042866;5;2;1;1;3;930;14/11/2017
2017042867;5;2;1;1;2;930;15/11/2017
2017042868;1;2;1;1;2;930;15/11/2017
2017042869;1;2;1;1;3;930;22/11/2017
2017042870;2;2;1;1;6;930;24/11/2017
2017042871;1;2;1;2;6;930;27/11/2017
2017042872;1;2;2;8;6;930;29/11/2017
2017042873;1;2;1;3;6;930;29/11/2017
2017042874;1;2;1;8;6;930;06/12/2017
2017042875;5;2;2;1;3;930;08/12/2017
2017042876;3;2;1;3;6;930;10/12/2017
2017042877;3;2;1;2;6;930;15/12/2017
2017042878;5;2;1;2;6;930;17/12/2017
2017042879;2;2;1;2;6;930;18/12/2017
2017042880;5;2;1;1;3;930;19/12/2017
2017042881;5;2;1;1;6;930;26/12/2017
2017042882;5;2;1;1;6;930;28/12/2017
2017042883;5;2;1;1;6;930;30/12/2017
2017042884;1;2;1;1;6;930;07/03/2017
2017042885;1;2;1;2;5;930;12/01/2017
2017042886;1;2;1;8;2;930;14/01/2017
2017042887;2;2;1;2;2;930;15/01/2017
2017042888;5;2;1;2;6;930;04/03/2017
2017042889;1;2;3;1;3;930;07/03/2017
2017042890;2;2;1;1;2;930;09/03/2017
2017042891;1;2;1;2;5;930;23/03/2017
2017042892;5;2;1;8;3;930;02/01/2017
2017042893;5;2;5;1;1;930;02/01/2017
2017042894;1;2;1;1;3;930;26/01/2017
2017042895;1;2;9;3;3;930;01/03/2017
2017042896;5;2;2;1;6;930;18/02/2017
2017042897;1;2;2;1;3;930;14/03/2017
2017042898;5;2;2;1;3;930;01/03/2017
2017042899;1;2;1;1;6;930;17/03/2017
2017042900;1;2;3;2;3;930;23/03/2017
2017042901;1;2;1;1;6;930;26/03/2017
2017042902;1;2;3;1;6;930;27/03/2017
2017042903;1;2;3;1;3;930;04/04/2017
2017042904;1;2;1;1;6;930;05/04/2017
2017042905;1;2;6;1;6;930;06/04/2017
2017042906;5;2;1;1;6;930;15/04/2017
2017042907;5;2;2;1;3;930;19/04/2017
2017042908;1;2;1;1;5;930;27/04/2017
2017042909;5;2;1;1;6;930;29/04/2017
2017042910;1;2;1;7;6;930;02/05/2017
2017042911;1;2;3;2;3;930;03/05/2017
2017042912;1;2;6;1;3;930;11/05/2017
2017042913;1;2;9;1;6;930;11/05/2017
2017042914;1;2;3;1;6;930;12/05/2017
2017042915;1;2;9;1;6;930;17/05/2017
2017042916;1;2;9;1;6;930;22/05/2017
2017042917;1;2;1;1;6;930;26/05/2017
2017042918;2;2;1;1;6;930;27/05/2017
2017042919;1;2;1;1;3;930;27/05/2017
2017042920;1;2;1;1;6;930;29/05/2017
2017042921;1;2;3;1;3;930;02/06/2017
2017042922;1;2;1;1;2;930;04/06/2017
2017042923;1;2;6;1;6;930;07/06/2017
2017042924;1;2;1;1;3;930;11/06/2017
2017042925;1;2;1;1;2;930;12/06/2017
2017042926;1;2;1;1;2;930;14/06/2017
2017042927;1;2;1;1;6;930;15/06/2017
2017042928;1;2;1;1;1;930;16/06/2017
2017042929;1;2;1;1;1;930;18/06/2017
2017042930;1;2;3;1;3;930;22/06/2017
2017042931;1;2;1;1;1;930;23/06/2017
2017042932;3;2;2;1;3;930;24/06/2017
2017042933;5;2;1;1;3;930;28/06/2017
2017042934;2;2;2;8;3;930;01/07/2017
2017042935;1;2;1;1;6;930;19/07/2017
2017042936;1;2;2;1;3;930;20/07/2017
2017042937;5;2;1;1;6;930;23/07/2017
2017042938;5;2;1;1;6;930;27/07/2017
2017042939;1;2;3;2;5;930;08/08/2017
2017042940;1;2;1;1;1;930;24/08/2017
2017042941;5;2;2;1;3;930;31/08/2017
2017042942;1;2;3;1;3;930;07/09/2017
2017042943;1;2;1;2;3;930;08/09/2017
2017042944;1;2;8;8;2;930;14/09/2017
2017042945;5;2;1;2;7;930;17/09/2017
2017042946;5;2;2;1;3;930;23/09/2017
2017042947;1;2;2;1;3;930;26/09/2017
2017042948;1;2;1;1;3;930;30/09/2017
2017042949;5;2;2;2;3;930;01/10/2017
2017042950;5;2;1;1;1;930;03/10/2017
2017042951;1;2;9;2;6;930;05/10/2017
2017042952;1;2;2;1;3;930;12/10/2017
2017042953;1;2;2;1;3;930;13/10/2017
2017042954;1;2;1;1;3;930;14/10/2017
2017042955;1;2;1;1;6;930;19/10/2017
2017042956;1;2;1;1;6;930;22/10/2017
2017042957;1;2;1;1;6;930;28/10/2017
2017042958;1;2;1;1;6;930;28/10/2017
2017042959;1;2;2;1;6;930;02/11/2017
2017042960;5;2;1;1;3;930;03/11/2017
2017042961;1;2;1;1;6;930;07/11/2017
2017042962;1;2;1;1;6;930;08/11/2017
2017042963;1;2;1;8;2;930;13/11/2017
2017042964;5;2;1;1;2;930;13/11/2017
2017042965;5;2;1;1;6;930;18/11/2017
2017042966;1;2;1;1;3;930;23/11/2017
2017042967;2;2;1;2;6;930;27/11/2017
2017042968;2;2;2;8;6;930;29/11/2017
2017042969;4;2;1;4;6;930;30/11/2017
2017042970;5;2;1;8;6;930;02/12/2017
2017042971;5;2;3;2;3;930;03/12/2017
2017042972;1;2;1;2;2;930;11/12/2017
2017042973;1;2;5;2;3;930;11/12/2017
2017042974;5;2;1;2;6;930;13/12/2017
2017042975;1;2;1;1;6;930;14/12/2017
2017042976;5;2;7;3;6;930;17/12/2017
2017042977;5;2;3;2;6;930;21/12/2017
2017042978;5;2;9;3;6;930;26/12/2017
2017042979;1;2;3;2;5;930;27/12/2017
2017042980;5;2;1;1;6;930;28/12/2017
2017042981;2;2;3;1;6;930;10/01/2017
2017042982;5;2;3;2;6;930;12/01/2017
2017042983;1;2;6;2;3;930;13/01/2017
2017042984;5;2;2;2;6;930;12/01/2017
2017042985;1;2;2;2;6;930;13/01/2017
2017042986;5;2;1;2;3;930;13/01/2017
2017042987;5;2;3;2;6;930;15/01/2017
2017042988;1;2;2;1;6;930;09/02/2017
2017042989;2;2;1;1;6;930;10/02/2017
2017042990;2;2;1;1;6;930;18/02/2017
2017042991;1;2;1;2;6;930;28/02/2017
2017042992;1;2;1;1;6;930;26/03/2017
2017042993;5;2;2;1;3;930;02/04/2017
2017042994;1;2;1;1;3;930;02/04/2017
2017042995;1;2;1;1;6;930;08/04/2017
2017042996;2;2;1;1;6;930;10/04/2017
2017042997;5;2;2;1;3;930;12/04/2017
2017042998;1;2;1;1;2;930;16/04/2017
2017042999;5;2;1;1;1;930;30/04/2017
2017043000;5;2;1;1;6;930;09/05/2017
2017043001;1;2;1;7;6;930;29/05/2017
2017043002;1;2;1;7;1;930;31/05/2017
2017043003;1;2;1;1;6;930;31/05/2017
2017043004;1;2;1;7;6;930;31/05/2017
2017043005;1;2;1;1;4;930;03/06/2017
2017043006;1;2;1;1;3;930;05/06/2017
2017043007;1;2;4;1;6;930;22/06/2017
2017043008;1;2;1;1;6;930;23/06/2017
2017043009;1;2;1;1;2;930;24/06/2017
2017043010;1;2;1;1;6;930;27/06/2017
2017043011;5;2;1;1;6;930;01/07/2017
2017043012;1;2;1;1;1;930;07/07/2017
2017043013;1;2;1;7;2;930;02/09/2017
2017043014;5;2;2;9;3;930;24/07/2017
2017043015;1;2;1;8;1;930;28/07/2017
2017043016;1;2;3;1;2;930;30/07/2017
2017043017;5;2;1;1;3;930;03/08/2017
2017043018;5;2;1;2;3;930;12/08/2017
2017043019;1;2;1;1;1;930;16/08/2017
2017043020;1;2;1;2;6;930;25/08/2017
2017043021;1;2;1;1;3;930;02/09/2017
2017043022;1;2;2;1;3;930;02/09/2017
2017043023;1;2;2;2;3;930;14/09/2017
2017043024;1;2;1;1;6;930;19/09/2017
2017043025;1;2;1;1;6;930;21/09/2017
2017043026;1;2;1;2;2;930;26/09/2017
2017043027;1;2;1;1;5;930;07/10/2017
2017043028;5;2;1;2;3;930;07/10/2017
2017043029;1;2;5;1;5;930;12/10/2017
2017043030;2;2;1;1;3;930;13/10/2017
2017043031;1;2;9;1;6;930;17/10/2017
2017043032;1;2;1;1;6;930;17/10/2017
2017043033;1;2;1;8;6;930;18/10/2017
2017043034;1;2;1;1;3;930;19/10/2017
2017043035;5;2;1;1;6;930;25/10/2017
2017043036;1;2;1;8;2;930;27/10/2017
2017043037;2;2;1;1;3;930;28/10/2017
2017043038;1;2;1;1;6;930;06/11/2017
2017043039;2;2;2;1;3;930;09/11/2017
2017043040;5;2;1;1;3;930;10/11/2017
2017043041;1;2;1;1;4;930;12/11/2017
2017043042;1;2;9;1;3;930;16/11/2017
2017043043;5;2;1;1;7;930;16/11/2017
2017043044;1;2;1;2;3;930;17/11/2017
2017043045;4;2;2;1;3;930;17/11/2017
2017043046;5;2;2;4;3;930;30/11/2017
2017043047;5;2;1;1;6;930;02/12/2017
2017043048;1;2;1;1;2;930;04/12/2017
2017043049;2;2;1;1;6;930;06/12/2017
2017043050;1;2;1;2;2;930;08/12/2017
2017043051;5;2;1;2;3;930;10/12/2017
2017043052;5;2;9;3;6;930;10/12/2017
2017043053;5;2;6;3;6;930;13/12/2017
2017043054;2;2;1;8;6;930;15/12/2017
2017043055;5;2;1;2;3;930;15/12/2017
2017043056;1;2;1;2;3;930;22/12/2017
2017043057;3;2;1;2;6;930;22/12/2017
2017043058;5;2;1;1;6;930;30/12/2017
2017043059;1;2;2;1;3;930;01/01/2017
2017043060;5;2;1;1;1;930;04/01/2017
2017043061;3;2;1;1;6;930;07/01/2017
2017043062;1;2;1;2;6;930;09/01/2017
2017043063;1;1;1;2;1;930;09/01/2017
2017043064;1;2;4;1;3;930;16/01/2017
2017043065;5;2;1;1;3;930;18/01/2017
2017043066;1;2;1;1;6;930;19/01/2017
2017043067;1;2;1;1;3;930;23/01/2017
2017043068;1;2;1;8;3;930;23/01/2017
2017043069;5;2;3;1;6;930;23/01/2017
2017043070;5;2;1;1;5;930;27/01/2017
2017043071;5;2;1;2;6;930;27/01/2017
2017043072;1;2;1;1;2;930;01/02/2017
2017043073;1;2;1;1;3;930;02/02/2017
2017043074;5;2;2;2;6;930;03/02/2017
2017043075;1;2;1;2;7;930;04/02/2017
2017043076;5;2;2;1;6;930;07/02/2017
2017043077;1;2;3;1;6;930;10/02/2017
2017043078;5;2;3;1;3;930;10/02/2017
2017043079;5;2;1;1;6;930;13/02/2017
2017043080;5;2;1;1;3;930;18/02/2017
2017043081;5;2;1;1;3;930;20/02/2017
2017043082;3;2;1;1;3;930;25/02/2017
2017043083;5;2;1;1;6;930;26/02/2017
2017043084;1;2;1;3;2;930;04/03/2017
2017043085;1;2;1;2;2;930;08/03/2017
2017043086;3;2;1;1;2;930;10/03/2017
2017043087;5;2;1;1;7;930;13/03/2017
2017043088;1;2;1;1;6;930;15/03/2017
2017043089;2;2;1;1;2;930;20/03/2017
2017043090;1;2;3;1;3;930;23/03/2017
2017043091;1;2;1;1;6;930;26/03/2017
2017043092;1;2;1;1;3;930;27/03/2017
2017043093;4;2;1;1;6;930;28/03/2017
2017043094;1;2;1;1;3;930;29/03/2017
2017043095;5;2;1;1;3;930;26/03/2017
2017043096;1;2;1;1;3;930;31/03/2017
2017043097;1;2;6;1;6;930;31/03/2017
2017043098;1;2;1;1;6;930;02/04/2017
2017043099;1;2;9;1;5;930;04/04/2017
2017043100;2;2;1;1;6;930;05/04/2017
2017043101;1;2;1;1;2;930;24/03/2017
2017043102;1;2;1;1;6;930;05/04/2017
2017043103;1;2;1;1;3;930;07/04/2017
2017043104;1;2;1;1;2;930;08/04/2017
2017043105;1;2;1;1;3;930;10/04/2017
2017043106;1;2;1;1;3;930;11/04/2017
2017043107;5;2;2;1;3;930;11/04/2017
2017043108;1;2;1;1;3;930;12/04/2017
2017043109;5;2;1;1;6;930;12/04/2017
2017043110;1;2;1;1;3;930;13/04/2017
2017043111;1;2;1;1;4;930;19/04/2017
2017043112;1;2;1;1;3;930;19/04/2017
2017043113;1;2;3;1;3;930;21/04/2017
2017043114;1;2;1;2;6;930;26/04/2017
2017043115;1;2;1;1;6;930;30/04/2017
2017043116;1;2;1;1;3;930;02/05/2017
2017043117;1;2;4;2;6;930;03/05/2017
2017043118;1;2;1;2;6;930;04/05/2017
2017043119;1;2;1;2;6;930;04/05/2017
2017043120;1;2;1;1;1;930;07/05/2017
2017043121;1;2;1;1;6;930;08/05/2017
2017043122;1;2;1;1;6;930;09/05/2017
2017043123;1;2;1;1;7;930;10/05/2017
2017043124;1;2;9;1;3;930;11/05/2017
2017043125;5;2;2;2;3;930;11/05/2017
2017043126;1;2;9;1;3;930;12/05/2017
2017043127;1;2;1;2;6;930;12/05/2017
2017043128;1;2;9;1;6;930;13/05/2017
2017043129;1;2;2;2;6;930;12/05/2017
2017043130;1;2;1;1;2;930;15/05/2017
2017043131;5;2;1;2;3;930;18/05/2017
2017043132;1;2;1;1;6;930;22/05/2017
2017043133;1;2;2;1;3;930;25/05/2017
2017043134;1;2;1;1;6;930;25/05/2017
2017043135;1;2;1;1;6;930;28/05/2017
2017043136;1;2;9;1;6;930;29/05/2017
2017043137;5;2;1;1;6;930;29/05/2017
2017043138;1;2;1;1;3;930;02/06/2017
2017043139;1;2;1;2;3;930;03/06/2017
2017043140;1;2;1;1;2;930;04/06/2017
2017043141;1;2;1;8;6;930;05/06/2017
2017043142;1;2;1;1;6;930;05/06/2017
2017043143;1;2;1;3;6;930;06/06/2017
2017043144;1;2;3;1;6;930;07/06/2017
2017043145;1;2;1;1;3;930;07/06/2017
2017043146;1;2;1;1;6;930;09/06/2017
2017043147;1;2;1;1;6;930;10/06/2017
2017043148;1;2;1;1;2;930;10/06/2017
2017043149;1;2;1;1;6;930;13/06/2017
2017043150;1;2;4;1;3;930;13/06/2017
2017043151;1;2;1;1;6;930;14/06/2017
2017043152;2;2;1;1;2;930;14/06/2017
2017043153;1;2;1;1;6;930;15/06/2017
2017043154;1;2;1;1;3;930;17/06/2017
2017043155;1;2;1;1;6;930;20/06/2017
2017043156;1;2;1;1;6;930;20/06/2017
2017043157;1;2;1;1;6;930;21/06/2017
2017043158;1;2;2;1;3;930;22/06/2017
2017043159;1;2;8;1;6;930;24/06/2017
2017043160;5;2;1;1;3;930;24/06/2017
2017043161;1;2;1;1;2;930;26/06/2017
2017043162;1;2;3;1;3;930;28/06/2017
2017043163;1;2;1;2;6;930;30/06/2017
2017043164;2;2;1;1;6;930;01/07/2017
2017043165;1;2;1;3;4;930;01/07/2017
2017043166;1;2;1;2;6;930;01/07/2017
2017043167;1;2;1;1;2;930;03/07/2017
2017043168;1;2;1;1;3;930;05/07/2017
2017043169;1;2;1;1;6;930;05/07/2017
2017043170;1;2;2;8;3;930;09/07/2017
2017043171;1;2;3;2;3;930;10/07/2017
2017043172;1;2;1;1;6;930;11/07/2017
2017043173;1;2;2;1;3;930;12/07/2017
2017043174;3;2;1;1;4;930;15/07/2017
2017043175;1;2;1;1;2;930;17/07/2017
2017043176;1;2;1;1;2;930;21/07/2017
2017043177;1;2;1;1;2;930;21/07/2017
2017043178;1;1;3;1;3;930;23/07/2017
2017043179;5;2;2;2;3;930;24/07/2017
2017043180;1;2;2;1;3;930;27/07/2017
2017043181;1;2;3;1;2;930;27/07/2017
2017043182;1;2;1;1;3;930;28/07/2017
2017043183;5;2;1;1;3;930;29/07/2017
2017043184;1;2;1;1;6;930;29/07/2017
2017043185;1;2;1;1;3;930;29/07/2017
2017043186;1;1;1;1;6;930;29/07/2017
2017043187;1;2;1;1;6;930;31/07/2017
2017043188;1;2;1;1;2;930;31/07/2017
2017043189;1;2;2;1;7;930;01/08/2017
2017043190;1;2;3;1;6;930;10/08/2017
2017043191;5;2;1;2;7;930;11/08/2017
2017043192;1;2;1;1;2;930;11/08/2017
2017043193;1;2;1;2;6;930;12/08/2017
2017043194;2;2;1;1;5;930;13/08/2017
2017043195;1;2;1;1;6;930;14/08/2017
2017043196;1;2;2;1;6;930;20/08/2017
2017043197;1;2;2;1;3;930;28/08/2017
2017043198;1;2;1;1;6;930;02/06/2017
2017043199;5;2;1;1;3;930;05/09/2017
2017043200;1;2;3;1;6;930;06/09/2017
2017043201;1;2;1;2;6;930;09/09/2017
2017043202;5;2;2;1;1;930;09/09/2017
2017043203;5;2;1;1;3;930;09/09/2017
2017043204;1;2;1;1;6;930;11/09/2017
2017043205;1;2;1;1;2;930;12/09/2017
2017043206;1;2;1;1;1;930;15/09/2017
2017043207;2;2;1;2;2;930;17/09/2017
2017043208;1;2;1;1;4;930;20/09/2017
2017043209;1;2;1;1;5;930;20/09/2017
2017043210;1;2;8;1;6;930;22/09/2017
2017043211;1;2;1;1;6;930;24/09/2017
2017043212;2;2;1;1;3;930;23/09/2017
2017043213;2;2;2;1;3;930;26/09/2017
2017043214;1;2;1;8;6;930;27/09/2017
2017043215;1;2;1;1;6;930;28/09/2017
2017043216;1;2;8;1;7;930;29/09/2017
2017043217;1;2;1;1;6;930;30/09/2017
2017043218;1;2;1;8;2;930;02/10/2017
2017043219;5;2;2;1;3;930;06/10/2017
2017043220;1;2;3;1;3;930;09/10/2017
2017043221;1;2;1;1;3;930;10/10/2017
2017043222;3;2;1;1;1;930;15/10/2017
2017043223;1;2;1;1;6;930;15/10/2017
2017043224;1;2;1;1;6;930;13/10/2017
2017043225;1;2;3;1;3;930;17/10/2017
2017043226;5;2;1;1;5;930;17/10/2017
2017043227;1;2;1;1;6;930;18/10/2017
2017043228;1;2;1;1;2;930;19/10/2017
2017043229;2;2;1;1;2;930;23/10/2017
2017043230;5;2;1;3;2;930;23/10/2017
2017043231;5;2;1;1;7;930;24/10/2017
2017043232;5;2;1;8;6;930;24/10/2017
2017043233;1;2;1;1;7;930;25/10/2017
2017043234;5;2;1;1;3;930;27/10/2017
2017043235;1;2;1;8;3;930;29/10/2017
2017043236;5;2;2;1;3;930;29/10/2017
2017043237;1;2;1;1;6;930;30/10/2017
2017043238;1;2;1;1;6;930;01/11/2017
2017043239;1;2;1;8;3;930;04/11/2017
2017043240;5;2;1;2;6;930;04/11/2017
2017043241;5;2;1;1;6;930;06/11/2017
2017043242;5;2;2;1;6;930;07/11/2017
2017043243;1;2;1;1;2;930;07/11/2017
2017043244;1;2;1;1;3;930;08/11/2017
2017043245;3;2;3;1;6;930;10/11/2017
2017043246;1;2;1;1;6;930;14/11/2017
2017043247;1;2;1;1;3;930;16/11/2017
2017043248;5;2;1;1;2;930;17/11/2017
2017043249;1;2;6;8;7;930;18/11/2017
2017043250;5;2;1;2;6;930;20/11/2017
2017043251;1;2;1;1;3;930;21/11/2017
2017043252;2;2;1;2;6;930;23/11/2017
2017043253;1;2;1;2;6;930;25/11/2017
2017043254;5;2;3;2;6;930;28/11/2017
2017043255;1;2;1;1;6;930;30/11/2017
2017043256;5;2;1;4;6;930;30/11/2017
2017043257;1;2;1;2;6;930;01/12/2017
2017043258;5;2;2;2;3;930;03/12/2017
2017043259;1;2;1;8;3;930;05/12/2017
2017043260;1;2;1;1;6;930;05/12/2017
2017043261;5;2;1;2;3;930;07/12/2017
2017043262;5;2;1;2;6;930;11/12/2017
2017043263;5;2;1;1;6;930;10/12/2017
2017043264;1;2;1;2;2;930;12/12/2017
2017043265;5;2;2;3;6;930;14/12/2017
2017043266;5;2;8;2;6;930;14/12/2017
2017043267;3;2;1;2;2;930;14/12/2017
2017043268;5;2;1;1;6;930;15/12/2017
2017043269;5;2;1;3;6;930;18/12/2017
2017043270;2;2;3;1;6;930;18/12/2017
2017043271;5;2;3;2;6;930;20/12/2017
2017043272;5;2;8;2;6;930;21/12/2017
2017043273;5;2;1;2;6;930;22/12/2017
2017043274;5;2;1;2;2;930;27/12/2017
2017043275;1;2;1;2;6;930;29/12/2017
2017043276;5;2;1;1;3;930;24/01/2017
2017043277;1;2;3;2;3;930;21/03/2017
2017043278;5;2;2;2;6;930;23/03/2017
2017043279;5;2;2;1;3;930;29/01/2017
2017043280;5;2;3;1;1;930;25/03/2017
2017043281;5;2;1;1;3;930;02/02/2017
2017043282;5;2;1;1;6;930;19/04/2017
2017043283;1;2;1;1;6;930;21/02/2017
2017043284;1;2;1;1;6;930;25/04/2017
2017043285;2;2;1;1;4;930;27/04/2017
2017043286;5;2;1;2;1;930;28/04/2017
2017043287;5;2;2;1;3;930;26/02/2017
2017043288;1;2;1;1;6;930;04/05/2017
2017043289;1;2;1;1;3;930;09/05/2017
2017043290;1;2;1;1;6;930;09/05/2017
2017043291;1;2;1;1;3;930;09/05/2017
2017043292;1;2;1;1;6;930;10/05/2017
2017043293;1;2;1;1;6;930;27/05/2017
2017043294;5;2;3;1;3;930;31/05/2017
2017043295;1;2;1;2;3;930;06/06/2017
2017043296;1;2;1;1;3;930;12/06/2017
2017043297;2;2;1;1;6;930;13/06/2017
2017043298;1;2;1;1;6;930;16/06/2017
2017043299;1;2;1;1;2;930;19/06/2017
2017043300;1;2;1;1;1;930;28/06/2017
2017043301;1;2;1;1;3;930;04/07/2017
2017043302;1;2;1;1;2;930;05/07/2017
2017043303;1;2;1;1;4;930;06/07/2017
2017043304;1;2;1;1;2;930;15/07/2017
2017043305;1;2;1;2;6;930;26/07/2017
2017043306;1;2;1;1;1;930;26/07/2017
2017043307;2;2;3;1;5;930;30/07/2017
2017043308;4;2;1;1;3;930;07/08/2017
2017043309;5;2;1;1;6;930;22/08/2017
2017043310;5;2;1;1;2;930;30/08/2017
2017043311;1;2;1;1;2;930;04/09/2017
2017043312;1;2;1;2;2;930;12/09/2017
2017043313;1;2;1;1;3;930;16/09/2017
2017043314;1;2;1;2;3;930;19/09/2017
2017043315;1;2;2;1;2;930;20/09/2017
2017043316;1;2;1;1;6;930;21/09/2017
2017043317;1;2;1;1;6;930;22/09/2017
2017043318;1;2;1;1;6;930;25/09/2017
2017043319;2;2;1;8;6;930;01/10/2017
2017043320;5;2;1;1;6;930;06/10/2017
2017043321;5;2;1;2;1;930;02/10/2017
2017043322;1;2;1;1;1;930;10/10/2017
2017043323;5;2;2;1;1;930;16/10/2017
2017043324;1;2;1;1;3;930;19/10/2017
2017043325;5;2;1;3;3;930;23/10/2017
2017043326;1;2;3;1;2;930;27/10/2017
2017043327;5;2;1;2;2;930;04/11/2017
2017043328;3;2;1;2;3;930;05/11/2017
2017043329;5;2;1;2;3;930;10/11/2017
2017043330;5;2;1;1;1;930;13/11/2017
2017043331;1;2;1;1;6;930;14/11/2017
2017043332;1;2;1;1;3;930;22/11/2017
2017043333;1;2;1;1;3;930;24/11/2017
2017043334;5;2;1;3;6;930;27/11/2017
2017043335;5;2;1;2;6;930;28/11/2017
2017043336;1;2;1;1;1;930;05/12/2017
2017043337;1;2;1;1;3;930;08/12/2017
2017043338;1;2;1;2;6;930;08/12/2017
2017043339;3;2;1;1;3;930;09/12/2017
2017043340;2;2;1;1;5;930;12/12/2017
2017043341;5;2;1;1;6;930;19/12/2017
2017043342;5;2;1;2;6;930;22/12/2017
2017043343;1;2;3;2;1;930;29/12/2017
2017043344;1;2;1;1;3;930;26/02/2017
2017043345;1;2;2;2;3;930;21/03/2017
2017043346;1;2;3;1;6;930;27/01/2017
2017043347;5;2;1;1;6;930;12/02/2017
2017043348;1;2;1;1;1;930;14/02/2017
2017043349;5;2;1;2;3;930;01/03/2017
2017043350;5;1;3;1;3;930;07/03/2017
2017043351;5;2;9;1;3;930;10/03/2017
2017043352;1;2;2;1;6;930;13/03/2017
2017043353;2;2;1;1;3;930;13/03/2017
2017043354;5;2;3;1;3;930;15/03/2017
2017043355;4;2;1;1;3;930;05/01/2017
2017043356;1;2;3;1;6;930;19/01/2017
2017043357;5;2;1;1;7;930;23/01/2017
2017043358;1;2;2;2;5;930;01/02/2017
2017043359;1;2;1;1;6;930;15/02/2017
2017043360;1;2;3;1;6;930;16/02/2017
2017043361;5;2;3;1;3;930;22/02/2017
2017043362;5;2;1;3;6;930;05/03/2017
2017043363;1;2;3;1;6;930;17/03/2017
2017043364;1;2;1;1;6;930;02/04/2017
2017043365;1;2;1;1;1;930;04/04/2017
2017043366;2;2;1;1;2;930;11/04/2017
2017043367;5;2;3;1;6;930;12/04/2017
2017043368;1;2;2;1;6;930;24/04/2017
2017043369;1;2;1;1;6;930;13/05/2017
2017043370;1;2;3;1;3;930;21/05/2017
2017043371;1;2;1;1;6;930;22/05/2017
2017043372;1;2;1;1;6;930;30/05/2017
2017043373;1;2;3;1;6;930;01/06/2017
2017043374;5;2;2;1;3;930;02/06/2017
2017043375;1;2;1;2;2;930;06/06/2017
2017043376;1;2;1;1;6;930;01/07/2017
2017043377;1;2;1;2;4;930;26/07/2017
2017043378;1;2;2;1;3;930;01/08/2017
2017043379;1;2;3;1;6;930;29/08/2017
2017043380;5;2;1;1;6;930;09/09/2017
2017043381;5;2;2;2;6;930;30/09/2017
2017043382;1;2;3;1;3;930;05/10/2017
2017043383;2;2;2;1;3;930;15/10/2017