num_acc;lum;agg;inter;atm;col;dep;date
2017045693;1;2;1;1;2;940;02/07/2017
2017045694;1;2;1;1;6;940;03/07/2017
2017045695;5;2;2;1;6;940;04/07/2017
2017045696;1;1;9;3;5;940;10/07/2017
2017045697;1;2;2;1;3;940;11/07/2017
2017045698;1;2;9;1;6;940;11/07/2017
2017045699;1;2;3;1;1;940;22/07/2017
2017045700;1;2;1;3;6;940;22/07/2017
2017045701;1;2;1;1;3;940;26/07/2017
2017045702;1;2;1;1;6;940;27/07/2017
2017045703;1;2;1;1;2;940;27/07/2017
2017045704;1;2;1;1;7;940;02/08/2017
2017045705;1;2;1;1;3;940;05/08/2017
2017045706;4;2;1;1;6;940;05/08/2017
2017045707;1;2;3;2;3;940;12/08/2017
2017045708;5;2;3;1;3;940;14/08/2017
2017045709;1;2;9;1;3;940;10/08/2017
2017045710;1;2;3;1;1;940;28/08/2017
2017045711;1;2;1;1;3;940;29/08/2017
2017045712;1;2;1;1;3;940;05/09/2017
2017045713;1;2;1;1;3;940;05/09/2017
2017045714;1;2;8;2;3;940;13/09/2017
2017045715;1;2;2;1;6;940;14/09/2017
2017045716;5;2;3;1;3;940;16/09/2017
2017045717;1;2;1;1;6;940;19/09/2017
2017045718;1;2;1;1;3;940;19/09/2017
2017045719;1;2;1;1;6;940;20/09/2017
2017045720;1;2;1;1;2;940;21/09/2017
2017045721;1;2;1;1;3;940;21/09/2017
2017045722;1;2;9;1;6;940;21/09/2017
2017045723;5;2;1;1;3;940;21/09/2017
2017045724;5;2;3;2;3;940;25/09/2017
2017045725;5;2;2;1;3;940;28/09/2017
2017045726;1;2;1;1;2;940;30/09/2017
2017045727;1;2;3;8;6;940;02/10/2017
2017045728;5;2;2;1;3;940;04/10/2017
2017045729;5;2;3;1;6;940;06/10/2017
2017045730;1;2;1;1;6;940;09/10/2017
2017045731;1;2;1;1;3;940;10/10/2017
2017045732;1;2;1;1;6;940;11/10/2017
2017045733;2;2;2;1;3;940;13/10/2017
2017045734;1;2;1;1;6;940;18/10/2017
2017045735;1;2;1;1;6;940;20/10/2017
2017045736;5;2;1;1;7;940;21/10/2017
2017045737;1;2;2;1;3;940;26/10/2017
2017045738;1;2;3;1;3;940;31/10/2017
2017045739;1;2;6;1;6;940;06/11/2017
2017045740;1;2;2;1;3;940;09/11/2017
2017045741;1;2;2;2;2;940;11/11/2017
2017045742;1;2;3;;;940;11/11/2017
2017045743;1;2;3;1;3;940;13/11/2017
2017045744;1;2;1;1;6;940;09/11/2017
2017045745;1;2;1;1;6;940;10/11/2017
2017045746;1;2;1;1;2;940;16/11/2017
2017045747;2;2;1;1;6;940;16/11/2017
2017045748;2;2;5;2;6;940;17/11/2017
2017045749;1;2;1;2;6;940;17/11/2017
2017045750;1;2;1;8;6;940;20/11/2017
2017045751;4;2;1;1;1;940;23/11/2017
2017045752;1;2;1;1;6;940;25/11/2017
2017045753;3;1;1;1;3;940;26/11/2017
2017045754;5;2;1;2;3;940;27/11/2017
2017045755;2;2;3;8;6;940;30/11/2017
2017045756;5;2;2;1;3;940;02/12/2017
2017045757;5;2;1;2;6;940;07/12/2017
2017045758;1;2;1;8;3;940;11/12/2017
2017045759;1;2;1;2;6;940;11/12/2017
2017045760;5;2;1;1;7;940;12/12/2017
2017045761;5;2;1;9;7;940;13/12/2017
2017045762;1;2;1;1;6;940;12/12/2017
2017045763;1;2;1;9;6;940;14/12/2017
2017045764;5;2;1;1;6;940;15/12/2017
2017045765;5;2;1;2;2;940;16/12/2017
2017045766;5;2;1;1;3;940;18/12/2017
2017045767;1;2;1;2;2;940;20/12/2017
2017045768;5;2;1;2;6;940;21/12/2017
2017045769;3;2;3;1;2;940;16/12/2017
2017045770;1;2;1;3;6;940;29/12/2017
2017045771;5;2;1;1;6;940;19/02/2017
2017045772;2;2;2;2;6;950;04/01/2017
2017045773;5;2;1;2;6;950;26/12/2017
2017045774;1;2;2;2;3;950;10/01/2017
2017045775;1;2;1;1;3;950;10/01/2017
2017045776;1;2;3;1;3;950;15/01/2017
2017045777;1;2;3;1;3;950;16/01/2017
2017045778;1;2;1;1;6;950;16/01/2017
2017045779;1;2;3;1;6;950;19/01/2017
2017045780;2;2;3;1;6;950;20/01/2017
2017045781;1;2;1;1;6;950;20/01/2017
2017045782;1;2;2;1;1;950;25/01/2017
2017045783;5;2;2;1;3;950;25/01/2017
2017045784;5;2;3;1;3;950;28/01/2017
2017045785;1;2;1;1;6;950;26/01/2017
2017045786;5;1;3;1;5;950;01/02/2017
2017045787;1;2;3;1;3;950;09/02/2017
2017045788;5;2;1;1;6;950;10/02/2017
2017045789;1;2;2;1;6;950;08/02/2017
2017045790;2;2;2;1;3;950;04/02/2017
2017045791;1;2;1;1;6;950;28/02/2017
2017045792;1;2;1;1;6;950;02/03/2017
2017045793;1;2;1;1;6;950;06/03/2017
2017045794;2;2;1;2;3;950;06/03/2017
2017045795;1;2;1;1;6;950;10/03/2017
2017045796;1;2;1;1;3;950;15/03/2017
2017045797;5;2;1;1;3;950;11/03/2017
2017045798;5;2;1;1;3;950;21/03/2017
2017045799;1;2;1;1;3;950;16/03/2017
2017045800;1;2;2;1;3;950;14/03/2017
2017045801;1;2;1;1;6;950;23/03/2017
2017045802;5;1;3;1;3;950;30/03/2017
2017045803;5;2;1;1;6;950;03/04/2017
2017045804;1;2;1;1;6;950;02/04/2017
2017045805;1;2;2;1;6;950;11/04/2017
2017045806;1;2;3;1;4;950;13/04/2017
2017045807;1;2;2;1;3;950;26/03/2017
2017045808;1;2;2;1;3;950;19/04/2017
2017045809;1;2;1;1;2;950;30/04/2017
2017045810;5;2;3;2;6;950;30/04/2017
2017045811;1;2;3;2;5;950;03/05/2017
2017045812;1;2;1;1;6;950;05/05/2017
2017045813;1;2;1;1;6;950;03/05/2017
2017045814;1;2;1;3;3;950;19/05/2017
2017045815;1;2;2;1;6;950;11/05/2017
2017045816;1;2;1;2;2;950;19/05/2017
2017045817;1;2;1;1;6;950;29/05/2017
2017045818;1;2;1;1;3;950;23/05/2017
2017045819;5;2;3;1;6;950;14/05/2017
2017045820;1;2;3;1;5;950;24/05/2017
2017045821;1;2;2;1;3;950;01/06/2017
2017045822;1;2;1;1;6;950;06/06/2017
2017045823;1;2;1;1;3;950;08/06/2017
2017045824;1;2;1;1;6;950;14/06/2017
2017045825;1;2;2;1;3;950;14/04/2017
2017045826;5;2;2;1;3;950;17/06/2017
2017045827;1;2;2;1;1;950;16/05/2017
2017045828;1;2;3;8;3;950;28/06/2017
2017045829;1;2;1;1;6;950;26/04/2017
2017045830;5;2;3;1;3;950;17/07/2017
2017045831;5;2;2;1;3;950;22/07/2017
2017045832;2;1;1;1;1;950;24/07/2017
2017045833;2;2;1;1;2;950;25/07/2017
2017045834;1;2;1;1;6;950;01/05/2017
2017045835;5;2;2;1;6;950;06/08/2017
2017045836;1;2;2;1;2;950;03/04/2017
2017045837;1;2;8;1;7;950;01/08/2017
2017045838;1;2;1;1;3;950;28/04/2017
2017045839;5;2;2;2;3;950;05/08/2017
2017045840;5;2;1;1;7;950;11/04/2017
2017045841;5;2;1;1;2;950;21/07/2017
2017045842;1;2;2;1;6;950;16/06/2017
2017045843;1;2;1;1;6;950;29/05/2017
2017045844;5;2;1;1;5;950;27/08/2017
2017045845;1;2;2;1;2;950;18/08/2017
2017045846;2;2;2;1;2;950;02/09/2017
2017045847;5;2;3;1;1;950;08/09/2017
2017045848;1;2;1;1;1;950;17/08/2017
2017045849;1;2;1;1;6;950;09/07/2017
2017045850;5;2;2;1;3;950;31/08/2017
2017045851;2;2;3;2;3;950;13/09/2017
2017045852;1;2;1;1;6;950;07/09/2017
2017045853;1;2;1;1;1;950;19/09/2017
2017045854;1;2;3;1;3;950;25/09/2017
2017045855;2;2;1;1;2;950;19/09/2017
2017045856;1;2;1;1;6;950;10/10/2017
2017045857;1;2;1;1;6;950;07/10/2017
2017045858;5;2;2;1;6;950;05/10/2017
2017045859;1;2;1;1;6;950;18/08/2017
2017045860;1;2;1;1;3;950;30/10/2017
2017045861;5;1;1;1;6;950;01/11/2017
2017045862;5;2;2;1;3;950;08/11/2017
2017045863;1;2;1;1;6;950;10/11/2017
2017045864;5;2;1;1;6;950;19/11/2017
2017045865;2;2;1;1;6;950;27/11/2017
2017045866;1;2;1;1;6;950;05/12/2017
2017045867;1;2;1;1;6;950;06/12/2017
2017045868;5;2;2;2;6;950;14/12/2017
2017045869;1;2;3;2;3;950;20/12/2017
2017045870;1;2;2;8;3;950;04/01/2017
2017045871;5;2;2;1;6;950;06/01/2017
2017045872;5;1;1;3;6;950;12/01/2017
2017045873;5;2;6;1;6;950;20/01/2017
2017045874;1;2;1;1;2;950;18/02/2017
2017045875;5;2;3;1;3;950;01/01/2017
2017045876;3;1;1;1;6;950;26/02/2017
2017045877;5;2;1;1;6;950;07/03/2017
2017045878;1;2;1;1;6;950;24/03/2017
2017045879;1;2;1;1;6;950;02/04/2017
2017045880;2;2;1;1;1;950;09/04/2017
2017045881;5;2;2;1;3;950;05/05/2017
2017045882;1;2;1;1;3;950;22/05/2017
2017045883;1;2;1;1;6;950;24/05/2017
2017045884;1;2;1;1;2;950;30/05/2017
2017045885;1;1;1;1;6;950;04/06/2017
2017045886;3;1;1;1;7;950;10/06/2017
2017045887;1;2;3;1;3;950;13/06/2017
2017045888;1;2;2;1;3;950;16/06/2017
2017045889;1;1;1;1;1;950;19/06/2017
2017045890;1;1;1;1;2;950;24/06/2017
2017045891;1;2;1;1;6;950;26/06/2017
2017045892;1;2;3;8;3;950;12/07/2017
2017045893;1;2;2;2;3;950;26/07/2017
2017045894;1;1;1;1;2;950;22/08/2017
2017045895;5;1;1;1;6;950;26/08/2017
2017045896;3;2;6;8;6;950;02/09/2017
2017045897;1;2;1;2;4;950;16/09/2017
2017045898;1;2;6;2;3;950;18/09/2017
2017045899;3;1;1;1;1;950;21/09/2017
2017045900;1;2;1;1;6;950;22/09/2017
2017045901;5;2;1;8;6;950;05/10/2017
2017045902;3;2;1;1;6;950;17/10/2017
2017045903;3;1;1;1;4;950;20/10/2017
2017045904;3;1;1;1;1;950;28/10/2017
2017045905;5;2;2;1;3;950;02/11/2017
2017045906;5;2;1;1;4;950;12/11/2017
2017045907;1;2;1;1;6;950;17/11/2017
2017045908;1;2;6;2;3;950;25/11/2017
2017045909;5;2;1;1;6;950;04/12/2017
2017045910;3;1;1;5;2;950;04/12/2017
2017045911;4;2;2;2;5;950;11/12/2017
2017045912;5;2;2;2;3;950;14/12/2017
2017045913;1;2;1;3;6;950;15/12/2017
2017045914;5;2;2;1;3;950;24/12/2017
2017045915;5;2;1;1;6;950;25/12/2017
2017045916;1;2;1;2;6;950;27/12/2017
2017045917;1;2;8;1;5;950;03/01/2017
2017045918;1;2;3;1;6;950;07/01/2017
2017045919;5;2;3;2;6;950;12/01/2017
2017045920;2;2;3;8;2;950;16/01/2017
2017045921;1;2;1;1;6;950;21/01/2017
2017045922;1;2;2;1;3;950;23/01/2017
2017045923;5;2;1;2;6;950;05/02/2017
2017045924;1;2;1;1;6;950;06/02/2017
2017045925;1;2;1;1;2;950;26/02/2017
2017045926;5;2;1;1;6;950;02/03/2017
2017045927;1;2;2;1;6;950;19/02/2017
2017045928;1;2;2;1;6;950;19/03/2017
2017045929;1;2;1;1;2;950;30/03/2017
2017045930;1;2;1;1;6;950;11/04/2017
2017045931;5;2;1;1;6;950;11/04/2017
2017045932;1;2;6;1;3;950;16/04/2017
2017045933;1;2;1;1;2;950;19/04/2017
2017045934;5;2;2;1;2;950;22/04/2017
2017045935;1;2;3;1;3;950;27/04/2017
2017045936;5;2;6;1;6;950;28/04/2017
2017045937;1;2;1;1;2;950;10/05/2017
2017045938;1;2;3;1;3;950;25/05/2017
2017045939;1;2;3;1;3;950;25/05/2017
2017045940;1;2;1;1;6;950;28/05/2017
2017045941;1;2;1;7;6;950;23/05/2017
2017045942;1;2;1;2;6;950;03/06/2017
2017045943;5;2;3;1;3;950;04/06/2017
2017045944;1;2;1;1;6;950;07/06/2017
2017045945;1;2;1;1;6;950;09/06/2017
2017045946;1;2;6;2;6;950;27/05/2017
2017045947;1;2;1;1;4;950;11/06/2017
2017045948;1;2;1;1;5;950;13/06/2017
2017045949;1;2;1;1;3;950;12/06/2017
2017045950;1;2;3;1;3;950;15/06/2017
2017045951;1;2;1;1;3;950;16/06/2017
2017045952;1;2;1;1;2;950;30/04/2017
2017045953;1;2;1;1;2;950;23/04/2017
2017045954;1;2;1;1;6;950;18/06/2017
2017045955;1;2;1;1;6;950;07/04/2017
2017045956;1;2;3;1;6;950;25/06/2017
2017045957;1;2;1;1;6;950;26/06/2017
2017045958;1;2;2;8;3;950;29/06/2017
2017045959;5;2;1;1;6;950;02/07/2017
2017045960;1;2;2;1;3;950;01/06/2017
2017045961;1;2;1;1;6;950;08/07/2017
2017045962;1;2;3;1;3;950;15/07/2017
2017045963;1;2;1;1;6;950;17/07/2017
2017045964;2;2;1;2;3;950;22/07/2017
2017045965;1;1;1;1;6;950;25/07/2017
2017045966;1;2;1;1;2;950;26/07/2017
2017045967;1;2;3;1;3;950;28/07/2017
2017045968;5;2;1;1;2;950;07/08/2017
2017045969;1;2;3;1;3;950;22/08/2017
2017045970;1;2;1;1;6;950;23/08/2017
2017045971;1;2;1;1;3;950;10/09/2017
2017045972;1;2;1;1;3;950;19/09/2017
2017045973;1;2;1;1;1;950;22/09/2017
2017045974;1;2;3;1;6;950;20/09/2017
2017045975;1;2;1;1;3;950;23/09/2017
2017045976;5;2;1;2;6;950;28/09/2017
2017045977;1;2;2;2;7;950;28/09/2017
2017045978;5;2;4;3;3;950;01/10/2017
2017045979;1;2;1;1;6;950;02/10/2017
2017045980;1;2;1;1;1;950;07/10/2017
2017045981;1;2;1;1;6;950;13/10/2017
2017045982;1;2;3;1;3;950;21/10/2017
2017045983;5;2;1;1;1;950;21/10/2017
2017045984;1;2;1;2;6;950;21/10/2017
2017045985;5;2;3;2;6;950;23/10/2017
2017045986;2;2;1;1;3;950;25/10/2017
2017045987;5;2;2;2;3;950;04/11/2017
2017045988;1;2;1;1;2;950;07/11/2017
2017045989;1;2;1;1;6;950;16/11/2017
2017045990;5;2;1;1;3;950;21/11/2017
2017045991;5;2;3;2;3;950;27/11/2017
2017045992;5;2;1;2;2;950;27/11/2017
2017045993;1;2;1;1;6;950;24/11/2017
2017045994;5;2;1;1;6;950;12/11/2017
2017045995;5;2;1;1;6;950;14/11/2017
2017045996;1;2;3;1;3;950;04/12/2017
2017045997;5;2;1;1;3;950;06/12/2017
2017045998;2;2;1;2;3;950;07/12/2017
2017045999;1;2;1;8;2;950;07/12/2017
2017046000;5;2;1;2;6;950;13/12/2017
2017046001;1;2;2;2;3;950;14/12/2017
2017046002;1;2;1;2;2;950;15/12/2017
2017046003;5;2;1;1;6;950;16/12/2017
2017046004;2;2;1;1;1;950;16/12/2017
2017046005;1;2;1;1;2;950;28/12/2017
2017046006;5;2;1;1;6;950;18/12/2017
2017046007;1;2;1;1;3;950;14/12/2017
2017046008;1;2;1;2;6;950;30/12/2017
2017046009;3;2;1;8;1;950;01/01/2017
2017046010;1;2;3;1;1;950;02/01/2017
2017046011;5;2;1;1;6;950;10/01/2017
2017046012;2;2;1;1;6;950;25/02/2017
2017046013;1;2;1;1;6;950;10/03/2017
2017046014;1;2;1;1;6;950;10/03/2017
2017046015;1;2;1;1;6;950;21/02/2017
2017046016;1;2;4;1;3;950;27/03/2017
2017046017;1;2;2;1;1;950;29/03/2017
2017046018;1;2;1;1;3;950;24/04/2017
2017046019;2;2;2;1;3;950;14/05/2017
2017046020;5;2;1;1;6;950;20/05/2017
2017046021;1;1;1;1;6;950;27/05/2017
2017046022;1;2;2;1;3;950;31/05/2017
2017046023;5;2;6;8;6;950;03/06/2017
2017046024;5;2;1;1;6;950;19/06/2017
2017046025;5;2;6;1;3;950;02/07/2017
2017046026;1;2;1;1;3;950;06/07/2017
2017046027;1;2;1;2;3;950;22/07/2017
2017046028;1;2;1;1;6;950;27/05/2017
2017046029;1;2;3;1;3;950;06/08/2017
2017046030;1;2;1;1;3;950;22/07/2017
2017046031;1;2;1;1;6;950;17/06/2017
2017046032;1;1;1;2;3;950;30/08/2017
2017046033;1;2;6;1;3;950;05/09/2017
2017046034;1;2;6;1;6;950;11/09/2017
2017046035;1;2;1;1;6;950;10/10/2017
2017046036;1;2;1;1;6;950;20/10/2017
2017046037;1;2;1;2;2;950;24/10/2017
2017046038;1;2;1;1;1;950;08/11/2017
2017046039;5;2;2;2;3;950;11/11/2017
2017046040;1;2;1;1;6;950;15/11/2017
2017046041;5;2;1;8;6;950;30/11/2017
2017046042;5;2;1;8;6;950;01/12/2017
2017046043;1;2;2;1;3;950;02/12/2017
2017046044;1;2;1;8;6;950;07/12/2017
2017046045;5;2;1;2;3;950;08/12/2017
2017046046;1;2;3;1;6;950;18/12/2017
2017046047;5;1;1;2;6;950;09/01/2017
2017046048;5;2;3;1;3;950;11/01/2017
2017046049;5;1;6;2;3;950;04/01/2017
2017046050;1;1;1;1;2;950;29/01/2017
2017046051;1;2;1;1;7;950;09/04/2017
2017046052;1;2;1;2;3;950;03/05/2017
2017046053;1;2;1;1;3;950;22/05/2017
2017046054;5;2;1;1;5;950;09/06/2017
2017046055;2;2;1;2;6;950;25/07/2017
2017046056;1;2;1;8;3;950;06/09/2017
2017046057;5;2;6;1;6;950;22/07/2017
2017046058;5;1;1;1;6;950;13/04/2017
2017046059;1;2;1;1;3;950;13/03/2017
2017046060;1;1;1;1;6;950;12/06/2017
2017046061;5;2;1;5;6;950;02/01/2017
2017046062;5;2;1;4;6;950;06/01/2017
2017046063;1;2;1;9;2;950;14/01/2017
2017046064;1;2;4;1;6;950;17/01/2017
2017046065;5;2;1;8;6;950;07/01/2017
2017046066;5;2;1;1;6;950;13/01/2017
2017046067;2;2;1;5;6;950;16/01/2017
2017046068;5;2;2;1;2;950;22/01/2017
2017046069;3;1;1;1;3;950;22/01/2017
2017046070;1;2;1;5;7;950;16/01/2017
2017046071;1;2;1;1;6;950;01/02/2017
2017046072;1;2;1;1;6;950;01/02/2017
2017046073;1;1;1;2;6;950;03/02/2017
2017046074;5;2;1;2;5;950;17/01/2017
2017046075;5;2;2;1;3;950;12/02/2017
2017046076;1;2;1;1;6;950;17/02/2017
2017046077;1;2;1;1;6;950;24/02/2017
2017046078;1;2;1;1;6;950;14/03/2017
2017046079;1;2;2;1;3;950;21/03/2017
2017046080;3;1;1;1;6;950;27/03/2017
2017046081;1;2;1;1;6;950;28/03/2017
2017046082;1;2;1;1;6;950;29/03/2017
2017046083;1;2;1;1;6;950;30/03/2017
2017046084;1;2;1;1;4;950;02/04/2017
2017046085;1;2;1;1;6;950;03/04/2017
2017046086;1;2;1;7;6;950;11/04/2017
2017046087;1;2;3;1;1;950;21/04/2017
2017046088;1;2;1;1;6;950;16/04/2017
2017046089;1;2;1;1;6;950;05/05/2017
2017046090;1;2;1;1;6;950;01/05/2017
2017046091;1;2;1;1;3;950;10/05/2017
2017046092;5;2;2;2;3;950;19/05/2017
2017046093;1;2;1;1;2;950;19/05/2017
2017046094;5;2;1;2;2;950;19/05/2017
2017046095;1;2;6;1;2;950;19/05/2017
2017046096;1;2;1;1;2;950;26/05/2017
2017046097;2;2;1;1;2;950;26/05/2017
2017046098;1;2;1;1;6;950;28/05/2017
2017046099;1;2;1;1;6;950;28/05/2017
2017046100;1;2;2;2;3;950;02/06/2017
2017046101;2;2;1;1;3;950;05/06/2017
2017046102;1;2;1;1;5;950;03/06/2017
2017046103;1;2;1;1;6;950;12/06/2017
2017046104;1;2;1;1;6;950;05/04/2017
2017046105;1;2;1;1;2;950;25/06/2017
2017046106;1;2;1;1;6;950;28/06/2017
2017046107;1;1;1;2;3;950;02/07/2017
2017046108;1;2;3;1;3;950;07/07/2017
2017046109;1;2;1;1;3;950;06/07/2017
2017046110;5;2;1;3;6;950;09/07/2017
2017046111;5;2;2;1;3;950;06/07/2017
2017046112;5;2;6;1;2;950;17/07/2017
2017046113;5;2;1;1;1;950;30/07/2017
2017046114;1;2;1;1;3;950;05/08/2017
2017046115;5;2;1;1;2;950;07/08/2017
2017046116;1;2;2;2;2;950;08/08/2017
2017046117;1;2;2;1;3;950;09/08/2017
2017046118;5;2;1;2;3;950;12/08/2017
2017046119;1;2;1;1;6;950;14/08/2017
2017046120;2;2;1;1;1;950;19/08/2017
2017046121;1;2;1;1;6;950;24/08/2017
2017046122;1;2;1;1;1;950;01/09/2017
2017046123;1;2;1;1;6;950;01/09/2017
2017046124;2;2;7;1;6;950;01/09/2017
2017046125;1;2;1;2;3;950;07/09/2017
2017046126;1;2;1;2;3;950;07/09/2017
2017046127;1;2;1;1;6;950;09/09/2017
2017046128;1;2;1;1;6;950;18/09/2017
2017046129;1;2;1;1;6;950;18/09/2017
2017046130;1;1;1;1;2;950;14/09/2017
2017046131;1;2;1;1;3;950;18/09/2017
2017046132;2;1;1;3;5;950;13/09/2017
2017046133;5;2;1;2;3;950;01/10/2017
2017046134;5;2;2;1;3;950;15/09/2017
2017046135;3;1;1;1;2;950;04/10/2017
2017046136;1;2;1;1;4;950;04/10/2017
2017046137;5;2;2;1;3;950;12/10/2017
2017046138;1;2;1;1;6;950;29/09/2017
2017046139;1;2;1;1;6;950;02/10/2017
2017046140;2;2;6;1;2;950;18/10/2017
2017046141;5;2;1;1;6;950;18/10/2017
2017046142;1;2;1;2;1;950;22/10/2017
2017046143;1;2;3;1;1;950;24/10/2017
2017046144;5;2;1;8;6;950;24/10/2017
2017046145;5;2;1;1;3;950;27/10/2017
2017046146;5;2;1;1;6;950;27/10/2017
2017046147;5;2;1;1;6;950;29/10/2017
2017046148;5;2;1;1;6;950;31/10/2017
2017046149;5;2;1;1;6;950;04/11/2017
2017046150;1;2;1;1;3;950;05/11/2017
2017046151;1;2;1;2;2;950;04/11/2017
2017046152;1;2;1;2;2;950;10/11/2017
2017046153;5;2;1;1;6;950;24/11/2017
2017046154;1;2;1;2;4;950;29/11/2017
2017046155;5;2;1;4;6;950;30/11/2017
2017046156;5;2;1;8;2;950;01/12/2017
2017046157;1;2;1;1;6;950;08/11/2017
2017046158;2;2;1;8;6;950;04/12/2017
2017046159;5;2;1;3;1;950;07/12/2017
2017046160;1;2;1;1;6;950;11/12/2017
2017046161;5;2;3;2;6;950;10/12/2017
2017046162;5;2;1;1;6;950;14/12/2017
2017046163;3;2;1;1;1;950;16/12/2017
2017046164;1;2;1;2;3;950;23/12/2017
2017046165;1;2;2;1;6;201;05/01/2017
2017046166;1;2;1;1;3;201;05/01/2017
2017046167;1;2;1;1;3;201;09/01/2017
2017046168;1;2;8;1;3;201;12/01/2017
2017046169;5;2;1;2;3;201;14/01/2017
2017046170;4;2;1;8;3;201;16/01/2017
2017046171;1;2;1;1;6;201;20/01/2017
2017046172;1;2;1;1;2;201;23/01/2017
2017046173;1;2;1;1;2;201;24/01/2017
2017046174;2;2;1;1;4;201;26/01/2017
2017046175;1;2;1;1;3;201;26/01/2017
2017046176;3;1;1;1;2;201;29/01/2017
2017046177;1;2;6;1;1;201;31/01/2017
2017046178;1;2;1;1;6;201;01/02/2017
2017046179;1;1;1;2;3;201;08/02/2017
2017046180;1;2;1;1;3;201;09/02/2017
2017046181;1;1;1;1;4;201;10/02/2017
2017046182;5;2;1;1;1;201;11/02/2017
2017046183;5;2;1;1;6;201;14/02/2017
2017046184;5;2;1;1;3;201;13/02/2017
2017046185;1;2;2;1;5;201;15/02/2017
2017046186;5;2;1;1;6;201;16/02/2017
2017046187;1;2;1;1;6;201;24/02/2017
2017046188;1;2;1;1;6;201;27/02/2017
2017046189;5;2;6;1;6;201;28/02/2017
2017046190;1;1;2;1;5;201;09/02/2017
2017046191;1;2;1;1;6;201;03/03/2017
2017046192;1;2;3;1;6;201;06/03/2017
2017046193;5;2;9;6;1;201;06/03/2017
2017046194;5;2;6;1;3;201;07/03/2017
2017046195;5;2;1;2;6;201;24/02/2017
2017046196;1;2;1;1;6;201;15/03/2017
2017046197;1;2;1;1;3;201;16/03/2017
2017046198;5;2;1;1;2;201;17/03/2017
2017046199;1;2;1;1;4;201;19/03/2017
2017046200;1;2;2;1;3;201;21/03/2017
2017046201;1;2;1;1;6;201;22/03/2017
2017046202;1;2;1;1;3;201;23/03/2017
2017046203;1;1;1;2;6;201;25/03/2017
2017046204;1;2;1;1;3;201;28/03/2017
2017046205;1;2;1;1;1;201;29/03/2017
2017046206;1;2;1;1;2;201;29/03/2017
2017046207;1;2;1;1;6;201;30/03/2017
2017046208;5;2;1;1;3;201;06/04/2017
2017046209;1;2;1;1;7;201;06/04/2017
2017046210;1;2;1;1;3;201;08/04/2017
2017046211;1;2;2;1;6;201;12/04/2017
2017046212;1;2;1;1;3;201;12/04/2017
2017046213;1;2;1;1;3;201;13/04/2017
2017046214;5;2;1;1;3;201;14/04/2017
2017046215;1;2;1;1;3;201;15/04/2017
2017046216;1;2;1;1;6;201;18/04/2017
2017046217;1;2;9;1;3;201;19/04/2017
2017046218;1;1;1;1;2;201;24/04/2017
2017046219;1;2;1;1;3;201;24/04/2017
2017046220;1;2;1;1;2;201;26/04/2017
2017046221;1;2;1;3;2;201;27/04/2017
2017046222;1;2;1;2;3;201;27/04/2017
2017046223;5;2;2;1;1;201;28/04/2017
2017046224;1;2;1;1;3;201;29/04/2017
2017046225;1;2;1;1;3;201;29/04/2017
2017046226;1;2;3;1;5;201;30/04/2017
2017046227;1;2;1;1;3;201;30/04/2017
2017046228;1;2;1;2;6;201;01/05/2017
2017046229;5;2;1;1;3;201;01/05/2017
2017046230;1;2;1;1;5;201;02/05/2017
2017046231;1;2;1;1;5;201;03/05/2017
2017046232;5;2;1;1;1;201;06/05/2017
2017046233;1;2;1;1;3;201;09/05/2017
2017046234;1;2;1;1;3;201;10/05/2017
2017046235;1;2;1;1;6;201;11/05/2017
2017046236;1;2;1;1;3;201;12/05/2017
2017046237;1;2;1;1;3;201;12/05/2017
2017046238;1;2;2;1;6;201;13/05/2017
2017046239;1;2;3;1;3;201;17/05/2017
2017046240;1;2;1;1;5;201;18/05/2017
2017046241;5;2;1;1;3;201;22/05/2017
2017046242;1;2;1;7;4;201;23/05/2017
2017046243;1;1;1;1;2;201;24/05/2017
2017046244;1;2;1;1;6;201;24/05/2017
2017046245;1;2;1;1;6;201;25/05/2017
2017046246;1;1;1;1;1;201;25/05/2017
2017046247;4;1;1;1;1;201;28/05/2017
2017046248;5;2;1;1;6;201;29/05/2017
2017046249;1;2;1;1;6;201;29/05/2017
2017046250;1;2;6;1;3;201;31/05/2017
2017046251;1;2;1;1;3;201;31/05/2017
2017046252;5;2;1;1;2;201;03/06/2017
2017046253;1;1;1;1;3;201;04/06/2017
2017046254;1;2;1;1;1;201;06/06/2017
2017046255;2;2;6;1;7;201;07/06/2017
2017046256;1;1;9;1;6;201;08/06/2017
2017046257;1;2;1;1;2;201;12/06/2017
2017046258;1;1;1;1;3;201;14/06/2017
2017046259;1;2;2;1;3;201;16/06/2017
2017046260;1;2;1;1;2;201;17/06/2017
2017046261;5;2;9;1;7;201;19/06/2017
2017046262;1;2;1;1;2;201;19/06/2017
2017046263;1;2;9;1;3;201;20/06/2017
2017046264;1;1;3;1;3;201;21/06/2017
2017046265;1;2;1;1;3;201;29/06/2017
2017046266;1;2;1;1;6;201;01/07/2017
2017046267;5;2;2;1;3;201;02/07/2017
2017046268;1;2;1;1;2;201;03/07/2017
2017046269;1;2;1;1;2;201;29/06/2017