num_acc;lum;agg;inter;atm;col;dep;date
2017046270;1;2;1;1;6;201;05/07/2017
2017046271;1;2;1;1;4;201;06/07/2017
2017046272;1;2;3;1;3;201;06/07/2017
2017046273;5;2;1;1;6;201;07/07/2017
2017046274;1;2;1;1;6;201;10/07/2017
2017046275;1;2;1;1;6;201;10/07/2017
2017046276;3;1;1;1;4;201;13/07/2017
2017046277;1;2;3;1;3;201;12/07/2017
2017046278;1;2;1;1;4;201;17/07/2017
2017046279;1;2;1;1;3;201;19/07/2017
2017046280;1;2;3;1;3;201;19/07/2017
2017046281;1;2;1;1;2;201;21/07/2017
2017046282;1;2;2;1;3;201;07/07/2017
2017046283;2;2;1;1;3;201;25/07/2017
2017046284;1;1;1;1;2;201;25/07/2017
2017046285;2;2;6;1;3;201;25/07/2017
2017046286;1;2;3;1;3;201;26/07/2017
2017046287;5;2;1;1;6;201;29/07/2017
2017046288;1;2;1;1;3;201;30/07/2017
2017046289;1;2;1;1;1;201;27/07/2017
2017046290;1;2;1;1;3;201;03/08/2017
2017046291;4;2;1;1;6;201;10/08/2017
2017046292;1;2;1;1;3;201;12/08/2017
2017046293;1;2;1;1;6;201;20/08/2017
2017046294;1;2;1;1;3;201;21/08/2017
2017046295;1;2;1;1;3;201;22/08/2017
2017046296;1;2;1;1;3;201;22/08/2017
2017046297;3;2;1;1;2;201;26/08/2017
2017046298;1;1;1;1;7;201;27/08/2017
2017046299;5;2;1;1;6;201;28/08/2017
2017046300;1;2;1;1;2;201;30/08/2017
2017046301;1;2;1;1;3;201;30/08/2017
2017046302;5;2;1;1;6;201;03/09/2017
2017046303;5;2;1;1;1;201;04/09/2017
2017046304;1;2;1;1;3;201;05/09/2017
2017046305;1;2;1;1;3;201;14/09/2017
2017046306;1;2;1;1;4;201;15/09/2017
2017046307;3;1;1;1;7;201;17/09/2017
2017046308;1;2;1;1;2;201;20/09/2017
2017046309;1;2;1;1;3;201;20/09/2017
2017046310;2;1;3;1;3;201;20/09/2017
2017046311;2;2;1;1;3;201;21/09/2017
2017046312;1;2;1;1;6;201;23/09/2017
2017046313;1;2;1;1;3;201;25/09/2017
2017046314;1;1;6;1;3;201;26/09/2017
2017046315;1;2;1;1;3;201;28/09/2017
2017046316;1;2;1;1;6;201;29/09/2017
2017046317;1;2;1;1;2;201;14/08/2017
2017046318;1;2;1;1;1;201;14/08/2017
2017046319;1;2;1;1;6;201;05/10/2017
2017046320;5;2;1;1;6;201;06/10/2017
2017046321;5;2;6;1;3;201;05/10/2017
2017046322;1;2;1;1;6;201;08/10/2017
2017046323;1;2;1;1;3;201;09/10/2017
2017046324;1;2;1;1;3;201;09/10/2017
2017046325;1;2;1;1;3;201;10/10/2017
2017046326;1;2;1;1;1;201;10/10/2017
2017046327;2;1;3;1;3;201;09/10/2017
2017046328;1;2;1;1;6;201;14/10/2017
2017046329;5;2;1;1;6;201;14/10/2017
2017046330;1;1;1;1;3;201;15/10/2017
2017046331;1;1;1;1;2;201;27/10/2017
2017046332;1;2;1;1;3;201;27/10/2017
2017046333;5;2;3;1;1;201;30/10/2017
2017046334;2;1;6;1;3;201;01/11/2017
2017046335;5;2;1;1;3;201;22/10/2017
2017046336;1;2;1;1;6;201;09/11/2017
2017046337;1;2;1;1;3;201;11/11/2017
2017046338;5;2;2;1;3;201;11/11/2017
2017046339;5;2;1;1;6;201;15/11/2017
2017046340;3;1;1;1;2;201;18/11/2017
2017046341;5;2;1;1;3;201;18/11/2017
2017046342;5;2;4;1;3;201;18/11/2017
2017046343;5;2;9;1;1;201;18/11/2017
2017046344;1;2;1;1;3;201;12/10/2017
2017046345;1;2;1;1;2;201;21/11/2017
2017046346;1;2;1;1;2;201;22/11/2017
2017046347;5;2;1;1;6;201;22/11/2017
2017046348;1;1;1;8;7;201;25/11/2017
2017046349;1;2;1;1;6;201;27/11/2017
2017046350;3;1;1;1;2;201;30/11/2017
2017046351;1;2;1;8;6;201;01/12/2017
2017046352;1;2;3;8;3;201;01/12/2017
2017046353;1;2;2;1;1;201;30/11/2017
2017046354;1;2;1;1;6;201;04/12/2017
2017046355;5;2;2;1;3;201;03/12/2017
2017046356;2;2;1;2;3;201;07/12/2017
2017046357;1;2;1;3;3;201;08/12/2017
2017046358;1;2;1;1;1;201;13/12/2017
2017046359;5;2;1;6;6;201;09/12/2017
2017046360;1;2;3;2;2;201;15/12/2017
2017046361;1;2;1;1;3;201;19/12/2017
2017046362;1;2;1;3;4;201;26/12/2017
2017046363;2;2;1;2;6;201;26/12/2017
2017046364;3;1;1;4;2;770;01/01/2017
2017046365;5;1;1;2;6;940;03/01/2017
2017046366;3;1;1;1;1;940;03/01/2017
2017046367;1;1;9;2;3;770;04/01/2017
2017046368;2;1;1;1;4;770;05/01/2017
2017046369;1;1;1;1;2;940;06/01/2017
2017046370;1;1;1;1;2;940;07/01/2017
2017046371;3;1;1;2;6;770;07/01/2017
2017046372;5;1;1;2;2;940;09/01/2017
2017046373;1;1;1;5;4;770;09/01/2017
2017046374;1;1;1;1;2;770;09/01/2017
2017046375;1;1;1;1;2;940;10/01/2017
2017046376;1;1;9;2;2;770;10/01/2017
2017046377;5;1;1;1;3;940;10/01/2017
2017046378;3;1;1;8;2;940;10/01/2017
2017046379;5;1;1;1;7;750;10/01/2017
2017046380;1;1;1;2;6;770;11/01/2017
2017046381;1;1;1;1;5;930;12/01/2017
2017046382;1;1;1;2;2;940;12/01/2017
2017046383;2;1;1;1;5;770;13/01/2017
2017046384;1;1;1;1;2;940;13/01/2017
2017046385;1;1;1;1;3;940;13/01/2017
2017046386;3;1;1;1;2;940;13/01/2017
2017046387;1;1;1;1;5;940;15/01/2017
2017046388;3;1;1;4;7;770;15/01/2017
2017046389;4;1;1;2;6;770;15/01/2017
2017046390;2;1;1;1;3;940;16/01/2017
2017046391;1;1;1;1;7;770;16/01/2017
2017046392;1;1;1;1;7;940;17/01/2017
2017046393;4;1;1;1;5;770;17/01/2017
2017046394;1;1;1;1;4;940;18/01/2017
2017046395;1;1;1;1;5;940;18/01/2017
2017046396;1;1;1;1;5;940;18/01/2017
2017046397;1;1;1;1;3;770;18/01/2017
2017046398;1;1;1;1;5;940;18/01/2017
2017046399;2;1;1;1;3;940;18/01/2017
2017046400;3;1;1;1;6;770;19/01/2017
2017046401;1;1;1;1;3;940;20/01/2017
2017046402;1;1;1;1;6;940;21/01/2017
2017046403;3;1;1;8;2;770;22/01/2017
2017046404;2;1;1;1;3;770;23/01/2017
2017046405;3;1;1;1;6;770;24/01/2017
2017046406;3;1;1;8;7;930;26/01/2017
2017046407;1;1;1;1;7;770;28/01/2017
2017046408;5;1;1;1;5;940;29/01/2017
2017046409;3;1;1;1;6;940;29/01/2017
2017046410;1;1;1;1;2;940;30/01/2017
2017046411;1;1;1;1;7;940;30/01/2017
2017046412;1;1;1;1;2;940;31/01/2017
2017046413;1;1;1;2;4;750;31/01/2017
2017046414;2;1;1;1;5;940;31/01/2017
2017046415;5;1;1;1;6;940;31/01/2017
2017046416;3;1;1;1;3;940;01/02/2017
2017046417;1;1;1;1;7;940;01/02/2017
2017046418;3;1;1;1;4;770;01/02/2017
2017046419;1;1;1;1;2;770;02/02/2017
2017046420;3;1;1;1;7;770;03/02/2017
2017046421;1;1;1;1;7;770;03/02/2017
2017046422;1;1;1;2;3;940;03/02/2017
2017046423;5;1;1;2;2;940;03/02/2017
2017046424;4;1;1;1;2;940;04/02/2017
2017046425;3;1;1;8;5;770;04/02/2017
2017046426;3;1;1;2;6;940;05/02/2017
2017046427;1;1;1;2;7;770;05/02/2017
2017046428;5;1;1;2;2;750;06/02/2017
2017046429;1;1;1;1;2;940;06/02/2017
2017046430;3;1;1;1;6;770;06/02/2017
2017046431;1;1;1;2;4;770;07/02/2017
2017046432;1;1;1;1;3;940;08/02/2017
2017046433;1;1;1;1;4;940;09/02/2017
2017046434;5;1;1;1;6;940;12/02/2017
2017046435;1;1;1;1;2;940;12/02/2017
2017046436;1;1;1;2;4;770;14/02/2017
2017046437;5;1;1;1;2;940;14/02/2017
2017046438;3;1;1;1;2;770;15/02/2017
2017046439;1;1;1;1;5;750;15/02/2017
2017046440;1;1;1;1;4;770;15/02/2017
2017046441;5;1;1;2;4;940;16/02/2017
2017046442;2;1;1;3;3;940;16/02/2017
2017046443;3;1;1;1;2;770;17/02/2017
2017046444;1;1;1;5;7;770;19/02/2017
2017046445;5;1;1;1;6;940;19/02/2017
2017046446;5;1;1;1;2;940;22/02/2017
2017046447;3;1;1;1;2;940;24/02/2017
2017046448;1;1;1;1;2;940;24/02/2017
2017046449;1;1;1;1;4;940;24/02/2017
2017046450;1;1;1;1;5;940;24/02/2017
2017046451;1;1;1;1;3;940;25/02/2017
2017046452;1;1;1;1;5;940;27/02/2017
2017046453;1;1;1;1;2;940;27/02/2017
2017046454;5;1;1;2;2;940;27/02/2017
2017046455;1;1;1;2;2;770;28/02/2017
2017046456;1;1;1;1;3;770;28/02/2017
2017046457;4;1;1;1;2;940;01/03/2017
2017046458;1;1;1;2;6;770;01/03/2017
2017046459;1;1;1;1;3;770;01/03/2017
2017046460;3;1;1;2;4;940;01/03/2017
2017046461;3;1;1;1;4;770;02/03/2017
2017046462;1;1;1;1;7;940;03/03/2017
2017046463;1;1;1;1;6;940;03/03/2017
2017046464;1;1;1;1;5;770;03/03/2017
2017046465;5;1;1;1;6;940;03/03/2017
2017046466;1;1;9;2;7;770;04/03/2017
2017046467;1;1;1;2;3;770;06/03/2017
2017046468;1;1;1;1;6;930;07/03/2017
2017046469;3;1;1;2;6;770;09/03/2017
2017046470;3;1;1;2;3;770;09/03/2017
2017046471;1;1;1;1;2;940;09/03/2017
2017046472;1;1;1;1;4;940;10/03/2017
2017046473;3;1;1;1;7;770;11/03/2017
2017046474;2;1;1;1;6;940;11/03/2017
2017046475;3;1;1;1;2;770;11/03/2017
2017046476;3;1;1;1;7;770;12/03/2017
2017046477;1;1;1;1;3;940;12/03/2017
2017046478;1;1;1;1;7;770;13/03/2017
2017046479;2;1;1;1;7;770;14/03/2017
2017046480;2;1;1;1;2;930;15/03/2017
2017046481;1;1;1;1;4;770;16/03/2017
2017046482;1;1;1;1;3;770;16/03/2017
2017046483;1;1;1;1;4;940;17/03/2017
2017046484;1;1;1;1;7;940;17/03/2017
2017046485;3;1;1;1;5;940;19/03/2017
2017046486;1;1;1;1;5;940;19/03/2017
2017046487;2;1;1;1;2;750;19/03/2017
2017046488;1;1;1;1;6;930;20/03/2017
2017046489;3;1;1;2;6;940;21/03/2017
2017046490;1;1;1;1;2;940;22/03/2017
2017046491;1;1;1;1;2;770;23/03/2017
2017046492;1;1;1;1;3;940;23/03/2017
2017046493;1;1;1;1;4;940;23/03/2017
2017046494;1;1;1;2;2;770;23/03/2017
2017046495;3;1;1;1;4;940;23/03/2017
2017046496;1;1;1;1;2;770;24/03/2017
2017046497;5;1;1;1;2;940;25/03/2017
2017046498;2;1;1;1;7;770;25/03/2017
2017046499;3;1;1;1;1;770;27/03/2017
2017046500;1;1;1;1;2;770;27/03/2017
2017046501;1;1;1;1;3;940;28/03/2017
2017046502;1;1;1;1;3;940;28/03/2017
2017046503;1;1;1;1;4;770;28/03/2017
2017046504;1;1;1;1;5;930;28/03/2017
2017046505;1;1;1;1;4;770;29/03/2017
2017046506;1;1;1;1;7;770;29/03/2017
2017046507;1;1;1;1;3;940;29/03/2017
2017046508;1;1;1;1;6;940;29/03/2017
2017046509;1;1;1;1;2;940;29/03/2017
2017046510;2;1;1;1;6;940;30/03/2017
2017046511;1;1;1;1;2;770;30/03/2017
2017046512;1;1;1;1;2;750;31/03/2017
2017046513;1;1;1;1;2;940;01/04/2017
2017046514;1;1;1;1;6;770;02/04/2017
2017046515;1;1;1;1;2;940;03/04/2017
2017046516;5;1;1;1;2;940;04/04/2017
2017046517;1;1;1;1;2;750;04/04/2017
2017046518;1;1;1;1;3;940;04/04/2017
2017046519;3;1;1;1;2;930;05/04/2017
2017046520;3;1;1;1;6;930;05/04/2017
2017046521;2;1;1;1;2;770;05/04/2017
2017046522;1;1;1;1;3;770;05/04/2017
2017046523;1;1;1;1;4;770;05/04/2017
2017046524;1;1;1;1;2;940;06/04/2017
2017046525;1;1;1;1;5;770;06/04/2017
2017046526;1;1;1;1;2;940;06/04/2017
2017046527;1;1;1;1;3;770;07/04/2017
2017046528;1;1;1;1;4;770;07/04/2017
2017046529;1;1;1;1;4;940;08/04/2017
2017046530;2;1;1;1;5;940;08/04/2017
2017046531;5;1;1;1;3;940;09/04/2017
2017046532;2;1;1;1;3;940;09/04/2017
2017046533;1;1;1;1;3;940;09/04/2017
2017046534;1;1;1;1;2;940;09/04/2017
2017046535;3;1;1;1;6;940;09/04/2017
2017046536;5;1;1;1;2;940;09/04/2017
2017046537;1;1;1;1;3;770;10/04/2017
2017046538;1;1;1;1;2;770;10/04/2017
2017046539;1;1;1;1;2;770;11/04/2017
2017046540;1;1;1;1;3;940;11/04/2017
2017046541;3;1;1;1;2;770;11/04/2017
2017046542;1;1;1;1;2;940;12/04/2017
2017046543;1;1;1;1;3;940;12/04/2017
2017046544;1;1;1;1;2;940;13/04/2017
2017046545;1;1;1;1;6;770;14/04/2017
2017046546;1;1;1;1;2;940;14/04/2017
2017046547;1;1;1;1;3;940;14/04/2017
2017046548;5;1;1;1;2;940;14/04/2017
2017046549;1;1;1;1;4;940;15/04/2017
2017046550;3;1;1;1;6;770;16/04/2017
2017046551;5;1;1;1;3;940;16/04/2017
2017046552;5;1;1;1;2;940;18/04/2017
2017046553;1;1;1;1;3;940;18/04/2017
2017046554;1;1;1;1;3;770;20/04/2017
2017046555;1;1;1;1;2;940;20/04/2017
2017046556;1;1;1;1;4;940;20/04/2017
2017046557;5;1;1;1;7;940;21/04/2017
2017046558;1;1;1;1;2;940;21/04/2017
2017046559;1;1;1;1;2;940;21/04/2017
2017046560;4;1;1;1;5;940;22/04/2017
2017046561;5;1;1;1;6;940;22/04/2017
2017046562;1;1;1;1;3;940;22/04/2017
2017046563;1;1;1;1;6;770;22/04/2017
2017046564;1;1;1;1;2;940;24/04/2017
2017046565;1;1;1;2;6;770;25/04/2017
2017046566;1;1;1;1;6;770;25/04/2017
2017046567;1;1;1;1;2;940;26/04/2017
2017046568;1;1;1;1;4;940;26/04/2017
2017046569;1;1;4;8;6;770;26/04/2017
2017046570;1;1;1;1;7;940;26/04/2017
2017046571;1;1;1;2;2;770;26/04/2017
2017046572;2;1;1;1;3;770;27/04/2017
2017046573;1;1;1;1;6;770;27/04/2017
2017046574;1;1;1;1;2;940;27/04/2017
2017046575;1;1;1;1;2;770;27/04/2017
2017046576;2;1;1;2;3;940;28/04/2017
2017046577;1;1;1;2;4;940;28/04/2017
2017046578;2;1;1;1;2;940;29/04/2017
2017046579;1;1;1;1;3;940;29/04/2017
2017046580;1;1;1;2;6;770;01/05/2017
2017046581;1;1;1;1;5;750;02/05/2017
2017046582;1;1;1;1;3;940;02/05/2017
2017046583;1;1;1;1;6;750;04/05/2017
2017046584;1;1;1;2;3;940;04/05/2017
2017046585;2;1;1;2;6;940;04/05/2017
2017046586;1;1;1;2;2;770;07/05/2017
2017046587;1;1;1;2;7;770;07/05/2017
2017046588;3;1;1;1;7;770;08/05/2017
2017046589;5;1;1;1;3;940;09/05/2017
2017046590;1;1;1;1;3;940;09/05/2017
2017046591;1;1;1;1;2;940;10/05/2017
2017046592;1;1;1;1;7;940;10/05/2017
2017046593;3;1;1;1;5;940;11/05/2017
2017046594;1;1;1;1;5;940;11/05/2017
2017046595;1;1;1;1;2;770;11/05/2017
2017046596;1;1;1;1;2;940;12/05/2017
2017046597;1;1;1;1;4;940;12/05/2017
2017046598;1;1;1;1;4;770;13/05/2017
2017046599;1;1;1;1;4;770;14/05/2017
2017046600;1;1;1;1;5;940;16/05/2017
2017046601;1;1;1;1;2;940;16/05/2017
2017046602;1;1;1;1;3;750;16/05/2017
2017046603;1;1;1;1;5;940;16/05/2017
2017046604;1;1;1;1;7;940;17/05/2017
2017046605;1;1;1;1;4;770;17/05/2017
2017046606;1;1;1;2;2;940;18/05/2017
2017046607;1;1;1;2;3;940;18/05/2017
2017046608;5;1;1;2;6;940;19/05/2017
2017046609;1;1;1;1;2;770;19/05/2017
2017046610;1;1;1;1;6;940;20/05/2017
2017046611;2;1;1;1;4;770;21/05/2017
2017046612;1;1;1;1;6;750;21/05/2017
2017046613;1;1;1;1;3;940;21/05/2017
2017046614;1;1;1;1;4;940;21/05/2017
2017046615;2;1;1;1;2;930;22/05/2017
2017046616;1;1;1;1;2;770;23/05/2017
2017046617;1;1;1;1;2;940;23/05/2017
2017046618;1;1;1;1;3;940;23/05/2017
2017046619;1;1;1;1;4;770;24/05/2017
2017046620;3;1;1;1;2;770;26/05/2017
2017046621;5;1;1;1;3;940;28/05/2017
2017046622;2;1;1;2;7;770;28/05/2017
2017046623;1;1;1;1;2;940;28/05/2017
2017046624;1;1;1;1;4;750;28/05/2017
2017046625;4;1;1;1;6;940;28/05/2017
2017046626;1;1;1;1;2;940;29/05/2017
2017046627;1;1;1;1;4;940;29/05/2017
2017046628;1;1;1;1;2;750;29/05/2017
2017046629;3;1;1;1;2;770;29/05/2017
2017046630;1;1;1;1;6;770;30/05/2017
2017046631;1;1;1;1;3;770;30/05/2017
2017046632;1;1;1;1;5;940;31/05/2017
2017046633;1;1;1;1;2;940;31/05/2017
2017046634;1;1;1;1;5;940;01/06/2017
2017046635;1;1;1;1;5;770;01/06/2017
2017046636;1;1;1;1;6;940;01/06/2017
2017046637;1;1;1;1;2;940;01/06/2017
2017046638;2;1;1;1;2;770;02/06/2017
2017046639;1;1;1;1;2;770;02/06/2017
2017046640;1;1;1;1;3;750;04/06/2017
2017046641;1;1;1;1;2;770;05/06/2017
2017046642;1;1;1;1;2;940;05/06/2017
2017046643;3;1;1;3;5;770;06/06/2017
2017046644;1;1;1;2;2;770;06/06/2017
2017046645;1;1;1;1;3;940;06/06/2017
2017046646;1;1;1;2;2;940;06/06/2017
2017046647;1;1;1;2;6;940;06/06/2017
2017046648;1;1;1;1;7;770;07/06/2017
2017046649;1;1;1;1;6;940;07/06/2017
2017046650;1;1;1;1;6;940;07/06/2017
2017046651;3;1;1;1;5;770;07/06/2017
2017046652;1;1;1;1;2;940;08/06/2017
2017046653;1;1;1;1;2;930;08/06/2017
2017046654;1;1;1;1;4;940;08/06/2017
2017046655;1;1;1;1;2;940;08/06/2017
2017046656;1;1;1;1;3;940;08/06/2017
2017046657;2;1;1;2;2;940;09/06/2017
2017046658;1;1;1;1;4;770;09/06/2017
2017046659;1;1;1;1;3;940;09/06/2017
2017046660;1;1;1;1;3;940;09/06/2017
2017046661;1;1;1;1;6;770;10/06/2017
2017046662;2;1;1;1;2;770;10/06/2017
2017046663;1;1;1;1;4;940;11/06/2017
2017046664;1;1;1;1;6;940;11/06/2017
2017046665;1;1;1;1;3;940;11/06/2017
2017046666;1;1;1;1;3;770;12/06/2017
2017046667;1;1;1;1;3;940;12/06/2017
2017046668;1;1;1;1;2;940;12/06/2017
2017046669;1;1;1;1;2;770;12/06/2017
2017046670;1;1;1;1;5;940;12/06/2017
2017046671;1;1;1;1;2;750;13/06/2017
2017046672;1;1;1;1;2;940;13/06/2017
2017046673;1;1;1;1;6;770;13/06/2017
2017046674;1;1;1;1;3;940;13/06/2017
2017046675;1;1;1;1;2;940;14/06/2017
2017046676;1;1;1;1;2;940;14/06/2017
2017046677;1;1;1;1;6;940;15/06/2017
2017046678;1;1;1;1;6;940;15/06/2017
2017046679;1;1;1;1;3;940;15/06/2017
2017046680;1;1;1;1;3;930;15/06/2017
2017046681;1;1;1;1;4;770;15/06/2017
2017046682;2;1;1;1;6;770;15/06/2017
2017046683;3;1;1;1;6;770;16/06/2017
2017046684;2;1;1;1;2;770;16/06/2017
2017046685;1;1;1;1;2;940;17/06/2017
2017046686;1;1;1;1;4;940;18/06/2017
2017046687;1;1;1;1;2;750;19/06/2017
2017046688;1;1;1;1;3;940;19/06/2017
2017046689;1;1;1;1;2;940;19/06/2017
2017046690;2;1;1;1;6;940;19/06/2017
2017046691;2;1;1;1;3;930;20/06/2017
2017046692;1;1;1;1;5;770;20/06/2017
2017046693;1;1;1;1;4;940;21/06/2017
2017046694;1;1;1;1;6;940;23/06/2017
2017046695;1;1;1;1;2;940;23/06/2017
2017046696;1;1;1;1;4;940;23/06/2017
2017046697;1;1;1;1;3;770;26/06/2017
2017046698;1;1;1;1;4;940;26/06/2017
2017046699;1;1;1;1;6;770;28/06/2017
2017046700;1;1;1;1;2;940;28/06/2017
2017046701;1;1;1;2;2;930;28/06/2017
2017046702;1;1;1;3;4;770;28/06/2017
2017046703;1;1;1;1;2;940;29/06/2017
2017046704;1;1;1;3;2;770;30/06/2017
2017046705;1;1;1;1;4;770;01/07/2017
2017046706;1;1;1;1;2;940;01/07/2017
2017046707;1;1;1;1;6;940;03/07/2017
2017046708;1;1;1;1;2;940;03/07/2017
2017046709;1;1;1;1;2;770;03/07/2017
2017046710;1;1;1;1;4;940;03/07/2017
2017046711;1;1;1;1;2;770;04/07/2017
2017046712;1;1;1;1;4;770;04/07/2017
2017046713;1;1;1;1;2;770;06/07/2017
2017046714;1;1;1;1;2;750;06/07/2017
2017046715;1;1;1;1;2;940;09/07/2017
2017046716;1;1;1;1;1;940;09/07/2017
2017046717;1;1;1;3;6;940;10/07/2017
2017046718;1;1;1;2;2;940;10/07/2017
2017046719;1;1;1;3;2;940;10/07/2017
2017046720;1;1;1;1;2;940;12/07/2017
2017046721;1;1;1;3;6;770;12/07/2017
2017046722;1;1;1;1;3;770;13/07/2017
2017046723;1;1;1;1;3;770;13/07/2017
2017046724;1;1;1;1;2;940;13/07/2017
2017046725;5;1;1;1;6;940;14/07/2017
2017046726;1;1;1;1;6;770;16/07/2017
2017046727;1;1;1;1;4;940;17/07/2017
2017046728;1;1;1;1;1;940;17/07/2017
2017046729;1;1;1;1;2;940;17/07/2017
2017046730;3;1;1;1;6;770;18/07/2017
2017046731;1;1;1;1;5;940;18/07/2017
2017046732;1;1;1;1;4;940;20/07/2017
2017046733;1;1;1;1;2;750;22/07/2017
2017046734;1;1;1;1;6;770;24/07/2017
2017046735;1;1;1;2;5;770;24/07/2017
2017046736;1;1;4;1;6;770;25/07/2017
2017046737;5;1;1;1;6;940;26/07/2017
2017046738;1;1;1;1;3;940;26/07/2017
2017046739;1;1;1;1;3;940;26/07/2017
2017046740;1;1;1;2;6;940;26/07/2017
2017046741;1;1;1;2;4;770;26/07/2017
2017046742;1;1;4;2;4;770;27/07/2017
2017046743;1;1;1;1;6;940;27/07/2017
2017046744;1;1;1;1;3;940;28/07/2017
2017046745;3;1;1;1;2;770;29/07/2017
2017046746;3;1;1;1;5;940;29/07/2017
2017046747;1;1;1;1;6;940;31/07/2017
2017046748;1;1;1;1;5;770;31/07/2017
2017046749;5;1;1;3;6;750;31/07/2017
2017046750;1;1;1;1;2;940;01/08/2017
2017046751;1;1;1;1;7;940;02/08/2017
2017046752;1;1;1;1;7;770;02/08/2017
2017046753;1;1;1;1;2;770;03/08/2017
2017046754;4;1;1;1;4;940;04/08/2017
2017046755;1;1;1;1;3;940;04/08/2017
2017046756;5;1;1;2;2;940;05/08/2017
2017046757;1;1;1;1;6;770;05/08/2017
2017046758;1;1;1;3;2;770;08/08/2017
2017046759;1;1;1;2;6;770;08/08/2017
2017046760;1;1;1;1;3;770;08/08/2017
2017046761;1;1;1;1;4;940;08/08/2017
2017046762;4;1;1;2;6;940;10/08/2017
2017046763;3;1;1;2;6;940;10/08/2017
2017046764;2;1;1;1;7;940;11/08/2017
2017046765;3;1;1;2;2;770;13/08/2017
2017046766;1;1;1;8;2;750;15/08/2017
2017046767;1;1;1;2;6;770;15/08/2017
2017046768;1;1;1;1;6;770;16/08/2017
2017046769;1;1;1;1;2;940;16/08/2017
2017046770;2;1;1;1;4;770;16/08/2017
2017046771;5;1;1;1;3;750;16/08/2017
2017046772;3;1;1;1;6;770;18/08/2017
2017046773;5;1;1;1;6;940;19/08/2017
2017046774;1;1;1;1;2;940;23/08/2017
2017046775;1;1;1;2;6;770;27/08/2017
2017046776;1;1;1;1;2;770;28/08/2017
2017046777;1;1;1;1;6;940;28/08/2017
2017046778;5;1;1;1;2;940;30/08/2017
2017046779;1;1;1;1;4;770;30/08/2017
2017046780;2;1;1;2;7;750;31/08/2017
2017046781;1;1;1;1;2;940;31/08/2017
2017046782;1;1;1;1;2;770;31/08/2017
2017046783;1;1;1;1;2;940;31/08/2017
2017046784;1;1;1;1;2;940;01/09/2017
2017046785;1;1;1;1;2;770;03/09/2017
2017046786;1;1;1;1;4;770;04/09/2017
2017046787;1;1;1;1;3;770;05/09/2017
2017046788;1;1;1;1;5;940;06/09/2017
2017046789;1;1;1;1;2;770;06/09/2017
2017046790;1;1;1;1;4;940;06/09/2017
2017046791;1;1;1;1;3;940;07/09/2017
2017046792;3;1;1;1;6;770;07/09/2017
2017046793;1;1;1;1;3;750;08/09/2017
2017046794;1;1;1;1;2;770;08/09/2017
2017046795;1;1;1;2;4;770;08/09/2017
2017046796;3;1;1;3;2;940;09/09/2017
2017046797;3;1;1;2;7;770;09/09/2017
2017046798;1;1;1;8;4;940;09/09/2017
2017046799;1;1;1;1;4;770;09/09/2017
2017046800;1;1;1;1;3;770;10/09/2017
2017046801;4;1;1;1;3;940;11/09/2017
2017046802;2;1;1;1;6;770;11/09/2017
2017046803;1;1;1;1;3;940;11/09/2017
2017046804;5;1;1;1;7;940;12/09/2017
2017046805;3;1;1;1;5;940;12/09/2017
2017046806;1;1;1;1;4;940;14/09/2017
2017046807;1;1;1;2;6;940;14/09/2017
2017046808;1;1;1;2;7;770;14/09/2017
2017046809;3;1;1;1;6;930;14/09/2017
2017046810;1;1;1;1;3;770;15/09/2017
2017046811;1;1;1;1;2;770;15/09/2017
2017046812;1;1;1;1;4;770;15/09/2017
2017046813;1;1;1;1;7;940;15/09/2017
2017046814;1;1;1;1;2;770;15/09/2017
2017046815;3;1;1;1;6;770;15/09/2017
2017046816;1;1;1;1;3;940;16/09/2017
2017046817;1;1;1;1;2;770;16/09/2017
2017046818;1;1;9;1;6;770;17/09/2017
2017046819;1;1;1;2;2;770;17/09/2017
2017046820;1;1;1;1;2;940;18/09/2017
2017046821;3;1;1;2;7;770;19/09/2017
2017046822;1;1;1;2;6;940;19/09/2017
2017046823;1;1;1;2;7;750;19/09/2017
2017046824;1;1;1;2;7;940;19/09/2017
2017046825;1;1;1;2;3;750;19/09/2017
2017046826;4;1;1;1;6;770;20/09/2017
2017046827;1;1;1;1;7;770;20/09/2017
2017046828;1;1;1;1;7;940;21/09/2017
2017046829;1;1;1;1;2;940;21/09/2017
2017046830;1;1;1;1;6;940;22/09/2017
2017046831;1;1;1;1;2;750;22/09/2017
2017046832;1;1;1;1;2;940;22/09/2017
2017046833;1;1;1;1;6;940;22/09/2017
2017046834;1;1;1;1;5;940;23/09/2017
2017046835;3;1;1;1;4;770;24/09/2017
2017046836;2;1;1;1;6;770;24/09/2017
2017046837;1;1;1;1;2;940;24/09/2017
2017046838;2;1;1;1;2;940;25/09/2017
2017046839;1;1;1;1;3;940;25/09/2017
2017046840;1;1;1;2;3;940;26/09/2017
2017046841;2;1;1;5;2;770;27/09/2017
2017046842;1;1;1;1;5;930;27/09/2017
2017046843;1;1;1;1;4;770;27/09/2017
2017046844;2;1;1;1;4;940;28/09/2017
2017046845;1;1;1;1;4;770;28/09/2017
2017046846;1;1;1;1;2;940;29/09/2017
2017046847;1;1;1;1;4;770;30/09/2017