num_acc;lum;agg;inter;atm;col;dep;date
2017049157;3;1;1;1;6;940;14/04/2017
2017049158;1;1;1;1;6;910;15/04/2017
2017049159;1;1;1;1;4;910;17/04/2017
2017049160;1;1;1;1;6;770;18/04/2017
2017049161;1;1;1;1;4;910;18/04/2017
2017049162;3;1;1;1;2;910;16/04/2017
2017049163;1;1;1;1;3;940;19/04/2017
2017049164;1;1;1;1;4;910;19/04/2017
2017049165;1;1;1;1;4;910;19/04/2017
2017049166;1;1;1;1;4;910;19/04/2017
2017049167;1;1;1;1;4;910;21/04/2017
2017049168;1;1;1;1;2;910;21/04/2017
2017049169;1;1;1;1;2;920;21/04/2017
2017049170;1;1;1;1;5;910;22/04/2017
2017049171;1;1;1;1;2;910;22/04/2017
2017049172;1;1;1;1;3;940;23/04/2017
2017049173;1;1;1;1;2;910;23/04/2017
2017049174;1;1;1;1;4;910;24/04/2017
2017049175;1;1;1;1;2;940;24/04/2017
2017049176;1;1;1;1;2;770;24/04/2017
2017049177;1;1;1;1;3;910;24/04/2017
2017049178;1;1;1;1;2;940;24/04/2017
2017049179;3;1;1;1;4;910;24/04/2017
2017049180;1;1;1;1;5;910;25/04/2017
2017049181;1;1;1;1;1;910;25/04/2017
2017049182;1;1;1;1;7;940;26/04/2017
2017049183;1;1;1;2;4;910;26/04/2017
2017049184;1;1;1;2;3;940;26/04/2017
2017049185;3;1;1;2;7;910;26/04/2017
2017049186;1;1;1;1;2;910;27/04/2017
2017049187;1;1;1;2;7;910;28/04/2017
2017049188;1;1;1;1;3;910;28/04/2017
2017049189;3;1;1;1;7;920;28/04/2017
2017049190;3;1;1;1;6;770;30/04/2017
2017049191;1;1;1;1;7;910;01/05/2017
2017049192;1;1;1;1;6;910;02/05/2017
2017049193;1;1;1;1;4;910;02/05/2017
2017049194;1;1;1;2;2;910;03/05/2017
2017049195;1;1;1;2;3;940;03/05/2017
2017049196;1;1;1;2;6;920;03/05/2017
2017049197;3;1;1;2;7;910;03/05/2017
2017049198;3;1;1;1;2;770;05/05/2017
2017049199;1;1;1;1;4;940;05/05/2017
2017049200;1;1;1;1;4;910;09/05/2017
2017049201;1;1;1;1;3;910;09/05/2017
2017049202;1;1;1;1;3;910;09/05/2017
2017049203;1;1;1;1;4;910;09/05/2017
2017049204;1;1;1;1;3;940;10/05/2017
2017049205;3;1;1;1;7;910;09/05/2017
2017049206;3;1;1;1;6;910;09/05/2017
2017049207;1;1;1;1;2;910;10/05/2017
2017049208;1;1;1;1;3;910;10/05/2017
2017049209;1;1;1;1;5;940;10/05/2017
2017049210;1;1;1;1;3;910;12/05/2017
2017049211;2;1;1;2;3;910;12/05/2017
2017049212;3;1;1;1;4;910;14/05/2017
2017049213;3;1;1;1;7;910;14/05/2017
2017049214;1;1;1;1;7;910;14/05/2017
2017049215;1;1;1;2;3;940;14/05/2017
2017049216;1;1;1;1;6;940;15/05/2017
2017049217;1;1;1;1;5;910;15/05/2017
2017049218;1;1;1;1;6;910;16/05/2017
2017049219;1;1;1;1;3;920;16/05/2017
2017049220;1;1;1;1;4;910;16/05/2017
2017049221;2;1;1;1;5;910;15/05/2017
2017049222;1;1;1;1;4;940;16/05/2017
2017049223;1;1;1;1;2;910;17/05/2017
2017049224;1;1;1;1;6;910;17/05/2017
2017049225;1;1;1;1;3;910;17/05/2017
2017049226;1;1;1;1;3;910;17/05/2017
2017049227;2;1;1;1;3;910;18/05/2017
2017049228;1;1;1;1;2;910;18/05/2017
2017049229;1;1;1;8;6;910;18/05/2017
2017049230;3;1;1;1;2;910;19/05/2017
2017049231;1;1;1;1;3;910;19/05/2017
2017049232;1;1;1;1;4;910;19/05/2017
2017049233;1;1;1;1;4;940;20/05/2017
2017049234;2;1;1;1;6;910;21/05/2017
2017049235;1;1;1;1;2;910;22/05/2017
2017049236;1;1;1;1;4;910;22/05/2017
2017049237;1;1;1;1;3;910;23/05/2017
2017049238;1;1;1;1;3;940;23/05/2017
2017049239;5;1;1;1;2;940;24/05/2017
2017049240;1;1;1;1;4;910;24/05/2017
2017049241;1;1;1;1;7;910;24/05/2017
2017049242;1;1;1;1;7;910;25/05/2017
2017049243;1;1;1;1;7;910;26/05/2017
2017049244;1;1;1;1;4;910;26/05/2017
2017049245;2;1;1;1;6;910;26/05/2017
2017049246;2;1;1;2;6;910;28/05/2017
2017049247;1;1;1;8;4;920;28/05/2017
2017049248;1;1;1;1;3;910;30/05/2017
2017049249;1;1;1;1;2;910;30/05/2017
2017049250;5;1;1;1;3;910;30/05/2017
2017049251;1;1;1;1;4;910;31/05/2017
2017049252;1;1;1;1;4;910;01/06/2017
2017049253;1;1;1;1;7;910;01/06/2017
2017049254;1;1;1;2;2;910;02/06/2017
2017049255;3;1;1;1;7;910;02/06/2017
2017049256;3;1;1;8;6;910;02/06/2017
2017049257;3;1;1;8;6;910;02/06/2017
2017049258;2;1;1;1;6;910;03/06/2017
2017049259;1;1;1;1;6;910;05/06/2017
2017049260;3;1;1;3;6;910;06/06/2017
2017049261;1;1;1;1;6;910;06/06/2017
2017049262;1;1;1;1;5;920;06/06/2017
2017049263;1;1;1;1;2;940;06/06/2017
2017049264;1;1;1;1;3;940;06/06/2017
2017049265;2;1;1;1;6;910;07/06/2017
2017049266;1;1;1;1;2;910;07/06/2017
2017049267;1;1;1;1;4;910;07/06/2017
2017049268;3;1;1;1;5;910;07/06/2017
2017049269;1;1;1;1;4;910;08/06/2017
2017049270;1;1;1;1;4;940;08/06/2017
2017049271;1;1;1;1;3;910;08/06/2017
2017049272;1;1;1;1;3;910;08/06/2017
2017049273;1;1;1;1;5;910;09/06/2017
2017049274;1;1;1;1;2;920;09/06/2017
2017049275;1;1;1;1;7;940;09/06/2017
2017049276;1;1;1;1;2;910;09/06/2017
2017049277;1;1;1;1;4;910;10/06/2017
2017049278;1;1;1;1;2;910;12/06/2017
2017049279;3;1;1;1;5;940;10/06/2017
2017049280;1;1;1;1;5;770;12/06/2017
2017049281;1;1;1;1;2;910;12/06/2017
2017049282;3;1;1;1;3;910;14/06/2017
2017049283;3;1;1;1;2;920;14/06/2017
2017049284;1;1;1;1;3;940;15/06/2017
2017049285;1;1;1;1;2;910;15/06/2017
2017049286;1;1;1;1;2;910;15/06/2017
2017049287;1;1;1;1;3;940;15/06/2017
2017049288;1;1;1;1;3;910;16/06/2017
2017049289;1;1;1;1;3;910;16/06/2017
2017049290;1;1;1;1;4;910;16/06/2017
2017049291;3;1;1;1;3;910;16/06/2017
2017049292;3;1;1;1;6;910;17/06/2017
2017049293;1;1;1;1;7;940;17/06/2017
2017049294;2;1;1;1;6;910;17/06/2017
2017049295;1;1;1;1;6;910;17/06/2017
2017049296;1;1;1;1;4;910;18/06/2017
2017049297;1;1;1;1;3;910;18/06/2017
2017049298;2;1;1;1;2;940;19/06/2017
2017049299;1;1;1;1;2;910;19/06/2017
2017049300;1;1;1;1;5;910;19/06/2017
2017049301;1;1;1;1;6;910;19/06/2017
2017049302;1;1;1;1;2;940;19/06/2017
2017049303;1;1;1;1;3;910;19/06/2017
2017049304;1;1;1;1;4;910;19/06/2017
2017049305;1;1;1;1;3;910;20/06/2017
2017049306;1;1;1;1;7;910;20/06/2017
2017049307;1;1;1;1;2;940;20/06/2017
2017049308;1;1;1;1;3;910;21/06/2017
2017049309;1;1;1;1;3;910;22/06/2017
2017049310;1;1;1;1;2;910;22/06/2017
2017049311;1;1;1;1;5;910;22/06/2017
2017049312;1;1;1;1;6;910;22/06/2017
2017049313;3;1;1;1;2;910;23/06/2017
2017049314;1;1;1;1;3;910;23/06/2017
2017049315;1;1;1;1;2;910;24/06/2017
2017049316;2;1;1;1;2;910;24/06/2017
2017049317;1;1;1;1;2;910;25/06/2017
2017049318;1;1;1;1;2;910;25/06/2017
2017049319;3;1;1;1;3;910;25/06/2017
2017049320;1;1;1;1;5;920;26/06/2017
2017049321;1;1;1;1;2;940;27/06/2017
2017049322;1;1;1;2;5;910;27/06/2017
2017049323;1;2;1;2;6;910;27/06/2017
2017049324;1;1;1;8;3;910;27/06/2017
2017049325;1;1;1;1;6;910;27/06/2017
2017049326;1;1;1;1;3;910;28/06/2017
2017049327;1;1;1;1;4;910;28/06/2017
2017049328;1;1;1;1;3;910;28/06/2017
2017049329;1;1;1;2;7;910;28/06/2017
2017049330;1;1;1;8;4;910;28/06/2017
2017049331;1;1;1;1;4;940;28/06/2017
2017049332;5;1;1;2;6;940;29/06/2017
2017049333;1;1;1;1;5;910;29/06/2017
2017049334;1;1;1;8;5;910;29/06/2017
2017049335;1;1;1;2;3;910;29/06/2017
2017049336;1;1;1;8;2;940;30/06/2017
2017049337;1;1;1;2;2;770;30/06/2017
2017049338;1;1;1;1;4;910;30/06/2017
2017049339;1;1;1;2;2;910;01/07/2017
2017049340;1;1;1;2;6;910;02/07/2017
2017049341;1;1;1;1;2;940;02/07/2017
2017049342;1;1;1;1;6;910;03/07/2017
2017049343;1;1;1;1;2;910;04/07/2017
2017049344;1;1;1;1;3;910;04/07/2017
2017049345;1;1;1;1;3;910;05/07/2017
2017049346;1;1;1;1;7;910;05/07/2017
2017049347;1;1;1;1;2;910;05/07/2017
2017049348;3;1;1;1;2;910;06/07/2017
2017049349;1;1;1;1;5;940;07/07/2017
2017049350;1;1;1;1;2;940;07/07/2017
2017049351;1;1;1;1;2;910;08/07/2017
2017049352;2;1;1;3;6;910;09/07/2017
2017049353;1;1;1;2;7;910;10/07/2017
2017049354;3;1;1;2;4;910;11/07/2017
2017049355;1;1;1;1;4;910;11/07/2017
2017049356;1;1;1;2;2;910;12/07/2017
2017049357;1;1;1;2;5;910;12/07/2017
2017049358;1;1;1;1;3;910;12/07/2017
2017049359;1;1;1;1;3;910;13/07/2017
2017049360;1;1;1;1;7;910;13/07/2017
2017049361;1;1;1;1;4;910;16/07/2017
2017049362;2;1;1;1;2;940;16/07/2017
2017049363;1;1;1;1;2;910;17/07/2017
2017049364;1;1;1;1;2;910;18/07/2017
2017049365;3;1;1;1;6;910;19/07/2017
2017049366;1;1;1;1;3;940;19/07/2017
2017049367;1;1;1;1;5;920;19/07/2017
2017049368;1;1;1;1;3;940;20/07/2017
2017049369;1;1;1;1;2;910;20/07/2017
2017049370;1;1;1;1;4;910;21/07/2017
2017049371;3;1;1;1;6;910;22/07/2017
2017049372;1;1;1;2;5;910;23/07/2017
2017049373;1;1;1;1;2;910;25/07/2017
2017049374;1;1;1;1;7;910;26/07/2017
2017049375;2;1;1;8;6;910;26/07/2017
2017049376;3;1;1;1;1;910;28/07/2017
2017049377;1;1;1;1;2;940;28/07/2017
2017049378;1;1;1;1;2;910;29/07/2017
2017049379;3;1;1;2;6;910;31/07/2017
2017049380;1;1;1;1;2;940;02/08/2017
2017049381;1;1;1;1;7;940;03/08/2017
2017049382;3;1;1;1;3;920;04/08/2017
2017049383;3;1;1;1;7;910;06/08/2017
2017049384;1;1;1;2;7;910;08/08/2017
2017049385;1;1;1;3;2;910;09/08/2017
2017049386;1;1;1;8;1;910;09/08/2017
2017049387;3;1;1;1;6;940;10/08/2017
2017049388;1;1;1;1;3;910;10/08/2017
2017049389;1;1;1;3;6;910;10/08/2017
2017049390;1;1;1;2;7;910;10/08/2017
2017049391;1;1;1;8;4;910;10/08/2017
2017049392;1;1;1;2;7;920;10/08/2017
2017049393;1;1;1;2;3;940;10/08/2017
2017049394;3;1;1;1;5;910;10/08/2017
2017049395;1;1;1;1;5;910;11/08/2017
2017049396;1;1;1;1;3;910;11/08/2017
2017049397;3;1;1;1;6;910;11/08/2017
2017049398;1;1;1;2;6;910;12/08/2017
2017049399;1;1;1;2;3;910;12/08/2017
2017049400;1;1;1;1;6;910;12/08/2017
2017049401;3;1;1;1;6;920;13/08/2017
2017049402;1;1;1;1;6;910;13/08/2017
2017049403;2;1;1;2;2;910;15/08/2017
2017049404;1;1;1;1;2;910;16/08/2017
2017049405;1;1;1;1;5;910;16/08/2017
2017049406;1;1;1;3;6;910;17/08/2017
2017049407;1;1;1;3;2;910;18/08/2017
2017049408;3;1;1;8;6;940;18/08/2017
2017049409;3;1;1;1;6;910;18/08/2017
2017049410;3;1;1;2;6;770;19/08/2017
2017049411;3;1;1;1;7;910;20/08/2017
2017049412;1;1;1;1;6;910;20/08/2017
2017049413;1;1;1;1;2;910;22/08/2017
2017049414;1;1;1;1;2;910;22/08/2017
2017049415;1;1;1;1;6;910;22/08/2017
2017049416;1;1;1;1;3;910;23/08/2017
2017049417;3;1;1;1;6;910;23/08/2017
2017049418;1;1;1;3;2;940;25/08/2017
2017049419;1;1;1;1;6;910;27/08/2017
2017049420;1;1;1;1;4;910;27/08/2017
2017049421;3;1;1;1;2;910;26/08/2017
2017049422;1;1;1;1;3;910;28/08/2017
2017049423;1;1;1;1;5;770;28/08/2017
2017049424;2;1;1;2;4;910;30/08/2017
2017049425;1;1;1;1;2;910;31/08/2017
2017049426;1;1;1;1;4;910;01/09/2017
2017049427;1;1;1;1;3;910;01/09/2017
2017049428;1;1;1;2;5;910;02/09/2017
2017049429;1;1;1;2;6;910;02/09/2017
2017049430;5;1;1;1;7;940;02/09/2017
2017049431;1;1;1;1;6;910;03/09/2017
2017049432;1;1;1;1;2;910;05/09/2017
2017049433;1;1;1;1;5;910;05/09/2017
2017049434;1;1;1;1;5;910;05/09/2017
2017049435;1;1;1;1;4;910;06/09/2017
2017049436;1;1;1;1;2;910;07/09/2017
2017049437;1;1;1;2;4;910;08/09/2017
2017049438;1;1;1;2;2;940;08/09/2017
2017049439;1;1;1;3;4;910;09/09/2017
2017049440;1;1;1;2;4;910;09/09/2017
2017049441;3;1;1;1;4;940;06/09/2017
2017049442;2;1;1;1;6;910;10/09/2017
2017049443;1;1;1;2;4;910;11/09/2017
2017049444;1;1;1;1;4;910;11/09/2017
2017049445;1;1;1;1;6;910;11/09/2017
2017049446;1;1;1;2;2;910;13/09/2017
2017049447;1;1;1;3;7;920;13/09/2017
2017049448;2;1;1;3;2;910;13/09/2017
2017049449;1;1;1;3;2;910;13/09/2017
2017049450;2;1;1;3;2;940;13/09/2017
2017049451;3;1;1;3;6;940;13/09/2017
2017049452;3;1;1;3;5;910;13/09/2017
2017049453;1;1;1;2;3;910;14/09/2017
2017049454;1;1;1;1;6;910;14/09/2017
2017049455;1;1;1;1;3;910;14/09/2017
2017049456;1;1;1;1;5;910;14/09/2017
2017049457;1;1;1;2;4;940;14/09/2017
2017049458;1;1;1;8;2;940;14/09/2017
2017049459;3;1;1;2;3;910;14/09/2017
2017049460;1;1;1;1;3;910;15/09/2017
2017049461;1;1;1;2;7;910;17/09/2017
2017049462;3;1;1;5;6;910;18/09/2017
2017049463;2;1;1;1;6;910;17/09/2017
2017049464;3;1;1;1;7;910;19/09/2017
2017049465;1;1;1;2;3;940;19/09/2017
2017049466;1;1;1;2;2;910;19/09/2017
2017049467;1;1;1;2;2;910;19/09/2017
2017049468;2;1;1;1;4;910;18/09/2017
2017049469;1;1;1;1;3;910;20/09/2017
2017049470;1;1;1;1;2;920;21/09/2017
2017049471;1;1;1;1;5;910;21/09/2017
2017049472;1;1;1;1;4;910;22/09/2017
2017049473;1;1;1;1;5;940;22/09/2017
2017049474;3;1;1;1;3;910;22/09/2017
2017049475;3;1;1;1;2;940;23/09/2017
2017049476;3;1;1;1;2;910;24/09/2017
2017049477;1;1;1;1;2;910;24/09/2017
2017049478;1;1;1;1;2;910;24/09/2017
2017049479;1;1;1;1;5;910;24/09/2017
2017049480;1;1;1;1;2;910;24/09/2017
2017049481;3;1;1;1;3;910;24/09/2017
2017049482;3;1;1;1;3;910;24/09/2017
2017049483;5;1;1;1;3;940;25/09/2017
2017049484;1;1;1;2;2;940;26/09/2017
2017049485;2;1;1;2;3;910;26/09/2017
2017049486;1;1;1;1;5;910;26/09/2017
2017049487;1;1;1;1;7;770;26/09/2017
2017049488;1;1;1;1;2;910;27/09/2017
2017049489;1;1;1;1;5;910;27/09/2017
2017049490;3;1;1;1;4;910;28/09/2017
2017049491;1;1;1;2;3;910;28/09/2017
2017049492;1;1;1;1;5;940;28/09/2017
2017049493;1;1;1;1;2;910;29/09/2017
2017049494;5;1;1;2;2;910;29/09/2017
2017049495;3;1;1;2;7;910;29/09/2017
2017049496;3;1;1;1;3;910;01/10/2017
2017049497;1;1;1;1;3;910;02/10/2017
2017049498;2;1;1;1;3;910;03/10/2017
2017049499;1;1;1;1;5;910;03/10/2017
2017049500;1;1;1;1;5;910;04/10/2017
2017049501;1;1;1;1;3;910;04/10/2017
2017049502;1;1;1;1;5;910;04/10/2017
2017049503;1;1;1;1;5;910;04/10/2017
2017049504;1;1;1;1;5;910;04/10/2017
2017049505;1;1;1;1;2;910;05/10/2017
2017049506;3;1;1;1;2;920;05/10/2017
2017049507;1;1;1;1;3;910;06/10/2017
2017049508;1;1;1;1;2;910;06/10/2017
2017049509;1;1;1;1;2;910;06/10/2017
2017049510;1;1;1;1;4;910;06/10/2017
2017049511;1;1;1;1;6;910;07/10/2017
2017049512;1;1;1;1;7;910;07/10/2017
2017049513;3;1;1;1;6;910;08/10/2017
2017049514;2;1;1;1;6;770;08/10/2017
2017049515;1;1;1;1;3;940;10/10/2017
2017049516;1;1;1;1;3;910;10/10/2017
2017049517;2;1;1;1;3;940;11/10/2017
2017049518;1;1;1;1;5;940;12/10/2017
2017049519;1;1;1;1;2;910;12/10/2017
2017049520;1;1;1;1;2;910;12/10/2017
2017049521;2;1;1;1;3;940;12/10/2017
2017049522;1;1;1;1;6;910;13/10/2017
2017049523;1;1;1;1;4;940;13/10/2017
2017049524;1;1;1;1;4;940;13/10/2017
2017049525;1;1;1;1;2;910;13/10/2017
2017049526;5;1;1;1;6;940;14/10/2017
2017049527;1;1;1;1;4;910;14/10/2017
2017049528;1;1;1;1;2;910;15/10/2017
2017049529;1;1;1;1;4;910;15/10/2017
2017049530;1;1;1;1;5;910;08/06/2017
2017049531;1;1;1;1;2;910;16/10/2017
2017049532;1;1;1;1;2;910;16/10/2017
2017049533;1;1;1;1;5;910;17/10/2017
2017049534;5;1;1;1;6;910;17/10/2017
2017049535;2;1;1;1;7;910;18/10/2017
2017049536;1;1;1;1;7;920;18/10/2017
2017049537;1;1;1;1;5;940;18/10/2017
2017049538;3;1;1;1;2;910;19/10/2017
2017049539;1;1;1;1;2;910;19/10/2017
2017049540;2;1;1;1;4;910;19/10/2017
2017049541;1;1;1;1;2;910;20/10/2017
2017049542;1;1;1;1;3;920;20/10/2017
2017049543;3;1;1;1;2;910;20/10/2017
2017049544;1;1;1;1;4;920;21/10/2017
2017049545;1;1;1;2;6;910;22/10/2017
2017049546;3;1;1;2;4;910;22/10/2017
2017049547;2;1;1;2;3;940;23/10/2017
2017049548;1;1;1;8;6;910;24/10/2017
2017049549;1;1;1;1;4;910;24/10/2017
2017049550;2;1;1;2;5;940;25/10/2017
2017049551;1;1;1;1;3;920;25/10/2017
2017049552;2;1;1;1;2;940;25/10/2017
2017049553;1;1;1;1;6;910;27/10/2017
2017049554;1;1;1;8;2;770;27/10/2017
2017049555;1;1;1;7;7;940;27/10/2017
2017049556;1;1;1;1;4;910;27/10/2017
2017049557;2;1;1;1;5;910;27/10/2017
2017049558;4;1;1;1;7;920;27/10/2017
2017049559;1;1;1;2;6;910;29/10/2017
2017049560;2;1;1;1;2;940;29/10/2017
2017049561;1;1;1;1;4;910;30/10/2017
2017049562;1;1;1;1;5;910;31/10/2017
2017049563;5;1;1;1;4;940;01/11/2017
2017049564;3;1;1;1;5;910;01/11/2017
2017049565;1;1;1;1;4;940;02/11/2017
2017049566;3;1;1;1;4;910;02/11/2017
2017049567;3;1;1;1;6;910;02/11/2017
2017049568;3;1;1;1;5;920;03/11/2017
2017049569;2;1;1;2;4;910;05/11/2017
2017049570;5;1;1;1;2;940;05/11/2017
2017049571;1;1;1;1;3;940;06/11/2017
2017049572;5;1;1;1;4;940;06/11/2017
2017049573;3;1;1;1;2;910;07/11/2017
2017049574;1;1;1;1;4;910;07/11/2017
2017049575;1;1;1;1;2;910;07/11/2017
2017049576;1;1;1;1;2;910;08/11/2017
2017049577;1;1;1;1;2;910;08/11/2017
2017049578;3;1;1;1;6;910;08/11/2017
2017049579;1;1;1;8;3;910;09/11/2017
2017049580;5;1;1;1;4;910;09/11/2017
2017049581;3;1;1;2;6;920;11/11/2017
2017049582;3;1;1;2;6;910;11/11/2017
2017049583;1;1;1;3;6;910;12/11/2017
2017049584;1;1;1;3;3;910;12/11/2017
2017049585;1;1;1;2;6;910;12/11/2017
2017049586;1;1;1;3;7;910;12/11/2017
2017049587;1;1;1;2;6;940;12/11/2017
2017049588;3;1;1;1;4;910;13/11/2017
2017049589;1;1;1;1;4;910;14/11/2017
2017049590;1;1;1;1;5;920;14/11/2017
2017049591;1;1;1;1;2;910;14/11/2017
2017049592;1;1;1;1;6;910;15/11/2017
2017049593;2;1;1;1;2;910;15/11/2017
2017049594;5;1;1;1;3;910;15/11/2017
2017049595;3;1;1;1;2;770;16/11/2017
2017049596;3;1;1;1;2;910;16/11/2017
2017049597;2;1;1;1;3;910;16/11/2017
2017049598;4;1;1;1;2;910;16/11/2017
2017049599;2;1;1;1;3;910;17/11/2017
2017049600;3;1;1;1;4;910;18/11/2017
2017049601;1;1;1;1;3;910;18/11/2017
2017049602;1;1;1;1;6;910;19/11/2017
2017049603;3;1;1;1;2;910;20/11/2017
2017049604;3;1;1;1;2;910;20/11/2017
2017049605;2;1;1;1;4;940;21/11/2017
2017049606;1;1;1;1;2;910;21/11/2017
2017049607;1;1;1;1;3;940;21/11/2017
2017049608;1;1;1;8;2;910;21/11/2017
2017049609;3;1;1;1;2;910;21/11/2017
2017049610;1;1;1;1;2;910;22/11/2017
2017049611;3;1;1;1;6;910;22/11/2017
2017049612;3;1;1;2;7;910;23/11/2017
2017049613;5;1;1;2;6;940;24/11/2017
2017049614;2;1;1;2;5;910;24/11/2017
2017049615;1;1;1;2;4;910;24/11/2017
2017049616;1;1;1;2;2;910;24/11/2017
2017049617;1;1;1;2;3;910;24/11/2017
2017049618;3;1;1;1;3;910;24/11/2017
2017049619;3;1;1;8;2;910;24/11/2017
2017049620;3;1;1;1;2;910;25/11/2017
2017049621;3;1;1;1;6;910;26/11/2017
2017049622;1;1;1;1;6;910;26/11/2017
2017049623;1;1;1;1;3;940;26/11/2017
2017049624;3;1;1;1;7;910;25/11/2017
2017049625;2;1;1;2;3;910;27/11/2017
2017049626;3;1;1;2;2;910;27/11/2017
2017049627;3;1;1;3;6;910;27/11/2017
2017049628;3;1;1;1;2;910;28/11/2017
2017049629;3;1;1;1;4;910;28/11/2017
2017049630;3;1;1;1;5;910;28/11/2017
2017049631;1;1;1;1;2;910;29/11/2017
2017049632;1;1;1;2;1;910;29/11/2017
2017049633;5;1;1;1;7;940;29/11/2017
2017049634;5;1;1;1;5;940;29/11/2017
2017049635;1;1;1;1;5;920;30/11/2017
2017049636;3;1;1;2;4;910;30/11/2017
2017049637;1;1;1;1;4;940;01/12/2017
2017049638;2;1;1;1;3;910;01/12/2017
2017049639;3;1;1;1;4;910;01/12/2017
2017049640;3;1;1;8;2;910;01/12/2017
2017049641;3;1;1;1;4;910;02/12/2017
2017049642;1;1;1;2;6;940;03/12/2017
2017049643;3;1;1;2;4;910;02/12/2017
2017049644;3;1;1;2;2;910;02/12/2017
2017049645;3;1;1;1;2;910;03/12/2017
2017049646;5;1;1;2;6;910;03/12/2017
2017049647;2;1;1;8;4;910;04/12/2017
2017049648;5;1;1;8;4;940;04/12/2017
2017049649;3;1;1;1;7;940;04/12/2017
2017049650;1;1;1;8;3;910;05/12/2017
2017049651;5;1;1;1;6;910;05/12/2017
2017049652;2;1;1;1;7;940;06/12/2017
2017049653;1;1;1;8;7;910;06/12/2017
2017049654;1;1;1;1;7;910;06/12/2017
2017049655;1;1;1;1;6;910;06/12/2017
2017049656;1;1;1;1;2;910;07/12/2017
2017049657;1;1;1;3;2;910;07/12/2017
2017049658;5;1;1;2;3;940;07/12/2017
2017049659;3;1;1;8;2;910;08/12/2017
2017049660;1;1;1;2;2;910;08/12/2017
2017049661;3;1;1;4;1;910;08/12/2017
2017049662;3;1;1;2;1;770;10/12/2017
2017049663;2;1;1;3;2;940;10/12/2017
2017049664;3;1;1;2;2;910;10/12/2017
2017049665;2;1;1;2;4;910;10/12/2017
2017049666;3;1;1;2;7;910;10/12/2017
2017049667;3;1;1;2;5;910;11/12/2017
2017049668;1;1;1;2;4;920;11/12/2017
2017049669;1;1;1;2;3;940;11/12/2017
2017049670;3;1;1;9;6;910;12/12/2017
2017049671;1;1;1;1;4;910;12/12/2017
2017049672;1;1;1;1;3;910;12/12/2017
2017049673;2;1;1;1;4;910;12/12/2017
2017049674;1;1;1;3;3;910;13/12/2017
2017049675;1;1;1;2;6;910;13/12/2017
2017049676;1;1;1;2;6;940;13/12/2017
2017049677;1;1;1;2;4;910;13/12/2017
2017049678;5;1;1;3;4;920;13/12/2017
2017049679;3;1;1;8;2;910;14/12/2017
2017049680;1;1;1;1;5;910;15/12/2017
2017049681;1;1;1;1;2;940;15/12/2017
2017049682;1;1;1;1;3;910;15/12/2017
2017049683;2;1;1;3;2;910;15/12/2017
2017049684;3;1;1;1;6;910;17/12/2017
2017049685;1;1;1;8;1;910;17/12/2017
2017049686;1;1;1;1;2;910;17/12/2017
2017049687;1;1;1;1;2;910;18/12/2017
2017049688;1;1;1;1;5;910;18/12/2017
2017049689;1;1;1;1;2;940;18/12/2017
2017049690;2;1;1;1;4;910;18/12/2017
2017049691;2;1;1;1;2;910;18/12/2017
2017049692;2;1;1;1;4;910;18/12/2017
2017049693;5;1;1;1;3;940;19/12/2017
2017049694;1;1;1;8;3;910;19/12/2017
2017049695;1;1;1;8;2;910;19/12/2017
2017049696;1;1;1;1;2;910;20/12/2017
2017049697;2;1;1;2;3;940;21/12/2017
2017049698;5;1;1;2;4;910;21/12/2017
2017049699;3;1;1;8;4;910;22/12/2017
2017049700;3;1;1;8;2;910;22/12/2017
2017049701;1;1;1;2;2;940;22/12/2017
2017049702;1;1;1;2;4;910;22/12/2017
2017049703;3;1;1;2;3;910;22/12/2017
2017049704;3;1;1;8;3;940;24/12/2017
2017049705;3;1;1;8;6;910;26/12/2017
2017049706;1;1;1;1;1;910;26/12/2017
2017049707;1;1;1;1;7;910;26/12/2017
2017049708;1;1;1;1;3;910;26/12/2017
2017049709;1;1;1;2;7;910;26/12/2017
2017049710;3;1;1;1;6;910;27/12/2017
2017049711;1;1;1;1;7;940;28/12/2017
2017049712;1;1;1;1;2;940;28/12/2017
2017049713;3;1;1;1;3;910;28/12/2017
2017049714;1;1;1;2;4;910;29/12/2017
2017049715;1;1;1;3;6;910;29/12/2017
2017049716;3;1;1;2;6;910;30/12/2017
2017049717;3;1;1;2;3;940;30/12/2017
2017049718;2;1;1;2;3;910;30/12/2017
2017049719;3;1;1;1;2;910;31/12/2017
2017049720;1;1;1;1;7;910;31/12/2017
2017049721;1;1;1;1;7;940;31/12/2017
2017049722;1;1;1;2;6;910;30/12/2017
2017049723;3;1;1;2;2;910;31/12/2017
2017049724;1;2;1;1;6;202;04/01/2017
2017049725;1;2;1;1;6;202;04/01/2017
2017049726;1;2;2;1;3;202;06/01/2017
2017049727;1;2;2;1;6;202;09/01/2017
2017049728;5;2;1;1;3;202;09/01/2017
2017049729;5;2;2;2;3;202;10/01/2017
2017049730;1;2;1;1;7;202;11/01/2017
2017049731;1;2;1;1;6;202;12/01/2017
2017049732;1;1;1;8;2;202;16/01/2017
2017049733;1;2;1;1;3;202;16/01/2017