num_acc;lum;agg;inter;atm;col;dep;date
2017049734;1;2;1;6;4;202;18/01/2017
2017049735;1;2;6;1;4;202;20/01/2017
2017049736;1;1;1;3;6;202;22/01/2017
2017049737;1;2;1;2;2;202;27/01/2017
2017049738;1;1;1;1;2;202;01/02/2017
2017049739;1;2;1;1;5;202;02/02/2017
2017049740;5;2;1;1;2;202;03/02/2017
2017049741;5;2;1;1;2;202;03/02/2017
2017049742;1;2;1;2;2;202;06/02/2017
2017049743;1;1;1;1;6;202;12/02/2017
2017049744;3;1;1;8;7;202;14/02/2017
2017049745;5;2;1;1;6;202;16/02/2017
2017049746;1;2;1;1;3;202;21/02/2017
2017049747;5;1;1;1;3;202;21/02/2017
2017049748;5;2;1;1;2;202;23/02/2017
2017049749;1;2;3;1;3;202;27/02/2017
2017049750;5;2;1;6;3;202;28/02/2017
2017049751;1;2;1;1;4;202;01/03/2017
2017049752;5;2;1;1;1;202;04/03/2017
2017049753;1;1;6;1;3;202;15/03/2017
2017049754;5;2;3;1;3;202;15/03/2017
2017049755;1;2;1;1;2;202;16/03/2017
2017049756;5;2;1;1;1;202;20/03/2017
2017049757;1;1;1;1;6;202;23/03/2017
2017049758;1;2;1;1;2;202;26/03/2017
2017049759;1;1;1;1;3;202;31/03/2017
2017049760;3;1;1;2;6;202;01/04/2017
2017049761;1;1;1;1;6;202;03/04/2017
2017049762;1;2;1;1;1;202;03/04/2017
2017049763;1;2;1;1;4;202;05/04/2017
2017049764;1;2;1;1;4;202;06/04/2017
2017049765;1;1;1;1;3;202;06/04/2017
2017049766;5;1;6;1;6;202;08/04/2017
2017049767;1;2;6;1;3;202;10/04/2017
2017049768;1;2;1;1;6;202;10/04/2017
2017049769;1;2;1;1;6;202;11/04/2017
2017049770;1;2;1;1;2;202;12/04/2017
2017049771;5;2;3;1;3;202;14/04/2017
2017049772;1;2;1;1;3;202;18/04/2017
2017049773;1;2;6;1;3;202;19/04/2017
2017049774;5;1;1;;1;202;19/04/2017
2017049775;1;2;6;1;3;202;25/04/2017
2017049776;5;1;6;2;3;202;27/04/2017
2017049777;1;1;1;1;2;202;29/04/2017
2017049778;1;2;1;1;2;202;30/04/2017
2017049779;1;2;1;3;4;202;04/05/2017
2017049780;1;2;2;7;6;202;07/05/2017
2017049781;1;1;1;1;6;202;09/05/2017
2017049782;5;2;1;1;2;202;09/05/2017
2017049783;2;2;1;1;3;202;11/05/2017
2017049784;1;1;1;1;1;202;19/05/2017
2017049785;1;2;1;1;6;202;22/05/2017
2017049786;1;1;1;1;2;202;23/05/2017
2017049787;1;2;1;1;4;202;23/05/2017
2017049788;1;2;2;7;6;202;26/05/2017
2017049789;2;2;3;1;3;202;28/05/2017
2017049790;5;1;9;1;1;202;25/05/2017
2017049791;1;1;1;1;2;202;30/05/2017
2017049792;5;1;1;1;6;202;01/06/2017
2017049793;1;2;9;1;5;202;02/06/2017
2017049794;1;2;9;;2;202;06/06/2017
2017049795;1;2;1;1;2;202;07/06/2017
2017049796;1;2;1;1;5;202;07/06/2017
2017049797;1;2;1;1;6;202;09/06/2017
2017049798;2;2;1;1;3;202;09/06/2017
2017049799;2;2;1;1;6;202;17/06/2017
2017049800;1;2;1;1;1;202;19/06/2017
2017049801;1;2;1;1;5;202;20/06/2017
2017049802;2;2;1;1;3;202;21/06/2017
2017049803;1;2;6;1;6;202;23/06/2017
2017049804;1;2;6;8;1;202;30/06/2017
2017049805;1;1;1;1;1;202;01/07/2017
2017049806;2;2;1;7;6;202;04/07/2017
2017049807;1;1;1;1;6;202;05/07/2017
2017049808;1;2;1;1;6;202;07/07/2017
2017049809;1;2;1;7;6;202;10/07/2017
2017049810;1;2;1;1;6;202;10/07/2017
2017049811;5;2;1;1;3;202;10/07/2017
2017049812;1;2;1;1;6;202;12/07/2017
2017049813;1;1;1;1;4;202;12/07/2017
2017049814;2;1;1;1;2;202;13/07/2017
2017049815;5;2;2;1;3;202;14/07/2017
2017049816;1;2;6;1;6;202;14/07/2017
2017049817;5;2;1;1;3;202;14/07/2017
2017049818;1;2;1;1;2;202;17/07/2017
2017049819;1;2;1;1;6;202;18/07/2017
2017049820;5;2;6;1;1;202;26/07/2017
2017049821;1;1;1;2;;202;28/07/2017
2017049822;1;2;2;1;6;202;29/07/2017
2017049823;1;2;1;1;4;202;29/07/2017
2017049824;1;2;1;1;1;202;07/08/2017
2017049825;1;2;1;1;2;202;08/08/2017
2017049826;1;2;3;1;3;202;09/08/2017
2017049827;1;2;1;1;2;202;12/08/2017
2017049828;1;1;1;1;3;202;17/08/2017
2017049829;1;2;6;1;2;202;18/08/2017
2017049830;5;2;1;1;2;202;18/08/2017
2017049831;1;2;3;1;3;202;18/08/2017
2017049832;1;2;1;1;6;202;19/08/2017
2017049833;5;2;1;1;2;202;20/08/2017
2017049834;5;2;4;1;7;202;21/08/2017
2017049835;1;1;1;1;2;202;25/08/2017
2017049836;1;2;1;1;3;202;25/08/2017
2017049837;2;2;1;1;3;202;27/08/2017
2017049838;5;2;1;1;6;202;28/08/2017
2017049839;1;2;1;1;6;202;29/08/2017
2017049840;1;2;6;8;3;202;31/08/2017
2017049841;1;2;1;1;6;202;14/09/2017
2017049842;1;1;1;1;3;202;18/09/2017
2017049843;1;2;1;2;3;202;18/09/2017
2017049844;2;2;1;2;4;202;18/09/2017
2017049845;1;1;3;1;3;202;20/09/2017
2017049846;5;2;1;1;1;202;30/09/2017
2017049847;1;2;1;1;6;202;02/10/2017
2017049848;1;2;1;1;6;202;03/10/2017
2017049849;1;2;1;1;6;202;04/10/2017
2017049850;3;2;2;9;3;202;04/10/2017
2017049851;1;1;1;1;5;202;06/10/2017
2017049852;1;2;6;1;2;202;09/10/2017
2017049853;1;2;1;1;6;202;09/10/2017
2017049854;1;2;1;1;4;202;09/10/2017
2017049855;2;2;1;1;2;202;09/10/2017
2017049856;1;2;1;1;6;202;10/10/2017
2017049857;1;2;1;1;3;202;13/10/2017
2017049858;1;2;6;1;3;202;14/10/2017
2017049859;1;2;3;1;3;202;23/10/2017
2017049860;1;1;1;1;2;202;24/10/2017
2017049861;1;2;6;1;1;202;25/10/2017
2017049862;5;2;3;1;3;202;25/10/2017
2017049863;3;2;6;1;6;202;27/10/2017
2017049864;1;2;1;1;3;202;28/10/2017
2017049865;1;2;1;1;6;202;31/10/2017
2017049866;2;2;1;1;3;202;01/11/2017
2017049867;1;2;1;;6;202;02/11/2017
2017049868;1;2;1;1;2;202;06/11/2017
2017049869;5;2;1;8;4;202;06/11/2017
2017049870;3;2;1;2;4;202;09/11/2017
2017049871;2;2;6;6;1;202;12/11/2017
2017049872;1;2;1;8;3;202;15/11/2017
2017049873;5;2;1;2;4;202;15/11/2017
2017049874;5;2;1;2;6;202;15/11/2017
2017049875;1;2;1;1;3;202;20/11/2017
2017049876;1;2;3;1;3;202;21/11/2017
2017049877;3;1;1;4;4;202;21/11/2017
2017049878;5;2;2;1;3;202;22/11/2017
2017049879;5;1;1;1;6;202;22/11/2017
2017049880;1;1;1;1;2;202;23/11/2017
2017049881;1;2;1;1;4;202;23/11/2017
2017049882;5;2;1;3;1;202;01/12/2017
2017049883;1;2;1;1;6;202;03/12/2017
2017049884;1;1;1;2;6;202;03/12/2017
2017049885;5;2;1;1;6;202;06/12/2017
2017049886;5;2;1;1;2;202;12/12/2017
2017049887;5;2;1;1;1;202;13/12/2017
2017049888;1;2;1;1;2;202;15/12/2017
2017049889;1;2;1;1;2;202;16/12/2017
2017049890;5;2;6;3;3;202;21/12/2017
2017049891;1;1;1;1;6;202;22/12/2017
2017049892;5;2;1;1;4;202;22/12/2017
2017049893;1;1;1;1;2;202;26/12/2017
2017049894;5;2;1;2;2;202;27/12/2017
2017049895;2;1;1;2;2;202;28/12/2017
2017049896;1;2;3;1;3;690;02/01/2017
2017049897;5;2;1;1;6;690;31/12/2017
2017049898;5;2;2;1;3;690;03/01/2017
2017049899;1;2;1;1;6;690;04/01/2017
2017049900;2;2;1;1;6;690;04/01/2017
2017049901;5;2;1;2;6;690;04/01/2017
2017049902;5;2;1;1;1;690;04/01/2017
2017049903;1;2;1;1;6;690;05/01/2017
2017049904;2;2;1;2;6;690;05/01/2017
2017049905;5;2;2;1;6;690;06/01/2017
2017049906;5;2;1;1;2;690;06/01/2017
2017049907;5;2;1;1;3;690;06/01/2017
2017049908;1;1;2;1;1;690;04/01/2017
2017049909;1;2;3;1;3;690;07/01/2017
2017049910;1;2;3;2;2;690;10/01/2017
2017049911;5;2;1;2;1;690;10/01/2017
2017049912;1;2;1;1;2;690;11/01/2017
2017049913;5;2;1;1;2;690;15/01/2017
2017049914;1;2;1;1;6;690;16/01/2017
2017049915;2;2;1;1;3;690;16/01/2017
2017049916;5;2;1;1;6;690;16/01/2017
2017049917;1;2;1;1;6;690;17/01/2017
2017049918;1;2;3;1;3;690;20/01/2017
2017049919;1;2;5;1;6;690;20/01/2017
2017049920;5;1;1;1;6;690;19/01/2017
2017049921;1;2;1;1;6;690;21/01/2017
2017049922;1;2;1;1;7;690;21/01/2017
2017049923;3;2;1;1;1;690;22/01/2017
2017049924;1;1;1;1;4;690;23/01/2017
2017049925;1;2;2;8;6;690;18/01/2017
2017049926;1;2;2;1;6;690;23/01/2017
2017049927;5;2;1;1;3;690;24/01/2017
2017049928;1;2;1;8;6;690;24/01/2017
2017049929;1;1;1;1;3;690;24/01/2017
2017049930;5;2;1;4;6;690;26/01/2017
2017049931;2;2;1;1;6;690;27/01/2017
2017049932;5;2;3;2;6;690;28/01/2017
2017049933;1;2;1;2;6;690;30/01/2017
2017049934;5;2;1;2;6;690;30/01/2017
2017049935;5;2;5;1;3;690;02/02/2017
2017049936;1;2;1;8;1;690;01/02/2017
2017049937;5;2;1;1;3;690;28/01/2017
2017049938;1;2;4;1;3;690;06/02/2017
2017049939;2;1;6;8;6;690;08/02/2017
2017049940;1;2;1;1;6;690;08/02/2017
2017049941;1;2;1;1;6;690;11/02/2017
2017049942;2;2;3;2;3;690;11/02/2017
2017049943;1;2;3;1;3;690;12/02/2017
2017049944;1;2;7;1;6;690;12/02/2017
2017049945;1;2;3;1;1;690;14/02/2017
2017049946;1;2;1;1;2;690;15/02/2017
2017049947;5;2;1;1;6;690;14/02/2017
2017049948;1;2;1;1;2;690;14/02/2017
2017049949;5;2;2;1;3;690;17/02/2017
2017049950;4;2;1;1;2;690;17/02/2017
2017049951;1;2;2;1;6;690;17/02/2017
2017049952;1;2;1;1;6;690;17/02/2017
2017049953;5;2;1;1;2;690;15/02/2017
2017049954;1;2;1;1;6;690;18/02/2017
2017049955;1;2;1;1;6;690;18/02/2017
2017049956;4;2;1;1;6;690;18/02/2017
2017049957;5;1;1;1;6;690;18/02/2017
2017049958;1;2;1;1;6;690;20/02/2017
2017049959;1;2;2;8;3;690;21/02/2017
2017049960;1;2;1;1;2;690;22/02/2017
2017049961;1;2;1;1;6;690;23/02/2017
2017049962;1;2;1;1;3;690;23/02/2017
2017049963;1;2;1;1;4;690;24/02/2017
2017049964;1;2;1;1;6;690;18/02/2017
2017049965;1;2;1;1;3;690;27/02/2017
2017049966;1;2;1;1;6;690;28/02/2017
2017049967;1;2;1;1;4;690;28/02/2017
2017049968;1;2;2;1;3;690;28/02/2017
2017049969;5;2;1;1;6;690;02/03/2017
2017049970;1;2;1;1;2;690;01/03/2017
2017049971;1;2;2;2;6;690;02/03/2017
2017049972;5;2;1;1;6;690;01/03/2017
2017049973;5;2;1;1;6;690;02/03/2017
2017049974;1;2;1;1;6;690;03/03/2017
2017049975;1;2;1;1;2;690;28/02/2017
2017049976;5;1;1;1;6;690;25/02/2017
2017049977;1;2;3;1;1;690;03/03/2017
2017049978;5;2;2;1;3;690;08/03/2017
2017049979;1;2;3;1;6;690;09/03/2017
2017049980;1;2;1;1;3;690;10/03/2017
2017049981;1;2;1;1;4;690;11/03/2017
2017049982;1;2;3;1;3;690;11/03/2017
2017049983;1;2;1;1;3;690;11/03/2017
2017049984;5;2;1;2;3;690;06/03/2017
2017049985;1;2;1;1;2;690;11/03/2017
2017049986;1;2;2;1;3;690;12/03/2017
2017049987;1;2;1;1;6;690;14/03/2017
2017049988;1;2;1;7;3;690;15/03/2017
2017049989;1;2;1;1;2;690;13/03/2017
2017049990;1;2;1;1;6;690;15/03/2017
2017049991;1;1;3;1;6;690;16/03/2017
2017049992;1;2;1;1;4;690;17/03/2017
2017049993;1;2;1;1;6;690;17/03/2017
2017049994;5;2;1;1;3;690;18/03/2017
2017049995;1;2;2;8;3;690;18/03/2017
2017049996;3;2;3;1;3;690;18/03/2017
2017049997;1;2;3;1;2;690;17/03/2017
2017049998;1;2;2;1;3;690;20/03/2017
2017049999;1;2;1;1;3;690;21/03/2017
2017050000;1;2;1;1;2;690;22/03/2017
2017050001;1;1;1;2;6;690;23/03/2017
2017050002;1;2;1;1;6;690;24/03/2017
2017050003;1;1;1;1;6;690;24/03/2017
2017050004;5;2;1;2;6;690;21/03/2017
2017050005;1;2;1;2;6;690;25/03/2017
2017050006;1;2;1;2;1;690;25/03/2017
2017050007;2;2;1;1;1;690;26/03/2017
2017050008;1;2;1;1;3;690;27/03/2017
2017050009;1;2;1;1;6;690;28/03/2017
2017050010;1;2;2;1;1;690;26/03/2017
2017050011;1;2;1;1;6;690;29/03/2017
2017050012;5;2;1;1;6;690;29/03/2017
2017050013;5;2;1;1;6;690;29/03/2017
2017050014;1;2;1;1;6;690;28/03/2017
2017050015;1;2;3;1;7;690;30/03/2017
2017050016;1;2;1;1;6;690;30/03/2017
2017050017;1;2;1;1;6;690;31/03/2017
2017050018;1;2;1;1;3;690;31/03/2017
2017050019;5;2;1;1;3;690;01/04/2017
2017050020;1;2;4;8;3;690;01/04/2017
2017050021;1;2;1;2;3;690;01/04/2017
2017050022;2;2;1;1;6;690;02/04/2017
2017050023;1;2;1;1;4;690;03/04/2017
2017050024;2;2;1;1;3;690;03/04/2017
2017050025;1;2;1;1;6;690;04/04/2017
2017050026;5;2;1;2;2;690;23/03/2017
2017050027;1;2;2;1;3;690;05/04/2017
2017050028;1;2;1;1;5;690;05/04/2017
2017050029;1;2;1;1;3;690;07/04/2017
2017050030;1;1;1;1;1;690;08/04/2017
2017050031;1;2;1;1;1;690;08/04/2017
2017050032;1;2;2;1;3;690;07/04/2017
2017050033;5;2;1;1;6;690;09/04/2017
2017050034;2;2;1;1;1;690;09/04/2017
2017050035;1;2;1;1;5;690;10/04/2017
2017050036;5;2;1;1;3;690;10/04/2017
2017050037;1;2;1;1;6;690;10/04/2017
2017050038;1;2;1;1;3;690;10/04/2017
2017050039;1;2;1;1;6;690;12/04/2017
2017050040;1;2;1;1;2;690;12/04/2017
2017050041;1;2;1;1;6;690;13/04/2017
2017050042;5;2;1;1;6;690;14/04/2017
2017050043;1;2;3;1;3;690;13/04/2017
2017050044;1;2;1;1;6;690;15/04/2017
2017050045;1;2;1;1;2;690;06/04/2017
2017050046;5;2;1;1;3;690;16/04/2017
2017050047;1;2;2;1;6;690;18/04/2017
2017050048;1;2;3;1;3;690;18/04/2017
2017050049;1;2;1;1;2;690;18/04/2017
2017050050;1;2;1;1;6;690;14/04/2017
2017050051;1;2;1;1;6;690;19/04/2017
2017050052;1;2;1;1;3;690;20/04/2017
2017050053;1;2;2;1;3;690;21/04/2017
2017050054;1;2;1;1;3;690;21/04/2017
2017050055;1;2;1;1;6;690;21/04/2017
2017050056;1;2;3;1;3;690;21/04/2017
2017050057;5;2;2;1;6;690;21/04/2017
2017050058;4;2;1;1;6;690;22/04/2017
2017050059;5;2;1;1;7;690;23/04/2017
2017050060;1;2;1;1;7;690;22/04/2017
2017050061;1;2;1;1;2;690;24/04/2017
2017050062;1;2;1;1;6;690;23/04/2017
2017050063;5;2;2;1;3;690;24/04/2017
2017050064;1;2;1;1;6;690;25/04/2017
2017050065;1;2;1;1;3;690;24/04/2017
2017050066;1;2;9;1;6;690;22/04/2017
2017050067;1;2;1;2;3;690;25/04/2017
2017050068;1;2;1;1;5;690;26/04/2017
2017050069;2;2;1;1;3;690;27/04/2017
2017050070;1;2;1;1;3;690;24/04/2017
2017050071;1;2;1;1;6;690;21/04/2017
2017050072;5;2;9;1;6;690;30/04/2017
2017050073;1;2;1;1;3;690;29/04/2017
2017050074;1;1;1;1;7;690;03/05/2017
2017050075;1;2;2;1;1;690;05/05/2017
2017050076;1;2;2;1;3;690;05/05/2017
2017050077;1;2;1;2;3;690;06/05/2017
2017050078;1;2;3;8;5;690;06/05/2017
2017050079;1;2;3;2;1;690;06/05/2017
2017050080;1;2;1;1;6;690;09/05/2017
2017050081;1;2;1;1;3;690;10/05/2017
2017050082;1;2;1;1;3;690;09/05/2017
2017050083;1;2;1;1;7;690;10/05/2017
2017050084;1;2;3;1;1;690;10/05/2017
2017050085;1;2;2;1;3;690;11/05/2017
2017050086;1;2;3;3;1;690;12/05/2017
2017050087;1;2;1;2;6;690;13/05/2017
2017050088;5;2;3;2;3;690;13/05/2017
2017050089;5;2;2;1;3;690;14/05/2017
2017050090;1;2;2;3;3;690;13/05/2017
2017050091;1;2;1;3;6;690;13/05/2017
2017050092;1;2;1;1;3;690;15/05/2017
2017050093;1;2;1;1;6;690;15/05/2017
2017050094;1;2;1;1;3;690;16/05/2017
2017050095;1;2;2;1;3;690;16/05/2017
2017050096;1;2;1;2;2;690;06/05/2017
2017050097;1;2;1;1;6;690;18/05/2017
2017050098;1;2;1;3;1;690;19/05/2017
2017050099;5;2;1;8;2;690;20/05/2017
2017050100;1;2;1;1;6;690;21/05/2017
2017050101;1;2;1;1;2;690;19/05/2017
2017050102;1;2;2;1;3;690;18/05/2017
2017050103;1;2;1;1;6;690;23/05/2017
2017050104;1;2;1;1;6;690;23/05/2017
2017050105;1;2;1;1;6;690;24/05/2017
2017050106;1;2;1;1;3;690;24/05/2017
2017050107;1;2;1;1;6;690;24/05/2017
2017050108;1;2;1;1;6;690;25/05/2017
2017050109;1;2;1;1;6;690;25/05/2017
2017050110;1;1;1;1;6;690;26/05/2017
2017050111;1;2;1;1;6;690;27/05/2017
2017050112;1;2;1;1;6;690;28/05/2017
2017050113;1;2;2;1;3;690;28/05/2017
2017050114;1;2;1;1;2;690;29/05/2017
2017050115;1;2;1;1;3;690;30/05/2017
2017050116;1;2;1;1;3;690;30/05/2017
2017050117;1;2;1;1;6;690;30/05/2017
2017050118;1;2;1;1;6;690;31/05/2017
2017050119;1;2;1;1;6;690;31/05/2017
2017050120;1;2;2;1;3;690;01/06/2017
2017050121;1;2;1;1;3;690;31/05/2017
2017050122;1;2;1;1;6;690;01/06/2017
2017050123;1;2;1;2;2;690;01/06/2017
2017050124;1;2;9;1;2;690;01/06/2017
2017050125;1;2;1;1;6;690;02/06/2017
2017050126;1;2;3;1;3;690;02/06/2017
2017050127;1;2;1;1;6;690;02/06/2017
2017050128;5;2;1;2;3;690;03/06/2017
2017050129;1;2;2;1;3;690;04/06/2017
2017050130;1;2;3;1;2;690;05/06/2017
2017050131;1;2;1;1;7;690;03/06/2017
2017050132;1;2;1;1;6;690;08/06/2017
2017050133;1;2;3;1;4;690;09/06/2017
2017050134;1;2;6;7;1;690;11/06/2017
2017050135;1;2;3;1;3;690;11/06/2017
2017050136;1;2;1;1;3;690;13/06/2017
2017050137;1;2;1;1;2;690;13/06/2017
2017050138;1;2;1;1;6;690;14/06/2017
2017050139;1;2;1;1;3;690;15/06/2017
2017050140;1;2;1;1;6;690;16/06/2017
2017050141;2;2;3;1;3;690;19/06/2017
2017050142;5;2;2;1;3;690;19/06/2017
2017050143;1;2;1;1;6;690;20/06/2017
2017050144;1;2;3;1;3;690;20/06/2017
2017050145;1;2;2;1;3;690;20/06/2017
2017050146;1;2;1;1;2;690;22/06/2017
2017050147;1;2;1;1;6;690;21/06/2017
2017050148;1;2;2;1;3;690;25/06/2017
2017050149;1;1;1;1;3;690;26/06/2017
2017050150;2;2;1;1;3;690;27/06/2017
2017050151;1;2;1;1;2;690;25/06/2017
2017050152;1;2;3;1;3;690;28/06/2017
2017050153;1;1;1;1;2;690;28/06/2017
2017050154;2;2;1;8;5;690;29/06/2017
2017050155;1;2;1;8;2;690;28/06/2017
2017050156;2;2;2;1;3;690;30/06/2017
2017050157;1;2;3;2;3;690;30/06/2017
2017050158;1;2;1;1;6;690;01/07/2017
2017050159;1;2;1;1;2;690;03/07/2017
2017050160;1;2;1;1;1;690;03/07/2017
2017050161;1;2;3;1;2;690;03/07/2017
2017050162;1;2;1;1;3;690;03/07/2017
2017050163;1;2;1;1;4;690;03/07/2017
2017050164;1;2;1;1;6;690;05/07/2017
2017050165;1;2;1;1;1;690;05/07/2017
2017050166;1;2;1;1;3;690;05/07/2017
2017050167;1;2;1;7;6;690;06/07/2017
2017050168;1;2;1;1;2;690;06/07/2017
2017050169;1;2;9;1;7;690;05/07/2017
2017050170;1;2;1;1;2;690;06/07/2017
2017050171;1;2;3;1;7;690;07/07/2017
2017050172;1;2;1;1;6;690;07/07/2017
2017050173;1;2;1;1;6;690;06/07/2017
2017050174;1;2;1;1;2;690;07/07/2017
2017050175;5;2;1;1;6;690;09/07/2017
2017050176;5;2;1;1;2;690;09/07/2017
2017050177;1;2;1;1;6;690;10/07/2017
2017050178;5;2;9;1;6;690;12/07/2017
2017050179;1;2;1;1;3;690;13/07/2017
2017050180;1;2;1;1;1;690;13/07/2017
2017050181;1;2;1;1;3;690;13/07/2017
2017050182;5;2;2;1;3;690;15/07/2017
2017050183;1;2;1;1;6;690;15/07/2017
2017050184;1;2;3;1;3;690;17/07/2017
2017050185;1;2;1;1;3;690;17/07/2017
2017050186;1;2;3;1;7;690;18/07/2017
2017050187;1;2;9;7;6;690;19/07/2017
2017050188;1;2;1;1;3;690;18/07/2017
2017050189;1;2;1;1;7;690;20/07/2017
2017050190;1;2;2;1;6;690;20/07/2017
2017050191;1;2;1;1;3;690;20/07/2017
2017050192;1;2;1;1;2;690;17/07/2017
2017050193;5;2;1;1;5;690;23/07/2017
2017050194;1;2;1;2;2;690;24/07/2017
2017050195;1;2;1;1;6;690;24/07/2017
2017050196;1;2;1;1;6;690;24/07/2017
2017050197;1;2;1;1;1;690;26/07/2017
2017050198;1;2;1;1;6;690;28/07/2017
2017050199;1;2;2;1;3;690;01/08/2017
2017050200;1;2;1;1;4;690;02/08/2017
2017050201;1;2;8;1;3;690;03/08/2017
2017050202;1;1;1;1;2;690;03/08/2017
2017050203;2;2;1;1;6;690;03/08/2017
2017050204;1;2;2;1;3;690;03/08/2017
2017050205;1;2;1;1;3;690;04/08/2017
2017050206;1;2;1;1;3;690;04/08/2017
2017050207;1;2;2;1;6;690;04/08/2017
2017050208;1;2;1;1;4;690;04/08/2017
2017050209;1;2;3;1;3;690;04/08/2017
2017050210;5;2;1;1;6;690;06/08/2017
2017050211;1;2;1;1;5;690;06/08/2017
2017050212;1;2;1;1;2;690;06/08/2017
2017050213;5;2;2;1;1;690;10/08/2017
2017050214;5;2;2;2;3;690;11/08/2017
2017050215;1;2;1;1;3;690;10/08/2017
2017050216;1;2;1;2;2;690;11/08/2017
2017050217;1;2;1;1;4;690;11/08/2017
2017050218;1;2;1;1;2;690;14/08/2017
2017050219;5;2;2;1;3;690;14/08/2017
2017050220;1;2;2;1;6;690;16/08/2017
2017050221;1;2;8;1;6;690;17/08/2017
2017050222;1;2;2;7;6;690;21/08/2017
2017050223;1;2;1;1;4;690;21/08/2017
2017050224;1;2;3;1;3;690;23/08/2017
2017050225;1;2;1;1;3;690;23/08/2017
2017050226;1;2;1;1;4;690;23/08/2017
2017050227;5;2;1;1;7;690;24/08/2017
2017050228;1;2;1;1;2;690;26/08/2017
2017050229;1;2;2;1;2;690;27/08/2017
2017050230;1;2;1;1;1;690;29/08/2017
2017050231;2;2;1;1;7;690;29/08/2017
2017050232;1;2;1;1;3;690;30/08/2017
2017050233;1;2;1;1;6;690;30/08/2017
2017050234;1;2;2;1;6;690;30/08/2017
2017050235;1;2;1;2;3;690;31/08/2017
2017050236;5;2;1;2;6;690;31/08/2017
2017050237;1;2;1;1;1;690;01/09/2017
2017050238;1;2;1;1;1;690;30/08/2017
2017050239;1;2;2;2;3;690;02/09/2017
2017050240;1;2;1;1;2;690;29/08/2017
2017050241;5;2;9;1;3;690;30/08/2017
2017050242;1;2;1;1;6;690;03/09/2017
2017050243;1;2;3;1;6;690;05/09/2017
2017050244;5;1;1;1;4;690;06/09/2017
2017050245;5;2;2;1;3;690;06/09/2017
2017050246;1;2;1;1;3;690;06/09/2017
2017050247;1;2;1;1;3;690;07/09/2017
2017050248;1;2;1;1;3;690;07/09/2017
2017050249;1;2;1;1;3;690;08/09/2017
2017050250;1;2;1;1;6;690;08/09/2017
2017050251;1;2;1;2;3;690;09/09/2017
2017050252;1;2;1;1;2;690;11/09/2017
2017050253;1;2;1;1;3;690;13/09/2017
2017050254;1;2;1;1;6;690;13/09/2017
2017050255;1;2;1;1;6;690;14/09/2017
2017050256;1;2;1;1;6;690;14/09/2017
2017050257;1;2;9;2;3;690;14/09/2017
2017050258;1;2;2;2;3;690;14/09/2017
2017050259;1;2;9;1;6;690;14/09/2017
2017050260;1;2;1;1;6;690;14/09/2017
2017050261;5;2;1;1;6;690;15/09/2017
2017050262;1;2;1;1;6;690;12/09/2017
2017050263;1;2;2;1;3;690;20/07/2017
2017050264;1;2;1;1;3;690;16/09/2017
2017050265;1;2;1;8;5;690;18/09/2017
2017050266;5;2;1;1;6;690;18/09/2017
2017050267;1;2;1;1;1;690;05/09/2017
2017050268;1;2;1;1;3;690;15/09/2017
2017050269;1;2;2;1;3;690;21/09/2017
2017050270;1;2;3;1;3;690;21/09/2017
2017050271;5;2;1;1;6;690;21/09/2017
2017050272;5;2;2;1;3;690;18/09/2017
2017050273;5;2;3;1;3;690;22/09/2017
2017050274;1;2;1;1;4;690;21/09/2017
2017050275;1;2;3;1;3;690;21/09/2017
2017050276;1;2;1;1;7;690;22/09/2017
2017050277;1;2;1;1;2;690;23/09/2017
2017050278;1;2;2;1;3;690;23/09/2017
2017050279;5;1;1;2;7;690;26/09/2017
2017050280;1;2;1;1;3;690;26/09/2017
2017050281;1;2;1;1;2;690;26/09/2017
2017050282;1;2;1;1;3;690;26/09/2017
2017050283;1;2;1;1;6;690;23/09/2017
2017050284;1;2;1;1;2;690;27/09/2017
2017050285;1;2;2;1;3;690;28/09/2017
2017050286;1;2;1;1;4;690;28/09/2017
2017050287;1;2;6;1;3;690;29/09/2017
2017050288;1;2;1;1;3;690;29/09/2017
2017050289;5;2;9;1;6;690;01/10/2017
2017050290;1;2;1;3;2;690;30/09/2017
2017050291;5;2;2;1;3;690;28/09/2017
2017050292;1;2;1;1;6;690;29/09/2017
2017050293;1;2;3;1;3;690;04/10/2017
2017050294;1;2;1;1;3;690;05/10/2017
2017050295;1;2;1;1;6;690;30/09/2017
2017050296;1;2;1;1;7;690;03/10/2017
2017050297;1;2;2;1;3;690;05/10/2017
2017050298;1;2;1;1;1;690;05/10/2017
2017050299;5;2;2;1;3;690;05/10/2017
2017050300;5;2;3;2;5;690;08/10/2017
2017050301;1;2;3;1;6;690;07/10/2017
2017050302;5;2;2;1;3;690;10/10/2017
2017050303;1;2;3;1;3;690;08/10/2017
2017050304;1;2;9;1;6;690;08/10/2017
2017050305;1;2;2;1;6;690;11/10/2017
2017050306;5;2;1;1;3;690;12/10/2017
2017050307;1;2;1;1;2;690;12/10/2017
2017050308;1;2;2;1;3;690;12/10/2017
2017050309;5;2;2;1;1;690;07/10/2017
2017050310;2;2;1;1;3;690;13/10/2017