num_acc;lum;agg;inter;atm;col;dep;date
2017050311;1;2;1;1;2;690;13/10/2017
2017050312;1;2;1;1;6;690;13/10/2017
2017050313;5;2;1;1;2;690;14/10/2017
2017050314;1;2;1;1;6;690;14/10/2017
2017050315;5;2;3;1;1;690;16/10/2017
2017050316;1;2;2;1;3;690;16/10/2017
2017050317;1;2;1;1;2;690;18/10/2017
2017050318;1;2;1;1;7;690;13/10/2017
2017050319;1;2;1;1;6;690;18/10/2017
2017050320;5;2;1;1;4;690;18/10/2017
2017050321;5;2;2;1;1;690;19/10/2017
2017050322;1;2;4;1;3;690;19/10/2017
2017050323;1;2;1;1;3;690;19/10/2017
2017050324;5;2;1;1;6;690;21/10/2017
2017050325;1;2;3;1;6;690;21/10/2017
2017050326;5;2;3;1;3;690;20/10/2017
2017050327;1;2;1;8;6;690;22/10/2017
2017050328;1;2;1;1;6;690;22/10/2017
2017050329;1;2;1;2;6;690;22/10/2017
2017050330;1;2;1;1;4;690;20/10/2017
2017050331;5;2;3;1;7;690;22/10/2017
2017050332;5;2;3;1;3;690;23/10/2017
2017050333;1;2;1;1;3;690;23/10/2017
2017050334;1;2;1;1;4;690;20/10/2017
2017050335;5;2;1;1;3;690;25/10/2017
2017050336;5;2;3;1;3;690;26/10/2017
2017050337;1;2;1;1;6;690;26/10/2017
2017050338;5;2;1;1;2;690;26/10/2017
2017050339;1;2;1;8;4;690;25/10/2017
2017050340;1;2;1;2;7;690;27/10/2017
2017050341;5;2;1;1;4;690;25/10/2017
2017050342;5;2;1;1;6;690;28/10/2017
2017050343;1;2;7;1;6;690;22/10/2017
2017050344;5;2;1;1;2;690;31/10/2017
2017050345;1;2;9;1;3;690;30/10/2017
2017050346;1;2;3;1;6;690;02/11/2017
2017050347;5;2;3;1;3;690;01/11/2017
2017050348;5;2;2;1;3;690;31/10/2017
2017050349;1;2;1;1;2;690;03/11/2017
2017050350;5;2;3;3;6;690;04/11/2017
2017050351;5;2;1;2;6;690;05/11/2017
2017050352;1;2;1;1;3;690;05/10/2017
2017050353;1;2;1;1;6;690;06/11/2017
2017050354;5;2;1;1;3;690;27/09/2017
2017050355;1;2;3;1;6;690;08/11/2017
2017050356;5;2;1;2;7;690;07/11/2017
2017050357;1;2;2;1;3;690;08/11/2017
2017050358;1;2;1;1;6;690;08/11/2017
2017050359;1;2;1;1;6;690;09/11/2017
2017050360;5;2;2;1;3;690;09/11/2017
2017050361;5;2;1;2;7;690;29/10/2017
2017050362;1;2;3;8;3;690;11/11/2017
2017050363;5;2;1;2;7;690;11/11/2017
2017050364;1;2;2;2;3;690;11/11/2017
2017050365;5;2;6;1;2;690;24/10/2017
2017050366;5;2;1;1;6;690;14/11/2017
2017050367;5;2;1;1;5;690;14/11/2017
2017050368;5;2;1;1;5;690;16/11/2017
2017050369;5;2;1;1;1;690;16/11/2017
2017050370;1;2;1;8;6;690;16/11/2017
2017050371;1;2;1;1;6;690;15/11/2017
2017050372;1;2;1;1;6;690;18/11/2017
2017050373;1;2;3;2;3;690;13/11/2017
2017050374;5;2;3;1;3;690;18/11/2017
2017050375;3;1;1;1;3;690;18/11/2017
2017050376;5;2;3;1;7;690;19/11/2017
2017050377;1;2;1;5;5;690;21/11/2017
2017050378;1;2;1;1;6;690;21/11/2017
2017050379;3;2;1;1;6;690;22/11/2017
2017050380;1;2;1;9;6;690;22/11/2017
2017050381;5;2;1;1;3;690;19/11/2017
2017050382;1;2;1;1;6;690;19/11/2017
2017050383;5;2;1;2;6;690;24/11/2017
2017050384;5;2;2;1;3;690;26/11/2017
2017050385;1;2;1;1;2;690;26/11/2017
2017050386;1;2;1;1;6;690;27/11/2017
2017050387;5;2;1;1;3;690;27/11/2017
2017050388;2;2;3;2;3;690;28/11/2017
2017050389;5;2;1;2;6;690;28/11/2017
2017050390;5;2;1;2;6;690;28/11/2017
2017050391;1;2;1;1;7;690;29/11/2017
2017050392;5;2;1;8;6;690;30/11/2017
2017050393;1;2;1;1;1;690;01/12/2017
2017050394;1;2;1;8;5;690;01/12/2017
2017050395;1;2;1;1;6;690;02/12/2017
2017050396;1;2;1;8;6;690;04/12/2017
2017050397;5;2;1;1;1;690;05/12/2017
2017050398;1;2;1;2;6;690;08/12/2017
2017050399;5;2;1;8;2;690;08/12/2017
2017050400;5;2;1;1;6;690;07/12/2017
2017050401;1;2;1;2;4;690;11/12/2017
2017050402;1;2;1;2;5;690;12/12/2017
2017050403;5;2;7;1;6;690;12/12/2017
2017050404;4;1;4;1;2;690;12/12/2017
2017050405;5;2;2;3;6;690;13/12/2017
2017050406;5;2;2;8;3;690;13/12/2017
2017050407;5;2;9;1;6;690;11/12/2017
2017050408;5;2;9;4;3;690;16/12/2017
2017050409;5;2;3;1;3;690;15/12/2017
2017050410;5;2;1;1;6;690;16/12/2017
2017050411;3;2;2;8;3;690;17/12/2017
2017050412;5;2;1;1;6;690;18/12/2017
2017050413;5;2;2;2;3;690;20/12/2017
2017050414;5;2;1;2;2;690;20/12/2017
2017050415;5;2;1;2;6;690;21/12/2017
2017050416;5;2;1;2;7;690;22/12/2017
2017050417;5;2;1;2;7;690;21/12/2017
2017050418;1;2;3;1;3;690;22/12/2017
2017050419;5;2;1;1;3;690;23/12/2017
2017050420;1;2;1;1;3;690;22/12/2017
2017050421;5;2;1;1;2;690;23/12/2017
2017050422;2;2;1;2;3;690;10/12/2017
2017050423;5;2;1;1;3;690;25/12/2017
2017050424;5;2;2;1;6;690;27/12/2017
2017050425;2;2;1;1;7;690;24/12/2017
2017050426;1;1;1;2;1;690;28/12/2017
2017050427;5;2;3;4;6;690;29/12/2017
2017050428;5;2;4;2;2;690;30/12/2017
2017050429;1;2;1;1;7;690;31/12/2017
2017050430;1;1;1;1;2;620;11/01/2017
2017050431;1;1;1;3;7;590;31/12/2017
2017050432;1;1;1;1;4;620;11/01/2017
2017050433;1;1;1;8;4;590;11/01/2017
2017050434;1;1;1;1;4;620;11/01/2017
2017050435;3;1;1;1;3;590;17/01/2017
2017050436;1;1;1;6;7;590;18/01/2017
2017050437;3;1;1;1;4;590;21/01/2017
2017050438;3;1;1;1;6;620;21/01/2017
2017050439;2;1;9;1;6;590;22/01/2017
2017050440;1;1;1;1;4;590;25/01/2017
2017050441;1;1;1;1;2;590;24/01/2017
2017050442;3;1;1;1;2;590;26/01/2017
2017050443;1;1;1;1;1;590;30/01/2017
2017050444;2;1;1;1;6;590;31/01/2017
2017050445;1;1;1;1;2;590;27/01/2017
2017050446;1;1;1;1;2;590;13/03/2017
2017050447;1;1;1;1;6;590;17/11/2017
2017050448;3;1;1;2;6;590;01/03/2017
2017050449;1;1;1;1;2;590;15/03/2017
2017050450;1;1;1;1;7;590;15/12/2017
2017050451;3;1;1;1;3;590;10/03/2017
2017050452;3;1;1;9;3;590;19/03/2017
2017050453;1;1;1;1;7;590;31/03/2017
2017050454;1;1;1;1;2;590;22/03/2017
2017050455;1;1;1;1;2;590;23/03/2017
2017050456;3;1;1;1;7;590;27/03/2017
2017050457;1;1;1;1;2;590;30/03/2017
2017050458;1;1;1;1;2;620;06/04/2017
2017050459;3;1;1;1;7;620;06/04/2017
2017050460;2;1;1;1;2;590;07/02/2017
2017050461;4;1;1;1;2;590;11/02/2017
2017050462;1;1;1;1;2;590;12/02/2017
2017050463;3;1;1;1;7;590;11/04/2017
2017050464;1;1;1;1;7;620;15/02/2017
2017050465;3;1;1;5;5;590;16/02/2017
2017050466;2;1;1;1;2;590;16/02/2017
2017050467;2;1;1;6;6;590;23/02/2017
2017050468;3;1;1;1;2;590;28/02/2017
2017050469;2;1;1;1;7;590;25/02/2017
2017050470;1;1;1;1;6;590;10/04/2017
2017050471;1;1;1;1;7;590;19/03/2017
2017050472;1;1;1;1;6;590;04/04/2017
2017050473;1;1;1;1;3;590;22/03/2017
2017050474;1;1;1;1;6;590;22/03/2017
2017050475;1;1;1;1;6;590;24/03/2017
2017050476;1;1;1;1;4;590;31/03/2017
2017050477;5;1;1;1;6;590;27/03/2017
2017050478;1;1;1;9;2;590;15/04/2017
2017050479;1;1;1;1;4;590;19/04/2017
2017050480;2;1;1;2;7;590;04/05/2017
2017050481;1;1;1;1;7;620;06/05/2017
2017050482;3;1;1;1;6;590;28/05/2017
2017050483;1;1;1;1;5;590;20/05/2017
2017050484;3;1;1;1;2;590;01/06/2017
2017050485;3;1;1;1;2;620;21/04/2017
2017050486;5;1;1;1;2;590;24/04/2017
2017050487;1;1;1;1;7;590;27/04/2017
2017050488;1;1;9;1;6;590;12/06/2017
2017050489;1;1;1;1;7;590;28/04/2017
2017050490;3;1;9;1;2;590;13/06/2017
2017050491;1;1;1;1;2;590;29/04/2017
2017050492;5;1;1;1;3;590;30/04/2017
2017050493;5;1;1;1;6;590;30/04/2017
2017050494;1;1;9;1;6;590;08/06/2017
2017050495;1;1;1;1;2;590;15/06/2017
2017050496;1;1;1;1;2;590;15/06/2017
2017050497;1;1;1;1;2;590;20/06/2017
2017050498;1;1;1;1;6;590;22/06/2017
2017050499;3;1;1;1;7;590;28/06/2017
2017050500;1;1;1;1;2;620;09/06/2017
2017050501;1;1;1;2;7;590;01/07/2017
2017050502;1;1;1;1;7;590;02/07/2017
2017050503;1;1;9;1;4;590;06/07/2017
2017050504;2;1;1;1;6;590;01/05/2017
2017050505;3;1;1;1;6;620;25/05/2017
2017050506;5;1;1;1;7;590;21/05/2017
2017050507;1;1;1;1;6;590;17/07/2017
2017050508;1;1;9;8;7;590;22/07/2017
2017050509;3;1;1;1;2;620;20/06/2017
2017050510;1;1;1;1;5;590;04/07/2017
2017050511;1;1;1;1;2;620;13/07/2017
2017050512;1;1;1;1;5;620;27/07/2017
2017050513;1;1;1;1;5;620;09/07/2017
2017050514;3;1;1;1;6;620;03/08/2017
2017050515;1;1;1;1;4;590;03/08/2017
2017050516;3;1;1;1;2;590;06/08/2017
2017050517;1;1;9;2;6;590;08/08/2017
2017050518;2;1;1;2;6;590;10/08/2017
2017050519;1;1;1;2;6;590;10/08/2017
2017050520;1;1;1;1;2;620;03/08/2017
2017050521;1;1;1;1;7;590;11/08/2017
2017050522;5;1;1;2;6;620;12/08/2017
2017050523;1;1;1;9;6;590;13/08/2017
2017050524;1;1;9;1;7;590;16/08/2017
2017050525;1;1;1;1;5;590;20/08/2017
2017050526;1;1;1;1;4;590;28/08/2017
2017050527;1;1;1;1;7;590;02/07/2017
2017050528;5;1;1;1;6;590;05/07/2017
2017050529;5;1;1;1;5;590;09/07/2017
2017050530;1;1;1;1;2;590;29/08/2017
2017050531;5;1;1;1;6;590;31/08/2017
2017050532;1;1;1;1;7;620;31/08/2017
2017050533;1;1;1;1;2;590;17/07/2017
2017050534;1;1;1;1;7;590;13/08/2017
2017050535;1;1;1;1;7;590;03/09/2017
2017050536;1;1;1;2;6;590;02/09/2017
2017050537;1;1;1;8;6;590;04/09/2017
2017050538;1;1;1;1;2;590;18/07/2017
2017050539;1;1;1;1;7;590;23/07/2017
2017050540;1;1;1;1;2;590;27/07/2017
2017050541;1;1;1;1;5;620;28/07/2017
2017050542;1;1;1;1;2;620;28/07/2017
2017050543;1;1;1;1;3;620;30/07/2017
2017050544;1;1;1;1;6;620;05/09/2017
2017050545;1;1;1;1;6;590;09/09/2017
2017050546;3;1;1;8;2;590;15/09/2017
2017050547;1;1;1;1;2;590;23/09/2017
2017050548;1;1;1;1;6;590;23/09/2017
2017050549;2;1;1;1;2;590;28/09/2017
2017050550;2;1;1;1;2;620;04/10/2017
2017050551;1;1;1;1;4;590;05/10/2017
2017050552;5;1;1;2;6;590;07/10/2017
2017050553;4;1;1;1;2;590;15/10/2017
2017050554;1;1;1;1;6;590;19/10/2017
2017050555;1;1;1;8;7;590;20/10/2017
2017050556;3;1;1;1;3;590;22/10/2017
2017050557;1;1;1;1;4;590;25/10/2017
2017050558;1;1;1;8;6;590;26/10/2017
2017050559;2;1;1;1;2;590;27/10/2017
2017050560;1;1;1;1;2;590;28/10/2017
2017050561;1;1;1;1;6;590;29/10/2017
2017050562;2;1;1;8;7;590;05/11/2017
2017050563;3;1;1;1;4;590;08/11/2017
2017050564;3;1;1;9;4;590;09/11/2017
2017050565;3;1;1;1;2;590;09/11/2017
2017050566;1;1;1;1;4;590;13/11/2017
2017050567;3;1;1;9;2;590;15/11/2017
2017050568;3;1;1;3;7;590;29/11/2017
2017050569;1;1;9;1;7;590;06/12/2017
2017050570;5;1;1;1;6;590;10/12/2017
2017050571;1;1;1;8;7;590;21/12/2017
2017050572;3;1;1;8;6;620;18/12/2017
2017050573;2;1;1;1;2;590;17/12/2017
2017050574;1;1;1;1;4;590;18/12/2017
2017050575;3;1;1;1;2;590;23/12/2017
2017050576;2;1;1;1;7;590;24/12/2017
2017050577;3;1;1;1;7;590;26/12/2017
2017050578;3;1;1;1;4;590;28/12/2017
2017050579;5;2;2;1;3;690;01/01/2017
2017050580;1;2;1;1;2;690;01/01/2017
2017050581;5;2;1;1;3;690;01/01/2017
2017050582;5;2;1;1;6;690;04/01/2017
2017050583;1;2;2;2;3;690;05/01/2017
2017050584;1;1;1;2;3;690;05/01/2017
2017050585;2;2;1;2;6;690;05/01/2017
2017050586;5;2;1;9;3;690;05/01/2017
2017050587;1;2;1;1;3;690;06/01/2017
2017050588;1;2;2;1;3;690;06/01/2017
2017050589;1;2;1;1;6;690;06/01/2017
2017050590;2;2;1;1;3;690;06/01/2017
2017050591;5;2;1;1;1;690;06/01/2017
2017050592;1;2;1;1;6;690;07/01/2017
2017050593;1;2;1;1;2;690;07/01/2017
2017050594;1;2;2;1;5;690;08/01/2017
2017050595;1;2;2;1;7;690;11/01/2017
2017050596;1;2;1;1;6;690;11/01/2017
2017050597;5;2;1;1;6;690;05/01/2017
2017050598;1;2;1;1;6;690;12/01/2017
2017050599;1;2;1;1;1;690;11/01/2017
2017050600;1;2;2;1;6;690;12/01/2017
2017050601;5;2;2;2;3;690;12/01/2017
2017050602;4;2;2;1;3;690;12/01/2017
2017050603;5;2;2;1;3;690;12/01/2017
2017050604;1;2;1;1;6;690;13/01/2017
2017050605;5;2;3;1;6;690;14/01/2017
2017050606;5;2;1;1;3;690;16/01/2017
2017050607;1;2;1;4;6;690;16/01/2017
2017050608;1;2;1;1;6;690;12/01/2017
2017050609;1;2;2;1;6;690;16/01/2017
2017050610;3;2;2;1;3;690;15/01/2017
2017050611;1;2;1;9;1;690;18/01/2017
2017050612;1;2;1;1;6;690;18/01/2017
2017050613;1;1;2;1;6;690;19/01/2017
2017050614;1;2;1;1;6;690;20/01/2017
2017050615;1;2;1;1;2;690;20/01/2017
2017050616;5;2;1;1;1;690;20/01/2017
2017050617;1;2;2;1;1;690;21/01/2017
2017050618;1;2;1;1;3;690;21/01/2017
2017050619;1;2;3;1;3;690;24/01/2017
2017050620;5;2;1;1;6;690;24/01/2017
2017050621;2;2;3;1;6;690;25/01/2017
2017050622;5;2;1;1;6;690;26/01/2017
2017050623;5;2;4;1;6;690;27/01/2017
2017050624;5;2;1;9;6;690;27/01/2017
2017050625;5;2;3;1;6;690;29/01/2017
2017050626;5;2;1;2;6;690;30/01/2017
2017050627;5;2;1;1;2;690;01/02/2017
2017050628;1;2;2;1;3;690;01/02/2017
2017050629;1;2;1;1;6;690;01/02/2017
2017050630;1;2;2;1;3;690;01/02/2017
2017050631;1;2;2;1;3;690;02/02/2017
2017050632;1;2;1;1;6;690;24/01/2017
2017050633;1;2;3;1;2;690;02/02/2017
2017050634;5;2;2;8;3;690;02/02/2017
2017050635;5;2;3;3;3;690;03/02/2017
2017050636;5;2;3;1;3;690;03/02/2017
2017050637;5;2;3;2;5;690;03/02/2017
2017050638;5;2;2;2;6;690;05/02/2017
2017050639;1;1;2;1;3;690;04/02/2017
2017050640;5;2;1;1;1;690;05/02/2017
2017050641;1;2;1;1;3;690;06/02/2017
2017050642;5;2;1;8;1;690;06/02/2017
2017050643;1;2;1;2;6;690;07/02/2017
2017050644;2;2;3;1;6;690;07/02/2017
2017050645;5;2;1;8;6;690;08/02/2017
2017050646;5;2;2;1;6;690;08/02/2017
2017050647;5;2;2;2;6;690;09/02/2017
2017050648;1;1;1;1;3;690;10/02/2017
2017050649;5;2;1;2;2;690;09/02/2017
2017050650;1;2;3;1;3;690;11/02/2017
2017050651;5;2;1;2;3;690;12/02/2017
2017050652;1;2;1;1;2;690;14/02/2017
2017050653;5;2;2;1;3;690;14/02/2017
2017050654;5;2;2;1;3;690;06/02/2017
2017050655;2;2;1;1;4;690;17/02/2017
2017050656;5;2;2;1;3;690;17/02/2017
2017050657;3;2;1;1;6;690;26/01/2017
2017050658;1;2;2;1;3;690;19/02/2017
2017050659;1;2;1;1;6;690;19/02/2017
2017050660;2;2;2;1;6;690;20/02/2017
2017050661;5;2;1;1;7;690;21/02/2017
2017050662;1;2;1;1;3;690;21/02/2017
2017050663;1;2;1;1;3;690;22/02/2017
2017050664;1;2;1;1;1;690;22/02/2017
2017050665;1;2;2;1;1;690;22/02/2017
2017050666;1;2;1;1;6;690;22/02/2017
2017050667;5;2;3;1;6;690;25/02/2017
2017050668;1;2;1;1;6;690;28/02/2017
2017050669;5;2;2;1;3;690;02/03/2017
2017050670;1;2;1;1;3;690;02/03/2017
2017050671;1;2;2;1;1;690;03/03/2017
2017050672;1;2;2;3;3;690;06/03/2017
2017050673;1;2;1;2;6;690;06/03/2017
2017050674;1;2;1;1;1;690;07/03/2017
2017050675;1;2;1;1;1;690;07/03/2017
2017050676;1;2;1;1;3;690;08/03/2017
2017050677;5;2;2;1;3;690;08/03/2017
2017050678;1;2;1;1;3;690;10/03/2017
2017050679;1;2;1;1;2;690;10/03/2017
2017050680;1;2;1;1;2;690;11/03/2017
2017050681;5;2;1;1;6;690;13/03/2017
2017050682;1;2;1;1;3;690;10/03/2017
2017050683;5;2;1;1;6;690;13/03/2017
2017050684;1;2;9;1;6;690;14/03/2017
2017050685;5;2;2;1;3;690;12/03/2017
2017050686;1;1;1;7;6;690;15/03/2017
2017050687;1;2;2;1;1;690;15/03/2017
2017050688;5;2;1;1;2;690;15/03/2017
2017050689;5;2;1;1;2;690;21/02/2017
2017050690;5;2;2;1;3;690;16/03/2017
2017050691;5;2;2;1;6;690;16/03/2017
2017050692;1;2;3;7;6;690;17/03/2017
2017050693;5;2;1;1;6;690;17/03/2017
2017050694;5;2;1;1;6;690;18/03/2017
2017050695;1;2;1;8;6;690;18/03/2017
2017050696;1;2;1;1;6;690;20/03/2017
2017050697;1;2;1;1;6;690;23/12/2017
2017050698;1;2;1;1;3;690;04/03/2017
2017050699;1;2;1;1;6;690;20/03/2017
2017050700;5;2;1;1;6;690;20/03/2017
2017050701;1;2;1;1;3;690;21/03/2017
2017050702;5;1;1;1;6;690;20/03/2017
2017050703;1;2;3;1;6;690;21/03/2017
2017050704;1;2;3;1;3;690;22/03/2017
2017050705;1;2;1;1;6;690;23/03/2017
2017050706;5;2;1;2;6;690;23/03/2017
2017050707;5;2;1;2;6;690;24/03/2017
2017050708;5;2;2;3;3;690;23/03/2017
2017050709;1;2;2;1;3;690;24/03/2017
2017050710;5;2;1;1;3;690;25/03/2017
2017050711;5;2;2;2;1;690;25/03/2017
2017050712;1;2;1;1;3;690;26/03/2017
2017050713;1;2;1;1;6;690;27/03/2017
2017050714;1;2;1;1;6;690;28/03/2017
2017050715;1;2;1;1;1;690;26/03/2017
2017050716;1;2;1;7;6;690;30/03/2017
2017050717;1;2;3;1;6;690;30/03/2017
2017050718;1;2;3;1;3;690;14/03/2017
2017050719;1;2;2;1;6;690;30/03/2017
2017050720;1;2;2;1;6;690;30/03/2017
2017050721;1;2;1;1;3;690;30/03/2017
2017050722;1;1;1;1;5;690;31/03/2017
2017050723;1;2;2;1;1;690;31/03/2017
2017050724;1;2;1;1;6;690;31/03/2017
2017050725;1;2;2;1;3;690;01/04/2017
2017050726;1;2;1;1;6;690;03/04/2017
2017050727;1;2;2;1;6;690;28/03/2017
2017050728;1;2;1;1;2;690;03/04/2017
2017050729;5;2;1;1;6;690;04/04/2017
2017050730;1;2;1;1;2;690;04/04/2017
2017050731;1;2;1;1;5;690;03/04/2017
2017050732;1;2;1;1;3;690;04/04/2017
2017050733;1;2;1;1;6;690;05/04/2017
2017050734;1;2;1;1;6;690;05/04/2017
2017050735;1;2;2;1;1;690;05/04/2017
2017050736;1;2;2;1;3;690;05/04/2017
2017050737;5;2;3;1;3;690;05/04/2017
2017050738;1;2;1;1;1;690;07/04/2017
2017050739;1;2;2;1;3;690;07/04/2017
2017050740;5;2;2;1;3;690;08/04/2017
2017050741;5;2;2;1;3;690;09/04/2017
2017050742;1;2;1;1;6;690;09/04/2017
2017050743;1;2;1;1;6;690;10/04/2017
2017050744;1;2;9;1;3;690;11/04/2017
2017050745;1;2;1;1;6;690;11/04/2017
2017050746;1;2;2;1;6;690;12/04/2017
2017050747;1;2;1;1;6;690;12/04/2017
2017050748;1;2;1;1;6;690;12/04/2017
2017050749;1;2;3;1;3;690;12/04/2017
2017050750;1;2;2;1;3;690;13/04/2017
2017050751;1;2;1;1;3;690;13/04/2017
2017050752;1;2;2;1;6;690;14/04/2017
2017050753;1;2;1;1;6;690;14/04/2017
2017050754;5;2;2;1;2;690;14/04/2017
2017050755;1;2;1;1;4;690;15/04/2017
2017050756;1;2;1;1;2;690;16/04/2017
2017050757;1;2;1;1;6;690;17/04/2017
2017050758;1;2;1;1;3;690;17/04/2017
2017050759;1;2;2;1;3;690;19/04/2017
2017050760;1;2;2;1;1;690;19/04/2017
2017050761;1;2;1;1;3;690;19/04/2017
2017050762;1;2;3;1;3;690;20/04/2017
2017050763;1;2;1;1;6;690;20/04/2017
2017050764;1;2;1;1;6;690;20/04/2017
2017050765;5;2;1;1;2;690;21/04/2017
2017050766;5;1;2;1;3;690;21/04/2017
2017050767;1;2;2;1;3;690;21/04/2017
2017050768;1;2;1;1;6;690;22/04/2017
2017050769;1;2;1;1;3;690;24/04/2017
2017050770;1;1;2;1;1;690;24/04/2017
2017050771;1;2;1;1;3;690;24/04/2017
2017050772;1;2;1;1;6;690;24/04/2017
2017050773;5;2;2;1;3;690;25/04/2017
2017050774;1;2;1;2;6;690;25/04/2017
2017050775;5;2;1;1;6;690;25/04/2017
2017050776;1;1;1;1;3;690;27/04/2017
2017050777;1;2;1;1;6;690;28/04/2017
2017050778;1;2;2;1;3;690;28/04/2017
2017050779;1;2;1;2;3;690;27/04/2017
2017050780;1;2;1;1;6;690;29/04/2017
2017050781;1;2;1;1;2;690;29/04/2017
2017050782;1;2;2;1;3;690;30/04/2017
2017050783;1;2;1;2;6;690;02/05/2017
2017050784;1;2;3;2;3;690;02/05/2017
2017050785;1;2;1;1;2;690;03/02/2017
2017050786;1;2;1;2;2;690;02/05/2017
2017050787;2;2;1;2;2;690;03/05/2017
2017050788;1;2;2;1;3;690;04/05/2017
2017050789;1;2;2;1;3;690;05/05/2017
2017050790;5;2;2;1;3;690;06/05/2017
2017050791;5;2;1;1;1;690;06/05/2017
2017050792;1;2;1;2;5;690;06/05/2017
2017050793;1;2;1;2;4;690;06/05/2017
2017050794;1;2;1;1;1;690;05/05/2017
2017050795;5;2;1;1;3;690;05/05/2017
2017050796;1;2;1;1;1;690;08/05/2017
2017050797;1;2;1;1;3;690;08/05/2017
2017050798;1;1;1;1;6;690;04/05/2017
2017050799;1;2;2;7;3;690;09/05/2017
2017050800;1;2;1;1;6;690;10/05/2017
2017050801;1;2;1;1;6;690;10/05/2017
2017050802;1;2;2;2;6;690;11/05/2017
2017050803;1;2;2;2;3;690;12/05/2017
2017050804;1;2;1;1;5;690;12/05/2017
2017050805;5;2;9;2;6;690;12/05/2017
2017050806;1;2;1;2;6;690;13/05/2017
2017050807;1;2;3;2;3;690;13/05/2017
2017050808;2;2;5;1;3;690;14/05/2017
2017050809;1;2;1;1;6;690;14/05/2017
2017050810;3;2;2;1;3;690;13/05/2017
2017050811;1;2;2;1;3;690;15/05/2017
2017050812;1;1;2;1;3;690;16/05/2017
2017050813;1;2;2;1;3;690;16/05/2017
2017050814;1;2;1;1;3;690;16/05/2017
2017050815;5;2;2;1;2;690;17/05/2017
2017050816;1;2;2;1;3;690;17/05/2017
2017050817;5;2;2;3;3;690;19/05/2017
2017050818;1;2;1;1;6;690;17/05/2017
2017050819;1;2;1;8;6;690;19/05/2017
2017050820;1;1;1;1;6;690;20/05/2017
2017050821;1;1;1;1;6;690;20/05/2017
2017050822;1;2;3;1;3;690;21/05/2017
2017050823;1;2;1;1;1;690;22/05/2017
2017050824;1;2;1;1;6;690;22/05/2017
2017050825;1;2;1;1;3;690;23/05/2017
2017050826;1;2;1;1;6;690;23/05/2017
2017050827;1;2;2;1;3;690;23/05/2017
2017050828;1;2;1;1;2;690;23/05/2017
2017050829;1;2;1;1;6;690;24/05/2017
2017050830;1;2;3;1;3;690;24/05/2017
2017050831;1;2;2;1;3;690;25/05/2017
2017050832;1;2;2;1;1;690;26/05/2017
2017050833;1;2;1;1;3;690;26/05/2017
2017050834;1;2;3;1;3;690;27/05/2017
2017050835;5;2;1;1;6;690;27/05/2017
2017050836;1;2;1;1;2;690;29/05/2017
2017050837;1;2;1;1;3;690;29/05/2017
2017050838;1;2;1;1;3;690;29/05/2017
2017050839;5;2;1;1;2;690;30/05/2017
2017050840;1;2;1;1;6;690;30/05/2017
2017050841;5;1;1;1;3;690;30/05/2017
2017050842;1;2;1;1;6;690;31/05/2017
2017050843;1;2;1;1;3;690;31/05/2017
2017050844;1;2;1;1;1;690;31/05/2017
2017050845;1;2;9;1;3;690;01/06/2017
2017050846;1;2;1;1;1;690;01/06/2017
2017050847;2;2;2;2;3;690;01/06/2017
2017050848;5;1;1;1;6;690;02/06/2017
2017050849;5;2;1;2;6;690;02/06/2017
2017050850;1;2;1;1;6;690;03/06/2017
2017050851;1;2;1;1;5;690;03/06/2017
2017050852;1;2;1;2;6;690;03/06/2017
2017050853;1;2;1;1;6;690;02/06/2017
2017050854;2;1;1;3;4;690;03/06/2017
2017050855;2;2;2;1;1;690;04/06/2017
2017050856;1;2;1;1;6;690;02/06/2017
2017050857;1;2;1;1;3;690;05/06/2017
2017050858;1;2;1;1;6;690;05/06/2017
2017050859;1;2;1;2;2;690;06/06/2017
2017050860;5;2;1;1;3;690;28/05/2017
2017050861;1;2;1;1;1;690;07/06/2017
2017050862;1;2;1;1;2;690;07/06/2017
2017050863;1;2;1;1;6;690;07/06/2017
2017050864;1;2;1;1;3;690;07/06/2017
2017050865;5;2;1;1;6;690;08/06/2017
2017050866;1;2;9;1;1;690;08/06/2017
2017050867;1;2;1;1;6;690;08/06/2017
2017050868;1;2;2;1;3;690;08/06/2017
2017050869;1;2;2;1;3;690;23/05/2017
2017050870;1;2;2;1;3;690;09/06/2017
2017050871;1;2;1;1;3;690;09/06/2017
2017050872;5;2;1;1;3;690;10/06/2017
2017050873;1;2;1;1;6;690;08/06/2017
2017050874;1;2;2;1;6;690;10/06/2017
2017050875;5;2;1;1;2;690;11/06/2017
2017050876;1;2;2;1;3;690;11/06/2017
2017050877;1;2;1;1;6;690;12/06/2017
2017050878;3;2;2;2;3;690;14/06/2017
2017050879;1;2;1;2;2;690;14/06/2017
2017050880;1;2;1;1;2;690;14/06/2017
2017050881;1;2;1;1;2;690;15/06/2017
2017050882;1;2;1;1;3;690;15/06/2017
2017050883;1;2;1;2;3;690;15/06/2017
2017050884;1;2;1;2;2;690;15/06/2017
2017050885;5;2;3;1;3;690;17/06/2017
2017050886;1;2;1;1;6;690;13/06/2017
2017050887;1;2;3;1;3;690;20/06/2017