num_acc;lum;agg;inter;atm;col;dep;date
2017050888;5;2;3;1;2;690;20/06/2017
2017050889;2;2;2;1;3;690;21/06/2017
2017050890;1;2;3;7;3;690;21/06/2017
2017050891;5;2;2;1;5;690;21/06/2017
2017050892;1;2;9;1;6;690;15/06/2017
2017050893;1;2;2;1;3;690;22/06/2017
2017050894;1;2;3;1;6;690;22/06/2017
2017050895;1;2;1;1;6;690;23/06/2017
2017050896;1;2;1;1;3;690;17/06/2017
2017050897;1;2;1;1;6;690;24/06/2017
2017050898;1;2;1;1;2;690;24/06/2017
2017050899;5;2;2;3;3;690;27/06/2017
2017050900;5;2;2;1;6;690;29/06/2017
2017050901;1;2;1;1;2;690;29/06/2017
2017050902;5;2;2;1;3;690;30/06/2017
2017050903;5;2;1;1;6;690;30/06/2017
2017050904;1;2;1;1;6;690;30/06/2017
2017050905;1;2;8;1;6;690;01/07/2017
2017050906;5;2;2;1;3;690;01/07/2017
2017050907;1;2;2;1;3;690;02/07/2017
2017050908;1;2;3;1;6;690;03/07/2017
2017050909;1;2;3;1;3;690;04/07/2017
2017050910;1;2;2;1;3;690;04/07/2017
2017050911;1;2;1;1;3;690;04/07/2017
2017050912;1;2;1;1;2;690;04/07/2017
2017050913;1;2;1;1;6;690;05/07/2017
2017050914;1;2;2;1;3;690;05/07/2017
2017050915;1;2;1;1;3;690;06/07/2017
2017050916;1;2;1;1;6;690;06/07/2017
2017050917;1;2;2;1;3;690;06/07/2017
2017050918;1;2;1;1;6;690;07/07/2017
2017050919;2;2;3;1;3;690;07/07/2017
2017050920;3;2;3;1;3;690;07/07/2017
2017050921;1;2;8;1;2;690;10/07/2017
2017050922;1;2;1;3;2;690;10/07/2017
2017050923;1;2;1;1;3;690;10/07/2017
2017050924;1;2;3;1;6;690;07/07/2017
2017050925;1;2;1;1;2;690;13/07/2017
2017050926;1;2;2;1;3;690;13/07/2017
2017050927;1;2;2;1;3;690;13/07/2017
2017050928;1;1;1;1;3;690;13/07/2017
2017050929;1;2;1;1;6;690;11/07/2017
2017050930;2;2;2;1;3;690;14/07/2017
2017050931;5;2;2;1;3;690;15/07/2017
2017050932;1;2;1;1;3;690;17/07/2017
2017050933;5;2;1;1;3;690;09/06/2017
2017050934;1;2;1;1;1;690;18/07/2017
2017050935;1;2;1;1;3;690;18/07/2017
2017050936;1;2;1;1;6;690;18/07/2017
2017050937;1;2;1;1;3;690;19/07/2017
2017050938;1;2;2;1;3;690;19/07/2017
2017050939;1;2;1;1;6;690;04/07/2017
2017050940;1;2;2;1;3;690;19/07/2017
2017050941;1;2;1;1;3;690;19/07/2017
2017050942;1;2;9;1;2;690;19/07/2017
2017050943;1;2;1;1;6;690;20/07/2017
2017050944;1;2;1;1;3;690;20/07/2017
2017050945;2;2;1;8;3;690;20/07/2017
2017050946;1;2;1;1;3;690;21/07/2017
2017050947;1;2;1;1;3;690;21/07/2017
2017050948;1;2;1;1;6;690;21/07/2017
2017050949;1;2;1;1;4;690;24/07/2017
2017050950;1;2;1;1;6;690;25/07/2017
2017050951;1;2;1;1;6;690;23/07/2017
2017050952;1;2;9;1;3;690;27/07/2017
2017050953;1;2;9;1;3;690;27/07/2017
2017050954;1;2;1;1;3;690;28/07/2017
2017050955;1;2;1;1;2;690;28/07/2017
2017050956;2;2;3;1;3;690;28/07/2017
2017050957;1;2;3;1;3;690;29/07/2017
2017050958;1;2;3;1;3;690;30/07/2017
2017050959;1;2;2;1;3;690;01/08/2017
2017050960;1;2;1;1;3;690;01/08/2017
2017050961;1;2;1;7;3;690;01/08/2017
2017050962;1;2;1;1;3;690;02/08/2017
2017050963;1;2;2;1;3;690;03/08/2017
2017050964;1;2;2;1;3;690;03/08/2017
2017050965;1;2;1;1;3;690;03/08/2017
2017050966;1;2;1;3;4;690;03/08/2017
2017050967;1;2;4;1;1;690;03/08/2017
2017050968;1;2;9;1;6;690;03/08/2017
2017050969;5;2;1;1;6;690;29/07/2017
2017050970;1;2;2;1;3;690;05/08/2017
2017050971;1;2;1;1;3;690;06/08/2017
2017050972;1;2;1;1;6;690;07/08/2017
2017050973;5;1;1;1;1;690;08/08/2017
2017050974;1;2;3;8;5;690;08/08/2017
2017050975;1;2;1;1;3;690;10/08/2017
2017050976;1;2;1;1;6;690;11/08/2017
2017050977;1;2;2;1;3;690;12/08/2017
2017050978;5;2;2;1;1;690;12/08/2017
2017050979;1;2;2;1;3;690;13/08/2017
2017050980;5;2;2;1;1;690;14/08/2017
2017050981;1;2;3;1;1;690;15/08/2017
2017050982;1;2;1;1;3;690;16/08/2017
2017050983;1;2;1;1;6;690;17/08/2017
2017050984;2;2;2;1;3;690;17/08/2017
2017050985;1;2;1;1;3;690;17/08/2017
2017050986;1;2;4;1;3;690;18/08/2017
2017050987;5;2;1;1;3;690;18/08/2017
2017050988;1;2;1;1;6;690;16/08/2017
2017050989;1;2;1;1;2;690;21/08/2017
2017050990;1;2;1;1;6;690;21/08/2017
2017050991;1;2;1;1;6;690;18/08/2017
2017050992;1;2;2;1;6;690;22/08/2017
2017050993;1;2;3;1;5;690;22/08/2017
2017050994;2;2;1;1;6;690;24/08/2017
2017050995;5;2;1;1;2;690;24/08/2017
2017050996;1;2;1;1;6;690;25/08/2017
2017050997;5;2;2;1;3;690;25/08/2017
2017050998;5;2;2;1;3;690;26/08/2017
2017050999;1;2;1;1;3;690;26/08/2017
2017051000;1;2;1;1;3;690;27/08/2017
2017051001;1;2;9;1;2;690;28/08/2017
2017051002;1;2;1;1;4;690;29/08/2017
2017051003;1;2;1;1;6;690;29/08/2017
2017051004;1;2;1;1;6;690;29/08/2017
2017051005;2;2;2;1;3;690;29/08/2017
2017051006;1;2;3;1;3;690;30/08/2017
2017051007;1;1;1;2;2;690;31/08/2017
2017051008;1;2;2;1;3;690;01/09/2017
2017051009;1;2;3;1;3;690;01/09/2017
2017051010;5;2;2;1;3;690;01/09/2017
2017051011;1;2;1;1;1;690;02/09/2017
2017051012;5;2;1;1;6;690;03/09/2017
2017051013;1;2;3;1;6;690;03/09/2017
2017051014;1;2;1;1;6;690;04/09/2017
2017051015;5;2;2;1;3;690;05/09/2017
2017051016;5;2;1;1;7;690;05/09/2017
2017051017;1;2;2;1;3;690;05/09/2017
2017051018;5;2;1;1;6;690;05/09/2017
2017051019;5;2;1;1;6;690;06/09/2017
2017051020;1;2;1;1;3;690;07/09/2017
2017051021;1;2;2;1;3;690;08/09/2017
2017051022;1;2;1;1;6;690;08/09/2017
2017051023;1;1;9;2;1;690;09/09/2017
2017051024;4;2;9;8;3;690;11/09/2017
2017051025;1;2;2;1;3;690;11/09/2017
2017051026;5;2;3;1;3;690;12/09/2017
2017051027;1;2;3;1;3;690;15/09/2017
2017051028;1;2;1;1;6;690;15/09/2017
2017051029;1;2;1;1;3;690;15/09/2017
2017051030;2;2;3;1;3;690;17/09/2017
2017051031;1;1;1;1;4;690;18/09/2017
2017051032;1;2;8;1;3;690;18/09/2017
2017051033;5;1;3;1;3;690;19/09/2017
2017051034;1;2;1;1;6;690;19/09/2017
2017051035;1;2;1;1;6;690;19/09/2017
2017051036;1;2;1;1;3;690;18/09/2017
2017051037;1;2;2;2;3;690;19/09/2017
2017051038;1;2;1;1;6;690;19/09/2017
2017051039;1;2;1;1;6;690;20/09/2017
2017051040;5;2;1;1;1;690;08/09/2017
2017051041;1;2;2;1;6;690;21/09/2017
2017051042;1;2;1;1;6;690;21/09/2017
2017051043;1;2;3;1;3;690;22/09/2017
2017051044;5;2;1;1;6;690;22/09/2017
2017051045;1;2;2;1;3;690;23/09/2017
2017051046;1;2;9;1;6;690;23/09/2017
2017051047;5;2;2;1;3;690;24/09/2017
2017051048;1;2;2;1;6;690;24/09/2017
2017051049;1;2;2;1;3;690;25/09/2017
2017051050;2;2;3;2;3;690;25/09/2017
2017051051;1;2;1;1;7;690;25/09/2017
2017051052;1;2;1;1;3;690;26/09/2017
2017051053;1;2;2;3;6;690;25/09/2017
2017051054;1;2;2;1;3;690;26/09/2017
2017051055;1;2;1;1;6;690;26/09/2017
2017051056;1;2;1;1;3;690;27/09/2017
2017051057;1;2;1;1;6;690;27/09/2017
2017051058;1;2;1;1;3;690;27/09/2017
2017051059;1;2;2;1;3;690;28/09/2017
2017051060;1;2;1;1;6;690;28/09/2017
2017051061;5;2;2;1;5;690;29/09/2017
2017051062;1;2;1;1;6;690;29/09/2017
2017051063;1;2;4;1;3;690;29/09/2017
2017051064;1;2;1;1;2;690;29/09/2017
2017051065;1;2;1;1;6;690;29/09/2017
2017051066;2;2;1;1;2;690;29/09/2017
2017051067;5;2;1;1;7;690;29/09/2017
2017051068;1;2;2;1;3;690;25/09/2017
2017051069;1;2;3;2;3;690;30/09/2017
2017051070;5;2;2;1;3;690;01/10/2017
2017051071;2;2;1;1;6;690;02/10/2017
2017051072;1;2;1;2;6;690;03/10/2017
2017051073;1;2;1;1;6;690;03/10/2017
2017051074;1;2;1;1;3;690;03/10/2017
2017051075;1;2;2;1;3;690;01/10/2017
2017051076;1;2;1;1;6;690;04/10/2017
2017051077;1;2;1;1;3;690;04/10/2017
2017051078;1;2;3;1;3;690;04/10/2017
2017051079;5;2;1;1;3;690;04/10/2017
2017051080;2;2;3;1;3;690;05/10/2017
2017051081;1;2;1;1;7;690;05/10/2017
2017051082;1;2;2;1;6;690;05/10/2017
2017051083;1;2;1;1;6;690;05/10/2017
2017051084;1;2;1;1;3;690;06/10/2017
2017051085;1;2;1;1;6;690;07/10/2017
2017051086;5;2;7;1;7;690;08/10/2017
2017051087;1;2;1;1;6;690;08/10/2017
2017051088;1;2;2;1;3;690;09/10/2017
2017051089;1;2;1;1;4;690;01/10/2017
2017051090;1;2;1;7;6;690;10/10/2017
2017051091;1;2;3;1;3;690;10/10/2017
2017051092;1;2;2;1;3;690;10/10/2017
2017051093;5;2;1;1;3;690;10/10/2017
2017051094;1;2;2;1;7;690;11/10/2017
2017051095;1;2;1;1;6;690;11/10/2017
2017051096;1;2;2;1;1;690;11/10/2017
2017051097;1;2;9;1;3;690;11/10/2017
2017051098;1;2;3;1;1;690;12/10/2017
2017051099;1;2;2;1;1;690;13/10/2017
2017051100;5;2;1;1;3;690;13/10/2017
2017051101;1;2;2;1;3;690;14/10/2017
2017051102;1;2;2;1;3;690;14/10/2017
2017051103;1;2;2;1;6;690;15/10/2017
2017051104;1;2;1;1;3;690;15/10/2017
2017051105;5;2;1;1;2;690;15/10/2017
2017051106;1;2;1;1;4;690;17/10/2017
2017051107;5;2;2;1;3;690;17/10/2017
2017051108;5;1;2;1;6;690;19/10/2017
2017051109;1;2;1;1;6;690;19/10/2017
2017051110;1;2;3;1;3;690;19/10/2017
2017051111;1;2;1;1;3;690;19/10/2017
2017051112;5;2;1;1;6;690;20/10/2017
2017051113;1;2;1;1;1;690;20/10/2017
2017051114;1;2;1;1;3;690;20/10/2017
2017051115;1;2;1;1;6;690;20/10/2017
2017051116;5;2;1;1;2;690;21/10/2017
2017051117;5;2;2;1;3;690;21/10/2017
2017051118;5;2;1;1;3;690;16/10/2017
2017051119;5;2;2;1;6;690;23/10/2017
2017051120;1;2;2;1;3;690;25/10/2017
2017051121;1;2;2;1;6;690;26/10/2017
2017051122;1;2;1;1;6;690;26/10/2017
2017051123;5;2;2;1;3;690;27/10/2017
2017051124;5;2;2;1;3;690;27/10/2017
2017051125;3;2;1;1;4;690;25/10/2017
2017051126;2;1;1;2;6;690;27/10/2017
2017051127;1;2;1;1;6;690;28/10/2017
2017051128;1;2;2;1;3;690;28/10/2017
2017051129;1;2;2;1;6;690;28/10/2017
2017051130;5;2;1;1;6;690;30/10/2017
2017051131;5;2;1;1;6;690;30/10/2017
2017051132;1;2;1;1;6;690;31/10/2017
2017051133;1;2;1;1;6;690;31/10/2017
2017051134;1;2;1;1;6;690;31/10/2017
2017051135;5;2;1;1;6;690;31/10/2017
2017051136;5;2;1;1;6;690;01/11/2017
2017051137;1;2;1;1;2;690;01/11/2017
2017051138;1;2;2;1;6;690;02/11/2017
2017051139;5;2;2;1;3;690;02/11/2017
2017051140;1;2;1;5;7;690;03/11/2017
2017051141;1;2;1;1;3;690;03/11/2017
2017051142;3;2;1;1;6;690;03/11/2017
2017051143;1;2;1;1;6;690;03/11/2017
2017051144;5;2;2;1;3;690;03/11/2017
2017051145;5;2;1;1;3;690;03/11/2017
2017051146;5;2;1;2;6;690;04/11/2017
2017051147;5;2;1;2;2;690;04/11/2017
2017051148;1;2;1;1;2;690;06/11/2017
2017051149;1;2;1;1;2;690;06/11/2017
2017051150;5;2;5;1;3;690;06/11/2017
2017051151;5;2;2;2;3;690;07/11/2017
2017051152;1;2;1;1;7;690;08/11/2017
2017051153;5;2;9;2;3;690;08/11/2017
2017051154;1;2;1;1;6;690;10/11/2017
2017051155;2;2;9;1;3;690;10/11/2017
2017051156;1;2;2;8;2;690;10/11/2017
2017051157;1;2;1;2;6;690;11/11/2017
2017051158;1;2;1;2;6;690;11/11/2017
2017051159;5;2;1;8;3;690;12/11/2017
2017051160;5;2;2;8;3;690;12/11/2017
2017051161;1;2;3;8;3;690;12/11/2017
2017051162;5;2;1;3;3;690;12/11/2017
2017051163;5;2;1;3;6;690;12/11/2017
2017051164;1;2;2;1;3;690;27/10/2017
2017051165;1;2;1;1;3;690;14/11/2017
2017051166;1;2;3;1;7;690;14/11/2017
2017051167;1;2;1;1;6;690;08/11/2017
2017051168;1;2;4;8;3;690;14/11/2017
2017051169;5;2;2;1;3;690;14/11/2017
2017051170;1;2;1;1;6;690;15/11/2017
2017051171;2;2;3;1;3;690;16/11/2017
2017051172;5;2;2;1;3;690;12/11/2017
2017051173;5;2;2;1;3;690;04/11/2017
2017051174;5;2;2;8;6;690;12/11/2017
2017051175;5;2;1;1;6;690;16/11/2017
2017051176;5;2;1;1;6;690;16/11/2017
2017051177;5;2;1;1;3;690;16/11/2017
2017051178;1;2;1;1;3;690;17/11/2017
2017051179;1;2;3;1;1;690;17/11/2017
2017051180;1;2;1;1;7;690;17/11/2017
2017051181;5;2;1;1;6;690;17/11/2017
2017051182;1;2;1;1;3;690;18/11/2017
2017051183;1;2;3;7;6;690;18/11/2017
2017051184;1;2;2;2;3;690;19/11/2017
2017051185;1;2;1;1;7;690;20/11/2017
2017051186;1;2;1;1;2;690;21/11/2017
2017051187;1;2;1;1;3;690;21/11/2017
2017051188;1;2;1;1;3;690;22/11/2017
2017051189;1;2;1;1;7;690;22/11/2017
2017051190;5;2;2;1;6;690;22/11/2017
2017051191;1;2;3;1;6;690;23/11/2017
2017051192;1;2;1;1;7;690;23/11/2017
2017051193;2;2;1;1;3;690;23/11/2017
2017051194;5;2;1;1;6;690;23/11/2017
2017051195;5;2;1;2;3;690;24/11/2017
2017051196;5;2;1;1;1;690;24/11/2017
2017051197;5;2;1;1;6;690;25/11/2017
2017051198;5;2;1;1;7;690;12/11/2017
2017051199;1;2;2;2;6;690;25/11/2017
2017051200;1;2;6;1;3;690;25/11/2017
2017051201;1;2;2;6;3;690;23/11/2017
2017051202;1;2;3;1;3;690;25/11/2017
2017051203;5;2;2;1;6;690;26/11/2017
2017051204;5;2;1;1;6;690;26/11/2017
2017051205;1;2;1;1;6;690;27/11/2017
2017051206;5;2;2;1;3;690;27/11/2017
2017051207;1;2;1;1;3;690;28/11/2017
2017051208;5;2;1;2;2;690;28/11/2017
2017051209;5;2;1;2;6;690;28/11/2017
2017051210;5;2;1;2;2;690;28/11/2017
2017051211;5;2;2;1;3;690;26/11/2017
2017051212;5;2;1;1;3;690;29/11/2017
2017051213;2;2;4;8;2;690;30/11/2017
2017051214;1;2;2;1;6;690;30/11/2017
2017051215;1;2;1;1;6;690;01/12/2017
2017051216;1;2;1;1;6;690;01/12/2017
2017051217;5;2;1;1;6;690;03/12/2017
2017051218;1;2;2;1;3;690;04/12/2017
2017051219;5;2;1;1;7;690;06/12/2017
2017051220;1;2;2;1;6;690;06/12/2017
2017051221;5;2;1;1;6;690;06/12/2017
2017051222;1;2;1;1;6;690;07/12/2017
2017051223;5;2;3;1;1;690;07/12/2017
2017051224;5;2;1;1;6;690;07/12/2017
2017051225;1;2;3;1;3;690;08/12/2017
2017051226;5;2;9;2;3;690;08/12/2017
2017051227;1;2;2;2;6;690;08/12/2017
2017051228;5;2;1;2;1;690;08/12/2017
2017051229;5;2;2;8;6;690;09/12/2017
2017051230;5;2;1;1;3;690;09/12/2017
2017051231;1;2;2;1;3;690;09/12/2017
2017051232;5;2;1;2;6;690;10/12/2017
2017051233;5;2;1;8;6;690;11/12/2017
2017051234;1;2;1;2;6;690;12/12/2017
2017051235;5;2;1;1;6;690;12/12/2017
2017051236;5;2;2;1;3;690;12/12/2017
2017051237;5;2;4;2;6;690;10/12/2017
2017051238;5;2;1;8;3;690;10/12/2017
2017051239;2;2;1;1;6;690;01/12/2017
2017051240;1;2;1;1;2;690;08/12/2017
2017051241;1;2;1;2;2;690;14/12/2017
2017051242;1;2;2;1;3;690;16/12/2017
2017051243;1;2;1;1;2;690;16/12/2017
2017051244;1;2;2;2;7;690;16/12/2017
2017051245;5;2;2;2;3;690;16/12/2017
2017051246;2;2;2;2;3;690;17/12/2017
2017051247;2;2;3;2;3;690;17/12/2017
2017051248;1;2;1;2;6;690;17/12/2017
2017051249;5;2;1;2;6;690;14/12/2017
2017051250;5;2;1;2;6;690;18/12/2017
2017051251;5;2;3;1;5;690;19/12/2017
2017051252;1;2;1;1;6;690;19/12/2017
2017051253;5;2;1;1;3;690;19/12/2017
2017051254;5;2;1;8;6;690;19/12/2017
2017051255;2;2;9;1;6;690;20/12/2017
2017051256;5;2;3;2;3;690;20/12/2017
2017051257;5;2;2;2;3;690;20/12/2017
2017051258;5;2;2;2;2;690;21/12/2017
2017051259;1;1;9;1;2;690;22/12/2017
2017051260;5;2;1;1;6;690;23/12/2017
2017051261;1;2;3;1;6;690;26/12/2017
2017051262;1;2;2;1;3;690;26/12/2017
2017051263;5;2;1;1;6;690;27/12/2017
2017051264;1;2;1;1;7;690;28/12/2017
2017051265;5;2;9;2;6;690;28/12/2017
2017051266;5;2;2;1;3;690;29/12/2017
2017051267;1;2;3;3;5;690;30/12/2017
2017051268;1;2;2;2;6;690;30/12/2017
2017051269;1;2;1;2;6;690;30/12/2017
2017051270;5;2;1;1;6;690;31/12/2017
2017051271;5;2;1;2;2;690;30/12/2017
2017051272;3;1;1;1;7;330;01/01/2017
2017051273;5;1;1;1;4;330;05/01/2017
2017051274;3;1;1;1;3;330;05/01/2017
2017051275;2;1;1;1;6;330;06/01/2017
2017051276;1;1;1;1;5;330;07/01/2017
2017051277;5;1;1;1;3;330;07/01/2017
2017051278;1;1;1;2;3;330;10/01/2017
2017051279;2;1;1;2;4;330;12/01/2017
2017051280;5;1;1;1;4;330;13/01/2017
2017051281;1;1;1;1;2;330;16/01/2017
2017051282;2;1;1;1;5;330;19/01/2017
2017051283;1;1;1;1;3;330;19/01/2017
2017051284;1;1;1;1;3;330;20/01/2017
2017051285;1;1;1;1;4;330;21/01/2017
2017051286;1;1;1;1;4;330;23/01/2017
2017051287;3;1;1;1;6;330;27/01/2017
2017051288;1;1;1;2;3;330;30/01/2017
2017051289;1;1;1;2;2;330;31/01/2017
2017051290;1;1;1;2;4;330;02/02/2017
2017051291;1;1;1;2;2;330;06/02/2017
2017051292;5;1;1;2;2;330;06/02/2017
2017051293;1;1;1;2;3;330;07/02/2017
2017051294;5;1;1;2;6;330;07/02/2017
2017051295;1;1;1;1;6;330;09/02/2017
2017051296;2;1;1;1;4;330;14/02/2017
2017051297;1;1;1;1;4;330;14/02/2017
2017051298;1;1;1;1;2;330;15/02/2017
2017051299;1;1;1;1;2;330;16/02/2017
2017051300;1;1;1;1;3;330;17/02/2017
2017051301;1;1;1;1;4;330;20/02/2017
2017051302;1;1;1;1;2;330;20/02/2017
2017051303;1;1;1;1;6;330;22/02/2017
2017051304;5;1;1;1;3;330;24/02/2017
2017051305;1;1;1;1;4;330;03/03/2017
2017051306;1;1;1;3;2;330;07/03/2017
2017051307;2;1;1;1;3;330;10/03/2017
2017051308;5;1;1;1;2;330;10/03/2017
2017051309;1;1;1;1;2;330;11/03/2017
2017051310;1;1;1;1;4;330;14/03/2017
2017051311;1;1;1;1;3;330;15/03/2017
2017051312;1;1;1;1;5;330;15/03/2017
2017051313;1;1;1;1;2;330;15/03/2017
2017051314;1;1;1;1;3;330;15/03/2017
2017051315;1;1;1;1;3;330;17/03/2017
2017051316;1;1;1;1;2;330;19/03/2017
2017051317;1;1;1;2;3;330;20/03/2017
2017051318;1;1;1;2;2;330;23/03/2017
2017051319;1;1;1;1;3;330;30/03/2017
2017051320;1;1;1;1;2;330;31/03/2017
2017051321;1;1;1;1;5;330;04/04/2017
2017051322;1;1;1;1;2;330;05/04/2017
2017051323;1;1;1;1;4;330;06/04/2017
2017051324;1;1;1;1;5;330;07/04/2017
2017051325;1;1;1;1;6;330;07/04/2017
2017051326;1;1;1;1;5;330;11/04/2017
2017051327;1;1;1;1;4;330;11/04/2017
2017051328;1;1;1;1;3;330;12/04/2017
2017051329;5;1;1;1;6;330;13/04/2017
2017051330;1;1;1;1;4;330;13/04/2017
2017051331;1;1;1;1;2;330;13/04/2017
2017051332;1;1;1;1;2;330;14/04/2017
2017051333;1;1;1;1;2;330;07/04/2017
2017051334;1;1;1;1;2;330;15/04/2017
2017051335;1;1;1;1;6;330;16/04/2017
2017051336;1;1;1;1;3;330;18/04/2017
2017051337;1;1;1;1;2;330;20/04/2017
2017051338;1;1;1;1;4;330;22/04/2017
2017051339;1;1;1;1;3;330;22/04/2017
2017051340;1;1;1;1;2;330;23/04/2017
2017051341;1;1;1;1;5;330;26/04/2017
2017051342;1;1;1;1;6;330;26/04/2017
2017051343;1;1;1;1;4;330;26/04/2017
2017051344;1;1;1;1;2;330;26/04/2017
2017051345;1;1;1;1;4;330;26/04/2017
2017051346;5;1;1;1;2;330;27/04/2017
2017051347;1;1;1;1;5;330;28/04/2017
2017051348;1;1;1;1;2;330;09/05/2017
2017051349;1;1;1;2;2;330;11/05/2017
2017051350;3;1;1;1;2;330;12/05/2017
2017051351;1;1;1;1;3;330;11/05/2017
2017051352;1;1;1;2;4;330;17/05/2017
2017051353;1;1;1;1;2;330;17/05/2017
2017051354;1;1;1;3;2;330;18/05/2017
2017051355;1;1;1;3;7;330;18/05/2017
2017051356;5;1;1;1;6;330;21/05/2017
2017051357;4;1;1;1;2;330;22/05/2017
2017051358;1;1;1;1;3;330;24/05/2017
2017051359;1;1;1;1;3;330;24/05/2017
2017051360;1;1;1;1;3;330;24/05/2017
2017051361;1;1;1;1;2;330;25/05/2017
2017051362;1;1;1;1;4;330;01/06/2017
2017051363;1;1;1;1;6;330;02/06/2017
2017051364;1;1;1;1;4;330;02/06/2017
2017051365;1;1;1;3;4;330;03/06/2017
2017051366;1;1;1;8;2;330;06/06/2017
2017051367;1;1;1;1;4;330;06/06/2017
2017051368;1;1;1;1;4;330;06/06/2017
2017051369;1;1;1;1;4;330;10/06/2017
2017051370;1;1;1;1;3;330;13/06/2017
2017051371;1;1;1;1;2;330;12/06/2017
2017051372;1;1;1;1;7;330;16/06/2017
2017051373;1;1;1;1;3;330;13/06/2017
2017051374;1;1;1;1;3;330;13/06/2017
2017051375;1;1;1;2;5;330;14/06/2017
2017051376;1;1;1;3;5;330;14/06/2017
2017051377;1;1;1;1;6;330;19/06/2017
2017051378;1;1;1;1;3;330;19/06/2017
2017051379;1;1;1;1;2;330;14/06/2017
2017051380;1;1;1;1;3;330;19/06/2017
2017051381;1;1;1;1;2;330;23/06/2017
2017051382;1;1;1;1;5;330;24/06/2017
2017051383;1;1;1;1;2;330;25/06/2017
2017051384;1;1;1;1;2;330;27/06/2017
2017051385;1;1;1;2;7;330;29/06/2017
2017051386;1;1;1;3;4;330;29/06/2017
2017051387;2;1;1;2;3;330;30/06/2017
2017051388;1;1;1;2;4;330;30/06/2017
2017051389;1;1;1;1;2;330;01/07/2017
2017051390;5;1;1;1;2;330;02/07/2017
2017051391;1;1;1;1;1;330;04/07/2017
2017051392;1;1;1;1;4;330;06/07/2017
2017051393;1;1;1;1;6;330;07/07/2017
2017051394;1;1;1;1;4;330;07/07/2017
2017051395;1;1;1;1;6;330;07/07/2017
2017051396;1;1;1;1;3;330;11/07/2017
2017051397;1;1;1;1;5;330;13/07/2017
2017051398;1;1;1;1;3;330;15/07/2017
2017051399;1;1;1;1;4;330;16/07/2017
2017051400;1;1;1;1;3;330;20/07/2017
2017051401;1;1;9;1;6;330;21/07/2017
2017051402;1;1;1;1;3;330;24/07/2017
2017051403;1;1;1;1;4;330;24/07/2017
2017051404;1;1;1;2;2;330;26/07/2017
2017051405;1;1;1;1;6;330;28/07/2017
2017051406;1;1;1;1;4;330;28/07/2017
2017051407;1;1;1;1;4;330;28/07/2017
2017051408;1;1;1;1;2;330;29/07/2017
2017051409;1;1;1;1;2;330;31/07/2017
2017051410;1;1;1;1;3;330;02/08/2017
2017051411;1;1;1;1;3;330;02/08/2017
2017051412;1;1;9;1;4;330;04/08/2017
2017051413;1;1;1;1;3;330;07/08/2017
2017051414;1;1;1;1;4;330;07/08/2017
2017051415;5;1;1;2;6;330;08/08/2017
2017051416;1;1;1;1;4;330;11/08/2017
2017051417;1;1;1;1;4;330;14/08/2017
2017051418;1;1;1;1;3;330;14/08/2017
2017051419;1;1;1;1;5;330;16/08/2017
2017051420;2;1;1;1;6;330;20/08/2017
2017051421;3;1;1;1;6;330;23/08/2017
2017051422;1;1;1;1;6;330;23/08/2017
2017051423;3;1;1;1;6;330;24/08/2017
2017051424;1;1;1;1;5;330;25/08/2017
2017051425;1;1;1;1;6;330;26/08/2017
2017051426;2;1;1;2;3;330;29/08/2017
2017051427;1;1;1;1;2;330;31/08/2017
2017051428;2;1;1;8;4;330;04/09/2017
2017051429;1;1;1;1;6;330;05/09/2017
2017051430;1;1;1;1;7;330;07/09/2017
2017051431;1;1;1;1;3;330;07/09/2017
2017051432;1;1;1;1;4;330;08/09/2017
2017051433;1;1;1;1;4;330;11/09/2017
2017051434;1;1;1;1;5;330;11/09/2017
2017051435;1;1;1;1;5;330;12/09/2017
2017051436;1;1;1;1;3;330;12/09/2017
2017051437;1;1;1;1;2;330;12/09/2017
2017051438;1;1;1;3;2;330;13/09/2017
2017051439;1;1;1;2;2;330;14/09/2017
2017051440;1;1;1;1;2;330;14/09/2017
2017051441;3;1;1;1;3;330;16/09/2017
2017051442;1;1;1;8;6;330;17/09/2017
2017051443;1;1;1;1;3;330;18/09/2017
2017051444;1;1;1;1;4;330;20/09/2017
2017051445;1;1;1;1;3;330;21/09/2017
2017051446;1;1;1;1;2;330;22/09/2017
2017051447;1;1;1;8;7;330;25/09/2017
2017051448;1;1;1;1;3;330;27/09/2017
2017051449;2;1;1;1;5;330;29/09/2017
2017051450;1;1;1;1;3;330;29/09/2017
2017051451;1;1;1;1;6;330;29/09/2017
2017051452;1;1;1;1;3;330;29/09/2017
2017051453;1;1;1;1;6;330;30/09/2017
2017051454;5;1;1;2;5;330;01/10/2017
2017051455;5;1;1;2;6;330;02/10/2017
2017051456;1;1;1;2;6;330;02/10/2017
2017051457;2;1;1;1;7;330;05/10/2017
2017051458;2;1;1;1;6;330;06/10/2017
2017051459;4;1;1;1;7;330;06/10/2017
2017051460;1;1;1;1;5;330;10/10/2017
2017051461;3;1;1;1;2;330;11/10/2017
2017051462;5;1;1;5;3;330;12/10/2017
2017051463;1;1;1;1;4;330;12/10/2017
2017051464;1;1;1;1;3;330;12/10/2017
2017051465;1;1;1;1;2;330;13/10/2017