num_acc;lum;agg;inter;atm;col;dep;date
2017051466;1;1;1;1;6;330;13/10/2017
2017051467;5;1;1;1;3;330;17/10/2017
2017051468;2;1;1;1;4;330;20/10/2017
2017051469;5;1;1;1;4;330;20/10/2017
2017051470;5;1;1;1;6;330;20/10/2017
2017051471;5;1;1;2;2;330;21/10/2017
2017051472;4;1;1;1;5;330;24/10/2017
2017051473;3;1;1;1;3;330;25/10/2017
2017051474;5;1;1;1;2;330;25/10/2017
2017051475;1;1;1;1;5;330;25/10/2017
2017051476;1;1;1;1;2;330;26/10/2017
2017051477;1;1;1;1;2;330;27/10/2017
2017051478;3;1;1;1;3;330;27/10/2017
2017051479;4;1;1;1;2;330;30/10/2017
2017051480;5;1;1;1;3;330;04/11/2017
2017051481;5;1;1;1;3;330;04/11/2017
2017051482;5;1;1;2;5;330;05/11/2017
2017051483;5;1;1;9;5;330;05/11/2017
2017051484;3;1;1;1;2;330;07/11/2017
2017051485;2;1;1;8;2;330;08/11/2017
2017051486;1;1;1;1;6;330;08/11/2017
2017051487;5;1;1;1;3;330;09/11/2017
2017051488;3;1;1;1;6;330;10/11/2017
2017051489;2;1;1;8;6;330;10/11/2017
2017051490;3;1;1;2;2;330;11/11/2017
2017051491;1;1;1;1;6;330;11/11/2017
2017051492;2;1;1;2;7;330;12/11/2017
2017051493;5;1;1;1;3;330;13/11/2017
2017051494;1;1;1;1;6;330;14/11/2017
2017051495;1;1;1;1;2;330;14/11/2017
2017051496;5;1;1;1;6;330;15/11/2017
2017051497;3;1;1;1;2;330;16/11/2017
2017051498;2;1;1;1;2;330;16/11/2017
2017051499;3;1;1;1;7;330;16/11/2017
2017051500;5;1;1;1;7;330;17/11/2017
2017051501;1;1;1;1;4;330;17/11/2017
2017051502;5;1;1;1;2;330;17/11/2017
2017051503;5;1;1;1;6;330;17/11/2017
2017051504;4;1;1;1;7;330;19/11/2017
2017051505;1;1;1;5;6;330;19/11/2017
2017051506;5;1;1;5;6;330;21/11/2017
2017051507;1;1;1;1;5;330;22/11/2017
2017051508;1;1;1;1;3;330;08/11/2017
2017051509;3;1;1;1;2;330;23/11/2017
2017051510;3;1;1;2;6;330;25/11/2017
2017051511;5;1;1;1;5;330;27/11/2017
2017051512;2;1;1;1;6;330;27/11/2017
2017051513;5;1;1;1;7;330;27/11/2017
2017051514;2;1;1;1;4;330;28/11/2017
2017051515;5;1;1;2;5;330;28/11/2017
2017051516;5;1;1;1;6;330;30/11/2017
2017051517;2;1;1;1;3;330;30/11/2017
2017051518;1;1;1;5;5;330;30/11/2017
2017051519;1;1;1;1;2;330;01/12/2017
2017051520;3;1;1;1;2;330;01/12/2017
2017051521;5;1;1;5;4;330;03/12/2017
2017051522;1;1;1;1;2;330;08/12/2017
2017051523;5;1;1;1;2;330;18/11/2017
2017051524;5;1;1;2;5;330;13/12/2017
2017051525;5;1;1;2;5;330;15/12/2017
2017051526;3;1;1;1;2;330;17/12/2017
2017051527;2;1;1;1;6;330;17/12/2017
2017051528;1;1;1;2;3;330;18/12/2017
2017051529;5;1;1;1;3;330;20/12/2017
2017051530;2;1;1;1;3;330;22/12/2017
2017051531;1;1;1;8;4;330;22/12/2017
2017051532;5;1;1;1;4;330;22/12/2017
2017051533;5;1;1;1;4;330;22/12/2017
2017051534;3;1;1;8;4;330;21/12/2017
2017051535;5;1;1;1;2;330;23/12/2017
2017051536;1;1;1;2;2;330;26/12/2017
2017051537;4;1;1;2;2;330;26/12/2017
2017051538;2;1;1;2;4;330;28/12/2017
2017051539;1;1;1;1;6;330;29/12/2017
2017051540;1;1;1;8;2;670;05/01/2017
2017051541;1;1;1;1;4;670;06/01/2017
2017051542;1;1;1;1;4;670;11/01/2017
2017051543;1;1;1;1;4;670;11/01/2017
2017051544;1;1;1;8;4;670;23/01/2017
2017051545;2;1;1;8;7;670;07/02/2017
2017051546;3;1;1;1;7;670;13/02/2017
2017051547;3;1;1;1;2;670;13/02/2017
2017051548;1;1;1;1;2;670;22/02/2017
2017051549;1;1;1;1;6;670;24/02/2017
2017051550;1;1;1;1;1;670;03/03/2017
2017051551;1;1;1;1;2;670;03/03/2017
2017051552;1;1;1;2;2;670;09/03/2017
2017051553;2;1;1;1;4;670;09/03/2017
2017051554;1;1;1;1;2;670;16/03/2017
2017051555;1;1;1;8;2;670;21/03/2017
2017051556;1;1;1;1;3;670;16/03/2017
2017051557;1;1;1;1;2;670;30/03/2017
2017051558;1;1;1;1;3;670;08/04/2017
2017051559;1;1;1;1;3;670;07/04/2017
2017051560;1;1;1;1;3;670;05/04/2017
2017051561;2;1;1;1;3;670;21/04/2017
2017051562;1;1;1;1;3;670;27/04/2017
2017051563;1;1;1;1;2;670;03/05/2017
2017051564;1;1;1;1;2;670;09/05/2017
2017051565;1;1;1;1;3;670;16/05/2017
2017051566;1;1;1;1;3;670;15/05/2017
2017051567;1;1;1;1;4;670;19/05/2017
2017051568;1;1;1;1;2;670;19/05/2017
2017051569;1;1;1;1;4;670;17/05/2017
2017051570;3;1;1;1;2;670;20/05/2017
2017051571;1;1;1;1;4;670;26/05/2017
2017051572;1;1;1;7;4;670;01/06/2017
2017051573;1;1;1;1;5;670;13/06/2017
2017051574;1;1;1;1;4;670;15/06/2017
2017051575;1;1;1;1;2;670;14/06/2017
2017051576;3;1;1;1;7;670;20/06/2017
2017051577;1;1;1;1;7;670;23/06/2017
2017051578;1;1;1;1;2;670;22/06/2017
2017051579;2;1;1;2;6;670;27/06/2017
2017051580;1;1;1;1;2;670;13/07/2017
2017051581;3;1;1;1;6;670;15/07/2017
2017051582;1;1;1;1;3;670;11/07/2017
2017051583;1;1;1;8;6;670;31/07/2017
2017051584;1;1;1;1;2;670;31/07/2017
2017051585;3;1;1;2;3;670;01/08/2017
2017051586;2;1;1;2;2;670;24/07/2017
2017051587;3;1;1;8;2;670;08/08/2017
2017051588;1;1;1;1;7;670;09/08/2017
2017051589;1;1;1;1;2;670;04/09/2017
2017051590;1;1;1;1;3;670;07/09/2017
2017051591;3;1;1;8;2;670;16/09/2017
2017051592;3;1;1;1;1;670;21/09/2017
2017051593;1;1;1;1;3;670;21/09/2017
2017051594;1;1;1;1;5;670;26/09/2017
2017051595;1;1;1;1;3;670;26/09/2017
2017051596;2;1;1;1;5;670;29/09/2017
2017051597;1;1;1;1;2;670;03/10/2017
2017051598;1;1;1;1;7;670;07/10/2017
2017051599;1;1;1;1;3;670;15/09/2017
2017051600;2;1;1;1;4;670;09/10/2017
2017051601;1;1;1;1;2;670;16/10/2017
2017051602;1;1;1;1;3;670;16/10/2017
2017051603;1;1;1;1;4;670;16/10/2017
2017051604;1;1;1;1;2;670;17/10/2017
2017051605;1;1;1;1;2;670;27/10/2017
2017051606;3;1;1;1;7;670;30/10/2017
2017051607;3;1;1;2;4;670;10/11/2017
2017051608;1;1;1;2;6;670;08/11/2017
2017051609;3;1;1;8;4;670;18/11/2017
2017051610;3;1;1;1;3;670;22/11/2017
2017051611;1;1;1;1;7;670;25/11/2017
2017051612;3;1;1;2;4;670;04/12/2017
2017051613;1;1;1;8;4;670;15/12/2017
2017051614;1;1;1;1;2;670;28/12/2017
2017051615;3;1;4;1;4;540;06/01/2017
2017051616;1;1;1;2;5;540;30/01/2017
2017051617;3;1;1;1;4;540;25/01/2017
2017051618;1;1;1;4;5;540;24/02/2017
2017051619;3;1;1;1;4;540;06/03/2017
2017051620;1;1;1;1;4;540;27/03/2017
2017051621;1;1;1;1;2;540;08/04/2017
2017051622;1;1;1;1;5;540;07/04/2017
2017051623;1;1;1;1;4;540;28/05/2017
2017051624;1;1;1;3;2;540;09/06/2017
2017051625;1;1;1;1;3;540;16/06/2017
2017051626;1;1;1;1;7;540;08/07/2017
2017051627;3;1;1;3;2;540;01/07/2017
2017051628;1;1;1;1;3;540;05/07/2017
2017051629;1;1;1;1;5;540;24/03/2017
2017051630;1;1;1;1;4;540;28/07/2017
2017051631;3;1;1;1;2;540;28/07/2017
2017051632;1;1;1;1;4;540;27/07/2017
2017051633;5;1;1;1;2;540;25/08/2017
2017051634;1;1;1;3;4;540;14/09/2017
2017051635;1;1;1;1;4;540;26/09/2017
2017051636;1;1;1;1;2;540;28/09/2017
2017051637;1;1;1;1;4;540;02/10/2017
2017051638;1;1;1;1;4;540;05/10/2017
2017051639;2;1;1;1;5;540;09/10/2017
2017051640;1;1;1;1;4;540;17/10/2017
2017051641;3;1;1;2;5;540;07/10/2017
2017051642;1;1;1;1;2;540;09/11/2017
2017051643;1;1;1;1;2;540;22/11/2017
2017051644;1;1;1;1;5;540;06/12/2017
2017051645;3;1;1;3;4;540;09/12/2017
2017051646;3;1;1;2;2;540;19/12/2017
2017051647;1;1;1;1;4;570;03/01/2017
2017051648;2;1;1;1;7;570;15/01/2017
2017051649;3;1;1;1;2;570;02/02/2017
2017051650;3;1;1;1;2;570;23/02/2017
2017051651;1;1;1;1;5;570;31/03/2017
2017051652;1;1;1;1;4;570;19/04/2017
2017051653;1;1;1;8;2;570;28/04/2017
2017051654;1;1;1;1;3;570;29/04/2017
2017051655;3;1;1;1;2;570;04/05/2017
2017051656;3;1;1;1;2;570;25/06/2017
2017051657;1;1;1;1;6;570;23/06/2017
2017051658;1;1;1;8;2;570;10/07/2017
2017051659;1;1;1;1;5;570;19/07/2017
2017051660;3;1;1;1;3;570;01/08/2017
2017051661;3;1;1;1;2;570;03/08/2017
2017051662;3;1;1;1;6;570;05/08/2017
2017051663;3;1;1;1;4;570;06/08/2017
2017051664;1;1;1;2;2;570;11/08/2017
2017051665;1;1;1;1;4;570;15/08/2017
2017051666;1;1;1;2;2;570;11/09/2017
2017051667;3;1;1;1;2;570;24/09/2017
2017051668;3;1;1;1;3;570;20/09/2017
2017051669;1;1;1;1;6;570;24/09/2017
2017051670;5;1;1;1;7;570;03/10/2017
2017051671;3;1;1;2;6;570;10/10/2017
2017051672;1;1;9;1;4;570;11/10/2017
2017051673;2;1;1;1;4;570;13/10/2017
2017051674;3;1;9;1;2;570;17/10/2017
2017051675;5;2;1;1;6;570;20/10/2017
2017051676;3;1;1;1;5;570;26/10/2017
2017051677;2;1;1;1;4;570;31/10/2017
2017051678;1;1;1;1;5;570;31/10/2017
2017051679;2;1;1;1;5;570;02/12/2017
2017051680;1;1;1;1;3;420;06/01/2017
2017051681;3;1;1;1;2;420;07/01/2017
2017051682;1;1;1;1;2;420;15/06/2017
2017051683;5;1;4;1;3;420;03/02/2017
2017051684;5;1;9;1;2;420;07/02/2017
2017051685;1;1;1;1;7;420;11/02/2017
2017051686;3;1;1;1;7;420;01/03/2017
2017051687;1;1;1;1;2;690;05/04/2017
2017051688;1;1;1;1;4;420;13/04/2017
2017051689;1;1;1;1;5;420;07/04/2017
2017051690;1;1;1;2;4;420;02/05/2017
2017051691;1;1;1;1;2;420;01/05/2017
2017051692;3;1;1;1;1;420;07/05/2017
2017051693;1;1;1;8;2;420;02/05/2017
2017051694;1;1;1;3;2;420;12/05/2017
2017051695;1;1;1;1;2;420;24/05/2017
2017051696;1;1;1;1;3;420;31/05/2017
2017051697;3;1;1;1;6;420;05/07/2017
2017051698;1;1;1;1;2;420;19/07/2017
2017051699;1;1;1;9;6;420;05/08/2017
2017051700;4;1;1;1;7;420;12/08/2017
2017051701;1;1;1;1;4;420;23/08/2017
2017051702;3;1;1;1;6;420;29/08/2017
2017051703;1;1;1;1;4;420;12/09/2017
2017051704;1;1;1;1;2;420;11/09/2017
2017051705;2;1;1;1;3;420;02/10/2017
2017051706;3;1;1;2;5;420;21/10/2017
2017051707;3;1;1;1;4;420;03/11/2017
2017051708;3;1;1;1;4;420;08/11/2017
2017051709;1;1;1;1;4;420;28/11/2017
2017051710;3;1;1;1;2;420;25/11/2017
2017051711;5;1;1;2;2;420;20/12/2017
2017051712;3;1;1;4;2;420;09/12/2017
2017051713;3;1;1;1;4;420;28/12/2017
2017051714;1;1;4;8;5;690;02/01/2017
2017051715;1;1;1;;6;690;13/04/2017
2017051716;1;1;1;1;3;10;29/12/2017
2017051717;4;1;1;1;2;690;01/01/2017
2017051718;1;1;1;1;5;690;04/01/2017
2017051719;1;1;1;1;7;690;31/12/2017
2017051720;5;1;1;1;2;10;24/11/2017
2017051721;1;1;1;1;3;690;12/01/2017
2017051722;1;1;1;8;6;690;10/01/2017
2017051723;3;1;1;9;2;690;17/01/2017
2017051724;2;1;1;1;1;690;20/01/2017
2017051725;1;2;7;1;4;380;21/01/2017
2017051726;5;1;1;1;2;690;21/01/2017
2017051727;2;1;1;1;5;690;11/01/2017
2017051728;3;1;1;1;2;690;22/01/2017
2017051729;3;1;1;1;2;690;27/01/2017
2017051730;5;1;1;1;6;690;29/01/2017
2017051731;3;1;1;2;7;690;30/01/2017
2017051732;1;1;1;1;6;690;26/01/2017
2017051733;1;1;1;1;6;690;17/01/2017
2017051734;1;1;1;2;3;690;31/12/2017
2017051735;1;1;1;1;2;690;29/01/2017
2017051736;2;1;1;1;3;690;02/02/2017
2017051737;1;1;1;1;3;690;01/03/2017
2017051738;1;1;1;8;3;690;07/02/2017
2017051739;4;1;1;1;3;690;23/11/2017
2017051740;1;1;1;1;2;690;14/02/2017
2017051741;1;1;1;1;6;690;17/02/2017
2017051742;3;1;1;1;2;380;21/02/2017
2017051743;3;1;1;1;3;690;22/02/2017
2017051744;5;1;1;8;6;690;23/02/2017
2017051745;3;1;1;1;2;690;13/02/2017
2017051746;5;2;1;1;7;690;26/02/2017
2017051747;2;1;1;1;4;690;26/02/2017
2017051748;3;1;1;1;4;690;21/02/2017
2017051749;5;1;1;1;5;690;28/02/2017
2017051750;1;1;1;8;4;690;05/03/2017
2017051751;1;1;1;1;7;690;05/03/2017
2017051752;3;1;1;1;2;690;26/02/2017
2017051753;1;1;1;1;6;380;08/03/2017
2017051754;1;1;1;1;5;690;05/03/2017
2017051755;3;1;1;1;2;690;11/03/2017
2017051756;2;1;1;1;6;690;12/03/2017
2017051757;1;1;1;3;6;690;04/03/2017
2017051758;1;1;1;1;3;690;12/03/2017
2017051759;1;1;1;1;7;690;10/03/2017
2017051760;5;1;1;1;4;690;09/03/2017
2017051761;3;1;1;1;6;690;18/03/2017
2017051762;1;1;1;1;3;10;20/03/2017
2017051763;3;1;1;1;2;690;21/02/2017
2017051764;1;1;1;1;4;690;21/03/2017
2017051765;1;1;1;1;2;690;22/03/2017
2017051766;1;1;1;1;2;690;11/03/2017
2017051767;2;1;1;1;2;690;18/03/2017
2017051768;1;1;1;1;7;690;25/03/2017
2017051769;1;1;1;1;4;690;27/03/2017
2017051770;1;1;1;1;4;690;31/03/2017
2017051771;3;1;1;1;5;690;29/03/2017
2017051772;1;1;1;1;5;690;27/03/2017
2017051773;1;1;1;1;2;690;29/03/2017
2017051774;1;1;1;1;5;690;06/04/2017
2017051775;3;1;1;1;2;690;07/04/2017
2017051776;1;1;1;1;3;690;28/03/2017
2017051777;1;1;1;1;6;690;06/04/2017
2017051778;3;2;1;1;4;380;12/04/2017
2017051779;1;1;1;1;2;690;14/04/2017
2017051780;1;1;1;1;7;690;16/04/2017
2017051781;3;1;1;1;2;690;28/05/2017
2017051782;1;1;1;8;1;690;16/04/2017
2017051783;3;1;1;1;7;690;16/04/2017
2017051784;3;1;1;1;6;690;22/04/2017
2017051785;3;1;1;1;7;690;22/04/2017
2017051786;1;1;1;1;3;690;23/04/2017
2017051787;1;1;1;1;2;690;03/04/2017
2017051788;5;1;1;2;4;690;01/05/2017
2017051789;1;1;1;1;2;690;21/04/2017
2017051790;1;1;1;1;4;690;10/05/2017
2017051791;1;1;4;1;6;690;08/05/2017
2017051792;1;1;1;1;6;690;15/05/2017
2017051793;3;1;1;1;3;690;13/05/2017
2017051794;1;1;1;1;2;690;16/05/2017
2017051795;3;1;1;1;2;690;13/05/2017
2017051796;1;1;1;2;4;690;19/05/2017
2017051797;2;1;1;1;2;690;20/05/2017
2017051798;1;1;1;1;3;10;20/06/2017
2017051799;1;1;1;1;3;690;21/05/2017
2017051800;2;1;1;1;2;690;25/05/2017
2017051801;1;1;1;1;4;380;15/05/2017
2017051802;1;1;1;1;3;690;09/04/2017
2017051803;1;1;1;1;5;690;27/05/2017
2017051804;1;1;1;1;2;690;18/05/2017
2017051805;1;1;1;1;4;380;26/05/2017
2017051806;1;1;1;1;4;690;29/05/2017
2017051807;1;1;1;1;4;380;29/05/2017
2017051808;1;1;1;1;4;690;02/06/2017
2017051809;1;1;1;1;3;690;28/05/2017
2017051810;1;1;1;1;3;690;09/06/2017
2017051811;1;1;1;1;4;690;13/06/2017
2017051812;1;1;1;1;2;690;17/06/2017
2017051813;1;1;1;1;3;690;13/06/2017
2017051814;2;1;1;1;6;690;18/06/2017
2017051815;1;2;1;1;6;690;19/06/2017
2017051816;3;1;1;1;6;10;20/06/2017
2017051817;1;1;1;1;6;690;20/06/2017
2017051818;1;1;1;1;2;690;07/06/2017
2017051819;2;1;1;1;2;690;16/06/2017
2017051820;3;1;1;1;2;690;07/07/2017
2017051821;1;1;1;1;7;690;22/06/2017
2017051822;1;1;1;1;6;690;26/06/2017
2017051823;1;1;1;1;2;690;20/06/2017
2017051824;1;1;1;1;2;690;20/06/2017
2017051825;1;1;1;1;3;690;07/07/2017
2017051826;2;1;1;1;7;690;09/07/2017
2017051827;1;1;1;1;2;690;07/07/2017
2017051828;2;1;1;1;5;690;13/07/2017
2017051829;1;1;1;1;4;690;10/07/2017
2017051830;1;1;1;8;4;690;10/07/2017
2017051831;1;1;1;1;2;10;17/07/2017
2017051832;1;1;1;1;3;690;13/07/2017
2017051833;1;1;1;1;3;690;17/07/2017
2017051834;1;1;1;1;6;690;17/07/2017
2017051835;1;1;9;1;6;690;19/07/2017
2017051836;1;1;1;1;2;690;10/07/2017
2017051837;1;1;1;1;3;690;18/07/2017
2017051838;3;1;1;1;2;690;25/07/2017
2017051839;1;1;1;1;6;690;27/07/2017
2017051840;1;1;1;1;3;690;22/06/2017
2017051841;4;1;4;1;3;690;27/07/2017
2017051842;1;1;1;1;3;690;17/05/2017
2017051843;1;1;1;1;3;690;28/07/2017
2017051844;1;1;1;1;3;690;31/07/2017
2017051845;3;1;1;2;2;690;07/05/2017
2017051846;1;1;1;1;4;690;28/07/2017
2017051847;1;1;1;1;3;690;22/07/2017
2017051848;1;1;1;1;6;690;03/08/2017
2017051849;1;1;1;1;4;690;15/07/2017
2017051850;3;1;1;1;6;690;09/08/2017
2017051851;1;1;1;2;7;690;18/08/2017
2017051852;1;1;1;1;2;690;21/08/2017
2017051853;1;1;1;1;5;690;26/08/2017
2017051854;5;1;1;1;2;690;29/08/2017
2017051855;1;1;1;1;3;690;16/08/2017
2017051856;1;1;1;1;2;690;01/09/2017
2017051857;1;1;1;1;2;690;23/08/2017
2017051858;1;1;1;1;2;690;06/09/2017
2017051859;1;1;1;1;4;690;14/04/2017
2017051860;1;1;1;1;5;690;12/09/2017
2017051861;1;1;1;1;4;690;04/09/2017
2017051862;1;1;1;1;3;690;23/08/2017
2017051863;1;1;1;1;2;690;08/09/2017
2017051864;1;1;9;3;5;690;17/09/2017
2017051865;3;1;1;1;6;690;14/09/2017
2017051866;5;1;1;1;3;690;19/09/2017
2017051867;3;1;1;1;7;690;23/09/2017
2017051868;2;1;1;1;2;690;19/09/2017
2017051869;1;1;1;1;3;690;21/09/2017
2017051870;1;1;1;1;4;690;20/09/2017
2017051871;3;1;1;1;2;690;27/09/2017
2017051872;1;1;1;1;6;690;18/09/2017
2017051873;1;1;1;2;4;690;03/10/2017
2017051874;2;1;1;1;6;690;27/08/2017
2017051875;2;1;1;1;4;690;11/10/2017
2017051876;1;1;1;1;5;690;06/10/2017
2017051877;1;1;1;1;3;690;13/10/2017
2017051878;1;1;1;1;2;690;10/10/2017
2017051879;1;1;1;1;2;690;07/10/2017
2017051880;1;1;1;1;2;690;09/10/2017
2017051881;1;1;1;1;2;10;24/10/2017
2017051882;1;1;1;1;5;690;24/10/2017
2017051883;3;1;9;1;4;690;13/10/2017
2017051884;5;1;1;1;4;690;26/10/2017
2017051885;2;1;1;1;3;690;01/11/2017
2017051886;1;1;1;1;3;690;30/10/2017
2017051887;3;1;1;1;5;690;27/10/2017
2017051888;1;1;1;1;5;690;04/11/2017
2017051889;3;1;1;1;2;690;31/10/2017
2017051890;2;1;1;1;3;10;06/11/2017
2017051891;3;1;1;2;4;690;11/11/2017
2017051892;1;1;1;1;4;690;26/10/2017
2017051893;3;1;1;1;5;690;17/11/2017
2017051894;5;1;1;1;4;690;14/11/2017
2017051895;1;1;1;1;4;380;13/07/2017
2017051896;3;1;1;1;5;690;18/08/2017
2017051897;4;1;1;1;3;690;22/11/2017
2017051898;2;1;1;9;5;690;21/11/2017
2017051899;3;1;1;3;4;690;05/11/2017
2017051900;3;1;1;1;1;690;29/11/2017
2017051901;1;1;1;1;3;690;19/10/2017
2017051902;3;1;1;1;6;690;03/12/2017
2017051903;3;1;1;1;5;690;29/11/2017
2017051904;3;1;1;2;6;690;14/11/2017
2017051905;3;1;1;1;6;690;06/12/2017
2017051906;5;1;1;1;2;690;05/12/2017
2017051907;4;1;1;1;2;690;10/12/2017
2017051908;3;1;1;1;2;690;03/12/2017
2017051909;5;1;4;2;6;690;11/12/2017
2017051910;2;1;1;1;7;690;13/12/2017
2017051911;2;1;1;2;3;690;12/12/2017
2017051912;3;1;1;2;2;690;11/12/2017
2017051913;5;1;1;8;6;690;16/12/2017
2017051914;5;1;1;2;3;690;22/12/2017
2017051915;3;1;1;1;3;690;26/11/2017
2017051916;1;1;1;1;7;690;26/12/2017
2017051917;3;1;1;2;2;690;28/12/2017
2017051918;5;1;1;1;2;690;25/12/2017
2017051919;1;1;1;1;7;690;31/12/2017
2017051920;3;1;1;1;3;830;01/01/2017
2017051921;1;1;1;1;2;830;04/01/2017
2017051922;1;1;1;1;2;830;06/01/2017
2017051923;1;1;1;1;4;830;11/01/2017
2017051924;1;1;1;1;7;830;13/01/2017
2017051925;1;1;1;1;2;830;13/01/2017
2017051926;2;1;1;1;4;830;17/01/2017
2017051927;3;1;1;3;3;830;26/01/2017
2017051928;3;1;1;8;6;830;27/01/2017
2017051929;1;1;1;1;5;830;28/01/2017
2017051930;1;1;1;1;2;830;31/01/2017
2017051931;1;1;1;1;7;830;01/02/2017
2017051932;3;1;1;1;6;830;02/02/2017
2017051933;3;1;1;1;5;830;03/02/2017
2017051934;3;1;1;1;5;830;05/02/2017
2017051935;1;1;1;1;6;830;14/02/2017
2017051936;5;1;1;1;6;830;04/03/2017
2017051937;1;1;1;1;3;830;06/03/2017
2017051938;1;1;1;1;4;830;08/03/2017
2017051939;1;1;1;1;2;830;14/03/2017
2017051940;1;1;1;2;6;830;23/03/2017
2017051941;1;1;1;1;4;830;28/03/2017
2017051942;1;1;1;1;5;830;29/03/2017
2017051943;3;1;1;1;6;130;30/03/2017
2017051944;1;1;1;1;2;830;30/03/2017
2017051945;5;1;1;2;2;830;01/04/2017
2017051946;1;1;1;1;2;830;04/04/2017
2017051947;1;1;1;1;6;830;12/04/2017
2017051948;1;1;1;1;7;830;23/04/2017
2017051949;1;1;1;1;5;830;23/04/2017
2017051950;1;1;1;1;2;830;25/04/2017
2017051951;1;1;1;1;2;830;27/04/2017
2017051952;1;1;1;1;5;830;16/05/2017
2017051953;1;1;1;1;4;830;17/05/2017
2017051954;1;1;1;1;5;830;17/05/2017
2017051955;3;1;1;1;2;830;19/05/2017
2017051956;3;1;1;1;5;830;20/05/2017
2017051957;1;1;1;1;2;830;24/05/2017
2017051958;1;1;1;1;2;830;30/05/2017
2017051959;1;1;1;1;7;830;02/06/2017
2017051960;1;1;1;1;6;830;02/06/2017
2017051961;1;1;1;1;2;830;03/06/2017
2017051962;1;1;1;1;4;830;08/06/2017
2017051963;1;1;1;1;6;830;12/06/2017
2017051964;1;1;1;1;2;830;12/06/2017
2017051965;1;1;1;1;2;830;15/06/2017
2017051966;1;1;1;1;2;830;25/06/2017
2017051967;3;1;1;1;2;130;02/07/2017
2017051968;1;1;1;1;2;830;08/07/2017
2017051969;2;1;1;1;7;830;09/07/2017
2017051970;1;1;1;1;4;830;10/07/2017
2017051971;1;1;1;1;5;830;13/07/2017
2017051972;1;1;1;1;5;830;13/07/2017
2017051973;1;1;1;1;3;830;16/07/2017
2017051974;5;1;1;2;6;830;23/07/2017
2017051975;1;1;1;1;3;830;26/07/2017
2017051976;1;1;1;1;3;830;26/07/2017
2017051977;2;1;1;1;2;830;27/07/2017
2017051978;1;1;1;1;2;830;04/08/2017
2017051979;3;1;1;1;6;830;05/08/2017
2017051980;1;1;1;1;3;830;07/08/2017
2017051981;1;1;1;1;2;830;15/08/2017
2017051982;1;1;1;1;3;830;17/08/2017
2017051983;1;1;1;1;4;130;18/08/2017
2017051984;1;1;1;1;5;830;21/08/2017
2017051985;5;1;1;1;1;830;25/08/2017
2017051986;1;1;1;1;4;830;25/08/2017
2017051987;1;1;1;1;4;830;25/08/2017
2017051988;1;1;1;1;6;130;13/09/2017
2017051989;1;1;1;1;3;830;19/09/2017
2017051990;1;1;1;1;2;830;22/09/2017
2017051991;1;1;1;1;2;830;22/09/2017
2017051992;1;1;1;1;2;830;25/09/2017
2017051993;1;1;1;1;2;830;01/10/2017
2017051994;1;1;1;1;2;830;03/10/2017
2017051995;1;1;1;1;3;830;08/10/2017
2017051996;1;1;1;1;2;830;23/10/2017
2017051997;1;1;1;1;2;830;24/10/2017
2017051998;1;1;1;1;2;830;24/10/2017
2017051999;1;1;1;1;4;830;31/10/2017
2017052000;1;1;1;1;2;830;08/11/2017
2017052001;1;1;1;6;3;830;13/11/2017
2017052002;1;1;1;1;6;830;17/11/2017
2017052003;3;1;1;1;4;830;17/11/2017
2017052004;3;1;1;1;4;830;28/11/2017
2017052005;1;1;1;1;6;830;29/11/2017
2017052006;3;1;1;1;4;830;29/11/2017
2017052007;1;1;1;1;4;830;01/12/2017
2017052008;5;1;1;1;2;830;07/12/2017
2017052009;2;1;1;2;7;830;20/12/2017
2017052010;3;1;1;1;5;830;23/12/2017
2017052011;1;1;1;1;4;130;02/01/2017
2017052012;3;1;1;1;2;130;03/01/2017
2017052013;1;1;1;1;2;130;30/12/2017
2017052014;3;1;1;1;6;130;03/01/2017
2017052015;1;1;1;1;3;130;04/01/2017
2017052016;3;1;1;1;1;130;04/01/2017
2017052017;1;1;9;1;2;130;04/01/2017
2017052018;1;1;1;1;3;130;16/12/2017
2017052019;1;1;1;1;3;130;05/01/2017
2017052020;1;1;1;6;2;130;05/01/2017
2017052021;1;1;1;1;6;130;05/01/2017
2017052022;3;1;1;1;6;130;06/01/2017
2017052023;3;1;1;1;6;130;07/01/2017
2017052024;3;1;1;1;4;130;07/01/2017
2017052025;3;1;1;1;4;130;07/01/2017
2017052026;3;1;1;1;6;130;08/01/2017
2017052027;3;1;1;1;4;130;08/01/2017
2017052028;5;2;4;1;6;130;08/01/2017
2017052029;1;1;1;1;2;130;09/01/2017
2017052030;1;1;1;1;2;130;05/01/2017
2017052031;1;1;1;1;2;130;09/01/2017
2017052032;1;1;1;2;5;130;10/01/2017
2017052033;1;1;1;1;4;130;10/01/2017
2017052034;3;1;1;1;6;130;11/01/2017
2017052035;3;1;1;1;4;130;11/01/2017
2017052036;1;1;1;1;2;130;11/01/2017
2017052037;1;1;1;1;5;130;12/01/2017
2017052038;1;1;1;1;4;130;12/01/2017
2017052039;3;1;1;1;4;130;13/01/2017
2017052040;3;1;1;1;4;130;13/01/2017
2017052041;1;1;1;1;6;130;14/01/2017
2017052042;5;1;1;1;6;130;15/01/2017