num_acc;lum;agg;inter;atm;col;dep;date
2017052043;1;1;1;1;5;130;16/01/2017
2017052044;1;1;1;1;4;130;16/01/2017
2017052045;2;1;1;1;4;130;19/01/2017
2017052046;5;1;1;1;6;130;19/01/2017
2017052047;4;1;1;1;6;130;19/01/2017
2017052048;3;1;1;1;3;130;16/01/2017
2017052049;1;1;1;1;2;130;19/01/2017
2017052050;1;1;1;1;2;130;19/01/2017
2017052051;1;1;1;1;1;130;20/01/2017
2017052052;3;1;1;1;6;130;20/01/2017
2017052053;3;1;1;1;4;130;20/01/2017
2017052054;1;1;1;1;6;130;20/01/2017
2017052055;1;1;1;1;4;130;21/01/2017
2017052056;3;1;1;1;6;130;21/01/2017
2017052057;2;1;1;1;3;130;17/01/2017
2017052058;3;1;1;1;2;130;21/01/2017
2017052059;1;1;1;5;4;130;25/01/2017
2017052060;1;1;1;1;6;130;23/01/2017
2017052061;1;1;1;8;7;130;28/01/2017
2017052062;3;1;1;9;7;130;29/01/2017
2017052063;3;1;1;1;6;130;29/01/2017
2017052064;3;1;1;1;4;130;30/01/2017
2017052065;1;1;1;1;4;130;31/01/2017
2017052066;1;1;1;1;2;130;31/01/2017
2017052067;1;1;1;1;3;130;02/02/2017
2017052068;1;1;1;1;4;130;02/02/2017
2017052069;1;1;1;2;7;130;23/01/2017
2017052070;1;1;1;1;2;130;02/02/2017
2017052071;3;1;1;1;2;130;03/02/2017
2017052072;3;1;1;1;2;130;03/02/2017
2017052073;1;1;1;1;7;130;23/01/2017
2017052074;3;1;1;1;2;130;01/02/2017
2017052075;1;1;1;1;3;130;04/02/2017
2017052076;3;1;1;1;6;130;05/02/2017
2017052077;1;1;1;1;7;130;06/02/2017
2017052078;2;1;1;1;2;130;07/02/2017
2017052079;1;1;1;1;4;130;09/02/2017
2017052080;2;1;1;2;7;130;09/02/2017
2017052081;5;1;1;1;5;130;11/02/2017
2017052082;1;1;1;1;2;130;12/02/2017
2017052083;3;1;1;1;6;130;12/02/2017
2017052084;1;1;1;1;6;130;12/02/2017
2017052085;1;1;1;1;5;130;13/02/2017
2017052086;5;1;1;1;7;130;16/02/2017
2017052087;3;1;1;1;2;130;16/02/2017
2017052088;1;1;1;1;4;130;16/02/2017
2017052089;3;1;1;1;2;130;18/02/2017
2017052090;1;1;1;1;2;130;18/02/2017
2017052091;3;1;1;1;7;130;19/02/2017
2017052092;1;1;1;1;7;130;16/02/2017
2017052093;1;1;1;1;7;130;20/02/2017
2017052094;1;1;1;1;6;130;22/02/2017
2017052095;1;1;1;1;2;130;22/02/2017
2017052096;1;1;1;7;6;130;22/02/2017
2017052097;1;1;1;1;4;130;23/02/2017
2017052098;1;1;1;1;2;130;23/02/2017
2017052099;3;1;1;1;2;130;23/02/2017
2017052100;1;1;1;1;2;130;24/02/2017
2017052101;1;1;1;1;5;130;24/02/2017
2017052102;1;1;1;1;6;130;21/02/2017
2017052103;1;1;1;1;2;130;24/02/2017
2017052104;3;1;1;1;4;130;25/02/2017
2017052105;3;1;1;1;6;130;25/02/2017
2017052106;1;1;1;1;4;130;25/02/2017
2017052107;1;1;1;1;2;130;27/02/2017
2017052108;3;1;1;1;4;130;27/02/2017
2017052109;1;1;1;1;2;130;27/02/2017
2017052110;1;1;1;1;7;130;28/02/2017
2017052111;3;1;1;2;6;130;28/02/2017
2017052112;3;1;1;1;3;130;28/02/2017
2017052113;1;1;1;1;2;130;01/03/2017
2017052114;2;1;1;1;1;130;01/03/2017
2017052115;3;1;1;1;7;130;01/03/2017
2017052116;1;1;1;1;2;130;02/03/2017
2017052117;3;1;1;8;6;130;28/02/2017
2017052118;1;1;1;1;6;130;02/03/2017
2017052119;1;1;1;1;4;130;02/03/2017
2017052120;1;1;1;1;2;130;03/03/2017
2017052121;1;1;1;1;7;130;27/02/2017
2017052122;3;1;1;1;2;130;04/03/2017
2017052123;1;1;1;1;6;130;04/03/2017
2017052124;1;1;1;1;4;130;01/03/2017
2017052125;1;1;1;1;4;130;01/03/2017
2017052126;3;1;1;8;7;130;05/03/2017
2017052127;1;1;1;1;2;130;04/03/2017
2017052128;1;1;1;2;4;130;05/03/2017
2017052129;2;1;1;2;4;130;05/03/2017
2017052130;1;1;1;2;4;130;06/03/2017
2017052131;1;1;1;1;7;130;06/03/2017
2017052132;1;1;1;1;3;130;06/03/2017
2017052133;2;1;1;1;2;130;02/03/2017
2017052134;1;1;1;1;7;130;06/03/2017
2017052135;1;1;1;1;6;130;08/03/2017
2017052136;1;1;1;3;7;130;05/03/2017
2017052137;1;1;1;1;2;130;05/03/2017
2017052138;1;1;1;1;6;130;09/03/2017
2017052139;1;1;1;1;4;130;09/03/2017
2017052140;1;1;1;1;2;130;11/03/2017
2017052141;1;1;1;1;2;130;11/03/2017
2017052142;1;1;1;1;3;130;11/03/2017
2017052143;3;1;1;1;4;130;10/03/2017
2017052144;3;1;1;1;1;130;12/03/2017
2017052145;3;1;1;1;7;130;12/03/2017
2017052146;2;1;1;1;1;130;12/03/2017
2017052147;1;1;1;1;4;130;13/03/2017
2017052148;1;1;1;1;4;130;15/03/2017
2017052149;1;1;1;1;5;130;16/03/2017
2017052150;3;1;1;1;2;130;17/03/2017
2017052151;1;1;1;1;4;130;15/03/2017
2017052152;3;1;1;1;2;130;17/03/2017
2017052153;1;1;1;1;4;130;18/03/2017
2017052154;1;1;1;1;6;130;18/03/2017
2017052155;1;1;1;1;2;130;18/03/2017
2017052156;3;1;1;1;2;130;19/03/2017
2017052157;1;1;1;1;3;130;19/03/2017
2017052158;1;1;1;1;7;130;19/03/2017
2017052159;1;1;1;1;2;130;19/03/2017
2017052160;1;1;1;1;4;130;19/03/2017
2017052161;1;1;1;1;2;130;13/03/2017
2017052162;1;1;1;1;2;130;17/03/2017
2017052163;1;1;1;1;2;130;17/03/2017
2017052164;1;1;1;1;2;130;20/03/2017
2017052165;1;1;1;1;4;130;20/03/2017
2017052166;1;1;1;1;2;130;20/03/2017
2017052167;1;1;1;1;2;130;21/03/2017
2017052168;3;1;1;1;7;130;12/03/2017
2017052169;1;1;1;1;5;130;23/03/2017
2017052170;4;1;1;3;6;130;23/03/2017
2017052171;1;1;1;2;6;130;24/03/2017
2017052172;2;1;1;3;2;130;23/03/2017
2017052173;1;1;1;1;4;130;21/03/2017
2017052174;1;1;1;1;2;130;21/03/2017
2017052175;3;1;1;1;2;130;24/03/2017
2017052176;1;1;1;1;6;130;06/03/2017
2017052177;1;1;1;1;6;130;22/03/2017
2017052178;1;1;1;1;3;130;27/03/2017
2017052179;3;1;1;1;3;130;27/03/2017
2017052180;3;1;1;1;6;130;27/03/2017
2017052181;5;1;1;1;2;130;27/03/2017
2017052182;1;1;1;2;3;130;24/03/2017
2017052183;1;1;1;1;6;130;28/03/2017
2017052184;1;1;1;1;4;130;28/03/2017
2017052185;3;1;1;1;3;130;30/03/2017
2017052186;1;1;1;1;2;130;30/03/2017
2017052187;2;1;1;1;7;130;30/03/2017
2017052188;1;1;1;2;6;130;01/04/2017
2017052189;1;1;1;1;4;130;29/03/2017
2017052190;5;1;1;2;2;130;02/04/2017
2017052191;5;1;1;1;7;130;01/04/2017
2017052192;3;1;1;2;4;130;02/04/2017
2017052193;1;1;1;1;4;130;29/03/2017
2017052194;1;1;1;1;2;130;04/04/2017
2017052195;1;1;1;1;7;130;05/04/2017
2017052196;1;1;1;1;4;130;05/04/2017
2017052197;1;1;1;1;4;130;05/04/2017
2017052198;1;1;1;2;2;130;05/04/2017
2017052199;1;1;1;1;2;130;04/04/2017
2017052200;3;1;1;1;6;130;07/04/2017
2017052201;1;1;1;1;2;130;07/04/2017
2017052202;1;1;1;1;6;130;09/04/2017
2017052203;1;1;1;1;2;130;10/04/2017
2017052204;1;1;1;1;2;130;04/05/2017
2017052205;1;1;1;1;7;130;06/04/2017
2017052206;1;1;1;1;2;130;11/04/2017
2017052207;3;1;1;1;6;130;13/04/2017
2017052208;1;1;1;5;2;130;10/04/2017
2017052209;3;1;1;1;7;130;13/04/2017
2017052210;1;1;1;1;2;130;10/04/2017
2017052211;1;1;1;1;4;130;10/04/2017
2017052212;1;1;1;1;1;130;14/04/2017
2017052213;5;1;1;1;6;130;16/04/2017
2017052214;1;1;1;7;5;130;16/04/2017
2017052215;1;1;1;1;4;130;14/04/2017
2017052216;1;1;1;1;2;130;18/04/2017
2017052217;3;1;1;1;6;130;19/04/2017
2017052218;1;1;1;1;2;130;18/04/2017
2017052219;1;1;1;1;2;130;16/04/2017
2017052220;3;1;1;1;7;130;20/04/2017
2017052221;1;1;1;1;2;130;20/04/2017
2017052222;1;1;1;1;4;130;21/04/2017
2017052223;1;1;1;1;2;130;20/04/2017
2017052224;1;1;1;1;2;130;24/04/2017
2017052225;1;1;1;1;7;130;25/04/2017
2017052226;1;1;1;1;2;130;22/04/2017
2017052227;1;1;1;1;4;130;25/04/2017
2017052228;1;1;1;2;4;130;26/04/2017
2017052229;1;1;1;1;1;130;25/04/2017
2017052230;1;1;1;1;7;130;26/04/2017
2017052231;1;1;1;8;2;130;26/04/2017
2017052232;1;1;1;1;2;130;26/04/2017
2017052233;1;1;1;1;4;130;28/04/2017
2017052234;3;1;1;1;5;130;28/04/2017
2017052235;5;1;1;1;6;130;29/04/2017
2017052236;1;1;1;1;7;130;29/04/2017
2017052237;1;1;1;8;2;130;30/04/2017
2017052238;3;1;1;2;2;130;30/04/2017
2017052239;3;1;1;2;5;130;01/05/2017
2017052240;3;1;1;2;4;130;05/04/2017
2017052241;1;1;1;1;6;130;28/04/2017
2017052242;1;1;1;1;5;130;28/04/2017
2017052243;1;1;1;1;2;130;28/04/2017
2017052244;1;1;1;1;6;130;30/04/2017
2017052245;2;1;1;1;6;130;28/04/2017
2017052246;1;1;1;1;2;130;02/05/2017
2017052247;1;1;1;1;3;130;03/05/2017
2017052248;1;1;1;1;2;130;29/04/2017
2017052249;1;1;9;1;6;130;05/05/2017
2017052250;1;1;1;1;2;130;05/05/2017
2017052251;1;1;1;1;4;130;06/05/2017
2017052252;1;1;1;1;6;130;06/05/2017
2017052253;1;1;1;1;2;130;02/05/2017
2017052254;1;1;1;1;6;130;07/05/2017
2017052255;1;1;1;1;2;130;07/05/2017
2017052256;3;1;1;1;4;130;02/05/2017
2017052257;1;1;1;1;2;130;09/05/2017
2017052258;1;1;1;1;3;130;09/05/2017
2017052259;3;1;1;1;6;130;02/04/2017
2017052260;1;1;1;1;2;130;11/05/2017
2017052261;1;1;1;1;4;130;11/05/2017
2017052262;3;1;1;1;2;130;14/05/2017
2017052263;3;1;1;1;6;130;15/05/2017
2017052264;1;2;1;1;4;130;15/05/2017
2017052265;1;1;1;1;3;130;17/01/2017
2017052266;3;1;1;1;2;130;17/05/2017
2017052267;1;1;1;1;4;130;18/05/2017
2017052268;3;1;1;8;2;130;19/05/2017
2017052269;1;1;1;1;7;130;19/05/2017
2017052270;1;1;1;1;2;130;20/05/2017
2017052271;1;1;1;1;2;130;21/05/2017
2017052272;1;1;1;1;2;130;18/05/2017
2017052273;4;1;1;1;6;130;21/05/2017
2017052274;1;1;1;1;2;130;21/05/2017
2017052275;1;1;1;1;4;130;18/05/2017
2017052276;1;1;1;1;4;130;22/05/2017
2017052277;1;1;1;1;2;130;23/05/2017
2017052278;1;1;1;1;4;130;21/05/2017
2017052279;1;1;1;1;3;130;23/05/2017
2017052280;1;1;1;1;4;130;23/05/2017
2017052281;1;1;1;1;2;130;22/05/2017
2017052282;1;1;1;1;2;130;22/05/2017
2017052283;1;1;1;1;2;130;25/05/2017
2017052284;1;1;1;1;4;130;26/05/2017
2017052285;1;1;1;1;2;130;10/05/2017
2017052286;1;1;1;1;7;130;26/05/2017
2017052287;1;1;1;1;3;130;28/05/2017
2017052288;3;1;1;1;7;130;29/05/2017
2017052289;1;1;1;7;4;130;29/05/2017
2017052290;1;1;1;1;5;130;30/05/2017
2017052291;1;1;1;1;2;130;30/05/2017
2017052292;1;1;1;1;4;130;30/05/2017
2017052293;1;1;1;1;2;130;28/05/2017
2017052294;1;2;1;1;4;130;28/05/2017
2017052295;1;1;1;1;5;130;31/05/2017
2017052296;1;1;1;1;3;130;02/06/2017
2017052297;1;1;1;1;2;130;02/06/2017
2017052298;1;1;1;1;2;130;03/06/2017
2017052299;3;1;1;1;6;130;04/06/2017
2017052300;1;1;1;1;3;130;03/06/2017
2017052301;3;1;1;1;2;130;04/06/2017
2017052302;1;2;1;1;3;130;05/06/2017
2017052303;1;1;1;1;3;130;05/06/2017
2017052304;3;1;1;1;6;130;06/06/2017
2017052305;1;1;1;1;4;130;06/06/2017
2017052306;1;1;1;1;4;130;07/06/2017
2017052307;3;1;1;1;2;130;07/06/2017
2017052308;1;1;1;1;3;130;09/06/2017
2017052309;1;1;1;1;4;130;08/06/2017
2017052310;3;1;1;1;7;130;10/06/2017
2017052311;1;1;1;1;2;130;10/06/2017
2017052312;1;1;1;1;2;130;09/06/2017
2017052313;1;1;1;1;3;130;09/06/2017
2017052314;1;1;1;1;1;130;12/06/2017
2017052315;1;1;1;1;2;130;08/06/2017
2017052316;1;1;1;1;7;130;08/06/2017
2017052317;2;1;1;1;6;130;12/06/2017
2017052318;1;1;1;1;4;130;12/06/2017
2017052319;1;1;1;1;6;130;13/06/2017
2017052320;1;1;1;1;7;130;12/06/2017
2017052321;1;1;1;1;3;130;13/06/2017
2017052322;1;1;1;1;6;130;13/06/2017
2017052323;1;1;1;1;7;130;13/06/2017
2017052324;1;1;1;1;3;130;10/06/2017
2017052325;1;1;1;1;7;130;29/05/2017
2017052326;1;1;1;1;2;130;14/06/2017
2017052327;1;1;1;5;2;130;16/06/2017
2017052328;1;1;1;1;2;130;16/06/2017
2017052329;1;1;1;1;3;130;16/06/2017
2017052330;2;1;1;1;2;130;17/06/2017
2017052331;1;1;1;1;6;130;15/06/2017
2017052332;1;1;1;1;5;130;15/06/2017
2017052333;1;1;1;1;5;130;18/06/2017
2017052334;1;1;1;1;2;130;18/06/2017
2017052335;1;1;1;1;2;130;19/06/2017
2017052336;5;1;1;1;7;130;19/06/2017
2017052337;1;1;1;1;4;130;19/06/2017
2017052338;1;1;1;1;2;130;20/06/2017
2017052339;1;1;1;1;2;130;20/06/2017
2017052340;1;1;1;1;4;130;23/06/2017
2017052341;1;1;1;1;4;130;23/06/2017
2017052342;1;1;1;1;4;130;19/06/2017
2017052343;3;1;1;1;6;130;23/06/2017
2017052344;5;1;1;1;3;130;22/06/2017
2017052345;1;1;1;1;2;130;23/06/2017
2017052346;1;1;1;1;2;130;20/06/2017
2017052347;1;1;1;1;6;130;25/06/2017
2017052348;1;1;1;1;7;130;25/06/2017
2017052349;1;1;1;1;6;130;25/06/2017
2017052350;3;1;1;1;7;130;26/06/2017
2017052351;1;1;1;1;2;130;23/06/2017
2017052352;3;1;1;1;2;130;26/06/2017
2017052353;1;1;1;1;7;130;26/06/2017
2017052354;1;1;1;1;4;130;26/06/2017
2017052355;3;1;1;1;6;130;27/06/2017
2017052356;1;1;1;1;6;130;27/06/2017
2017052357;3;1;1;2;6;130;28/06/2017
2017052358;1;1;1;1;3;130;28/06/2017
2017052359;1;1;1;1;3;130;28/06/2017
2017052360;1;1;1;1;2;130;30/06/2017
2017052361;1;1;1;1;6;130;30/06/2017
2017052362;4;1;1;1;7;130;30/04/2017
2017052363;1;1;1;1;7;130;02/07/2017
2017052364;1;1;1;1;4;130;02/07/2017
2017052365;2;1;1;1;6;130;02/07/2017
2017052366;1;1;1;1;3;130;02/07/2017
2017052367;1;1;1;1;6;130;03/07/2017
2017052368;2;1;1;1;2;130;30/06/2017
2017052369;1;1;1;1;6;130;03/07/2017
2017052370;1;1;1;1;4;130;04/07/2017
2017052371;1;1;1;1;7;130;04/07/2017
2017052372;1;1;1;1;4;130;04/07/2017
2017052373;1;1;1;1;4;130;05/07/2017
2017052374;1;1;1;1;2;130;05/07/2017
2017052375;1;1;1;1;1;130;05/07/2017
2017052376;1;1;1;1;6;130;05/07/2017
2017052377;1;1;1;1;4;130;05/07/2017
2017052378;1;1;1;1;3;130;05/07/2017
2017052379;1;1;1;1;3;130;06/07/2017
2017052380;1;1;1;1;2;130;06/07/2017
2017052381;1;1;1;1;4;130;05/07/2017
2017052382;1;1;1;1;2;130;07/07/2017
2017052383;1;1;1;1;2;130;06/07/2017
2017052384;3;1;1;1;6;130;08/07/2017
2017052385;3;1;1;1;5;130;08/07/2017
2017052386;1;1;1;1;3;130;08/07/2017
2017052387;1;1;1;;;130;08/07/2017
2017052388;1;1;1;7;3;130;10/07/2017
2017052389;1;1;1;1;4;130;10/07/2017
2017052390;1;1;1;1;4;130;10/07/2017
2017052391;1;1;1;1;3;130;04/07/2017
2017052392;1;1;1;1;4;130;10/07/2017
2017052393;1;1;9;8;7;130;11/07/2017
2017052394;1;1;1;1;7;130;25/06/2017
2017052395;1;1;1;1;4;130;11/07/2017
2017052396;3;1;1;1;6;130;11/07/2017
2017052397;1;1;1;1;4;130;12/07/2017
2017052398;1;1;1;1;2;130;14/07/2017
2017052399;3;1;1;1;2;130;16/07/2017
2017052400;1;1;1;1;2;130;16/07/2017
2017052401;1;1;1;1;4;130;13/07/2017
2017052402;1;1;1;1;6;130;13/07/2017
2017052403;1;1;1;1;4;130;13/07/2017
2017052404;1;1;1;1;7;130;28/06/2017
2017052405;1;1;1;1;2;130;18/07/2017
2017052406;1;1;1;1;2;130;18/07/2017
2017052407;1;1;1;1;2;130;18/07/2017
2017052408;1;1;1;1;6;130;18/07/2017
2017052409;3;1;1;1;2;130;20/07/2017
2017052410;1;1;1;1;6;130;19/07/2017
2017052411;1;1;1;1;2;130;20/07/2017
2017052412;1;1;1;1;2;130;22/07/2017
2017052413;1;1;1;1;6;130;22/07/2017
2017052414;3;1;1;1;2;130;23/07/2017
2017052415;1;1;1;1;4;130;18/07/2017
2017052416;1;1;1;1;2;130;19/07/2017
2017052417;1;1;1;1;6;130;24/07/2017
2017052418;1;1;1;;6;130;24/07/2017
2017052419;3;1;1;1;7;130;26/07/2017
2017052420;3;1;1;1;6;130;27/07/2017
2017052421;1;1;1;1;6;130;21/07/2017
2017052422;3;1;1;1;2;130;28/07/2017
2017052423;3;1;1;1;2;130;28/07/2017
2017052424;1;1;1;1;2;130;29/07/2017
2017052425;3;1;1;1;4;130;30/07/2017
2017052426;1;1;1;1;2;130;27/07/2017
2017052427;1;1;1;1;2;130;27/07/2017
2017052428;5;1;1;1;6;130;30/07/2017
2017052429;3;1;1;1;2;130;01/08/2017
2017052430;3;1;1;1;6;130;01/08/2017
2017052431;1;1;1;1;2;130;31/07/2017
2017052432;1;1;1;1;2;130;03/08/2017
2017052433;1;1;1;1;7;130;06/08/2017
2017052434;3;1;1;1;7;130;06/08/2017
2017052435;3;1;1;1;6;130;07/08/2017
2017052436;1;1;1;1;4;130;04/08/2017
2017052437;1;1;1;1;5;130;08/08/2017
2017052438;3;1;1;1;2;130;09/08/2017
2017052439;1;1;1;1;4;130;08/08/2017
2017052440;1;1;1;1;2;130;09/08/2017
2017052441;1;1;1;1;7;130;09/08/2017
2017052442;3;1;1;1;7;130;09/08/2017
2017052443;1;1;1;1;3;130;09/08/2017
2017052444;1;1;1;1;2;130;10/08/2017
2017052445;1;1;1;1;6;130;10/08/2017
2017052446;1;1;1;1;3;130;12/08/2017
2017052447;1;1;1;1;7;130;13/08/2017
2017052448;3;1;1;1;7;130;16/08/2017
2017052449;5;1;1;1;7;130;16/08/2017
2017052450;1;1;1;1;3;130;17/08/2017
2017052451;1;1;1;1;2;130;17/08/2017
2017052452;5;1;1;1;6;130;20/08/2017
2017052453;2;1;1;1;5;130;20/08/2017
2017052454;1;1;1;1;5;130;20/08/2017
2017052455;5;1;7;;;130;20/08/2017
2017052456;1;1;1;1;2;130;20/08/2017
2017052457;1;1;1;1;1;130;21/08/2017
2017052458;1;1;1;1;2;130;21/08/2017
2017052459;1;1;1;1;2;130;21/08/2017
2017052460;3;1;1;1;6;130;22/08/2017
2017052461;1;1;9;1;3;130;22/08/2017
2017052462;1;1;1;1;6;130;17/08/2017
2017052463;1;1;1;1;4;130;18/08/2017
2017052464;2;1;1;1;2;130;25/08/2017
2017052465;1;1;1;1;4;130;25/08/2017
2017052466;1;1;1;1;7;130;26/08/2017
2017052467;1;1;1;1;6;130;25/08/2017
2017052468;1;1;1;1;4;130;25/08/2017
2017052469;1;1;1;1;7;130;23/08/2017
2017052470;1;1;1;1;2;130;28/08/2017
2017052471;1;1;1;1;2;130;29/08/2017
2017052472;1;1;1;1;4;130;29/08/2017
2017052473;3;1;1;1;4;130;29/08/2017
2017052474;3;1;1;1;2;130;29/08/2017
2017052475;3;1;1;1;3;130;30/08/2017
2017052476;1;1;1;1;7;130;30/08/2017
2017052477;1;1;1;1;4;130;01/09/2017
2017052478;2;1;1;1;6;130;03/09/2017
2017052479;3;1;1;6;3;130;02/09/2017
2017052480;1;1;1;1;6;130;04/09/2017
2017052481;1;1;1;1;4;130;01/09/2017
2017052482;1;1;1;1;2;130;01/09/2017
2017052483;1;1;1;1;6;130;05/09/2017
2017052484;1;1;1;1;4;130;05/09/2017
2017052485;1;1;1;1;4;130;06/09/2017
2017052486;1;1;1;1;3;130;07/09/2017
2017052487;1;1;1;1;2;130;07/09/2017
2017052488;1;1;1;1;4;130;05/09/2017
2017052489;1;1;1;1;2;130;07/09/2017
2017052490;3;1;1;1;3;130;09/09/2017
2017052491;5;1;1;1;7;130;10/09/2017
2017052492;3;1;1;1;3;130;10/09/2017
2017052493;1;1;1;1;4;130;11/09/2017
2017052494;1;1;1;1;4;130;11/09/2017
2017052495;1;1;1;1;4;130;09/09/2017
2017052496;1;1;1;1;4;130;12/09/2017
2017052497;5;1;1;1;7;130;14/09/2017
2017052498;1;1;1;1;2;130;11/09/2017
2017052499;2;1;1;1;3;130;14/09/2017
2017052500;3;1;1;1;4;130;15/09/2017
2017052501;3;1;1;1;6;130;15/09/2017
2017052502;2;1;1;2;4;130;15/09/2017
2017052503;1;1;1;1;2;130;15/09/2017
2017052504;1;1;1;1;2;130;15/09/2017
2017052505;5;1;1;;6;130;16/09/2017
2017052506;1;1;1;1;4;130;16/09/2017
2017052507;1;1;1;1;4;130;16/09/2017
2017052508;2;1;1;;;130;16/09/2017
2017052509;5;1;1;;6;130;16/09/2017
2017052510;1;1;1;1;6;130;17/09/2017
2017052511;1;1;1;1;2;130;19/09/2017
2017052512;1;2;1;1;3;130;18/09/2017
2017052513;3;1;1;1;2;130;19/09/2017
2017052514;1;1;1;1;2;130;20/09/2017
2017052515;1;1;1;2;2;130;09/09/2017
2017052516;1;1;1;1;2;130;20/09/2017
2017052517;1;1;1;1;2;130;21/09/2017
2017052518;3;1;1;1;6;130;21/09/2017
2017052519;1;1;1;1;2;130;21/09/2017
2017052520;1;1;1;1;4;130;18/09/2017
2017052521;3;1;1;1;3;130;23/09/2017
2017052522;1;1;1;1;2;130;23/09/2017
2017052523;3;1;1;1;2;130;24/09/2017
2017052524;1;1;1;1;4;130;14/09/2017
2017052525;3;1;1;1;4;130;23/09/2017
2017052526;1;1;1;1;4;130;25/09/2017
2017052527;1;1;1;1;3;130;26/09/2017
2017052528;1;1;1;1;3;130;26/09/2017
2017052529;1;1;1;1;6;130;26/09/2017
2017052530;1;1;1;1;4;130;12/09/2017
2017052531;1;1;1;1;5;130;29/09/2017
2017052532;1;1;1;1;6;130;28/09/2017
2017052533;1;1;1;1;2;130;29/09/2017
2017052534;1;1;1;1;2;130;29/09/2017
2017052535;3;1;1;2;7;130;30/09/2017
2017052536;1;1;1;1;7;130;29/09/2017
2017052537;1;1;1;1;4;130;29/09/2017
2017052538;1;1;1;1;4;130;03/10/2017
2017052539;1;1;1;1;2;130;02/10/2017
2017052540;1;1;1;1;2;130;04/10/2017
2017052541;1;1;1;1;4;130;15/09/2017
2017052542;3;1;1;1;3;130;04/10/2017
2017052543;1;1;1;1;2;130;05/10/2017
2017052544;1;1;1;1;2;130;05/10/2017
2017052545;1;1;1;1;4;130;03/10/2017
2017052546;3;1;1;1;2;130;05/10/2017
2017052547;3;1;1;1;2;130;06/10/2017
2017052548;1;1;1;1;4;130;06/10/2017
2017052549;1;1;1;1;4;130;06/10/2017
2017052550;5;1;1;1;4;130;08/10/2017
2017052551;1;1;1;1;6;130;09/10/2017
2017052552;1;1;1;1;2;130;10/10/2017
2017052553;1;1;1;1;6;130;11/10/2017
2017052554;1;1;1;1;6;130;11/10/2017
2017052555;3;1;1;1;6;130;11/10/2017
2017052556;1;1;7;1;3;130;11/10/2017
2017052557;3;1;1;1;2;130;12/10/2017
2017052558;2;1;1;1;2;130;10/10/2017
2017052559;1;1;1;1;2;130;10/10/2017
2017052560;1;1;1;1;4;130;12/10/2017
2017052561;1;1;1;1;6;130;13/10/2017
2017052562;1;1;9;1;7;130;09/10/2017
2017052563;1;1;1;1;6;130;09/10/2017
2017052564;1;1;1;1;3;130;14/10/2017
2017052565;3;1;1;1;6;130;15/10/2017
2017052566;1;1;1;1;2;130;09/10/2017
2017052567;3;1;1;1;4;130;16/10/2017
2017052568;1;1;1;1;4;130;16/10/2017
2017052569;2;1;1;1;2;130;18/10/2017
2017052570;5;1;1;1;2;130;19/10/2017
2017052571;1;1;1;1;6;130;20/10/2017
2017052572;3;1;1;1;6;130;21/10/2017
2017052573;2;1;1;1;6;130;21/10/2017
2017052574;1;1;9;1;3;130;23/10/2017
2017052575;1;1;1;1;2;130;23/10/2017
2017052576;3;1;1;1;2;130;24/10/2017
2017052577;1;2;1;1;2;130;25/10/2017
2017052578;1;1;1;1;3;130;17/10/2017
2017052579;1;1;1;1;2;130;27/10/2017
2017052580;1;1;1;1;3;130;18/10/2017
2017052581;1;1;1;1;2;130;23/10/2017
2017052582;1;1;1;1;3;130;27/10/2017
2017052583;3;1;1;1;3;130;27/10/2017
2017052584;1;1;1;1;2;130;27/10/2017
2017052585;3;1;1;1;6;130;29/10/2017
2017052586;3;1;1;1;4;130;29/10/2017
2017052587;3;1;1;1;6;130;29/10/2017
2017052588;3;1;1;1;2;130;26/10/2017
2017052589;1;1;1;1;2;130;22/10/2017
2017052590;3;1;1;1;2;130;29/10/2017
2017052591;3;1;1;1;1;130;01/11/2017
2017052592;1;1;1;1;2;130;23/10/2017
2017052593;1;1;1;1;4;130;01/11/2017
2017052594;1;1;1;1;2;130;29/10/2017
2017052595;1;1;1;1;4;130;02/11/2017
2017052596;5;1;1;1;4;130;02/11/2017
2017052597;1;1;1;1;3;130;03/11/2017
2017052598;1;1;1;1;2;130;02/11/2017
2017052599;4;1;1;3;7;130;05/11/2017
2017052600;3;1;1;1;3;130;04/11/2017
2017052601;3;1;1;1;4;130;04/11/2017
2017052602;1;1;1;6;2;130;06/11/2017
2017052603;1;1;1;1;2;130;02/11/2017
2017052604;1;1;1;1;4;130;07/11/2017
2017052605;3;1;1;1;3;130;07/11/2017
2017052606;1;1;1;8;7;130;05/11/2017
2017052607;2;1;1;1;2;130;08/11/2017
2017052608;3;1;1;1;2;130;08/11/2017
2017052609;5;1;1;1;2;130;08/11/2017
2017052610;3;1;1;1;2;130;08/11/2017
2017052611;3;1;1;1;6;130;07/11/2017
2017052612;1;1;1;1;7;130;16/10/2017
2017052613;2;1;1;1;2;130;10/11/2017
2017052614;1;1;1;1;2;130;07/11/2017
2017052615;2;1;1;1;3;130;10/11/2017
2017052616;3;1;1;1;4;130;11/11/2017
2017052617;3;1;1;1;4;130;10/11/2017
2017052618;1;1;1;1;4;130;13/11/2017
2017052619;3;1;1;1;7;130;12/11/2017
2017052620;1;1;1;1;6;130;11/11/2017