num_acc;lum;agg;inter;atm;col;dep;date
2017052621;3;1;1;1;4;130;15/11/2017
2017052622;3;2;1;1;2;130;16/11/2017
2017052623;1;1;1;1;6;130;14/11/2017
2017052624;3;1;1;1;4;130;17/11/2017
2017052625;3;1;1;1;2;130;19/11/2017
2017052626;1;2;1;1;6;130;19/11/2017
2017052627;3;1;4;1;2;130;18/11/2017
2017052628;1;1;1;1;2;130;07/11/2017
2017052629;1;1;1;1;4;130;21/11/2017
2017052630;1;1;1;1;3;130;15/11/2017
2017052631;3;1;1;1;6;130;22/11/2017
2017052632;2;1;1;1;4;130;22/11/2017
2017052633;3;1;1;1;6;130;22/11/2017
2017052634;1;1;1;1;4;130;22/11/2017
2017052635;3;1;1;1;2;130;22/11/2017
2017052636;3;1;1;1;3;130;22/11/2017
2017052637;3;1;1;1;6;130;23/11/2017
2017052638;1;1;1;1;4;130;20/11/2017
2017052639;3;1;1;1;6;130;22/11/2017
2017052640;2;1;1;1;3;130;24/11/2017
2017052641;3;1;1;1;4;130;24/11/2017
2017052642;3;1;1;1;2;130;21/11/2017
2017052643;1;1;1;1;4;130;17/11/2017
2017052644;3;1;1;1;2;130;24/11/2017
2017052645;3;1;1;1;2;130;26/11/2017
2017052646;1;1;1;9;7;130;26/11/2017
2017052647;2;1;1;1;2;130;27/11/2017
2017052648;1;1;1;7;6;130;27/11/2017
2017052649;1;2;1;2;5;130;01/12/2017
2017052650;1;1;1;8;5;130;02/12/2017
2017052651;3;1;1;1;2;130;01/12/2017
2017052652;3;1;1;8;2;130;02/12/2017
2017052653;2;1;1;1;7;130;04/12/2017
2017052654;1;1;1;1;4;130;03/12/2017
2017052655;3;1;1;8;2;130;03/12/2017
2017052656;3;1;1;1;4;130;03/12/2017
2017052657;1;1;1;1;5;130;06/12/2017
2017052658;3;1;1;8;5;130;06/12/2017
2017052659;1;1;1;1;6;130;07/12/2017
2017052660;1;1;1;1;2;130;06/12/2017
2017052661;1;1;1;1;2;130;04/12/2017
2017052662;3;1;1;1;2;130;07/12/2017
2017052663;1;1;1;1;2;130;04/12/2017
2017052664;3;1;9;8;4;130;08/12/2017
2017052665;3;1;1;1;7;130;09/12/2017
2017052666;3;1;1;1;4;130;09/12/2017
2017052667;1;1;1;1;2;130;06/12/2017
2017052668;4;1;1;3;2;130;11/12/2017
2017052669;3;1;1;2;4;130;10/12/2017
2017052670;1;1;1;1;7;130;13/12/2017
2017052671;3;1;1;1;3;130;05/12/2017
2017052672;3;1;1;1;2;130;05/12/2017
2017052673;3;1;1;1;7;130;14/12/2017
2017052674;1;1;1;1;2;130;12/12/2017
2017052675;3;1;1;1;5;130;15/12/2017
2017052676;1;1;1;1;5;130;15/12/2017
2017052677;3;1;1;1;4;130;15/12/2017
2017052678;3;1;1;1;2;130;16/12/2017
2017052679;3;1;1;1;6;130;16/12/2017
2017052680;3;1;1;1;2;130;18/12/2017
2017052681;1;1;1;1;5;130;18/12/2017
2017052682;1;1;1;8;5;130;20/12/2017
2017052683;1;1;1;1;4;130;21/12/2017
2017052684;3;1;1;1;3;130;11/12/2017
2017052685;1;1;1;1;4;130;21/12/2017
2017052686;3;1;1;1;2;130;21/12/2017
2017052687;1;1;1;1;4;130;21/12/2017
2017052688;3;1;1;1;4;130;19/12/2017
2017052689;1;1;1;1;4;130;19/12/2017
2017052690;1;1;1;1;4;130;22/12/2017
2017052691;3;1;1;1;4;130;22/12/2017
2017052692;3;1;1;1;4;130;22/12/2017
2017052693;1;1;1;1;4;130;22/12/2017
2017052694;2;1;1;1;6;130;24/12/2017
2017052695;3;1;1;1;5;130;24/12/2017
2017052696;1;1;1;1;3;130;23/12/2017
2017052697;1;1;1;1;2;130;24/12/2017
2017052698;3;1;1;1;4;130;27/12/2017
2017052699;1;1;1;8;4;130;26/12/2017
2017052700;3;1;1;8;7;130;30/12/2017
2017052701;3;1;1;1;4;130;12/12/2017
2017052702;1;1;1;1;4;130;21/12/2017
2017052703;1;2;1;1;6;130;30/12/2017
2017052704;3;1;1;1;6;130;30/12/2017
2017052705;1;2;1;9;7;750;06/01/2017
2017052706;1;2;1;1;6;750;07/01/2017
2017052707;5;2;2;1;3;750;08/01/2017
2017052708;1;2;2;1;6;750;09/01/2017
2017052709;2;2;7;2;7;750;12/01/2017
2017052710;5;2;7;3;6;750;12/01/2017
2017052711;1;2;2;1;6;750;23/01/2017
2017052712;1;2;2;1;6;750;27/01/2017
2017052713;1;2;5;1;3;750;29/01/2017
2017052714;5;2;5;2;6;750;30/01/2017
2017052715;1;2;2;1;6;750;30/01/2017
2017052716;1;2;2;1;3;750;31/01/2017
2017052717;1;2;3;1;3;750;02/02/2017
2017052718;5;2;1;2;6;750;03/02/2017
2017052719;5;2;2;1;6;750;03/02/2017
2017052720;1;2;7;1;6;750;04/02/2017
2017052721;1;2;5;1;6;750;06/02/2017
2017052722;5;2;7;1;6;750;14/02/2017
2017052723;1;2;3;1;3;750;15/02/2017
2017052724;5;2;2;1;7;750;15/02/2017
2017052725;1;2;3;8;2;750;16/02/2017
2017052726;1;2;7;2;3;750;20/02/2017
2017052727;1;2;3;1;3;750;21/02/2017
2017052728;1;2;2;1;6;750;24/02/2017
2017052729;1;2;2;1;6;750;25/02/2017
2017052730;1;2;3;1;4;750;26/02/2017
2017052731;5;2;5;1;3;750;26/02/2017
2017052732;1;2;2;1;4;750;02/03/2017
2017052733;1;2;1;1;2;750;03/03/2017
2017052734;5;2;7;1;6;750;03/03/2017
2017052735;1;2;1;7;6;750;05/03/2017
2017052736;1;2;2;1;6;750;08/03/2017
2017052737;1;2;1;1;2;750;09/03/2017
2017052738;5;2;2;1;6;750;10/03/2017
2017052739;5;2;5;1;6;750;11/03/2017
2017052740;1;2;3;1;6;750;13/03/2017
2017052741;1;2;3;1;2;750;14/03/2017
2017052742;1;2;2;1;3;750;16/03/2017
2017052743;5;2;3;1;6;750;16/03/2017
2017052744;5;2;7;1;6;750;20/03/2017
2017052745;1;2;1;1;3;750;22/03/2017
2017052746;1;2;7;1;3;750;24/03/2017
2017052747;1;2;2;1;3;750;26/03/2017
2017052748;1;2;2;1;3;750;28/03/2017
2017052749;1;2;3;1;3;750;07/04/2017
2017052750;1;2;2;1;6;750;12/04/2017
2017052751;1;2;7;1;6;750;12/04/2017
2017052752;1;2;3;1;3;750;18/04/2017
2017052753;1;2;5;1;6;750;21/04/2017
2017052754;1;2;3;2;7;750;26/04/2017
2017052755;1;2;2;2;2;750;06/05/2017
2017052756;1;2;1;8;6;750;11/05/2017
2017052757;1;2;1;2;6;750;11/05/2017
2017052758;1;2;7;1;2;750;12/05/2017
2017052759;1;2;2;1;6;750;13/05/2017
2017052760;1;2;2;1;3;750;17/05/2017
2017052761;1;2;3;1;6;750;17/05/2017
2017052762;2;2;7;3;6;750;17/05/2017
2017052763;5;2;1;2;3;750;18/05/2017
2017052764;1;2;7;1;3;750;20/05/2017
2017052765;1;2;3;1;2;750;22/05/2017
2017052766;1;2;7;1;6;750;23/05/2017
2017052767;1;2;3;1;6;750;24/05/2017
2017052768;1;2;5;7;3;750;27/05/2017
2017052769;1;2;2;1;3;750;27/05/2017
2017052770;1;2;7;8;3;750;29/05/2017
2017052771;1;2;3;1;6;750;30/05/2017
2017052772;1;2;3;1;3;750;31/05/2017
2017052773;1;2;2;1;3;750;04/06/2017
2017052774;5;2;7;3;6;750;06/06/2017
2017052775;1;2;2;8;6;750;06/06/2017
2017052776;1;2;1;1;1;750;07/06/2017
2017052777;1;2;3;1;3;750;14/06/2017
2017052778;1;2;1;1;2;750;16/06/2017
2017052779;1;2;7;1;3;750;17/06/2017
2017052780;1;2;2;1;2;750;26/06/2017
2017052781;1;2;3;1;7;750;25/06/2017
2017052782;1;2;2;1;4;750;28/06/2017
2017052783;1;2;2;2;3;750;28/06/2017
2017052784;1;2;1;1;6;750;29/06/2017
2017052785;1;2;3;1;3;750;01/07/2017
2017052786;1;2;2;1;3;750;02/07/2017
2017052787;1;2;1;1;3;750;02/07/2017
2017052788;1;2;3;1;2;750;03/07/2017
2017052789;1;2;2;1;3;750;04/07/2017
2017052790;1;2;1;1;2;750;04/07/2017
2017052791;1;2;3;1;7;750;05/07/2017
2017052792;1;2;7;1;3;750;05/07/2017
2017052793;1;2;7;1;3;750;05/07/2017
2017052794;1;2;2;1;1;750;06/07/2017
2017052795;1;2;1;1;6;750;07/07/2017
2017052796;1;2;2;1;6;750;07/07/2017
2017052797;1;2;3;1;3;750;07/07/2017
2017052798;1;2;1;1;6;750;11/07/2017
2017052799;1;2;2;2;3;750;12/07/2017
2017052800;1;2;2;1;6;750;15/07/2017
2017052801;1;2;1;1;3;750;17/07/2017
2017052802;1;2;2;1;7;750;21/07/2017
2017052803;1;2;1;2;3;750;24/07/2017
2017052804;1;2;2;1;6;750;27/07/2017
2017052805;5;2;2;1;6;750;27/07/2017
2017052806;1;2;7;1;6;750;31/07/2017
2017052807;1;2;3;1;4;750;02/08/2017
2017052808;1;2;2;2;6;750;03/08/2017
2017052809;5;2;7;2;2;750;09/08/2017
2017052810;1;2;5;1;3;750;16/08/2017
2017052811;1;2;7;1;3;750;16/08/2017
2017052812;1;2;5;1;2;750;20/08/2017
2017052813;1;2;5;1;3;750;21/08/2017
2017052814;1;2;7;1;2;750;22/08/2017
2017052815;1;2;3;1;6;750;24/08/2017
2017052816;1;2;7;1;2;750;29/08/2017
2017052817;5;2;5;1;3;750;30/08/2017
2017052818;1;2;3;1;3;750;04/09/2017
2017052819;5;2;2;1;3;750;04/09/2017
2017052820;1;2;2;1;2;750;05/09/2017
2017052821;1;2;1;1;3;750;07/09/2017
2017052822;5;2;7;1;6;750;08/09/2017
2017052823;1;2;2;1;6;750;08/09/2017
2017052824;1;2;5;1;2;750;10/09/2017
2017052825;1;2;2;1;3;750;12/09/2017
2017052826;5;2;2;1;3;750;15/09/2017
2017052827;1;2;2;1;6;750;15/09/2017
2017052828;1;2;3;1;2;750;18/09/2017
2017052829;1;2;3;2;3;750;19/09/2017
2017052830;1;2;2;1;3;750;19/09/2017
2017052831;5;2;3;1;3;750;21/09/2017
2017052832;5;2;3;1;6;750;22/09/2017
2017052833;5;2;2;1;3;750;25/09/2017
2017052834;1;2;2;1;2;750;28/09/2017
2017052835;1;2;4;1;6;750;02/10/2017
2017052836;1;2;7;8;6;750;02/10/2017
2017052837;5;2;7;3;6;750;03/10/2017
2017052838;1;2;7;1;6;750;03/10/2017
2017052839;1;2;6;1;3;750;13/10/2017
2017052840;5;2;2;1;6;750;02/11/2017
2017052841;5;2;2;1;6;750;04/11/2017
2017052842;1;2;5;8;6;750;09/11/2017
2017052843;5;2;2;1;3;750;10/11/2017
2017052844;5;2;2;2;6;750;11/11/2017
2017052845;1;2;7;2;2;750;11/11/2017
2017052846;1;2;2;2;6;750;17/11/2017
2017052847;1;2;7;1;6;750;20/11/2017
2017052848;5;2;7;1;6;750;24/11/2017
2017052849;5;2;2;2;3;750;24/11/2017
2017052850;5;2;3;1;6;750;26/11/2017
2017052851;1;2;3;1;6;750;27/11/2017
2017052852;1;2;2;2;6;750;27/11/2017
2017052853;5;2;2;1;6;750;28/11/2017
2017052854;1;2;2;1;6;750;30/11/2017
2017052855;5;2;2;2;6;750;01/12/2017
2017052856;5;2;3;1;3;750;01/12/2017
2017052857;5;2;1;9;4;750;03/12/2017
2017052858;5;2;3;1;3;750;05/12/2017
2017052859;5;2;3;1;2;750;06/12/2017
2017052860;5;2;2;2;7;750;07/12/2017
2017052861;5;2;1;2;7;750;08/12/2017
2017052862;5;2;3;4;3;750;09/12/2017
2017052863;5;2;2;2;6;750;10/12/2017
2017052864;2;2;3;2;4;750;11/12/2017
2017052865;2;2;3;1;6;750;12/12/2017
2017052866;1;2;2;3;3;750;13/12/2017
2017052867;1;2;2;3;6;750;15/12/2017
2017052868;1;2;2;1;3;750;16/12/2017
2017052869;5;2;2;2;3;750;21/12/2017
2017052870;1;2;2;8;3;750;23/12/2017
2017052871;2;2;2;1;6;750;26/12/2017
2017052872;1;2;1;1;6;750;04/01/2017
2017052873;4;2;7;2;3;750;12/01/2017
2017052874;1;2;7;1;3;750;14/01/2017
2017052875;1;2;1;1;3;750;25/01/2017
2017052876;1;2;3;1;6;750;26/01/2017
2017052877;1;2;5;2;6;750;30/01/2017
2017052878;1;2;2;2;3;750;30/01/2017
2017052879;1;2;3;2;6;750;31/01/2017
2017052880;1;2;2;1;6;750;06/02/2017
2017052881;5;2;7;1;3;750;06/02/2017
2017052882;1;2;2;2;7;750;16/02/2017
2017052883;1;2;7;1;6;750;02/03/2017
2017052884;1;2;5;2;2;750;06/03/2017
2017052885;1;2;1;1;5;750;14/03/2017
2017052886;5;2;2;1;3;750;16/03/2017
2017052887;1;2;7;1;3;750;16/03/2017
2017052888;1;2;3;1;3;750;30/03/2017
2017052889;1;2;2;1;3;750;30/03/2017
2017052890;5;2;2;1;6;750;07/04/2017
2017052891;1;2;2;1;6;750;12/04/2017
2017052892;1;2;3;1;2;750;14/04/2017
2017052893;1;2;1;1;6;750;14/04/2017
2017052894;1;2;1;1;6;750;26/04/2017
2017052895;1;2;1;1;2;750;27/04/2017
2017052896;1;2;2;1;7;750;27/04/2017
2017052897;5;2;2;1;3;750;10/05/2017
2017052898;1;2;2;1;3;750;13/05/2017
2017052899;2;2;3;1;3;750;21/05/2017
2017052900;1;2;2;1;3;750;27/05/2017
2017052901;1;2;2;1;6;750;07/06/2017
2017052902;1;2;2;1;6;750;08/06/2017
2017052903;1;2;2;1;3;750;08/06/2017
2017052904;2;2;2;1;6;750;16/06/2017
2017052905;1;2;2;1;3;750;24/06/2017
2017052906;1;2;2;1;3;750;26/06/2017
2017052907;5;2;1;1;6;750;29/06/2017
2017052908;1;2;4;1;4;750;12/07/2017
2017052909;1;2;2;2;1;750;24/07/2017
2017052910;1;2;2;1;3;750;24/07/2017
2017052911;1;2;4;1;3;750;26/07/2017
2017052912;1;2;7;1;3;750;31/07/2017
2017052913;1;2;3;1;3;750;05/08/2017
2017052914;1;2;2;1;3;750;05/08/2017
2017052915;1;2;5;1;6;750;07/08/2017
2017052916;1;2;2;1;3;750;08/08/2017
2017052917;1;2;2;1;6;750;10/08/2017
2017052918;1;2;3;1;3;750;11/08/2017
2017052919;1;2;2;1;6;750;16/08/2017
2017052920;1;2;1;1;3;750;31/08/2017
2017052921;5;2;3;3;3;750;01/09/2017
2017052922;1;2;2;1;3;750;11/09/2017
2017052923;1;2;2;1;6;750;14/09/2017
2017052924;1;2;5;1;3;750;14/09/2017
2017052925;5;2;5;1;6;750;21/09/2017
2017052926;1;2;1;1;2;750;23/09/2017
2017052927;1;2;2;1;3;750;30/09/2017
2017052928;1;2;1;1;6;750;04/10/2017
2017052929;1;2;1;1;6;750;04/10/2017
2017052930;1;2;7;2;3;750;08/10/2017
2017052931;5;2;3;2;3;750;09/10/2017
2017052932;1;2;3;1;6;750;13/10/2017
2017052933;1;2;2;1;6;750;13/10/2017
2017052934;5;2;1;1;2;750;13/10/2017
2017052935;1;2;2;1;6;750;18/10/2017
2017052936;1;2;3;1;6;750;20/10/2017
2017052937;5;2;7;1;3;750;26/10/2017
2017052938;2;2;2;1;3;750;31/10/2017
2017052939;5;2;5;1;6;750;03/11/2017
2017052940;1;2;5;1;6;750;09/11/2017
2017052941;1;2;3;1;3;750;17/11/2017
2017052942;1;2;2;1;6;750;22/11/2017
2017052943;5;2;3;2;6;750;23/11/2017
2017052944;5;2;3;2;6;750;23/11/2017
2017052945;5;2;1;1;3;750;23/11/2017
2017052946;5;2;4;1;6;750;25/11/2017
2017052947;5;2;5;2;3;750;29/11/2017
2017052948;5;2;4;2;6;750;30/11/2017
2017052949;5;2;2;1;6;750;05/12/2017
2017052950;5;2;2;1;3;750;04/12/2017
2017052951;5;2;1;3;6;750;14/12/2017
2017052952;5;2;2;2;6;750;15/12/2017
2017052953;1;2;4;1;6;750;18/12/2017
2017052954;2;2;2;1;3;750;18/12/2017
2017052955;1;2;3;1;3;750;19/12/2017
2017052956;5;2;3;1;7;750;19/12/2017
2017052957;1;2;2;2;3;750;27/12/2017
2017052958;5;2;7;1;3;750;02/01/2017
2017052959;1;2;1;2;6;750;04/01/2017
2017052960;5;2;7;1;6;750;11/01/2017
2017052961;5;2;7;2;6;750;12/01/2017
2017052962;5;2;2;1;6;750;14/01/2017
2017052963;5;2;3;1;6;750;17/01/2017
2017052964;1;2;1;1;3;750;19/01/2017
2017052965;5;2;2;1;7;750;24/01/2017
2017052966;5;2;1;2;2;750;30/01/2017
2017052967;5;2;2;1;2;750;10/02/2017
2017052968;1;2;2;1;6;750;17/02/2017
2017052969;5;2;7;1;6;750;23/02/2017
2017052970;5;2;1;1;6;750;25/02/2017
2017052971;5;2;3;1;6;750;26/02/2017
2017052972;1;2;4;1;6;750;27/02/2017
2017052973;1;2;3;3;3;750;28/02/2017
2017052974;5;2;5;1;3;750;02/03/2017
2017052975;5;2;1;1;3;750;15/03/2017
2017052976;1;2;3;1;3;750;16/03/2017
2017052977;1;2;5;1;6;750;20/03/2017
2017052978;1;2;1;1;3;750;21/03/2017
2017052979;1;2;2;1;6;750;23/03/2017
2017052980;1;2;3;8;7;750;24/03/2017
2017052981;1;2;7;1;6;750;27/03/2017
2017052982;1;2;3;1;6;750;30/03/2017
2017052983;5;2;2;1;7;750;13/04/2017
2017052984;1;2;2;2;6;750;17/04/2017
2017052985;1;2;2;1;3;750;19/04/2017
2017052986;5;2;2;1;6;750;21/04/2017
2017052987;5;2;2;1;6;750;28/04/2017
2017052988;1;2;1;1;5;750;29/04/2017
2017052989;1;2;3;2;6;750;03/05/2017
2017052990;1;2;3;1;6;750;07/05/2017
2017052991;1;2;2;1;3;750;16/05/2017
2017052992;1;2;3;1;3;750;16/05/2017
2017052993;1;2;2;1;1;750;17/05/2017
2017052994;5;2;2;1;2;750;08/06/2017
2017052995;1;2;1;1;6;750;23/06/2017
2017052996;4;2;1;1;2;750;25/06/2017
2017052997;1;2;7;1;3;750;26/06/2017
2017052998;1;2;2;1;2;750;10/07/2017
2017052999;1;2;2;3;2;750;12/07/2017
2017053000;1;2;1;1;4;750;13/07/2017
2017053001;3;2;2;1;6;750;15/07/2017
2017053002;1;2;2;1;6;750;18/07/2017
2017053003;1;2;1;1;5;750;19/07/2017
2017053004;1;2;1;1;3;750;20/07/2017
2017053005;1;2;3;1;3;750;21/07/2017
2017053006;1;2;2;2;7;750;27/07/2017
2017053007;3;2;2;2;6;750;05/08/2017
2017053008;1;2;5;2;3;750;08/08/2017
2017053009;5;2;5;2;3;750;10/08/2017
2017053010;1;2;1;1;3;750;24/08/2017
2017053011;1;2;3;3;6;750;30/08/2017
2017053012;1;2;1;1;6;750;02/09/2017
2017053013;1;2;2;1;6;750;05/09/2017
2017053014;5;2;2;1;2;750;07/09/2017
2017053015;1;2;2;1;6;750;12/09/2017
2017053016;5;2;3;1;6;750;18/09/2017
2017053017;1;2;3;1;6;750;26/09/2017
2017053018;5;2;2;1;3;750;29/09/2017
2017053019;5;2;7;1;2;750;07/10/2017
2017053020;1;2;3;1;2;750;10/10/2017
2017053021;5;2;3;1;6;750;22/10/2017
2017053022;5;2;2;1;6;750;25/10/2017
2017053023;1;2;5;1;2;750;27/10/2017
2017053024;5;2;5;1;3;750;27/10/2017
2017053025;1;2;1;1;6;750;03/11/2017
2017053026;1;2;3;7;6;750;06/11/2017
2017053027;5;2;3;1;3;750;07/11/2017
2017053028;1;2;2;1;6;750;19/11/2017
2017053029;5;2;2;1;7;750;29/11/2017
2017053030;1;2;1;8;7;750;30/11/2017
2017053031;1;2;3;8;6;750;04/12/2017
2017053032;5;2;2;1;6;750;05/12/2017
2017053033;1;2;2;1;3;750;05/12/2017
2017053034;1;2;2;1;6;750;11/12/2017
2017053035;5;2;3;1;6;750;11/12/2017
2017053036;1;2;1;1;3;750;12/12/2017
2017053037;5;2;2;1;6;750;17/12/2017
2017053038;1;2;2;2;3;750;30/12/2017
2017053039;1;2;7;2;2;750;02/01/2017
2017053040;5;2;2;2;2;750;07/01/2017
2017053041;5;2;2;2;6;750;11/01/2017
2017053042;1;2;5;1;3;750;17/01/2017
2017053043;5;2;2;1;3;750;25/01/2017
2017053044;1;2;1;1;3;750;30/01/2017
2017053045;1;2;2;2;6;750;31/01/2017
2017053046;1;2;2;1;6;750;02/02/2017
2017053047;5;2;2;1;3;750;04/02/2017
2017053048;1;2;5;1;6;750;07/02/2017
2017053049;2;2;5;1;3;750;08/02/2017
2017053050;5;2;2;1;2;750;09/02/2017
2017053051;5;2;1;1;3;750;15/02/2017
2017053052;1;2;2;1;3;750;22/02/2017
2017053053;4;2;5;1;6;750;28/02/2017
2017053054;1;2;1;2;2;750;08/03/2017
2017053055;1;2;1;1;2;750;09/03/2017
2017053056;1;2;1;1;3;750;13/03/2017
2017053057;1;2;1;1;6;750;16/03/2017
2017053058;1;2;5;1;6;750;20/03/2017
2017053059;1;2;1;1;2;750;27/03/2017
2017053060;1;2;2;1;3;750;31/03/2017
2017053061;1;2;5;1;6;750;01/04/2017
2017053062;5;2;1;1;1;750;02/04/2017
2017053063;5;2;1;1;6;750;02/04/2017
2017053064;5;2;2;1;6;750;05/04/2017
2017053065;5;2;2;1;3;750;08/04/2017
2017053066;1;2;2;1;3;750;19/04/2017
2017053067;1;2;1;1;3;750;19/04/2017
2017053068;1;2;3;3;5;750;26/04/2017
2017053069;2;2;2;1;6;750;26/04/2017
2017053070;1;2;1;1;3;750;27/04/2017
2017053071;5;2;3;1;2;750;29/04/2017
2017053072;1;2;1;2;3;750;03/05/2017
2017053073;1;2;4;1;3;750;05/05/2017
2017053074;1;2;3;1;3;750;10/05/2017
2017053075;1;2;1;1;6;750;10/05/2017
2017053076;5;2;2;1;6;750;12/05/2017
2017053077;1;2;5;1;6;750;15/05/2017
2017053078;1;2;7;1;3;750;16/05/2017
2017053079;5;2;2;1;2;750;20/05/2017
2017053080;1;2;2;1;3;750;22/05/2017
2017053081;1;2;3;1;3;750;25/05/2017
2017053082;4;2;2;1;3;750;26/05/2017
2017053083;1;2;1;1;3;750;29/05/2017
2017053084;1;2;2;1;3;750;07/06/2017
2017053085;1;2;2;1;3;750;07/06/2017
2017053086;1;2;2;1;2;750;08/06/2017
2017053087;1;2;2;1;2;750;08/06/2017
2017053088;1;2;2;1;2;750;09/06/2017
2017053089;1;2;2;1;3;750;11/06/2017
2017053090;1;2;2;1;3;750;15/06/2017
2017053091;1;2;3;1;6;750;16/06/2017
2017053092;5;2;4;1;6;750;16/06/2017
2017053093;1;2;1;1;6;750;22/06/2017
2017053094;1;2;2;1;6;750;26/06/2017
2017053095;1;2;1;2;6;750;27/06/2017
2017053096;1;2;7;1;6;750;30/06/2017
2017053097;1;2;1;1;6;750;01/07/2017
2017053098;1;2;3;1;2;750;03/07/2017
2017053099;1;2;2;1;3;750;07/07/2017
2017053100;1;2;1;1;6;750;08/07/2017
2017053101;1;2;5;1;3;750;11/07/2017
2017053102;5;2;1;2;2;750;13/07/2017
2017053103;1;2;1;1;6;750;17/07/2017
2017053104;1;2;2;1;6;750;28/07/2017
2017053105;1;2;2;1;3;750;28/07/2017
2017053106;1;2;2;1;3;750;29/07/2017
2017053107;5;2;1;1;1;750;02/08/2017
2017053108;1;2;5;7;3;750;06/08/2017
2017053109;1;2;7;1;3;750;11/08/2017
2017053110;1;2;1;1;6;750;16/08/2017
2017053111;5;2;5;2;6;750;17/08/2017
2017053112;1;2;7;1;6;750;20/08/2017
2017053113;1;2;1;1;3;750;23/08/2017
2017053114;1;2;1;1;6;750;26/08/2017
2017053115;1;2;2;1;3;750;30/08/2017
2017053116;1;2;2;1;6;750;04/09/2017
2017053117;5;2;3;1;6;750;07/09/2017
2017053118;5;2;7;3;6;750;13/09/2017
2017053119;3;2;3;1;2;750;09/09/2017
2017053120;1;2;2;1;6;750;15/09/2017
2017053121;1;2;2;1;6;750;16/09/2017
2017053122;1;2;3;8;3;750;17/09/2017
2017053123;1;2;7;1;6;750;21/09/2017
2017053124;5;2;1;1;6;750;23/09/2017
2017053125;5;2;3;1;3;750;27/09/2017
2017053126;1;2;1;1;6;750;27/09/2017
2017053127;5;2;3;1;6;750;28/09/2017
2017053128;5;2;2;1;3;750;29/09/2017
2017053129;5;2;7;3;6;750;03/10/2017
2017053130;1;2;1;1;3;750;04/10/2017
2017053131;1;2;7;1;3;750;09/10/2017
2017053132;5;2;3;1;6;750;12/10/2017
2017053133;5;2;1;1;6;750;12/10/2017
2017053134;5;2;4;1;3;750;14/10/2017
2017053135;5;2;3;1;6;750;17/10/2017
2017053136;1;2;7;1;3;750;18/10/2017
2017053137;1;2;2;1;6;750;19/10/2017
2017053138;2;2;2;1;3;750;21/10/2017
2017053139;2;2;7;1;3;750;21/10/2017
2017053140;1;2;1;1;6;750;26/10/2017
2017053141;1;2;1;1;2;750;29/10/2017
2017053142;1;2;2;1;3;750;30/10/2017
2017053143;1;2;3;2;2;750;04/11/2017
2017053144;2;2;2;1;6;750;09/11/2017
2017053145;5;2;2;1;3;750;09/11/2017
2017053146;5;2;3;1;2;750;19/11/2017
2017053147;1;2;2;1;6;750;20/11/2017
2017053148;1;2;4;1;2;750;23/11/2017
2017053149;5;2;2;1;4;750;02/12/2017
2017053150;5;2;7;1;3;750;05/12/2017
2017053151;1;2;3;1;3;750;05/12/2017
2017053152;1;2;1;1;6;750;08/12/2017
2017053153;5;2;2;3;6;750;13/12/2017
2017053154;5;2;1;1;6;750;14/12/2017
2017053155;5;2;2;1;6;750;19/12/2017
2017053156;1;2;5;2;6;750;04/01/2017
2017053157;1;2;7;1;3;750;07/01/2017
2017053158;5;2;2;2;7;750;08/01/2017
2017053159;5;2;5;2;3;750;08/01/2017
2017053160;2;2;4;8;6;750;09/01/2017
2017053161;2;2;2;1;6;750;11/01/2017
2017053162;5;2;3;1;3;750;11/01/2017
2017053163;5;2;2;1;3;750;11/01/2017
2017053164;5;2;5;1;6;750;13/01/2017
2017053165;5;2;2;2;6;750;15/01/2017
2017053166;1;2;2;1;3;750;18/01/2017
2017053167;1;2;3;1;6;750;18/01/2017
2017053168;1;2;2;1;6;750;20/01/2017
2017053169;5;2;2;1;2;750;21/01/2017
2017053170;2;2;2;1;6;750;23/01/2017
2017053171;1;2;5;2;6;750;04/02/2017
2017053172;2;2;1;1;6;750;16/02/2017
2017053173;5;2;1;1;4;750;20/02/2017
2017053174;5;2;2;1;3;750;20/02/2017
2017053175;1;2;2;1;6;750;22/02/2017
2017053176;1;2;2;2;6;750;23/02/2017
2017053177;1;2;1;1;6;750;23/02/2017
2017053178;1;2;7;1;2;750;28/02/2017
2017053179;1;2;1;1;3;750;02/03/2017
2017053180;1;2;7;1;6;750;03/03/2017
2017053181;1;2;7;2;3;750;05/03/2017
2017053182;1;2;2;1;6;750;09/03/2017
2017053183;1;2;2;1;6;750;11/03/2017
2017053184;1;2;5;1;3;750;15/03/2017
2017053185;1;2;2;1;3;750;16/03/2017
2017053186;1;2;3;1;3;750;17/03/2017
2017053187;5;2;2;1;3;750;17/03/2017
2017053188;1;2;1;1;6;750;20/03/2017
2017053189;1;2;7;1;3;750;22/03/2017
2017053190;5;2;2;1;6;750;24/03/2017
2017053191;5;2;3;1;3;750;29/03/2017
2017053192;1;2;1;1;2;750;30/03/2017
2017053193;1;2;2;1;6;750;31/03/2017
2017053194;1;2;1;1;6;750;31/03/2017
2017053195;1;2;3;1;3;750;31/03/2017
2017053196;1;2;7;1;6;750;02/04/2017
2017053197;1;2;7;1;6;750;05/04/2017