num_acc;lum;agg;inter;atm;col;dep;date
2017053775;1;2;4;1;3;750;05/06/2017
2017053776;1;2;5;1;2;750;06/06/2017
2017053777;1;2;1;3;6;750;06/06/2017
2017053778;1;2;1;2;6;750;06/06/2017
2017053779;1;2;3;1;6;750;09/06/2017
2017053780;1;2;2;1;2;750;09/06/2017
2017053781;1;2;1;1;6;750;09/06/2017
2017053782;5;2;3;1;3;750;10/06/2017
2017053783;1;2;1;1;3;750;11/06/2017
2017053784;2;2;1;3;1;750;11/06/2017
2017053785;1;2;3;1;3;750;12/06/2017
2017053786;1;2;7;1;2;750;12/06/2017
2017053787;1;2;2;1;3;750;12/06/2017
2017053788;1;2;2;1;3;750;14/06/2017
2017053789;1;2;7;1;3;750;15/06/2017
2017053790;1;2;3;1;3;750;19/06/2017
2017053791;1;2;1;1;3;750;20/06/2017
2017053792;1;2;2;1;2;750;21/06/2017
2017053793;1;2;1;1;6;750;21/06/2017
2017053794;1;2;1;1;6;750;22/06/2017
2017053795;1;2;1;1;6;750;22/06/2017
2017053796;5;2;3;1;3;750;23/06/2017
2017053797;5;2;1;1;6;750;23/06/2017
2017053798;1;2;1;1;2;750;26/06/2017
2017053799;1;2;3;1;6;750;27/06/2017
2017053800;1;2;2;2;2;750;28/06/2017
2017053801;1;2;3;8;7;750;28/06/2017
2017053802;1;2;3;1;6;750;29/06/2017
2017053803;1;2;2;1;3;750;29/06/2017
2017053804;1;2;2;2;6;750;30/06/2017
2017053805;1;2;1;8;2;750;30/06/2017
2017053806;1;2;1;1;2;750;01/07/2017
2017053807;1;2;1;3;6;750;01/07/2017
2017053808;1;2;2;2;2;750;01/07/2017
2017053809;1;2;2;1;3;750;03/07/2017
2017053810;2;2;5;1;6;750;03/07/2017
2017053811;1;2;7;1;6;750;05/07/2017
2017053812;1;2;2;1;3;750;05/07/2017
2017053813;3;2;2;1;6;750;06/07/2017
2017053814;1;2;3;2;7;750;06/07/2017
2017053815;1;2;5;3;6;750;06/07/2017
2017053816;1;2;7;1;3;750;06/07/2017
2017053817;3;2;2;1;3;750;09/07/2017
2017053818;1;2;4;2;3;750;10/07/2017
2017053819;5;2;2;1;3;750;11/07/2017
2017053820;1;2;2;2;4;750;12/07/2017
2017053821;1;2;7;1;6;750;13/07/2017
2017053822;1;2;1;1;3;750;16/07/2017
2017053823;5;2;1;1;2;750;16/07/2017
2017053824;1;2;5;1;3;750;18/07/2017
2017053825;1;2;4;1;2;750;21/07/2017
2017053826;1;2;7;1;3;750;21/07/2017
2017053827;1;2;5;1;6;750;21/07/2017
2017053828;1;2;1;1;2;750;21/07/2017
2017053829;1;2;1;1;6;750;22/07/2017
2017053830;1;2;1;1;6;750;23/07/2017
2017053831;1;2;7;1;3;750;24/07/2017
2017053832;5;2;7;1;6;750;29/07/2017
2017053833;5;2;7;1;3;750;30/07/2017
2017053834;1;2;2;1;6;750;30/07/2017
2017053835;1;2;7;1;3;750;01/08/2017
2017053836;5;2;3;3;6;750;05/08/2017
2017053837;1;2;1;1;6;750;06/08/2017
2017053838;5;2;7;1;3;750;12/08/2017
2017053839;1;2;7;1;3;750;14/08/2017
2017053840;1;2;3;1;6;750;15/08/2017
2017053841;2;2;2;1;6;750;20/08/2017
2017053842;1;2;4;1;2;750;21/08/2017
2017053843;1;2;7;1;6;750;22/08/2017
2017053844;2;2;1;1;6;750;23/08/2017
2017053845;1;2;7;1;3;750;24/08/2017
2017053846;1;2;7;1;2;750;24/08/2017
2017053847;1;2;7;1;2;750;26/08/2017
2017053848;1;2;4;1;7;750;28/08/2017
2017053849;1;2;6;1;3;750;29/08/2017
2017053850;1;2;7;1;3;750;29/08/2017
2017053851;1;2;7;1;6;750;29/08/2017
2017053852;1;2;2;1;3;750;30/08/2017
2017053853;1;2;2;2;7;750;01/09/2017
2017053854;1;2;2;1;3;750;04/09/2017
2017053855;1;2;7;1;2;750;04/09/2017
2017053856;1;2;4;1;3;750;05/09/2017
2017053857;1;2;3;1;6;750;06/09/2017
2017053858;5;2;1;1;6;750;07/09/2017
2017053859;5;2;2;1;6;750;08/09/2017
2017053860;1;2;2;8;2;750;09/09/2017
2017053861;5;2;2;1;3;750;10/09/2017
2017053862;2;2;2;1;3;750;11/09/2017
2017053863;1;2;1;3;7;750;13/09/2017
2017053864;1;2;7;1;3;750;15/09/2017
2017053865;1;2;7;1;2;750;15/09/2017
2017053866;5;2;2;1;2;750;16/09/2017
2017053867;5;2;3;1;3;750;17/09/2017
2017053868;1;2;7;1;3;750;18/09/2017
2017053869;1;2;7;2;3;750;19/09/2017
2017053870;1;2;2;1;2;750;19/09/2017
2017053871;2;2;2;1;6;750;21/09/2017
2017053872;1;2;7;1;3;750;21/09/2017
2017053873;1;2;3;8;6;750;22/09/2017
2017053874;5;2;7;1;3;750;23/09/2017
2017053875;1;2;7;1;6;750;25/09/2017
2017053876;1;2;2;8;6;750;26/09/2017
2017053877;1;2;2;1;6;750;27/09/2017
2017053878;5;2;7;1;3;750;27/09/2017
2017053879;1;2;7;1;6;750;27/09/2017
2017053880;1;2;1;1;3;750;28/09/2017
2017053881;1;2;2;1;6;750;29/09/2017
2017053882;1;2;2;1;6;750;30/09/2017
2017053883;1;2;7;1;3;750;02/10/2017
2017053884;1;2;7;1;3;750;03/10/2017
2017053885;1;2;7;1;3;750;05/10/2017
2017053886;1;2;5;1;5;750;06/10/2017
2017053887;1;2;2;1;3;750;06/10/2017
2017053888;1;2;2;2;6;750;07/10/2017
2017053889;1;2;1;1;3;750;07/10/2017
2017053890;1;2;7;1;3;750;09/10/2017
2017053891;1;2;7;8;6;750;11/10/2017
2017053892;1;2;1;1;6;750;12/10/2017
2017053893;5;2;1;1;6;750;14/10/2017
2017053894;1;2;2;1;3;750;15/10/2017
2017053895;1;2;7;1;6;750;15/10/2017
2017053896;1;2;1;1;6;750;17/10/2017
2017053897;1;2;2;1;3;750;17/10/2017
2017053898;5;2;5;1;6;750;17/10/2017
2017053899;2;2;1;1;6;750;18/10/2017
2017053900;5;2;1;1;6;750;18/10/2017
2017053901;5;2;2;1;3;750;18/10/2017
2017053902;5;2;3;1;6;750;19/10/2017
2017053903;5;2;2;1;3;750;19/10/2017
2017053904;1;2;1;7;2;750;20/10/2017
2017053905;1;2;7;1;6;750;21/10/2017
2017053906;5;2;7;1;2;750;22/10/2017
2017053907;5;2;7;3;3;750;22/10/2017
2017053908;1;2;2;2;6;750;23/10/2017
2017053909;1;2;2;2;7;750;24/10/2017
2017053910;1;2;3;2;7;750;24/10/2017
2017053911;1;2;2;2;3;750;24/10/2017
2017053912;2;2;7;1;6;750;25/10/2017
2017053913;5;2;2;1;6;750;26/10/2017
2017053914;1;2;7;1;4;750;26/10/2017
2017053915;5;2;2;1;6;750;27/10/2017
2017053916;2;2;2;1;6;750;27/10/2017
2017053917;5;2;7;1;7;750;28/10/2017
2017053918;1;2;3;3;3;750;29/10/2017
2017053919;1;2;5;8;4;750;29/10/2017
2017053920;5;2;2;1;3;750;29/10/2017
2017053921;5;2;2;1;7;750;04/11/2017
2017053922;5;2;3;8;3;750;04/11/2017
2017053923;1;2;7;1;2;750;06/11/2017
2017053924;5;2;3;1;7;750;07/11/2017
2017053925;1;2;3;1;6;750;08/11/2017
2017053926;5;2;7;1;7;750;09/11/2017
2017053927;5;2;3;1;6;750;12/11/2017
2017053928;5;2;7;1;3;750;16/11/2017
2017053929;2;2;1;1;6;750;19/11/2017
2017053930;5;2;2;1;3;750;20/11/2017
2017053931;1;2;4;1;6;750;21/11/2017
2017053932;2;2;2;1;2;750;21/11/2017
2017053933;2;2;7;8;3;750;25/11/2017
2017053934;1;2;2;8;6;750;25/11/2017
2017053935;1;2;5;2;6;750;28/11/2017
2017053936;5;2;1;2;2;750;27/11/2017
2017053937;5;2;7;1;6;750;28/11/2017
2017053938;2;2;2;1;6;750;29/11/2017
2017053939;1;2;2;2;4;750;30/11/2017
2017053940;5;2;2;2;4;750;01/12/2017
2017053941;5;2;5;2;6;750;01/12/2017
2017053942;5;2;5;2;6;750;01/11/2017
2017053943;2;2;2;2;3;750;03/12/2017
2017053944;5;2;5;8;6;750;03/12/2017
2017053945;1;2;1;8;3;750;04/12/2017
2017053946;5;2;5;1;3;750;04/12/2017
2017053947;1;2;2;1;6;750;06/12/2017
2017053948;5;2;2;2;7;750;07/12/2017
2017053949;5;2;3;2;6;750;08/12/2017
2017053950;1;2;5;1;2;750;09/12/2017
2017053951;1;2;1;1;6;750;09/12/2017
2017053952;1;2;7;1;3;750;09/12/2017
2017053953;1;2;3;1;7;750;10/12/2017
2017053954;1;2;1;8;6;750;10/12/2017
2017053955;5;2;2;3;3;750;11/12/2017
2017053956;1;2;1;1;6;750;12/12/2017
2017053957;5;2;7;1;6;750;12/12/2017
2017053958;5;2;2;2;6;750;13/12/2017
2017053959;5;2;7;1;6;750;17/12/2017
2017053960;1;2;1;8;4;750;18/12/2017
2017053961;5;2;1;1;2;750;19/12/2017
2017053962;5;2;4;2;6;750;20/12/2017
2017053963;5;2;7;1;6;750;21/12/2017
2017053964;1;2;3;2;6;750;21/12/2017
2017053965;5;2;3;2;3;750;21/12/2017
2017053966;5;2;2;8;3;750;22/12/2017
2017053967;1;2;7;1;7;750;21/12/2017
2017053968;1;2;4;1;3;750;26/12/2017
2017053969;5;2;2;1;2;750;29/12/2017
2017053970;5;2;2;2;3;750;30/12/2017
2017053971;5;2;7;1;3;750;01/01/2017
2017053972;1;2;2;1;3;750;03/01/2017
2017053973;1;2;3;1;6;750;04/01/2017
2017053974;1;2;1;2;6;750;07/01/2017
2017053975;5;2;1;2;6;750;10/01/2017
2017053976;5;2;3;1;6;750;10/01/2017
2017053977;5;2;1;1;4;750;16/01/2017
2017053978;1;2;1;1;6;750;17/01/2017
2017053979;1;2;2;1;6;750;18/01/2017
2017053980;2;2;7;1;3;750;19/01/2017
2017053981;5;2;5;9;3;750;21/01/2017
2017053982;4;2;1;1;3;750;23/01/2017
2017053983;1;2;2;1;6;750;26/01/2017
2017053984;5;2;7;1;3;750;27/01/2017
2017053985;5;2;7;1;3;750;29/01/2017
2017053986;5;2;2;1;3;750;31/01/2017
2017053987;1;2;3;2;6;750;02/02/2017
2017053988;5;2;7;1;6;750;02/02/2017
2017053989;1;2;7;2;3;750;04/02/2017
2017053990;5;2;1;1;6;750;10/02/2017
2017053991;5;2;2;1;3;750;10/02/2017
2017053992;1;2;3;1;3;750;11/02/2017
2017053993;1;2;5;1;2;750;14/02/2017
2017053994;5;2;2;1;3;750;15/02/2017
2017053995;1;2;3;1;3;750;16/02/2017
2017053996;5;2;3;1;7;750;15/02/2017
2017053997;1;2;2;1;6;750;23/02/2017
2017053998;5;2;1;1;6;750;23/02/2017
2017053999;5;2;1;1;4;750;25/02/2017
2017054000;5;2;1;1;6;750;26/02/2017
2017054001;1;2;1;2;6;750;27/02/2017
2017054002;5;2;2;1;6;750;28/02/2017
2017054003;1;2;2;2;2;750;01/03/2017
2017054004;1;2;3;1;6;750;07/03/2017
2017054005;5;2;2;2;3;750;08/03/2017
2017054006;5;2;2;1;3;750;09/03/2017
2017054007;1;2;7;1;6;750;11/03/2017
2017054008;1;2;1;1;3;750;13/03/2017
2017054009;1;2;1;1;3;750;13/03/2017
2017054010;1;2;2;1;3;750;14/03/2017
2017054011;1;2;5;1;6;750;16/03/2017
2017054012;1;2;5;1;6;750;20/03/2017
2017054013;1;2;5;1;6;750;22/03/2017
2017054014;1;2;1;1;6;750;22/03/2017
2017054015;1;2;7;9;6;750;24/03/2017
2017054016;1;2;1;1;7;750;25/03/2017
2017054017;1;2;2;1;6;750;27/03/2017
2017054018;1;2;2;1;6;750;28/03/2017
2017054019;1;2;1;1;6;750;05/04/2017
2017054020;1;2;7;1;3;750;05/04/2017
2017054021;5;2;1;1;3;750;07/04/2017
2017054022;1;2;2;1;6;750;07/04/2017
2017054023;1;2;2;1;6;750;11/04/2017
2017054024;1;2;4;1;6;750;13/04/2017
2017054025;1;2;3;1;6;750;13/04/2017
2017054026;1;2;2;1;3;750;16/04/2017
2017054027;1;2;2;1;3;750;17/04/2017
2017054028;1;2;1;1;3;750;18/04/2017
2017054029;1;2;1;1;6;750;20/04/2017
2017054030;5;2;1;1;6;750;21/04/2017
2017054031;1;2;5;1;3;750;24/04/2017
2017054032;1;2;1;1;6;750;24/04/2017
2017054033;1;2;1;1;6;750;24/04/2017
2017054034;1;2;7;1;6;750;25/04/2017
2017054035;1;2;3;2;6;750;27/04/2017
2017054036;1;2;2;1;6;750;29/04/2017
2017054037;5;2;1;1;6;750;05/05/2017
2017054038;1;2;1;1;6;750;05/05/2017
2017054039;1;2;1;2;6;750;08/05/2017
2017054040;5;2;1;1;4;750;09/05/2017
2017054041;1;2;3;1;6;750;10/05/2017
2017054042;1;2;3;2;6;750;12/05/2017
2017054043;1;2;3;1;6;750;13/05/2017
2017054044;1;2;2;1;6;750;22/05/2017
2017054045;1;2;3;1;6;750;23/05/2017
2017054046;5;2;3;1;3;750;24/05/2017
2017054047;1;2;3;1;3;750;29/05/2017
2017054048;1;2;2;1;6;750;06/06/2017
2017054049;1;2;3;1;6;750;09/06/2017
2017054050;1;2;7;1;3;750;10/06/2017
2017054051;1;2;4;1;2;750;11/06/2017
2017054052;1;2;5;1;3;750;12/06/2017
2017054053;1;2;1;1;6;750;16/06/2017
2017054054;1;2;2;1;6;750;18/06/2017
2017054055;1;2;1;1;3;750;19/06/2017
2017054056;1;2;1;1;6;750;22/06/2017
2017054057;1;2;2;1;3;750;23/06/2017
2017054058;1;2;2;1;6;750;23/06/2017
2017054059;1;2;3;1;6;750;23/06/2017
2017054060;1;2;2;1;6;750;24/06/2017
2017054061;5;2;3;1;6;750;25/06/2017
2017054062;1;2;2;2;6;750;27/06/2017
2017054063;1;2;7;1;3;750;01/07/2017
2017054064;1;2;3;1;4;750;02/07/2017
2017054065;1;2;7;1;3;750;02/07/2017
2017054066;1;2;3;8;7;750;28/06/2017
2017054067;5;2;1;1;6;750;04/07/2017
2017054068;1;2;3;1;2;750;07/07/2017
2017054069;1;2;7;1;6;750;13/07/2017
2017054070;1;2;7;1;6;750;16/07/2017
2017054071;1;2;3;1;6;750;12/07/2017
2017054072;1;2;3;1;3;750;21/07/2017
2017054073;1;2;5;1;6;750;22/07/2017
2017054074;1;2;4;1;3;750;22/07/2017
2017054075;5;2;3;1;2;750;05/08/2017
2017054076;5;2;1;1;6;750;06/08/2017
2017054077;1;2;5;1;6;750;06/08/2017
2017054078;1;2;1;1;6;750;07/08/2017
2017054079;1;2;5;8;3;750;17/08/2017
2017054080;1;2;3;1;5;750;18/08/2017
2017054081;1;2;4;1;6;750;22/08/2017
2017054082;1;2;7;1;6;750;29/08/2017
2017054083;1;2;2;1;3;750;31/08/2017
2017054084;5;2;4;1;3;750;03/09/2017
2017054085;1;2;2;8;3;750;08/09/2017
2017054086;1;2;2;2;6;750;09/09/2017
2017054087;1;2;5;1;3;750;11/09/2017
2017054088;1;2;5;1;6;750;11/09/2017
2017054089;1;2;1;1;2;750;14/09/2017
2017054090;1;2;3;1;6;750;15/09/2017
2017054091;1;2;7;1;2;750;17/09/2017
2017054092;5;2;1;8;6;750;17/09/2017
2017054093;1;2;7;1;2;750;18/09/2017
2017054094;1;2;2;1;3;750;20/09/2017
2017054095;5;2;4;1;6;750;22/09/2017
2017054096;1;2;2;1;6;750;25/09/2017
2017054097;5;2;1;1;3;750;29/09/2017
2017054098;1;2;2;1;3;750;30/09/2017
2017054099;1;2;7;1;4;750;02/10/2017
2017054100;1;2;5;1;5;750;02/10/2017
2017054101;1;2;1;1;3;750;06/10/2017
2017054102;1;2;7;1;7;750;08/10/2017
2017054103;5;2;2;1;6;750;15/10/2017
2017054104;1;2;5;1;6;750;16/10/2017
2017054105;1;2;1;1;6;750;20/10/2017
2017054106;1;2;1;1;6;750;20/10/2017
2017054107;5;2;1;1;6;750;20/10/2017
2017054108;1;2;2;2;6;750;23/10/2017
2017054109;1;2;3;1;6;750;25/10/2017
2017054110;5;2;7;1;6;750;26/10/2017
2017054111;1;2;3;1;3;750;31/10/2017
2017054112;5;2;3;1;6;750;05/11/2017
2017054113;5;2;7;1;3;750;06/11/2017
2017054114;5;2;1;2;6;750;10/11/2017
2017054115;5;2;3;1;6;750;10/11/2017
2017054116;4;2;7;1;3;750;11/11/2017
2017054117;1;2;5;1;4;750;14/11/2017
2017054118;5;2;7;1;2;750;18/11/2017
2017054119;5;2;2;1;6;750;21/11/2017
2017054120;2;2;3;8;6;750;21/11/2017
2017054121;1;2;7;1;6;750;22/11/2017
2017054122;1;2;7;1;6;750;22/11/2017
2017054123;1;2;7;1;6;750;22/11/2017
2017054124;5;2;2;2;3;750;23/11/2017
2017054125;1;2;2;2;3;750;25/11/2017
2017054126;5;2;7;8;3;750;28/11/2017
2017054127;1;2;5;8;6;750;01/12/2017
2017054128;5;2;1;2;6;750;03/12/2017
2017054129;1;2;3;1;7;750;04/12/2017
2017054130;5;2;3;1;6;750;04/12/2017
2017054131;5;2;3;1;6;750;05/12/2017
2017054132;2;2;3;2;2;750;07/12/2017
2017054133;5;2;7;2;4;750;08/12/2017
2017054134;5;2;1;3;6;750;10/12/2017
2017054135;1;2;2;1;3;750;26/12/2017
2017054136;5;2;2;2;3;750;27/12/2017
2017054137;5;2;2;8;3;750;31/12/2017
2017054138;1;2;2;8;6;750;04/01/2017
2017054139;5;2;3;1;3;750;05/01/2017
2017054140;1;2;5;2;6;750;07/01/2017
2017054141;1;2;2;2;6;750;09/01/2017
2017054142;1;2;3;2;6;750;09/01/2017
2017054143;1;2;3;1;6;750;10/01/2017
2017054144;1;2;5;2;3;750;11/01/2017
2017054145;5;2;4;2;3;750;13/01/2017
2017054146;5;2;5;1;3;750;14/01/2017
2017054147;1;2;2;1;6;750;18/01/2017
2017054148;5;2;1;1;6;750;22/01/2017
2017054149;1;2;2;1;3;750;22/01/2017
2017054150;5;2;3;1;3;750;28/01/2017
2017054151;5;2;1;2;3;750;30/01/2017
2017054152;1;2;1;1;6;750;02/02/2017
2017054153;5;2;5;2;3;750;03/02/2017
2017054154;1;2;2;8;3;750;06/02/2017
2017054155;2;2;3;1;3;750;06/02/2017
2017054156;1;2;1;2;6;750;07/02/2017
2017054157;5;2;1;1;6;750;11/02/2017
2017054158;5;2;1;1;3;750;13/02/2017
2017054159;1;2;2;1;6;750;15/02/2017
2017054160;5;2;2;1;6;750;18/02/2017
2017054161;1;2;7;1;3;750;25/02/2017
2017054162;5;2;2;1;6;750;26/02/2017
2017054163;1;2;1;1;2;750;27/02/2017
2017054164;1;2;2;1;7;750;28/02/2017
2017054165;1;2;2;2;6;750;01/03/2017
2017054166;1;2;2;1;6;750;02/03/2017
2017054167;1;2;1;1;2;750;03/03/2017
2017054168;5;2;1;1;6;750;03/03/2017
2017054169;1;2;3;1;3;750;03/03/2017
2017054170;1;2;1;3;4;750;05/03/2017
2017054171;2;2;1;2;2;750;07/03/2017
2017054172;1;2;7;8;3;750;08/03/2017
2017054173;5;2;1;1;6;750;12/03/2017
2017054174;1;2;1;1;2;750;13/03/2017
2017054175;1;2;2;1;6;750;13/03/2017
2017054176;1;2;1;1;6;750;14/03/2017
2017054177;1;2;2;1;6;750;16/03/2017
2017054178;1;2;2;1;3;750;27/03/2017
2017054179;1;2;1;1;2;750;27/03/2017
2017054180;1;2;3;1;3;750;27/03/2017
2017054181;5;2;1;1;1;750;29/03/2017
2017054182;5;2;7;1;6;750;29/03/2017
2017054183;1;2;2;1;6;750;04/04/2017
2017054184;1;2;1;1;6;750;08/04/2017
2017054185;2;2;7;1;3;750;08/04/2017
2017054186;5;2;2;1;6;750;13/04/2017
2017054187;1;2;4;1;3;750;13/04/2017
2017054188;1;2;1;1;6;750;13/04/2017
2017054189;1;2;2;1;3;750;20/04/2017
2017054190;5;2;1;1;6;750;20/04/2017
2017054191;1;2;7;1;3;750;21/04/2017
2017054192;1;2;1;1;6;750;22/04/2017
2017054193;1;2;2;1;6;750;23/04/2017
2017054194;1;2;1;1;2;750;25/04/2017
2017054195;1;2;5;1;6;750;26/04/2017
2017054196;1;2;1;1;3;750;27/04/2017
2017054197;1;2;3;2;6;750;28/04/2017
2017054198;2;2;1;3;3;750;30/04/2017
2017054199;5;2;1;2;6;750;30/04/2017
2017054200;1;2;1;1;6;750;03/05/2017
2017054201;1;2;2;2;3;750;03/05/2017
2017054202;5;2;2;3;6;750;07/05/2017
2017054203;5;2;1;2;6;750;07/05/2017
2017054204;1;2;5;1;3;750;08/05/2017
2017054205;5;2;2;1;6;750;12/05/2017
2017054206;1;2;3;1;3;750;12/05/2017
2017054207;1;2;4;8;3;750;19/05/2017
2017054208;1;2;1;1;6;750;20/05/2017
2017054209;1;2;1;1;6;750;21/05/2017
2017054210;5;2;1;1;6;750;21/05/2017
2017054211;5;2;3;1;6;750;22/05/2017
2017054212;5;2;1;1;6;750;25/05/2017
2017054213;1;2;7;7;3;750;26/05/2017
2017054214;1;2;4;1;3;750;27/05/2017
2017054215;5;2;1;1;6;750;31/05/2017
2017054216;1;2;7;1;3;750;02/06/2017
2017054217;1;2;2;2;3;750;02/06/2017
2017054218;1;2;1;2;3;750;02/06/2017
2017054219;1;2;1;1;6;750;05/06/2017
2017054220;1;2;1;1;6;750;07/06/2017
2017054221;1;2;2;1;6;750;10/06/2017
2017054222;1;2;1;1;4;750;10/06/2017
2017054223;5;2;5;1;3;750;12/06/2017
2017054224;1;2;1;1;6;750;21/06/2017
2017054225;1;2;1;1;3;750;23/06/2017
2017054226;5;2;5;1;3;750;25/06/2017
2017054227;1;2;1;1;6;750;26/06/2017
2017054228;1;2;5;8;3;750;27/06/2017
2017054229;1;2;2;8;6;750;29/06/2017
2017054230;1;2;2;1;6;750;01/07/2017
2017054231;1;2;7;1;3;750;02/07/2017
2017054232;2;2;4;1;3;750;02/07/2017
2017054233;1;2;1;1;3;750;03/07/2017
2017054234;1;2;1;1;6;750;03/07/2017
2017054235;1;2;3;1;3;750;03/07/2017
2017054236;1;2;1;1;3;750;04/07/2017
2017054237;1;2;4;1;3;750;07/07/2017
2017054238;1;2;5;1;3;750;11/07/2017
2017054239;1;2;1;1;6;750;11/07/2017
2017054240;1;2;1;1;6;750;17/07/2017
2017054241;5;2;1;3;2;750;24/07/2017
2017054242;1;2;1;8;6;750;24/07/2017
2017054243;2;2;2;1;3;750;25/07/2017
2017054244;2;2;3;2;3;750;26/07/2017
2017054245;1;2;3;1;3;750;28/07/2017
2017054246;1;2;1;1;3;750;31/07/2017
2017054247;1;2;3;1;6;750;04/08/2017
2017054248;5;2;1;2;6;750;09/08/2017
2017054249;1;2;4;1;3;750;16/08/2017
2017054250;1;2;2;1;3;750;19/08/2017
2017054251;1;2;3;1;3;750;22/08/2017
2017054252;5;2;1;1;2;750;24/08/2017
2017054253;5;2;1;1;6;750;26/08/2017
2017054254;1;2;1;1;3;750;26/08/2017
2017054255;1;2;2;1;3;750;27/08/2017
2017054256;5;2;4;1;6;750;01/09/2017
2017054257;1;2;2;1;3;750;02/09/2017
2017054258;5;2;5;1;2;750;06/09/2017
2017054259;5;2;1;3;6;750;08/09/2017
2017054260;1;2;5;8;3;750;09/09/2017
2017054261;5;2;5;1;3;750;09/09/2017
2017054262;1;2;1;1;7;750;10/09/2017
2017054263;1;2;5;1;3;750;10/09/2017
2017054264;5;2;1;2;3;750;11/09/2017
2017054265;1;2;1;1;3;750;11/09/2017
2017054266;1;2;7;1;6;750;12/09/2017
2017054267;5;2;1;1;6;750;12/09/2017
2017054268;5;2;1;1;2;750;16/09/2017
2017054269;1;2;2;1;6;750;18/09/2017
2017054270;1;2;2;1;3;750;21/09/2017
2017054271;5;2;3;1;6;750;26/09/2017
2017054272;1;2;2;1;3;750;27/09/2017
2017054273;1;2;1;1;7;750;04/10/2017
2017054274;5;2;7;1;5;750;04/10/2017
2017054275;5;2;3;1;6;750;05/10/2017
2017054276;5;2;2;8;6;750;10/10/2017
2017054277;5;2;1;1;6;750;11/10/2017
2017054278;1;2;1;1;6;750;12/10/2017
2017054279;1;2;3;1;6;750;14/10/2017
2017054280;1;2;2;7;3;750;15/10/2017
2017054281;1;2;1;1;6;750;16/10/2017
2017054282;5;2;3;1;6;750;22/10/2017
2017054283;5;2;3;2;6;750;23/10/2017
2017054284;1;2;7;2;3;750;24/10/2017
2017054285;1;2;1;1;6;750;27/10/2017
2017054286;1;2;4;1;6;750;28/10/2017
2017054287;1;2;1;1;1;750;28/10/2017
2017054288;1;2;1;1;6;750;30/10/2017
2017054289;1;2;1;1;2;750;31/10/2017
2017054290;1;2;1;2;3;750;04/11/2017
2017054291;5;2;5;1;6;750;05/11/2017
2017054292;5;2;4;1;3;750;05/11/2017
2017054293;5;2;1;1;3;750;08/11/2017
2017054294;5;2;4;2;3;750;08/11/2017
2017054295;1;2;3;8;1;750;09/11/2017
2017054296;1;2;3;1;6;750;09/11/2017
2017054297;5;2;7;1;1;750;09/11/2017
2017054298;5;2;3;1;6;750;10/11/2017
2017054299;5;2;4;2;3;750;11/11/2017
2017054300;5;2;2;2;6;750;12/11/2017
2017054301;5;2;2;1;3;750;13/11/2017
2017054302;1;2;7;1;5;750;14/11/2017
2017054303;1;2;2;1;6;750;16/11/2017
2017054304;1;2;1;8;2;750;17/11/2017
2017054305;1;2;2;1;2;750;18/11/2017
2017054306;1;2;1;8;3;750;18/11/2017
2017054307;5;2;7;8;6;750;18/11/2017
2017054308;1;2;2;8;2;750;24/11/2017
2017054309;5;2;1;2;6;750;27/11/2017
2017054310;2;2;2;8;2;750;28/11/2017
2017054311;1;2;1;1;6;750;28/11/2017
2017054312;5;2;2;2;3;750;29/11/2017
2017054313;1;2;3;1;2;750;30/11/2017
2017054314;5;2;4;1;6;750;07/12/2017
2017054315;5;2;1;1;6;750;09/12/2017
2017054316;5;2;7;2;6;750;10/12/2017
2017054317;5;2;1;8;6;750;11/12/2017
2017054318;3;2;2;2;3;750;12/12/2017
2017054319;1;2;1;2;6;750;15/12/2017
2017054320;1;2;4;8;3;750;19/12/2017
2017054321;1;2;3;1;3;750;26/12/2017
2017054322;2;2;3;1;6;750;28/12/2017
2017054323;5;2;2;8;6;750;01/01/2017
2017054324;5;2;2;9;2;750;02/01/2017
2017054325;1;2;3;1;3;750;03/01/2017
2017054326;3;2;2;2;6;750;04/01/2017
2017054327;5;2;2;2;3;750;04/01/2017
2017054328;5;2;1;1;2;750;10/01/2017
2017054329;5;2;1;1;3;750;10/01/2017
2017054330;1;2;1;6;6;750;11/01/2017
2017054331;5;2;3;1;2;750;11/01/2017
2017054332;1;2;1;1;3;750;14/01/2017
2017054333;5;2;3;1;6;750;15/01/2017
2017054334;2;2;2;2;6;750;15/01/2017
2017054335;1;2;7;1;6;750;16/01/2017
2017054336;1;2;3;7;6;750;17/01/2017
2017054337;5;2;5;1;6;750;17/01/2017
2017054338;1;2;2;1;6;750;18/01/2017
2017054339;1;2;4;1;6;750;18/01/2017
2017054340;5;2;1;1;2;750;18/01/2017
2017054341;5;2;2;1;3;750;21/01/2017
2017054342;5;2;7;1;3;750;22/01/2017
2017054343;1;2;2;5;6;750;24/01/2017
2017054344;1;2;2;8;7;750;24/01/2017
2017054345;5;2;7;1;3;750;27/01/2017
2017054346;1;2;1;1;3;750;30/01/2017
2017054347;1;2;3;1;3;750;01/02/2017
2017054348;5;2;2;1;3;750;01/02/2017
2017054349;1;2;1;2;3;750;02/02/2017
2017054350;5;2;3;1;3;750;05/02/2017
2017054351;5;2;2;2;6;750;07/02/2017