num_acc;lum;agg;inter;atm;col;dep;date
2017054352;5;2;7;1;2;750;08/02/2017
2017054353;1;2;2;1;3;750;10/02/2017
2017054354;1;2;2;1;6;750;15/02/2017
2017054355;5;2;7;1;2;750;15/02/2017
2017054356;5;2;2;1;3;750;16/02/2017
2017054357;5;2;7;8;3;750;17/02/2017
2017054358;5;2;1;1;1;750;18/02/2017
2017054359;1;2;2;1;3;750;20/02/2017
2017054360;1;2;2;1;3;750;25/02/2017
2017054361;5;2;2;1;3;750;26/02/2017
2017054362;5;2;3;2;6;750;01/03/2017
2017054363;1;2;2;1;3;750;02/03/2017
2017054364;1;2;1;1;6;750;02/03/2017
2017054365;1;2;3;1;3;750;03/03/2017
2017054366;1;2;1;1;3;750;03/03/2017
2017054367;1;2;3;1;3;750;03/03/2017
2017054368;1;2;2;1;6;750;03/03/2017
2017054369;1;2;3;1;2;750;03/03/2017
2017054370;5;2;2;1;6;750;03/03/2017
2017054371;5;2;2;1;3;750;03/03/2017
2017054372;1;2;2;1;6;750;07/03/2017
2017054373;5;2;2;2;6;750;08/03/2017
2017054374;5;2;3;2;3;750;08/03/2017
2017054375;1;2;1;1;3;750;10/03/2017
2017054376;5;2;1;1;4;750;10/03/2017
2017054377;3;2;1;1;3;750;10/03/2017
2017054378;5;2;1;1;3;750;13/03/2017
2017054379;1;2;3;1;7;750;14/03/2017
2017054380;1;2;3;1;3;750;16/03/2017
2017054381;1;2;2;1;3;750;16/03/2017
2017054382;5;2;3;1;1;750;18/03/2017
2017054383;2;2;1;1;3;750;21/03/2017
2017054384;1;2;1;1;6;750;24/03/2017
2017054385;1;2;7;1;6;750;25/03/2017
2017054386;1;2;3;1;6;750;27/03/2017
2017054387;1;2;5;1;3;750;01/04/2017
2017054388;1;2;1;1;6;750;03/04/2017
2017054389;1;2;2;1;3;750;03/04/2017
2017054390;1;2;3;1;3;750;04/04/2017
2017054391;1;2;3;1;3;750;05/04/2017
2017054392;5;2;3;1;6;750;04/04/2017
2017054393;1;2;2;1;3;750;06/04/2017
2017054394;1;2;3;1;3;750;06/04/2017
2017054395;5;2;7;1;3;750;07/04/2017
2017054396;1;2;2;1;3;750;07/04/2017
2017054397;1;2;1;3;6;750;07/04/2017
2017054398;1;2;3;1;6;750;07/04/2017
2017054399;1;2;3;1;6;750;10/04/2017
2017054400;1;2;3;1;3;750;10/04/2017
2017054401;1;2;5;3;3;750;11/04/2017
2017054402;1;2;7;1;3;750;11/04/2017
2017054403;1;2;4;1;6;750;12/04/2017
2017054404;1;2;2;1;3;750;14/04/2017
2017054405;1;2;2;1;6;750;16/04/2017
2017054406;1;2;3;1;3;750;16/04/2017
2017054407;1;2;2;1;6;750;22/04/2017
2017054408;2;2;3;1;2;750;25/04/2017
2017054409;1;2;1;2;3;750;26/04/2017
2017054410;1;2;2;2;3;750;26/04/2017
2017054411;1;2;1;1;2;750;27/04/2017
2017054412;1;2;1;1;2;750;27/04/2017
2017054413;5;2;2;1;3;750;27/04/2017
2017054414;1;2;1;2;3;750;28/04/2017
2017054415;1;2;2;2;3;750;28/04/2017
2017054416;1;2;1;1;6;750;01/05/2017
2017054417;1;2;1;1;6;750;02/05/2017
2017054418;1;2;2;2;6;750;03/05/2017
2017054419;1;2;1;1;6;750;04/05/2017
2017054420;2;2;1;1;3;750;09/05/2017
2017054421;1;2;1;1;7;750;10/05/2017
2017054422;1;2;3;1;5;750;11/05/2017
2017054423;1;2;3;1;3;750;11/05/2017
2017054424;1;2;1;3;7;750;12/05/2017
2017054425;5;2;3;1;6;750;13/05/2017
2017054426;1;2;1;1;6;750;13/05/2017
2017054427;1;2;2;1;6;750;15/05/2017
2017054428;1;2;1;1;2;750;16/05/2017
2017054429;1;2;2;1;2;750;17/05/2017
2017054430;5;2;2;2;6;750;17/05/2017
2017054431;5;2;1;3;6;750;18/05/2017
2017054432;1;2;2;1;6;750;21/05/2017
2017054433;1;2;1;1;3;750;22/05/2017
2017054434;1;2;4;1;3;750;22/05/2017
2017054435;1;2;2;1;3;750;22/05/2017
2017054436;1;2;7;1;6;750;22/05/2017
2017054437;1;2;2;1;3;750;24/05/2017
2017054438;1;2;3;1;6;750;24/05/2017
2017054439;1;2;3;1;6;750;24/05/2017
2017054440;1;2;2;1;3;750;25/05/2017
2017054441;1;2;2;1;3;750;26/05/2017
2017054442;5;2;2;1;3;750;01/06/2017
2017054443;2;2;4;1;6;750;01/06/2017
2017054444;1;2;1;1;3;750;03/06/2017
2017054445;2;2;2;2;6;750;03/06/2017
2017054446;1;2;2;1;3;750;06/06/2017
2017054447;1;2;1;1;6;750;12/06/2017
2017054448;1;2;4;1;3;750;13/06/2017
2017054449;1;2;2;1;6;750;13/06/2017
2017054450;1;2;1;1;6;750;13/06/2017
2017054451;5;2;5;1;6;750;15/06/2017
2017054452;1;2;2;1;3;750;19/06/2017
2017054453;1;2;3;1;3;750;21/06/2017
2017054454;1;2;1;1;6;750;21/06/2017
2017054455;1;2;1;1;6;750;22/06/2017
2017054456;1;2;2;1;3;750;22/06/2017
2017054457;1;2;1;1;6;750;22/06/2017
2017054458;1;2;1;1;6;750;22/06/2017
2017054459;1;2;1;1;6;750;23/06/2017
2017054460;1;2;3;1;2;750;23/06/2017
2017054461;1;2;2;1;3;750;23/06/2017
2017054462;1;2;1;1;2;750;24/06/2017
2017054463;1;2;3;1;6;750;28/06/2017
2017054464;1;2;3;1;6;750;29/06/2017
2017054465;1;2;5;1;3;750;04/07/2017
2017054466;5;2;1;1;3;750;04/07/2017
2017054467;1;2;3;2;2;750;06/07/2017
2017054468;1;2;4;1;3;750;07/07/2017
2017054469;5;2;2;1;3;750;09/07/2017
2017054470;1;2;7;2;3;750;10/07/2017
2017054471;1;2;1;8;6;750;12/07/2017
2017054472;1;2;3;1;6;750;17/07/2017
2017054473;1;2;1;1;3;750;18/07/2017
2017054474;1;2;2;1;6;750;18/07/2017
2017054475;1;2;1;1;6;750;18/07/2017
2017054476;1;2;1;1;6;750;21/07/2017
2017054477;1;2;2;1;3;750;21/07/2017
2017054478;1;2;1;8;4;750;24/07/2017
2017054479;1;2;2;1;2;750;26/07/2017
2017054480;5;2;2;1;3;750;29/07/2017
2017054481;1;2;5;1;6;750;31/07/2017
2017054482;1;2;3;1;6;750;05/08/2017
2017054483;1;2;1;1;6;750;06/08/2017
2017054484;1;2;3;8;2;750;08/08/2017
2017054485;5;2;2;2;3;750;12/08/2017
2017054486;5;2;2;1;2;750;12/08/2017
2017054487;1;2;2;2;3;750;18/08/2017
2017054488;2;2;7;1;4;750;19/08/2017
2017054489;1;2;3;1;6;750;24/08/2017
2017054490;1;2;7;1;6;750;31/08/2017
2017054491;1;2;3;2;7;750;01/09/2017
2017054492;5;2;5;2;2;750;01/09/2017
2017054493;5;2;1;6;6;750;03/09/2017
2017054494;1;2;3;1;7;750;04/09/2017
2017054495;1;2;1;1;6;750;07/09/2017
2017054496;5;2;5;3;2;750;08/09/2017
2017054497;5;2;7;2;3;750;10/09/2017
2017054498;1;2;1;1;6;750;12/09/2017
2017054499;5;2;5;2;3;750;13/09/2017
2017054500;5;2;1;1;6;750;17/09/2017
2017054501;1;2;1;1;3;750;18/09/2017
2017054502;1;2;2;1;3;750;18/09/2017
2017054503;5;2;2;1;3;750;19/09/2017
2017054504;1;2;2;1;3;750;20/09/2017
2017054505;1;2;2;1;3;750;20/09/2017
2017054506;1;2;2;1;2;750;21/09/2017
2017054507;1;2;1;1;6;750;22/09/2017
2017054508;5;2;2;1;3;750;23/09/2017
2017054509;1;2;1;1;6;750;23/09/2017
2017054510;5;2;4;1;6;750;22/09/2017
2017054511;1;2;1;1;6;750;23/09/2017
2017054512;1;2;1;1;6;750;24/09/2017
2017054513;1;2;3;1;3;750;25/09/2017
2017054514;5;2;2;1;6;750;24/09/2017
2017054515;5;2;3;1;6;750;26/09/2017
2017054516;1;2;1;8;6;750;27/09/2017
2017054517;1;2;3;8;3;750;28/09/2017
2017054518;1;2;2;8;3;750;28/09/2017
2017054519;1;2;2;1;2;750;29/09/2017
2017054520;1;2;2;1;6;750;30/09/2017
2017054521;5;2;1;2;2;750;30/09/2017
2017054522;5;2;1;6;6;750;01/10/2017
2017054523;5;2;1;1;6;750;04/10/2017
2017054524;1;2;2;1;3;750;06/10/2017
2017054525;1;2;1;8;2;750;08/10/2017
2017054526;1;2;3;1;6;750;05/10/2017
2017054527;1;2;7;1;3;750;09/10/2017
2017054528;1;2;2;1;3;750;09/10/2017
2017054529;1;2;1;1;6;750;10/10/2017
2017054530;1;2;3;1;6;750;10/10/2017
2017054531;5;2;1;1;6;750;10/10/2017
2017054532;5;2;2;1;6;750;11/10/2017
2017054533;5;2;2;1;2;750;13/10/2017
2017054534;1;2;2;1;6;750;14/10/2017
2017054535;1;2;1;1;6;750;14/10/2017
2017054536;5;2;2;1;3;750;15/10/2017
2017054537;1;2;3;1;3;750;15/10/2017
2017054538;1;2;2;1;6;750;16/10/2017
2017054539;1;2;7;1;6;750;16/10/2017
2017054540;1;2;2;1;3;750;19/10/2017
2017054541;5;2;5;1;6;750;19/10/2017
2017054542;5;2;2;1;6;750;20/10/2017
2017054543;5;2;2;1;6;750;21/10/2017
2017054544;5;2;3;1;2;750;21/10/2017
2017054545;5;2;3;1;3;750;22/10/2017
2017054546;2;2;3;1;6;750;23/10/2017
2017054547;1;2;3;8;2;750;23/10/2017
2017054548;5;2;2;2;6;750;23/10/2017
2017054549;1;2;2;1;6;750;24/10/2017
2017054550;5;2;1;1;2;750;24/10/2017
2017054551;1;2;1;1;7;750;26/10/2017
2017054552;5;2;2;1;3;750;28/10/2017
2017054553;5;2;3;1;6;750;03/11/2017
2017054554;5;2;1;1;6;750;04/11/2017
2017054555;5;2;1;1;4;750;04/11/2017
2017054556;1;2;1;1;6;750;05/11/2017
2017054557;1;2;1;1;3;750;07/11/2017
2017054558;1;2;3;2;1;750;09/11/2017
2017054559;2;2;1;8;3;750;09/11/2017
2017054560;5;2;2;2;3;750;11/11/2017
2017054561;1;2;3;3;3;750;12/11/2017
2017054562;5;2;2;1;6;750;13/11/2017
2017054563;5;2;2;1;6;750;10/11/2017
2017054564;1;2;3;1;6;750;14/11/2017
2017054565;2;2;2;1;6;750;14/11/2017
2017054566;5;2;1;1;3;750;14/11/2017
2017054567;1;2;1;2;6;750;17/11/2017
2017054568;1;2;2;1;2;750;18/11/2017
2017054569;5;2;1;1;6;750;18/11/2017
2017054570;1;2;4;1;3;750;21/11/2017
2017054571;1;2;2;1;3;750;21/11/2017
2017054572;5;2;3;1;6;750;23/11/2017
2017054573;5;2;2;1;6;750;23/11/2017
2017054574;1;2;1;2;6;750;24/11/2017
2017054575;1;2;4;1;6;750;26/11/2017
2017054576;5;2;2;1;3;750;26/11/2017
2017054577;5;2;3;1;3;750;26/11/2017
2017054578;1;2;1;1;6;750;27/11/2017
2017054579;1;2;2;1;7;750;30/11/2017
2017054580;1;2;2;1;6;750;30/11/2017
2017054581;5;2;1;8;7;750;03/12/2017
2017054582;1;2;1;1;3;750;04/12/2017
2017054583;1;2;4;8;6;750;05/12/2017
2017054584;1;2;3;1;6;750;06/12/2017
2017054585;1;2;5;8;2;750;06/12/2017
2017054586;3;2;3;2;3;750;09/12/2017
2017054587;5;2;3;1;3;750;10/12/2017
2017054588;5;2;1;2;3;750;14/12/2017
2017054589;1;2;3;2;6;750;15/12/2017
2017054590;5;2;7;2;2;750;15/12/2017
2017054591;1;2;2;1;2;750;16/12/2017
2017054592;1;2;4;2;3;750;20/12/2017
2017054593;5;2;2;1;6;750;22/12/2017
2017054594;1;2;2;1;3;750;27/12/2017
2017054595;1;2;2;2;3;750;29/12/2017
2017054596;2;2;2;2;6;750;29/12/2017
2017054597;5;2;2;2;7;750;30/12/2017
2017054598;5;2;7;1;3;750;01/01/2017
2017054599;4;2;5;1;6;750;02/01/2017
2017054600;5;2;7;1;6;750;03/01/2017
2017054601;5;2;1;2;6;750;04/01/2017
2017054602;5;2;2;1;3;750;04/01/2017
2017054603;1;2;1;1;1;750;05/01/2017
2017054604;1;2;5;1;6;750;05/01/2017
2017054605;5;2;1;1;1;750;05/01/2017
2017054606;5;2;1;1;3;750;05/01/2017
2017054607;5;2;1;1;1;750;06/01/2017
2017054608;3;2;1;1;4;750;06/01/2017
2017054609;5;2;1;2;3;750;07/01/2017
2017054610;5;2;7;2;6;750;08/01/2017
2017054611;1;2;1;2;6;750;09/01/2017
2017054612;5;2;2;2;2;750;09/01/2017
2017054613;1;2;2;2;3;750;13/01/2017
2017054614;5;2;1;1;6;750;13/01/2017
2017054615;5;2;1;2;6;750;14/01/2017
2017054616;1;2;1;8;6;750;16/01/2017
2017054617;1;2;2;1;3;750;17/01/2017
2017054618;1;2;1;1;6;750;19/01/2017
2017054619;5;2;1;1;2;750;20/01/2017
2017054620;1;2;1;1;6;750;25/01/2017
2017054621;5;2;1;1;3;750;26/01/2017
2017054622;3;2;2;1;6;750;27/01/2017
2017054623;5;2;4;1;3;750;27/01/2017
2017054624;1;2;4;1;6;750;29/01/2017
2017054625;1;2;1;2;3;750;31/01/2017
2017054626;5;2;1;1;6;750;31/01/2017
2017054627;1;2;2;1;2;750;01/02/2017
2017054628;5;2;2;1;3;750;08/02/2017
2017054629;1;2;1;2;3;750;10/02/2017
2017054630;5;2;4;1;2;750;11/02/2017
2017054631;5;2;5;1;3;750;14/02/2017
2017054632;1;2;3;1;6;750;14/02/2017
2017054633;5;2;1;1;3;750;14/02/2017
2017054634;1;2;1;2;3;750;16/02/2017
2017054635;5;2;1;1;7;750;17/02/2017
2017054636;5;2;7;1;3;750;18/02/2017
2017054637;5;2;2;1;6;750;18/02/2017
2017054638;1;2;1;1;3;750;21/02/2017
2017054639;5;2;1;1;6;750;21/02/2017
2017054640;1;2;5;1;3;750;22/02/2017
2017054641;1;2;1;1;6;750;22/02/2017
2017054642;1;2;1;1;3;750;23/02/2017
2017054643;5;2;1;1;6;750;24/02/2017
2017054644;5;2;1;1;2;750;25/02/2017
2017054645;1;2;2;1;6;750;26/02/2017
2017054646;1;2;1;1;2;750;28/02/2017
2017054647;5;2;7;2;6;750;28/02/2017
2017054648;2;2;2;1;3;750;02/03/2017
2017054649;1;2;7;1;6;750;02/03/2017
2017054650;1;2;3;1;3;750;02/03/2017
2017054651;2;2;1;1;3;750;02/03/2017
2017054652;1;2;1;1;2;750;03/03/2017
2017054653;1;2;1;1;6;750;03/03/2017
2017054654;1;2;1;2;6;750;04/03/2017
2017054655;1;2;3;2;3;750;04/03/2017
2017054656;1;2;1;2;6;750;04/03/2017
2017054657;2;2;1;1;4;750;06/03/2017
2017054658;5;2;2;2;3;750;06/03/2017
2017054659;1;2;2;1;3;750;09/03/2017
2017054660;1;2;1;1;3;750;10/03/2017
2017054661;5;2;2;1;6;750;12/03/2017
2017054662;1;2;1;1;6;750;12/03/2017
2017054663;1;2;1;1;7;750;13/03/2017
2017054664;5;2;2;1;3;750;13/03/2017
2017054665;1;2;1;1;4;750;14/03/2017
2017054666;1;2;1;1;1;750;15/03/2017
2017054667;5;2;5;1;3;750;16/03/2017
2017054668;1;2;1;1;2;750;17/03/2017
2017054669;5;2;5;1;6;750;17/03/2017
2017054670;5;2;1;2;7;750;18/03/2017
2017054671;5;2;3;1;6;750;18/03/2017
2017054672;1;2;4;1;3;750;18/03/2017
2017054673;5;2;3;1;6;750;18/03/2017
2017054674;1;2;1;1;3;750;19/03/2017
2017054675;1;2;1;1;3;750;20/03/2017
2017054676;1;2;1;1;6;750;20/03/2017
2017054677;3;2;1;1;2;750;21/03/2017
2017054678;1;2;1;1;3;750;22/03/2017
2017054679;5;2;1;2;2;750;24/03/2017
2017054680;1;2;1;3;2;750;24/03/2017
2017054681;5;2;3;1;3;750;24/03/2017
2017054682;5;2;1;1;7;750;25/03/2017
2017054683;1;2;7;1;6;750;26/03/2017
2017054684;1;2;2;1;3;750;27/03/2017
2017054685;1;2;3;1;2;750;28/03/2017
2017054686;1;2;7;1;3;750;28/03/2017
2017054687;1;2;4;1;3;750;28/03/2017
2017054688;1;2;2;1;3;750;30/03/2017
2017054689;5;2;7;7;7;750;31/03/2017
2017054690;5;2;5;1;3;750;01/04/2017
2017054691;5;2;2;1;3;750;01/04/2017
2017054692;2;2;1;1;3;750;02/04/2017
2017054693;1;2;1;1;3;750;04/04/2017
2017054694;1;2;1;1;2;750;04/04/2017
2017054695;1;2;1;1;6;750;05/04/2017
2017054696;5;2;3;1;2;750;04/04/2017
2017054697;1;2;1;1;3;750;07/04/2017
2017054698;1;2;3;1;7;750;07/04/2017
2017054699;5;2;1;7;6;750;07/04/2017
2017054700;1;2;2;1;2;750;08/04/2017
2017054701;5;2;3;3;3;750;08/04/2017
2017054702;1;2;1;1;6;750;10/04/2017
2017054703;1;2;3;1;6;750;12/04/2017
2017054704;1;2;2;1;3;750;12/04/2017
2017054705;1;2;7;1;3;750;13/04/2017
2017054706;5;2;2;1;6;750;13/04/2017
2017054707;5;2;5;1;3;750;14/04/2017
2017054708;1;2;2;1;6;750;15/04/2017
2017054709;5;2;3;1;1;750;17/04/2017
2017054710;1;2;7;1;4;750;19/04/2017
2017054711;1;2;1;1;6;750;31/03/2017
2017054712;1;2;1;1;6;750;20/04/2017
2017054713;1;2;1;1;3;750;21/04/2017
2017054714;5;2;2;1;7;750;22/04/2017
2017054715;5;2;3;1;6;750;22/04/2017
2017054716;1;2;7;1;3;750;22/04/2017
2017054717;1;2;7;1;3;750;24/04/2017
2017054718;5;2;1;1;6;750;24/04/2017
2017054719;1;2;3;1;6;750;25/04/2017
2017054720;1;2;1;1;6;750;25/04/2017
2017054721;1;2;2;1;3;750;25/04/2017
2017054722;1;2;1;8;6;750;26/04/2017
2017054723;5;2;5;1;6;750;28/04/2017
2017054724;1;2;3;1;5;750;02/05/2017
2017054725;1;2;3;1;6;750;02/05/2017
2017054726;5;2;4;2;6;750;03/05/2017
2017054727;5;2;4;1;6;750;04/05/2017
2017054728;1;2;1;2;2;750;04/05/2017
2017054729;1;2;4;1;3;750;05/05/2017
2017054730;1;2;4;1;2;750;05/05/2017
2017054731;1;2;3;1;5;750;09/05/2017
2017054732;5;2;7;1;7;750;09/05/2017
2017054733;5;2;7;1;3;750;12/05/2017
2017054734;1;2;7;1;6;750;13/05/2017
2017054735;5;2;4;1;6;750;14/05/2017
2017054736;1;2;1;1;3;750;15/05/2017
2017054737;1;2;1;1;6;750;15/05/2017
2017054738;5;2;5;1;6;750;15/05/2017
2017054739;1;2;4;1;3;750;16/05/2017
2017054740;2;2;1;7;6;750;16/05/2017
2017054741;5;2;3;1;6;750;16/05/2017
2017054742;1;2;1;1;6;750;18/05/2017
2017054743;1;2;4;1;3;750;19/05/2017
2017054744;1;2;1;1;3;750;19/05/2017
2017054745;1;2;2;1;6;750;23/05/2017
2017054746;1;2;3;1;6;750;23/05/2017
2017054747;1;2;7;1;3;750;24/05/2017
2017054748;5;2;2;1;2;750;25/05/2017
2017054749;1;2;4;1;3;750;25/05/2017
2017054750;1;2;7;1;3;750;25/05/2017
2017054751;1;2;4;1;3;750;26/05/2017
2017054752;1;2;3;1;3;750;27/05/2017
2017054753;1;2;4;1;6;750;28/05/2017
2017054754;1;2;2;1;3;750;29/05/2017
2017054755;1;2;1;1;6;750;29/05/2017
2017054756;5;2;1;1;6;750;30/05/2017
2017054757;1;2;1;8;6;750;30/05/2017
2017054758;1;2;1;1;3;750;31/05/2017
2017054759;5;2;3;1;1;750;01/06/2017
2017054760;1;2;1;1;3;750;01/06/2017
2017054761;1;2;3;1;3;750;01/06/2017
2017054762;1;2;7;1;3;750;02/06/2017
2017054763;1;2;5;2;3;750;03/06/2017
2017054764;1;2;1;2;6;750;03/06/2017
2017054765;1;2;5;1;3;750;04/06/2017
2017054766;2;2;4;1;3;750;04/06/2017
2017054767;1;2;1;1;2;750;06/06/2017
2017054768;1;2;1;1;2;750;06/06/2017
2017054769;2;2;2;1;6;750;07/06/2017
2017054770;1;2;1;1;2;750;09/06/2017
2017054771;1;2;2;1;4;750;10/06/2017
2017054772;1;2;7;1;6;750;11/06/2017
2017054773;1;2;4;1;6;750;12/06/2017
2017054774;1;2;4;1;3;750;12/06/2017
2017054775;1;2;1;1;4;750;12/06/2017
2017054776;1;2;1;1;6;750;14/06/2017
2017054777;5;2;1;1;2;750;14/06/2017
2017054778;1;2;2;1;3;750;15/06/2017
2017054779;5;2;1;1;3;750;15/06/2017
2017054780;5;2;7;1;6;750;15/06/2017
2017054781;1;2;2;1;6;750;16/06/2017
2017054782;1;2;2;1;3;750;19/06/2017
2017054783;1;2;3;1;7;750;20/06/2017
2017054784;1;2;4;1;3;750;20/06/2017
2017054785;5;2;1;1;2;750;20/06/2017
2017054786;1;2;5;1;3;750;21/06/2017
2017054787;1;2;2;1;6;750;22/06/2017
2017054788;1;2;1;1;7;750;22/06/2017
2017054789;5;2;1;1;2;750;22/06/2017
2017054790;1;2;2;1;3;750;23/06/2017
2017054791;2;2;2;1;7;750;23/06/2017
2017054792;1;2;2;1;3;750;24/06/2017
2017054793;5;2;2;1;3;750;27/06/2017
2017054794;1;2;2;1;3;750;28/06/2017
2017054795;5;2;3;1;6;750;29/06/2017
2017054796;1;2;6;2;3;750;30/06/2017
2017054797;5;2;1;1;3;750;01/07/2017
2017054798;5;2;5;1;6;750;02/07/2017
2017054799;1;2;1;1;2;750;05/07/2017
2017054800;1;2;2;2;3;750;06/07/2017
2017054801;1;2;1;1;6;750;06/07/2017
2017054802;1;2;7;1;6;750;06/07/2017
2017054803;1;2;7;1;3;750;07/07/2017
2017054804;5;2;2;1;3;750;07/07/2017
2017054805;1;2;4;1;3;750;08/07/2017
2017054806;1;2;1;1;3;750;08/07/2017
2017054807;5;2;1;1;6;750;09/07/2017
2017054808;1;2;2;8;3;750;10/07/2017
2017054809;2;2;1;1;3;750;10/07/2017
2017054810;1;2;1;1;6;750;11/07/2017
2017054811;1;2;3;1;2;750;11/07/2017
2017054812;1;2;4;1;3;750;11/07/2017
2017054813;1;2;1;2;6;750;12/07/2017
2017054814;1;2;3;1;2;750;12/07/2017
2017054815;1;2;1;1;4;750;12/07/2017
2017054816;1;2;1;1;6;750;13/07/2017
2017054817;1;2;7;1;1;750;13/07/2017
2017054818;1;2;3;1;6;750;15/07/2017
2017054819;5;2;4;1;3;750;15/07/2017
2017054820;2;2;7;1;6;750;16/07/2017
2017054821;1;2;1;1;7;750;17/07/2017
2017054822;1;2;2;1;3;750;17/07/2017
2017054823;5;2;4;1;3;750;19/07/2017
2017054824;1;2;1;1;3;750;21/07/2017
2017054825;1;2;4;1;5;750;21/07/2017
2017054826;1;2;4;1;2;750;21/07/2017
2017054827;1;2;2;1;6;750;22/07/2017
2017054828;1;2;4;1;3;750;22/07/2017
2017054829;5;2;1;1;6;750;23/07/2017
2017054830;1;2;2;1;3;750;26/07/2017
2017054831;1;2;1;2;6;750;26/07/2017
2017054832;1;2;1;1;4;750;27/07/2017
2017054833;2;2;2;1;6;750;27/07/2017
2017054834;1;2;2;1;2;750;28/07/2017
2017054835;1;2;1;1;6;750;31/07/2017
2017054836;1;2;3;1;6;750;31/07/2017
2017054837;1;2;2;1;3;750;02/08/2017
2017054838;1;2;1;1;2;750;03/08/2017
2017054839;1;2;1;2;3;750;08/08/2017
2017054840;2;2;7;1;3;750;09/08/2017
2017054841;1;2;7;3;6;750;10/08/2017
2017054842;1;2;2;2;6;750;10/08/2017
2017054843;1;2;2;1;3;750;11/08/2017
2017054844;1;2;1;1;6;750;11/08/2017
2017054845;1;2;1;1;3;750;13/08/2017
2017054846;1;2;1;1;3;750;13/08/2017
2017054847;5;2;5;1;7;750;14/08/2017
2017054848;1;2;1;1;4;750;14/08/2017
2017054849;1;2;2;1;6;750;14/08/2017
2017054850;5;2;1;1;6;750;16/08/2017
2017054851;5;2;1;1;3;750;16/08/2017
2017054852;1;2;2;1;7;750;20/08/2017
2017054853;1;2;2;1;2;750;21/08/2017
2017054854;5;2;7;1;6;750;24/08/2017
2017054855;2;2;2;1;3;750;24/08/2017
2017054856;1;2;1;1;6;750;24/08/2017
2017054857;5;2;7;1;2;750;25/08/2017
2017054858;1;2;2;2;3;750;25/08/2017
2017054859;1;2;1;1;2;750;27/08/2017
2017054860;1;2;3;1;7;750;28/08/2017
2017054861;2;2;7;1;6;750;29/08/2017
2017054862;1;2;1;1;2;750;31/08/2017
2017054863;1;2;1;2;4;750;01/09/2017
2017054864;1;2;1;1;6;750;02/09/2017
2017054865;1;2;3;1;6;750;03/09/2017
2017054866;1;2;5;1;3;750;06/09/2017
2017054867;1;2;2;1;3;750;06/09/2017
2017054868;1;2;3;1;6;750;08/09/2017
2017054869;5;2;5;2;6;750;09/09/2017
2017054870;1;2;5;1;3;750;10/09/2017
2017054871;2;2;1;1;1;750;10/09/2017
2017054872;5;2;1;1;6;750;11/09/2017
2017054873;1;2;7;1;2;750;12/09/2017
2017054874;1;2;1;1;2;750;13/09/2017
2017054875;1;2;1;2;4;750;13/09/2017
2017054876;1;2;2;1;3;750;14/09/2017
2017054877;2;2;1;1;3;750;14/09/2017
2017054878;1;2;1;1;4;750;16/09/2017
2017054879;1;2;1;1;6;750;18/09/2017
2017054880;1;2;7;1;3;750;18/09/2017
2017054881;1;2;3;2;6;750;19/09/2017
2017054882;1;2;7;1;2;750;19/09/2017
2017054883;1;2;1;1;4;750;20/09/2017
2017054884;1;2;4;1;3;750;21/09/2017
2017054885;1;2;3;1;2;750;21/09/2017
2017054886;1;2;1;2;6;750;22/09/2017
2017054887;1;2;2;1;6;750;22/09/2017
2017054888;1;2;5;1;6;750;23/09/2017
2017054889;5;2;1;1;6;750;24/09/2017
2017054890;1;2;1;1;3;750;26/09/2017
2017054891;1;2;1;1;3;750;26/09/2017
2017054892;5;2;2;1;2;750;26/09/2017
2017054893;5;2;2;1;6;750;30/09/2017
2017054894;5;2;5;2;3;750;01/10/2017
2017054895;1;2;5;1;7;750;02/10/2017
2017054896;5;2;2;1;6;750;04/10/2017
2017054897;1;2;1;1;3;750;05/10/2017
2017054898;1;2;3;1;2;750;05/10/2017
2017054899;1;2;1;1;6;750;06/10/2017
2017054900;5;2;1;1;3;750;06/10/2017
2017054901;5;2;1;1;3;750;06/10/2017
2017054902;1;2;1;1;6;750;07/10/2017
2017054903;5;2;2;1;6;750;07/10/2017
2017054904;1;2;2;1;6;750;10/10/2017
2017054905;1;2;3;1;3;750;11/10/2017
2017054906;2;2;2;1;3;750;12/10/2017
2017054907;1;2;3;1;2;750;12/10/2017
2017054908;1;2;2;1;5;750;12/10/2017
2017054909;1;2;3;1;6;750;13/10/2017
2017054910;1;2;2;1;6;750;13/10/2017
2017054911;1;2;1;1;7;750;13/10/2017
2017054912;1;2;1;1;6;750;13/10/2017
2017054913;1;2;2;1;6;750;14/10/2017
2017054914;5;2;4;1;6;750;16/10/2017
2017054915;3;2;1;1;6;750;16/10/2017
2017054916;1;2;1;1;3;750;17/10/2017
2017054917;5;2;1;1;6;750;17/10/2017
2017054918;1;2;1;1;6;750;18/10/2017
2017054919;1;2;3;1;3;750;18/10/2017
2017054920;1;2;7;1;3;750;19/10/2017
2017054921;1;2;2;1;6;750;19/10/2017
2017054922;1;2;1;1;3;750;19/10/2017
2017054923;1;2;1;1;3;750;19/10/2017
2017054924;1;2;1;1;6;750;21/10/2017
2017054925;5;2;3;1;6;750;22/10/2017
2017054926;1;2;1;2;6;750;22/10/2017
2017054927;1;2;2;2;6;750;23/10/2017
2017054928;2;2;1;2;6;750;23/10/2017
2017054929;5;2;2;2;6;750;23/10/2017