num_acc;lum;agg;inter;atm;col;dep;date
2017056084;5;2;7;1;4;750;08/04/2017
2017056085;1;2;7;1;3;750;08/04/2017
2017056086;2;2;1;1;6;750;06/04/2017
2017056087;1;2;2;1;3;750;09/04/2017
2017056088;1;2;7;1;3;750;10/04/2017
2017056089;1;2;7;1;3;750;10/04/2017
2017056090;1;2;5;1;3;750;11/04/2017
2017056091;1;2;7;1;2;750;11/04/2017
2017056092;1;2;1;1;7;750;13/04/2017
2017056093;1;2;7;2;6;750;15/04/2017
2017056094;1;2;2;2;3;750;17/04/2017
2017056095;1;2;6;2;3;750;18/04/2017
2017056096;5;2;2;1;3;750;18/04/2017
2017056097;1;2;1;1;3;750;19/04/2017
2017056098;1;2;7;1;3;750;19/04/2017
2017056099;1;2;2;1;3;750;20/04/2017
2017056100;5;2;1;1;3;750;22/04/2017
2017056101;1;2;2;1;3;750;23/04/2017
2017056102;4;2;1;1;6;750;24/04/2017
2017056103;1;2;1;1;3;750;24/04/2017
2017056104;1;2;2;1;6;750;25/04/2017
2017056105;1;2;3;1;3;750;25/04/2017
2017056106;1;2;2;1;3;750;25/04/2017
2017056107;1;2;1;1;2;750;27/04/2017
2017056108;2;2;3;1;6;750;29/04/2017
2017056109;2;2;2;3;3;750;30/04/2017
2017056110;2;2;7;1;3;750;02/05/2017
2017056111;5;2;1;2;6;750;03/05/2017
2017056112;1;2;7;1;3;750;04/05/2017
2017056113;1;2;2;1;3;750;05/05/2017
2017056114;1;2;1;1;6;750;05/05/2017
2017056115;1;2;3;1;3;750;05/05/2017
2017056116;5;2;2;1;2;750;06/05/2017
2017056117;1;2;1;1;3;750;07/05/2017
2017056118;1;2;2;1;3;750;07/05/2017
2017056119;1;2;4;1;3;750;09/05/2017
2017056120;5;2;1;1;7;750;10/05/2017
2017056121;1;2;1;1;6;750;11/05/2017
2017056122;5;2;1;1;3;750;12/05/2017
2017056123;1;2;7;1;3;750;14/05/2017
2017056124;1;2;3;1;3;750;15/05/2017
2017056125;1;2;4;1;2;750;15/05/2017
2017056126;1;2;3;1;6;750;17/05/2017
2017056127;1;2;1;1;6;750;17/05/2017
2017056128;1;2;3;2;3;750;19/05/2017
2017056129;5;2;5;8;7;750;20/05/2017
2017056130;1;2;1;1;2;750;21/05/2017
2017056131;1;2;1;1;6;750;21/05/2017
2017056132;1;2;1;1;6;750;21/05/2017
2017056133;1;2;4;1;3;750;22/05/2017
2017056134;1;2;2;7;6;750;22/05/2017
2017056135;1;2;2;1;3;750;20/05/2017
2017056136;1;2;3;1;3;750;24/05/2017
2017056137;1;2;7;1;3;750;26/05/2017
2017056138;1;2;4;1;2;750;27/05/2017
2017056139;1;2;2;1;3;750;27/05/2017
2017056140;5;2;7;1;6;750;28/05/2017
2017056141;1;2;7;1;3;750;27/05/2017
2017056142;1;2;5;1;3;750;29/05/2017
2017056143;1;2;2;1;3;750;30/05/2017
2017056144;1;2;1;1;3;750;01/06/2017
2017056145;1;2;3;1;6;750;01/06/2017
2017056146;5;2;1;1;6;750;02/06/2017
2017056147;1;2;1;1;3;750;04/06/2017
2017056148;1;2;1;1;6;750;05/06/2017
2017056149;1;2;5;1;6;750;05/06/2017
2017056150;1;2;3;1;2;750;06/06/2017
2017056151;1;2;1;1;4;750;07/06/2017
2017056152;1;2;7;1;2;750;07/06/2017
2017056153;1;2;5;2;3;750;09/06/2017
2017056154;1;2;2;1;6;750;09/06/2017
2017056155;1;2;1;1;6;750;10/06/2017
2017056156;1;2;4;1;6;750;10/06/2017
2017056157;1;2;2;1;3;750;10/06/2017
2017056158;1;2;7;1;2;750;12/06/2017
2017056159;1;2;7;1;6;750;12/06/2017
2017056160;1;2;3;1;6;750;13/06/2017
2017056161;1;2;1;1;6;750;13/06/2017
2017056162;1;2;2;1;6;750;13/06/2017
2017056163;1;2;7;1;6;750;13/06/2017
2017056164;1;2;2;1;2;750;14/06/2017
2017056165;1;2;2;1;6;750;14/06/2017
2017056166;1;2;1;1;3;750;14/06/2017
2017056167;1;2;3;1;3;750;14/06/2017
2017056168;1;2;3;1;6;750;14/06/2017
2017056169;1;2;3;1;3;750;15/06/2017
2017056170;1;2;1;1;2;750;16/06/2017
2017056171;1;2;2;1;3;750;16/06/2017
2017056172;5;2;7;1;3;750;17/06/2017
2017056173;1;2;7;1;3;750;18/06/2017
2017056174;1;2;2;1;3;750;18/06/2017
2017056175;1;2;1;1;2;750;15/06/2017
2017056176;1;2;7;1;6;750;19/06/2017
2017056177;1;2;2;1;3;750;19/06/2017
2017056178;1;2;1;1;3;750;19/06/2017
2017056179;1;2;3;1;3;750;23/06/2017
2017056180;1;2;1;1;2;750;23/06/2017
2017056181;1;2;2;1;3;750;22/06/2017
2017056182;1;2;1;1;3;750;23/06/2017
2017056183;1;2;3;1;2;750;24/06/2017
2017056184;1;2;1;1;6;750;25/06/2017
2017056185;5;2;2;1;6;750;25/06/2017
2017056186;1;2;1;1;6;750;26/06/2017
2017056187;1;2;1;1;6;750;27/06/2017
2017056188;1;2;3;2;2;750;28/06/2017
2017056189;1;2;7;2;2;750;28/06/2017
2017056190;1;2;4;2;3;750;30/06/2017
2017056191;1;2;3;2;3;750;30/06/2017
2017056192;5;2;4;1;6;750;01/07/2017
2017056193;1;2;1;1;6;750;03/07/2017
2017056194;1;2;7;1;6;750;03/07/2017
2017056195;1;2;1;1;3;750;03/07/2017
2017056196;5;2;1;1;3;750;03/07/2017
2017056197;1;2;1;1;7;750;04/07/2017
2017056198;1;2;1;1;3;750;04/07/2017
2017056199;1;2;1;1;6;750;05/07/2017
2017056200;5;2;7;1;6;750;06/07/2017
2017056201;1;2;1;1;6;750;06/07/2017
2017056202;1;2;7;1;3;750;06/07/2017
2017056203;1;2;1;1;6;750;06/07/2017
2017056204;1;2;1;1;4;750;09/07/2017
2017056205;1;2;7;2;3;750;09/07/2017
2017056206;1;2;2;1;3;750;10/07/2017
2017056207;1;2;7;1;2;750;10/07/2017
2017056208;5;2;7;3;3;750;12/07/2017
2017056209;1;2;7;2;6;750;12/07/2017
2017056210;1;2;3;2;3;750;12/07/2017
2017056211;5;2;7;2;6;750;13/07/2017
2017056212;1;2;1;1;4;750;15/07/2017
2017056213;1;2;1;1;6;750;17/07/2017
2017056214;1;2;1;1;3;750;18/07/2017
2017056215;1;2;3;2;3;750;19/07/2017
2017056216;1;2;4;1;6;750;20/07/2017
2017056217;1;2;1;1;6;750;21/07/2017
2017056218;1;2;1;1;6;750;21/07/2017
2017056219;1;2;5;1;6;750;21/07/2017
2017056220;5;2;2;1;3;750;23/07/2017
2017056221;5;2;2;2;3;750;24/07/2017
2017056222;1;2;3;8;3;750;24/07/2017
2017056223;5;2;7;1;3;750;26/07/2017
2017056224;5;2;1;1;6;750;01/08/2017
2017056225;1;2;5;1;2;750;01/08/2017
2017056226;5;2;2;1;3;750;02/08/2017
2017056227;5;2;1;1;6;750;02/08/2017
2017056228;1;2;2;2;1;750;03/08/2017
2017056229;1;2;7;1;6;750;04/08/2017
2017056230;1;2;2;1;3;750;03/08/2017
2017056231;2;2;7;2;1;750;04/08/2017
2017056232;1;2;3;1;6;750;04/08/2017
2017056233;1;2;2;1;3;750;07/08/2017
2017056234;1;2;3;1;6;750;08/08/2017
2017056235;5;2;3;1;6;750;16/08/2017
2017056236;1;2;2;2;6;750;17/08/2017
2017056237;1;2;1;2;2;750;18/08/2017
2017056238;1;2;2;1;3;750;19/08/2017
2017056239;1;2;2;1;2;750;23/08/2017
2017056240;5;2;4;1;3;750;23/08/2017
2017056241;1;2;2;1;3;750;24/08/2017
2017056242;1;2;7;2;3;750;25/08/2017
2017056243;1;2;7;2;3;750;25/08/2017
2017056244;1;2;2;1;3;750;28/08/2017
2017056245;1;2;7;1;3;750;29/08/2017
2017056246;1;2;2;1;3;750;29/08/2017
2017056247;1;2;1;2;2;750;30/08/2017
2017056248;5;2;1;2;4;750;30/08/2017
2017056249;1;2;3;1;4;750;01/09/2017
2017056250;2;2;1;1;6;750;03/09/2017
2017056251;1;2;7;1;6;750;04/09/2017
2017056252;1;2;7;1;3;750;04/09/2017
2017056253;1;2;1;8;6;750;07/09/2017
2017056254;1;2;3;1;6;750;07/09/2017
2017056255;1;2;7;1;2;750;07/09/2017
2017056256;5;2;1;1;7;750;07/09/2017
2017056257;1;2;1;1;2;750;08/09/2017
2017056258;1;2;3;3;3;750;08/09/2017
2017056259;5;2;1;3;3;750;08/09/2017
2017056260;1;2;2;3;6;750;08/09/2017
2017056261;1;2;7;1;6;750;09/09/2017
2017056262;1;2;7;1;3;750;09/09/2017
2017056263;1;2;1;1;3;750;10/09/2017
2017056264;1;2;1;1;3;750;11/09/2017
2017056265;1;2;3;2;6;750;12/09/2017
2017056266;1;2;1;1;6;750;14/09/2017
2017056267;1;2;4;1;3;750;15/09/2017
2017056268;1;2;1;1;4;750;15/09/2017
2017056269;1;2;1;1;3;750;15/09/2017
2017056270;5;2;3;1;6;750;16/09/2017
2017056271;1;2;3;1;2;750;17/09/2017
2017056272;1;2;5;8;3;750;17/09/2017
2017056273;1;2;2;8;6;750;18/09/2017
2017056274;1;2;2;8;7;750;18/09/2017
2017056275;1;2;4;2;2;750;19/09/2017
2017056276;5;2;4;1;3;750;20/09/2017
2017056277;1;2;1;1;2;750;21/09/2017
2017056278;1;2;7;1;6;750;21/09/2017
2017056279;1;2;3;1;2;750;21/09/2017
2017056280;1;2;4;1;3;750;23/09/2017
2017056281;1;2;1;1;4;750;25/09/2017
2017056282;1;2;1;1;6;750;26/09/2017
2017056283;1;2;3;1;3;750;26/09/2017
2017056284;1;2;1;1;6;750;22/09/2017
2017056285;1;2;3;1;6;750;02/10/2017
2017056286;5;2;1;1;6;750;02/10/2017
2017056287;5;2;7;2;6;750;02/10/2017
2017056288;5;2;1;3;6;750;03/10/2017
2017056289;1;2;1;1;2;750;02/10/2017
2017056290;1;2;5;1;3;750;03/10/2017
2017056291;1;2;4;1;6;750;03/10/2017
2017056292;1;2;3;1;4;750;03/10/2017
2017056293;1;2;2;1;3;750;02/10/2017
2017056294;1;2;7;1;3;750;03/10/2017
2017056295;5;2;1;1;3;750;03/10/2017
2017056296;1;2;1;1;6;750;04/10/2017
2017056297;1;2;1;1;3;750;03/10/2017
2017056298;1;2;6;1;6;750;05/10/2017
2017056299;2;2;7;1;3;750;29/09/2017
2017056300;1;2;5;1;6;750;05/10/2017
2017056301;1;2;7;1;2;750;06/10/2017
2017056302;2;2;7;1;3;750;06/10/2017
2017056303;5;2;3;1;6;750;07/10/2017
2017056304;1;2;1;1;6;750;07/10/2017
2017056305;5;2;3;1;6;750;08/10/2017
2017056306;1;2;1;1;5;750;08/10/2017
2017056307;1;2;1;1;3;750;10/10/2017
2017056308;1;2;1;1;2;750;11/10/2017
2017056309;1;2;1;1;3;750;09/10/2017
2017056310;1;2;1;1;6;750;12/10/2017
2017056311;2;2;3;1;6;750;13/10/2017
2017056312;1;2;1;1;6;750;14/10/2017
2017056313;1;2;7;1;6;750;14/10/2017
2017056314;1;2;1;1;6;750;14/10/2017
2017056315;5;2;2;1;3;750;15/10/2017
2017056316;5;2;6;1;6;750;13/10/2017
2017056317;1;2;4;1;3;750;16/10/2017
2017056318;1;2;2;1;2;750;15/10/2017
2017056319;1;2;3;1;6;750;17/10/2017
2017056320;1;2;3;1;6;750;17/10/2017
2017056321;5;2;2;1;3;750;17/10/2017
2017056322;5;2;1;1;3;750;19/10/2017
2017056323;1;2;1;1;6;750;20/10/2017
2017056324;1;2;7;1;6;750;20/10/2017
2017056325;1;2;4;1;6;750;20/10/2017
2017056326;5;2;3;1;3;750;17/10/2017
2017056327;5;2;7;1;6;750;22/10/2017
2017056328;1;2;5;2;3;750;22/10/2017
2017056329;1;2;1;2;4;750;22/10/2017
2017056330;1;2;1;2;6;750;23/10/2017
2017056331;1;2;3;2;2;750;23/10/2017
2017056332;1;2;2;2;3;750;23/10/2017
2017056333;5;2;2;2;3;750;24/10/2017
2017056334;1;2;3;2;3;750;24/10/2017
2017056335;1;2;1;1;6;750;19/10/2017
2017056336;1;2;7;1;5;750;25/10/2017
2017056337;1;2;3;1;6;750;25/10/2017
2017056338;5;2;1;1;3;750;25/10/2017
2017056339;1;2;1;1;3;750;26/10/2017
2017056340;1;2;2;1;3;750;26/10/2017
2017056341;2;2;1;1;6;750;27/10/2017
2017056342;5;2;1;1;6;750;28/10/2017
2017056343;5;2;1;1;3;750;30/10/2017
2017056344;1;2;1;1;2;750;31/10/2017
2017056345;5;2;2;1;3;750;01/11/2017
2017056346;1;2;2;1;6;750;02/11/2017
2017056347;5;2;2;1;2;750;04/11/2017
2017056348;1;2;2;2;6;750;04/11/2017
2017056349;1;2;3;1;3;750;06/11/2017
2017056350;5;2;1;1;3;750;06/11/2017
2017056351;1;2;3;1;6;750;06/11/2017
2017056352;5;2;4;1;3;750;06/11/2017
2017056353;5;2;1;1;2;750;08/11/2017
2017056354;1;2;7;1;7;750;09/11/2017
2017056355;2;2;2;8;3;750;10/11/2017
2017056356;5;2;2;1;3;750;10/11/2017
2017056357;5;2;4;2;7;750;11/11/2017
2017056358;1;2;2;1;3;750;13/11/2017
2017056359;2;2;4;1;2;750;13/11/2017
2017056360;5;2;1;1;3;750;13/11/2017
2017056361;1;2;1;1;3;750;14/11/2017
2017056362;1;2;3;1;6;750;14/11/2017
2017056363;5;2;1;1;6;750;14/11/2017
2017056364;1;2;7;1;3;750;16/11/2017
2017056365;1;2;4;1;3;750;16/11/2017
2017056366;1;2;7;2;3;750;17/11/2017
2017056367;5;2;1;1;6;750;18/11/2017
2017056368;5;2;1;1;4;750;19/11/2017
2017056369;5;2;1;1;3;750;20/11/2017
2017056370;2;2;2;1;6;750;17/11/2017
2017056371;1;2;2;1;3;750;18/11/2017
2017056372;5;2;4;1;3;750;21/11/2017
2017056373;1;2;2;1;2;750;22/11/2017
2017056374;5;2;7;3;3;750;23/11/2017
2017056375;5;2;2;2;6;750;24/11/2017
2017056376;2;2;2;3;6;750;24/11/2017
2017056377;1;2;1;1;4;750;25/11/2017
2017056378;1;2;3;1;3;750;25/11/2017
2017056379;5;2;2;1;3;750;26/11/2017
2017056380;1;2;1;2;6;750;28/11/2017
2017056381;1;2;1;1;3;750;28/11/2017
2017056382;5;2;3;1;6;750;28/11/2017
2017056383;5;2;1;8;6;750;28/11/2017
2017056384;1;2;2;1;6;750;30/11/2017
2017056385;5;2;2;4;6;750;30/11/2017
2017056386;2;2;3;2;7;750;03/12/2017
2017056387;1;2;5;1;2;750;04/12/2017
2017056388;1;2;7;1;3;750;04/12/2017
2017056389;5;2;3;1;6;750;04/12/2017
2017056390;1;2;3;1;2;750;05/12/2017
2017056391;1;2;3;1;3;750;05/12/2017
2017056392;1;2;1;1;6;750;05/12/2017
2017056393;5;2;7;1;3;750;07/12/2017
2017056394;1;2;1;1;6;750;07/12/2017
2017056395;1;2;2;1;3;750;07/12/2017
2017056396;1;2;3;8;7;750;07/12/2017
2017056397;1;2;3;7;2;750;07/12/2017
2017056398;5;2;3;2;5;750;07/12/2017
2017056399;1;2;2;1;6;750;07/12/2017
2017056400;1;2;3;2;6;750;08/12/2017
2017056401;5;2;7;2;6;750;08/12/2017
2017056402;5;2;3;1;7;750;08/12/2017
2017056403;2;2;7;2;3;750;10/12/2017
2017056404;5;2;1;2;6;750;11/12/2017
2017056405;5;2;7;1;6;750;12/12/2017
2017056406;2;2;1;2;6;750;13/12/2017
2017056407;1;2;2;1;2;750;13/12/2017
2017056408;2;2;2;2;2;750;13/12/2017
2017056409;5;2;1;3;6;750;13/12/2017
2017056410;5;2;3;2;7;750;15/12/2017
2017056411;5;2;2;1;3;750;15/12/2017
2017056412;1;2;7;1;3;750;15/12/2017
2017056413;1;2;1;2;6;750;15/12/2017
2017056414;3;2;1;1;6;750;16/12/2017
2017056415;5;2;3;8;6;750;17/12/2017
2017056416;1;2;7;1;6;750;17/12/2017
2017056417;5;2;1;2;6;750;17/12/2017
2017056418;2;2;2;1;2;750;18/12/2017
2017056419;2;2;3;1;6;750;18/12/2017
2017056420;5;2;3;1;3;750;18/12/2017
2017056421;1;2;7;1;6;750;19/12/2017
2017056422;5;2;3;1;6;750;19/12/2017
2017056423;5;2;2;1;3;750;19/12/2017
2017056424;5;2;1;1;6;750;20/12/2017
2017056425;1;2;3;1;3;750;20/12/2017
2017056426;5;2;2;1;2;750;21/12/2017
2017056427;5;2;3;1;3;750;22/12/2017
2017056428;1;2;1;1;2;750;21/12/2017
2017056429;1;2;3;1;2;750;22/12/2017
2017056430;1;2;3;1;2;750;23/12/2017
2017056431;5;2;2;1;3;750;24/12/2017
2017056432;1;2;2;1;3;750;25/12/2017
2017056433;2;2;2;1;6;750;25/12/2017
2017056434;5;2;1;1;3;750;25/12/2017
2017056435;1;2;2;1;6;750;26/12/2017
2017056436;2;2;3;2;6;750;27/12/2017
2017056437;5;2;4;2;3;750;27/12/2017
2017056438;1;2;3;1;6;750;28/12/2017
2017056439;5;2;2;1;3;750;28/12/2017
2017056440;5;2;3;1;6;750;03/01/2017
2017056441;1;2;2;1;6;750;05/01/2017
2017056442;5;2;5;2;6;750;05/01/2017
2017056443;5;2;7;1;6;750;07/01/2017
2017056444;5;2;1;1;7;750;08/01/2017
2017056445;1;2;2;2;2;750;09/01/2017
2017056446;1;2;3;8;3;750;09/01/2017
2017056447;1;2;1;1;6;750;09/01/2017
2017056448;2;2;1;1;6;750;09/01/2017
2017056449;1;2;7;2;3;750;11/01/2017
2017056450;2;2;7;2;6;750;11/01/2017
2017056451;1;2;1;2;2;750;12/01/2017
2017056452;2;2;4;1;7;750;13/01/2017
2017056453;1;2;3;1;6;750;13/01/2017
2017056454;1;2;5;2;3;750;13/01/2017
2017056455;5;2;2;8;6;750;13/01/2017
2017056456;1;2;5;2;3;750;15/01/2017
2017056457;5;2;4;1;6;750;16/01/2017
2017056458;1;2;5;1;3;750;17/01/2017
2017056459;5;2;2;1;3;750;17/01/2017
2017056460;1;2;1;1;2;750;18/01/2017
2017056461;5;2;2;1;6;750;20/01/2017
2017056462;3;2;1;1;6;750;20/01/2017
2017056463;5;2;2;1;6;750;21/01/2017
2017056464;5;2;1;1;6;750;21/01/2017
2017056465;1;2;4;1;6;750;21/01/2017
2017056466;5;2;1;1;4;750;21/01/2017
2017056467;2;2;3;1;3;750;21/01/2017
2017056468;5;2;7;1;6;750;21/01/2017
2017056469;5;2;2;1;3;750;24/01/2017
2017056470;1;2;1;1;6;750;26/01/2017
2017056471;1;2;1;1;3;750;27/01/2017
2017056472;5;2;4;1;3;750;28/01/2017
2017056473;5;2;2;2;6;750;29/01/2017
2017056474;5;2;7;2;6;750;29/01/2017
2017056475;5;2;1;2;3;750;30/01/2017
2017056476;5;2;3;2;3;750;30/01/2017
2017056477;1;2;1;1;3;750;31/01/2017
2017056478;1;2;5;8;3;750;31/01/2017
2017056479;1;2;1;8;3;750;31/01/2017
2017056480;1;2;7;2;4;750;02/02/2017
2017056481;5;2;3;2;6;750;03/02/2017
2017056482;5;2;5;2;6;750;03/02/2017
2017056483;5;2;4;1;6;750;04/02/2017
2017056484;1;2;2;1;3;750;06/02/2017
2017056485;1;2;7;1;6;750;06/02/2017
2017056486;5;2;2;1;3;750;06/02/2017
2017056487;1;2;1;1;6;750;09/02/2017
2017056488;5;2;7;1;6;750;12/02/2017
2017056489;1;2;4;1;4;750;13/02/2017
2017056490;1;2;1;1;3;750;14/02/2017
2017056491;1;2;7;1;3;750;15/02/2017
2017056492;2;2;1;1;4;750;15/02/2017
2017056493;5;2;7;1;3;750;16/02/2017
2017056494;5;2;1;1;3;750;17/02/2017
2017056495;1;2;1;1;2;750;17/02/2017
2017056496;2;2;7;1;7;750;18/02/2017
2017056497;1;2;4;1;2;750;19/02/2017
2017056498;1;2;1;1;6;750;20/02/2017
2017056499;1;2;5;1;6;750;22/02/2017
2017056500;1;2;5;1;3;750;23/02/2017
2017056501;5;2;3;8;6;750;23/02/2017
2017056502;5;2;2;1;6;750;25/02/2017
2017056503;1;2;7;1;3;750;25/02/2017
2017056504;5;2;5;1;3;750;25/02/2017
2017056505;1;2;5;2;2;750;27/02/2017
2017056506;1;2;2;8;3;750;27/02/2017
2017056507;2;2;2;1;3;750;02/03/2017
2017056508;1;2;2;2;3;750;04/03/2017
2017056509;1;2;2;1;3;750;06/03/2017
2017056510;1;2;1;8;7;750;07/03/2017
2017056511;5;2;7;1;2;750;07/03/2017
2017056512;5;2;3;1;2;750;08/03/2017
2017056513;1;2;3;1;2;750;09/03/2017
2017056514;2;2;3;1;6;750;10/03/2017
2017056515;5;2;1;1;3;750;10/03/2017
2017056516;5;2;3;1;6;750;10/03/2017
2017056517;5;2;1;1;3;750;11/03/2017
2017056518;2;2;1;1;4;750;12/03/2017
2017056519;1;2;2;1;3;750;16/03/2017
2017056520;1;2;3;1;3;750;17/03/2017
2017056521;1;2;7;1;6;750;17/03/2017
2017056522;5;2;5;1;3;750;17/03/2017
2017056523;1;2;1;2;2;750;18/03/2017
2017056524;2;2;2;1;6;750;19/03/2017
2017056525;1;2;3;1;3;750;21/03/2017
2017056526;1;2;3;1;3;750;22/03/2017
2017056527;1;2;1;1;6;750;22/03/2017
2017056528;1;2;3;1;7;750;22/03/2017
2017056529;1;2;1;1;6;750;23/03/2017
2017056530;1;2;7;1;6;750;23/03/2017
2017056531;1;2;2;2;7;750;23/03/2017
2017056532;5;2;2;1;3;750;24/03/2017
2017056533;1;2;7;1;6;750;25/03/2017
2017056534;1;2;4;1;3;750;25/03/2017
2017056535;1;2;3;1;3;750;25/03/2017
2017056536;1;2;2;1;3;750;26/03/2017
2017056537;5;2;7;1;4;750;26/03/2017
2017056538;1;2;1;1;4;750;27/03/2017
2017056539;1;2;1;1;3;750;28/03/2017
2017056540;1;2;1;1;3;750;28/03/2017
2017056541;1;2;4;1;6;750;02/04/2017
2017056542;2;2;7;1;3;750;03/04/2017
2017056543;1;2;1;1;6;750;04/04/2017
2017056544;1;2;2;1;6;750;04/04/2017
2017056545;1;2;4;1;6;750;05/04/2017
2017056546;1;2;4;1;6;750;05/04/2017
2017056547;1;2;7;1;3;750;05/04/2017
2017056548;5;2;1;1;2;750;05/04/2017
2017056549;5;2;2;1;3;750;08/04/2017
2017056550;1;2;7;1;6;750;08/04/2017
2017056551;1;2;4;1;6;750;08/04/2017
2017056552;1;2;7;1;6;750;10/04/2017
2017056553;1;2;5;1;6;750;11/04/2017
2017056554;1;2;2;1;3;750;12/04/2017
2017056555;1;2;1;1;2;750;13/04/2017
2017056556;1;2;2;1;3;750;13/04/2017
2017056557;1;2;5;1;3;750;14/04/2017
2017056558;1;2;1;1;6;750;14/04/2017
2017056559;5;2;2;1;3;750;14/04/2017
2017056560;1;2;3;1;6;750;16/04/2017
2017056561;1;2;3;1;6;750;16/04/2017
2017056562;1;2;2;1;3;750;18/04/2017
2017056563;1;2;7;1;3;750;19/04/2017
2017056564;1;2;1;1;2;750;20/04/2017
2017056565;5;2;7;1;2;750;21/04/2017
2017056566;1;2;4;1;3;750;22/04/2017
2017056567;1;2;7;1;3;750;22/04/2017
2017056568;1;2;3;1;3;750;23/04/2017
2017056569;1;2;7;8;7;750;26/04/2017
2017056570;1;2;1;1;6;750;27/04/2017
2017056571;5;2;2;1;6;750;28/04/2017
2017056572;1;2;5;3;6;750;28/04/2017
2017056573;5;2;1;1;6;750;28/04/2017
2017056574;1;2;5;1;3;750;02/05/2017
2017056575;1;2;2;2;6;750;03/05/2017
2017056576;1;2;1;2;3;750;03/05/2017
2017056577;1;2;1;2;6;750;03/05/2017
2017056578;5;2;5;1;1;750;06/05/2017
2017056579;1;2;4;1;3;750;04/05/2017
2017056580;1;2;5;1;3;750;04/05/2017
2017056581;1;2;2;1;6;750;09/05/2017
2017056582;1;2;2;1;6;750;09/05/2017
2017056583;1;2;1;1;3;750;10/05/2017
2017056584;1;2;5;1;3;750;10/05/2017
2017056585;1;2;3;1;6;750;10/05/2017
2017056586;1;2;1;1;6;750;12/05/2017
2017056587;1;2;3;1;3;750;13/05/2017
2017056588;1;2;7;1;3;750;15/05/2017
2017056589;1;2;4;1;3;750;15/05/2017
2017056590;1;2;4;1;3;750;16/05/2017
2017056591;1;2;2;1;3;750;18/05/2017
2017056592;5;2;7;2;3;750;18/05/2017
2017056593;5;2;2;2;6;750;19/05/2017
2017056594;5;2;7;2;6;750;20/05/2017
2017056595;1;2;1;1;1;750;20/05/2017
2017056596;1;2;7;1;6;750;20/05/2017
2017056597;1;2;3;1;2;750;21/05/2017
2017056598;1;2;2;7;2;750;22/05/2017
2017056599;1;2;1;1;6;750;22/05/2017
2017056600;5;2;5;1;3;750;22/05/2017
2017056601;1;2;3;1;6;750;25/05/2017
2017056602;1;2;7;1;3;750;31/05/2017
2017056603;1;2;2;1;6;750;31/05/2017
2017056604;1;2;1;1;3;750;31/05/2017
2017056605;1;2;5;1;6;750;01/06/2017
2017056606;1;2;1;1;6;750;02/06/2017
2017056607;5;2;7;1;3;750;03/06/2017
2017056608;1;2;7;1;2;750;08/06/2017
2017056609;1;2;1;1;7;750;09/06/2017
2017056610;2;2;1;1;6;750;09/06/2017
2017056611;5;2;7;1;3;750;11/06/2017
2017056612;1;2;1;1;3;750;11/06/2017
2017056613;1;2;5;1;3;750;12/06/2017
2017056614;5;2;4;1;3;750;13/06/2017
2017056615;1;2;1;1;7;750;14/06/2017
2017056616;1;2;1;1;6;750;16/06/2017
2017056617;1;2;1;1;6;750;16/06/2017
2017056618;1;2;1;1;7;750;16/06/2017
2017056619;5;2;2;1;3;750;16/06/2017
2017056620;1;2;1;1;6;750;19/06/2017
2017056621;1;2;5;1;6;750;19/06/2017
2017056622;1;2;7;1;3;750;19/06/2017
2017056623;1;2;2;1;6;750;20/06/2017
2017056624;1;2;1;1;6;750;20/06/2017
2017056625;1;2;3;1;6;750;21/06/2017
2017056626;1;2;1;1;5;750;21/06/2017
2017056627;1;2;2;1;6;750;21/06/2017
2017056628;1;2;2;1;2;750;22/06/2017
2017056629;1;2;2;1;2;750;23/06/2017
2017056630;1;2;3;1;6;750;24/06/2017
2017056631;1;2;1;1;6;750;24/06/2017
2017056632;5;2;2;1;3;750;25/06/2017
2017056633;1;2;3;1;6;750;26/06/2017
2017056634;1;2;7;1;3;750;26/06/2017
2017056635;5;2;2;2;3;750;27/06/2017
2017056636;1;2;4;1;3;750;27/06/2017
2017056637;1;2;1;1;4;750;27/06/2017
2017056638;1;2;1;1;6;750;28/06/2017
2017056639;1;2;5;1;6;750;28/06/2017
2017056640;1;2;1;8;4;750;28/06/2017
2017056641;1;2;2;1;3;750;29/06/2017
2017056642;1;2;1;1;6;750;29/06/2017
2017056643;1;2;2;2;6;750;30/06/2017
2017056644;1;2;2;2;3;750;01/07/2017
2017056645;1;2;7;8;3;750;02/07/2017
2017056646;1;2;1;1;3;750;02/07/2017
2017056647;1;2;3;1;3;750;03/07/2017
2017056648;1;2;4;1;7;750;04/07/2017
2017056649;1;2;7;1;6;750;04/07/2017
2017056650;1;2;2;1;6;750;04/07/2017
2017056651;1;2;2;1;2;750;04/07/2017
2017056652;1;2;2;7;6;750;05/07/2017
2017056653;1;2;2;7;6;750;05/07/2017
2017056654;1;2;2;1;3;750;06/07/2017
2017056655;5;2;7;1;3;750;07/07/2017
2017056656;1;2;5;1;3;750;07/07/2017
2017056657;5;2;2;1;3;750;08/07/2017
2017056658;1;2;5;1;6;750;08/07/2017
2017056659;2;2;7;1;6;750;09/07/2017
2017056660;1;2;2;2;6;750;10/07/2017