num_acc;lum;agg;inter;atm;col;dep;date
2017057239;1;2;3;1;6;750;18/03/2017
2017057240;1;2;1;8;6;750;20/03/2017
2017057241;1;2;1;1;3;750;21/03/2017
2017057242;2;2;2;1;1;750;22/03/2017
2017057243;1;2;1;2;6;750;24/03/2017
2017057244;1;2;2;1;4;750;25/03/2017
2017057245;1;2;3;1;3;750;29/03/2017
2017057246;5;2;1;1;4;750;30/03/2017
2017057247;5;2;5;1;6;750;31/03/2017
2017057248;1;2;2;1;6;750;02/04/2017
2017057249;1;2;4;1;3;750;03/04/2017
2017057250;1;2;1;1;3;750;04/04/2017
2017057251;1;2;7;1;6;750;05/04/2017
2017057252;1;2;4;1;6;750;05/04/2017
2017057253;1;2;2;1;6;750;06/04/2017
2017057254;5;2;1;1;6;750;08/04/2017
2017057255;1;2;2;1;6;750;08/04/2017
2017057256;1;2;4;1;6;750;08/04/2017
2017057257;1;2;5;1;3;750;10/04/2017
2017057258;5;2;2;1;6;750;11/04/2017
2017057259;1;2;3;1;3;750;11/04/2017
2017057260;1;2;2;1;3;750;14/04/2017
2017057261;1;2;1;1;3;750;17/04/2017
2017057262;1;2;1;1;6;750;20/04/2017
2017057263;1;2;1;1;6;750;21/04/2017
2017057264;2;2;4;1;3;750;21/04/2017
2017057265;2;2;1;1;3;750;21/04/2017
2017057266;1;2;1;1;6;750;22/04/2017
2017057267;5;2;3;1;6;750;22/04/2017
2017057268;1;2;3;8;6;750;23/04/2017
2017057269;1;2;3;1;6;750;23/04/2017
2017057270;2;2;7;1;3;750;23/04/2017
2017057271;1;2;3;1;6;750;24/04/2017
2017057272;1;2;1;1;6;750;24/04/2017
2017057273;1;2;7;1;3;750;24/04/2017
2017057274;5;2;1;1;6;750;24/04/2017
2017057275;1;2;2;2;2;750;25/04/2017
2017057276;1;2;2;8;6;750;26/04/2017
2017057277;2;2;1;1;6;750;27/04/2017
2017057278;1;2;4;2;3;750;28/04/2017
2017057279;1;2;3;8;6;750;28/04/2017
2017057280;1;2;1;1;3;750;30/04/2017
2017057281;1;2;1;1;3;750;02/05/2017
2017057282;1;2;2;1;3;750;05/05/2017
2017057283;1;2;3;2;6;750;06/05/2017
2017057284;1;2;2;2;6;750;06/05/2017
2017057285;1;2;2;2;5;750;07/05/2017
2017057286;5;2;2;1;3;750;09/05/2017
2017057287;1;2;1;1;6;750;09/05/2017
2017057288;1;2;1;1;3;750;10/05/2017
2017057289;1;2;7;1;3;750;11/05/2017
2017057290;5;2;4;1;6;750;13/05/2017
2017057291;1;2;7;1;6;750;14/05/2017
2017057292;1;2;2;1;6;750;15/05/2017
2017057293;1;2;1;1;6;750;17/05/2017
2017057294;1;2;3;1;3;750;18/05/2017
2017057295;1;2;1;1;3;750;18/05/2017
2017057296;1;2;3;1;6;750;18/05/2017
2017057297;1;2;3;1;6;750;19/05/2017
2017057298;1;2;2;1;3;750;20/05/2017
2017057299;1;2;2;1;3;750;20/05/2017
2017057300;5;2;1;1;4;750;21/05/2017
2017057301;1;2;1;1;3;750;22/05/2017
2017057302;1;2;1;1;2;750;24/05/2017
2017057303;1;2;7;1;6;750;25/05/2017
2017057304;5;2;1;1;6;750;25/05/2017
2017057305;1;2;1;1;2;750;26/05/2017
2017057306;1;2;1;1;3;750;26/05/2017
2017057307;1;2;1;1;4;750;26/05/2017
2017057308;5;2;1;1;6;750;26/05/2017
2017057309;1;2;1;1;6;750;30/05/2017
2017057310;1;2;1;1;2;750;30/05/2017
2017057311;1;2;7;1;6;750;31/05/2017
2017057312;1;2;3;1;6;750;01/06/2017
2017057313;5;2;2;1;6;750;02/06/2017
2017057314;1;2;7;1;6;750;02/06/2017
2017057315;1;2;1;2;3;750;03/06/2017
2017057316;1;2;3;2;2;750;03/06/2017
2017057317;1;2;1;1;6;750;05/06/2017
2017057318;5;2;5;8;6;750;05/06/2017
2017057319;1;2;1;1;3;750;06/06/2017
2017057320;1;2;3;1;3;750;07/06/2017
2017057321;5;2;5;1;3;750;08/06/2017
2017057322;1;2;2;1;3;750;08/06/2017
2017057323;5;2;1;1;3;750;11/06/2017
2017057324;5;2;1;1;3;750;11/06/2017
2017057325;1;2;3;1;6;750;13/06/2017
2017057326;1;2;1;1;6;750;14/06/2017
2017057327;1;2;7;1;6;750;15/06/2017
2017057328;1;2;7;1;3;750;20/06/2017
2017057329;1;2;1;1;1;750;21/06/2017
2017057330;1;2;1;9;7;750;21/06/2017
2017057331;5;2;1;1;7;750;22/06/2017
2017057332;1;2;3;1;6;750;22/06/2017
2017057333;2;2;3;1;6;750;23/06/2017
2017057334;1;2;3;1;3;750;25/06/2017
2017057335;1;2;5;1;3;750;25/06/2017
2017057336;1;2;1;1;2;750;26/06/2017
2017057337;2;2;2;1;3;750;28/06/2017
2017057338;5;2;1;1;2;750;28/06/2017
2017057339;5;2;7;1;6;750;30/06/2017
2017057340;1;2;2;1;3;750;30/06/2017
2017057341;2;2;1;1;3;750;02/07/2017
2017057342;5;2;1;1;6;750;04/07/2017
2017057343;1;2;1;1;3;750;05/07/2017
2017057344;1;2;5;1;6;750;05/07/2017
2017057345;1;2;7;1;3;750;07/07/2017
2017057346;2;2;4;1;6;750;08/07/2017
2017057347;5;2;2;1;3;750;09/07/2017
2017057348;5;2;3;3;6;750;09/07/2017
2017057349;1;2;3;2;3;750;10/07/2017
2017057350;1;2;1;1;6;750;17/07/2017
2017057351;1;2;1;1;3;750;17/07/2017
2017057352;1;2;3;1;3;750;21/07/2017
2017057353;1;2;1;1;1;750;21/07/2017
2017057354;1;2;3;1;6;750;21/07/2017
2017057355;5;2;1;1;6;750;22/07/2017
2017057356;1;2;5;2;3;750;22/07/2017
2017057357;1;2;1;1;3;750;25/07/2017
2017057358;1;2;1;1;3;750;27/07/2017
2017057359;1;2;4;1;3;750;28/07/2017
2017057360;2;2;1;1;6;750;28/07/2017
2017057361;1;2;1;1;3;750;30/07/2017
2017057362;1;2;2;1;6;750;01/08/2017
2017057363;1;2;3;1;6;750;01/08/2017
2017057364;1;2;1;1;6;750;02/08/2017
2017057365;1;2;1;1;6;750;03/08/2017
2017057366;1;2;1;1;6;750;03/08/2017
2017057367;1;2;1;1;6;750;07/08/2017
2017057368;1;2;1;1;6;750;08/08/2017
2017057369;2;2;1;8;3;750;10/08/2017
2017057370;1;2;3;1;6;750;11/08/2017
2017057371;1;2;1;1;6;750;13/08/2017
2017057372;1;2;3;1;2;750;13/08/2017
2017057373;1;2;3;1;6;750;20/08/2017
2017057374;1;2;3;1;6;750;22/08/2017
2017057375;1;2;1;1;7;750;23/08/2017
2017057376;1;2;2;1;6;750;24/08/2017
2017057377;1;2;6;1;6;750;26/08/2017
2017057378;1;2;1;1;6;750;28/08/2017
2017057379;1;2;1;1;6;750;28/08/2017
2017057380;1;2;3;1;3;750;28/08/2017
2017057381;1;2;7;1;3;750;29/08/2017
2017057382;1;2;1;1;6;750;29/08/2017
2017057383;1;2;1;1;7;750;31/08/2017
2017057384;1;2;3;1;6;750;31/08/2017
2017057385;5;2;2;1;6;750;01/09/2017
2017057386;1;2;7;8;2;750;04/09/2017
2017057387;1;2;3;1;6;750;05/09/2017
2017057388;1;2;1;1;3;750;06/09/2017
2017057389;5;2;5;1;2;750;07/09/2017
2017057390;1;2;2;1;6;750;08/09/2017
2017057391;5;2;1;2;3;750;09/09/2017
2017057392;5;2;3;1;6;750;10/09/2017
2017057393;5;2;3;1;6;750;12/09/2017
2017057394;5;2;7;3;6;750;13/09/2017
2017057395;1;2;2;2;3;750;14/09/2017
2017057396;2;2;1;1;2;750;15/09/2017
2017057397;5;2;5;1;6;750;15/09/2017
2017057398;1;2;2;1;2;750;18/09/2017
2017057399;1;2;3;1;6;750;22/09/2017
2017057400;1;2;3;1;6;750;22/09/2017
2017057401;1;2;3;1;3;750;23/09/2017
2017057402;1;2;3;1;6;750;25/09/2017
2017057403;1;2;1;1;2;750;26/09/2017
2017057404;1;2;1;1;6;750;27/09/2017
2017057405;1;2;2;1;6;750;27/09/2017
2017057406;1;2;1;2;5;750;28/09/2017
2017057407;5;2;1;1;6;750;28/09/2017
2017057408;1;2;1;1;6;750;29/09/2017
2017057409;5;2;3;1;6;750;01/10/2017
2017057410;1;2;1;1;6;750;03/10/2017
2017057411;5;2;3;1;6;750;06/10/2017
2017057412;5;2;1;2;2;750;07/10/2017
2017057413;1;2;1;1;3;750;08/10/2017
2017057414;1;2;1;1;6;750;10/10/2017
2017057415;5;2;2;1;6;750;11/10/2017
2017057416;5;2;1;1;3;750;14/10/2017
2017057417;1;2;7;1;2;750;15/10/2017
2017057418;1;2;1;1;6;750;17/10/2017
2017057419;1;2;2;6;6;750;17/10/2017
2017057420;5;2;2;1;3;750;17/10/2017
2017057421;1;2;3;1;7;750;17/10/2017
2017057422;5;2;5;1;6;750;19/10/2017
2017057423;5;2;1;1;3;750;20/10/2017
2017057424;5;2;3;2;6;750;22/10/2017
2017057425;1;2;1;8;6;750;23/10/2017
2017057426;1;2;3;2;1;750;23/10/2017
2017057427;5;2;1;2;6;750;24/10/2017
2017057428;1;2;1;2;2;750;25/10/2017
2017057429;1;2;2;1;6;750;25/10/2017
2017057430;1;2;1;1;6;750;25/10/2017
2017057431;5;2;4;1;2;750;26/10/2017
2017057432;5;2;2;1;3;750;26/10/2017
2017057433;1;2;2;1;6;750;26/10/2017
2017057434;5;2;4;1;6;750;29/10/2017
2017057435;1;2;1;1;3;750;02/11/2017
2017057436;1;2;3;1;6;750;02/11/2017
2017057437;1;2;1;1;6;750;05/11/2017
2017057438;1;2;1;1;6;750;06/11/2017
2017057439;1;2;1;1;3;750;06/11/2017
2017057440;1;2;3;1;6;750;06/11/2017
2017057441;5;2;7;1;3;750;09/11/2017
2017057442;1;2;1;2;6;750;11/11/2017
2017057443;1;2;4;2;3;750;12/11/2017
2017057444;1;2;2;1;3;750;14/11/2017
2017057445;5;2;1;1;3;750;14/11/2017
2017057446;5;2;1;1;3;750;14/11/2017
2017057447;1;2;3;2;3;750;15/11/2017
2017057448;5;2;2;1;6;750;18/11/2017
2017057449;5;2;1;1;2;750;19/11/2017
2017057450;5;2;1;1;6;750;20/11/2017
2017057451;5;2;1;1;6;750;20/11/2017
2017057452;5;2;1;1;2;750;21/11/2017
2017057453;5;2;1;1;3;750;21/11/2017
2017057454;1;2;2;1;7;750;22/11/2017
2017057455;1;2;1;1;7;750;22/11/2017
2017057456;1;2;3;8;6;750;24/11/2017
2017057457;1;2;2;1;6;750;27/11/2017
2017057458;5;2;7;2;4;750;27/11/2017
2017057459;5;2;3;1;2;750;28/11/2017
2017057460;5;2;3;4;3;750;30/11/2017
2017057461;2;2;2;1;6;750;01/12/2017
2017057462;1;2;2;1;6;750;04/12/2017
2017057463;2;2;5;1;3;750;05/12/2017
2017057464;1;2;2;1;6;750;05/12/2017
2017057465;5;2;1;8;7;750;08/12/2017
2017057466;5;2;2;1;6;750;09/12/2017
2017057467;1;2;2;1;6;750;10/12/2017
2017057468;1;2;7;2;3;750;11/12/2017
2017057469;5;2;3;1;1;750;11/12/2017
2017057470;2;2;1;3;3;750;14/12/2017
2017057471;2;2;1;1;3;750;15/12/2017
2017057472;1;2;2;2;3;750;15/12/2017
2017057473;2;2;7;1;4;750;15/12/2017
2017057474;1;2;2;1;3;750;16/12/2017
2017057475;1;2;2;1;3;750;16/12/2017
2017057476;5;2;1;2;3;750;16/12/2017
2017057477;5;2;7;2;3;750;18/12/2017
2017057478;5;2;7;1;6;750;18/12/2017
2017057479;1;2;1;1;2;750;19/12/2017
2017057480;1;2;1;2;3;750;20/12/2017
2017057481;1;2;3;1;6;750;26/12/2017
2017057482;5;2;1;2;1;750;26/12/2017
2017057483;1;2;2;8;6;750;02/01/2017
2017057484;1;2;4;1;3;750;03/01/2017
2017057485;5;2;3;1;6;750;03/01/2017
2017057486;5;2;1;1;3;750;03/01/2017
2017057487;5;2;7;2;3;750;04/01/2017
2017057488;1;2;1;1;6;750;07/01/2017
2017057489;1;2;1;2;3;750;09/01/2017
2017057490;1;2;2;2;6;750;11/01/2017
2017057491;5;2;7;1;3;750;12/01/2017
2017057492;5;2;1;2;6;750;15/01/2017
2017057493;1;2;1;1;6;750;18/01/2017
2017057494;2;2;1;1;3;750;18/01/2017
2017057495;5;2;1;1;2;750;21/01/2017
2017057496;1;2;7;1;3;750;22/01/2017
2017057497;5;2;1;1;3;750;23/01/2017
2017057498;1;2;1;1;3;750;24/01/2017
2017057499;1;2;1;1;6;750;26/01/2017
2017057500;1;2;1;1;6;750;27/01/2017
2017057501;2;2;4;1;3;750;28/01/2017
2017057502;1;2;3;1;3;750;01/02/2017
2017057503;1;2;3;1;3;750;01/02/2017
2017057504;5;2;3;1;3;750;01/02/2017
2017057505;5;2;4;1;2;750;02/02/2017
2017057506;5;2;2;2;6;750;04/02/2017
2017057507;5;2;3;2;1;750;04/02/2017
2017057508;5;2;1;2;2;750;05/02/2017
2017057509;2;2;2;1;3;750;08/02/2017
2017057510;1;2;2;1;2;750;09/02/2017
2017057511;1;2;7;1;2;750;09/02/2017
2017057512;1;2;2;4;3;750;10/02/2017
2017057513;5;2;2;1;6;750;11/02/2017
2017057514;2;2;4;1;6;750;12/02/2017
2017057515;2;2;2;1;6;750;13/02/2017
2017057516;1;2;1;8;6;750;14/02/2017
2017057517;1;2;3;1;3;750;14/02/2017
2017057518;1;2;5;8;3;750;16/02/2017
2017057519;1;2;4;1;6;750;18/02/2017
2017057520;1;2;3;1;1;750;19/02/2017
2017057521;5;2;1;1;6;750;19/02/2017
2017057522;5;2;2;1;3;750;21/02/2017
2017057523;1;2;1;1;6;750;23/02/2017
2017057524;1;2;2;1;3;750;24/02/2017
2017057525;5;2;2;1;3;750;25/02/2017
2017057526;5;2;2;6;3;750;27/02/2017
2017057527;1;2;3;2;3;750;28/02/2017
2017057528;1;2;1;1;7;750;28/02/2017
2017057529;1;2;3;1;6;750;01/03/2017
2017057530;1;2;1;1;2;750;02/03/2017
2017057531;1;2;1;1;3;750;02/03/2017
2017057532;1;2;2;1;2;750;03/03/2017
2017057533;1;2;1;2;2;750;05/03/2017
2017057534;1;2;2;3;5;750;06/03/2017
2017057535;1;2;3;1;2;750;06/03/2017
2017057536;1;2;3;1;6;750;07/03/2017
2017057537;1;2;1;1;6;750;07/03/2017
2017057538;1;2;1;1;2;750;10/03/2017
2017057539;1;2;1;1;6;750;10/03/2017
2017057540;1;2;1;1;2;750;10/03/2017
2017057541;1;2;3;1;6;750;15/03/2017
2017057542;1;2;2;1;3;750;19/03/2017
2017057543;5;2;2;1;3;750;20/03/2017
2017057544;1;2;2;2;3;750;21/03/2017
2017057545;1;2;3;1;6;750;21/03/2017
2017057546;5;2;1;1;4;750;21/03/2017
2017057547;5;2;4;1;6;750;22/03/2017
2017057548;1;2;1;2;3;750;24/03/2017
2017057549;5;2;2;8;3;750;24/03/2017
2017057550;5;2;7;1;2;750;25/03/2017
2017057551;5;2;3;1;6;750;25/03/2017
2017057552;1;2;2;1;3;750;26/03/2017
2017057553;1;2;1;1;6;750;26/03/2017
2017057554;1;2;2;1;6;750;27/03/2017
2017057555;1;2;1;1;6;750;28/03/2017
2017057556;1;2;2;1;3;750;30/03/2017
2017057557;1;2;1;1;6;750;01/04/2017
2017057558;5;2;7;1;6;750;02/04/2017
2017057559;1;2;2;1;3;750;02/04/2017
2017057560;1;2;3;1;3;750;05/04/2017
2017057561;1;2;3;1;6;750;07/04/2017
2017057562;1;2;4;1;6;750;07/04/2017
2017057563;1;2;2;1;3;750;08/04/2017
2017057564;1;2;1;1;6;750;15/04/2017
2017057565;5;2;2;1;3;750;16/04/2017
2017057566;1;2;3;1;3;750;19/04/2017
2017057567;1;2;1;1;5;750;19/04/2017
2017057568;1;2;2;1;3;750;20/04/2017
2017057569;1;2;7;1;6;750;21/04/2017
2017057570;1;2;1;1;6;750;22/04/2017
2017057571;1;2;7;1;6;750;23/04/2017
2017057572;1;2;3;1;2;750;24/04/2017
2017057573;1;2;2;1;6;750;24/04/2017
2017057574;1;2;3;1;3;750;26/04/2017
2017057575;1;2;1;1;3;750;28/04/2017
2017057576;1;2;3;1;3;750;02/05/2017
2017057577;1;2;2;1;6;750;05/05/2017
2017057578;1;2;2;1;1;750;06/05/2017
2017057579;5;2;1;8;7;750;06/05/2017
2017057580;5;2;1;2;7;750;06/05/2017
2017057581;5;2;3;1;6;750;07/05/2017
2017057582;1;2;1;1;3;750;13/05/2017
2017057583;1;2;2;1;3;750;15/05/2017
2017057584;1;2;4;1;2;750;16/05/2017
2017057585;1;2;2;1;6;750;16/05/2017
2017057586;2;2;1;3;6;750;18/05/2017
2017057587;1;2;1;1;7;750;19/05/2017
2017057588;5;2;3;1;1;750;21/05/2017
2017057589;2;2;2;1;3;750;22/05/2017
2017057590;1;2;1;1;6;750;23/05/2017
2017057591;1;2;1;7;6;750;23/05/2017
2017057592;1;2;1;1;6;750;23/05/2017
2017057593;5;2;2;1;3;750;24/05/2017
2017057594;1;2;1;1;6;750;24/05/2017
2017057595;5;2;1;1;6;750;25/05/2017
2017057596;1;2;1;1;3;750;25/05/2017
2017057597;1;2;1;1;6;750;26/05/2017
2017057598;1;2;1;1;6;750;27/05/2017
2017057599;5;2;2;1;6;750;01/06/2017
2017057600;1;2;1;1;6;750;04/06/2017
2017057601;1;2;2;1;6;750;07/06/2017
2017057602;1;2;1;8;6;750;09/06/2017
2017057603;1;2;1;1;4;750;09/06/2017
2017057604;1;2;4;1;6;750;10/06/2017
2017057605;1;2;1;1;6;750;10/06/2017
2017057606;5;2;1;3;7;750;09/06/2017
2017057607;1;2;4;1;3;750;15/06/2017
2017057608;1;2;5;1;3;750;15/06/2017
2017057609;1;2;3;1;1;750;16/06/2017
2017057610;5;2;1;1;6;750;17/06/2017
2017057611;5;2;1;1;6;750;18/06/2017
2017057612;2;2;1;1;2;750;18/06/2017
2017057613;1;2;1;1;7;750;18/06/2017
2017057614;1;2;2;1;3;750;19/06/2017
2017057615;1;2;2;1;6;750;19/06/2017
2017057616;1;2;1;1;3;750;21/06/2017
2017057617;5;2;1;1;6;750;21/06/2017
2017057618;5;2;2;1;2;750;22/06/2017
2017057619;1;2;3;1;3;750;23/06/2017
2017057620;1;2;2;1;6;750;24/06/2017
2017057621;1;2;1;1;3;750;25/06/2017
2017057622;1;2;1;1;6;750;25/06/2017
2017057623;1;2;7;1;6;750;25/06/2017
2017057624;5;2;3;1;3;750;25/06/2017
2017057625;5;2;1;1;3;750;25/06/2017
2017057626;1;2;1;1;3;750;27/06/2017
2017057627;1;2;2;1;3;750;28/06/2017
2017057628;1;2;1;2;3;750;28/06/2017
2017057629;2;2;1;8;6;750;28/06/2017
2017057630;1;2;2;3;6;750;01/07/2017
2017057631;5;2;2;1;6;750;01/07/2017
2017057632;1;2;3;1;6;750;03/07/2017
2017057633;5;2;1;1;3;750;06/07/2017
2017057634;5;2;2;2;2;750;07/07/2017
2017057635;1;2;7;1;3;750;08/07/2017
2017057636;1;2;5;1;6;750;08/07/2017
2017057637;1;2;1;1;6;750;12/07/2017
2017057638;1;2;1;1;4;750;12/07/2017
2017057639;1;2;1;1;2;750;13/07/2017
2017057640;1;2;1;8;6;750;13/07/2017
2017057641;5;2;1;1;6;750;14/07/2017
2017057642;2;2;4;1;6;750;18/07/2017
2017057643;1;2;2;1;3;750;20/07/2017
2017057644;1;2;1;1;6;750;21/07/2017
2017057645;1;2;2;1;6;750;21/07/2017
2017057646;5;2;2;1;3;750;21/07/2017
2017057647;1;2;7;1;3;750;22/07/2017
2017057648;1;2;1;8;6;750;25/07/2017
2017057649;1;2;2;1;6;750;27/07/2017
2017057650;1;2;1;1;2;750;31/07/2017
2017057651;1;2;3;1;6;750;02/08/2017
2017057652;1;2;3;1;6;750;03/08/2017
2017057653;1;2;2;1;3;750;03/08/2017
2017057654;1;2;4;1;3;750;04/08/2017
2017057655;1;2;1;1;6;750;11/08/2017
2017057656;1;2;2;1;3;750;11/08/2017
2017057657;5;2;1;1;6;750;11/08/2017
2017057658;5;2;1;2;6;750;12/08/2017
2017057659;1;2;2;1;6;750;14/08/2017
2017057660;1;2;2;2;3;750;17/08/2017
2017057661;1;2;1;1;6;750;20/08/2017
2017057662;1;2;2;1;4;750;22/08/2017
2017057663;1;2;3;1;3;750;23/08/2017
2017057664;1;2;1;1;3;750;24/08/2017
2017057665;1;2;2;1;6;750;28/08/2017
2017057666;5;2;1;8;7;750;30/08/2017
2017057667;1;2;1;1;6;750;31/08/2017
2017057668;1;2;1;1;6;750;04/09/2017
2017057669;1;2;1;1;7;750;04/09/2017
2017057670;1;2;1;1;3;750;06/09/2017
2017057671;1;2;1;1;6;750;06/09/2017
2017057672;5;2;3;1;6;750;06/09/2017
2017057673;3;2;3;1;6;750;06/09/2017
2017057674;2;2;1;8;6;750;07/09/2017
2017057675;1;2;1;2;4;750;09/09/2017
2017057676;3;2;1;1;2;750;09/09/2017
2017057677;3;2;1;2;6;750;12/09/2017
2017057678;5;2;1;1;6;750;15/09/2017
2017057679;1;2;2;1;3;750;15/09/2017
2017057680;1;2;2;1;6;750;15/09/2017
2017057681;1;2;7;1;7;750;15/09/2017
2017057682;1;2;1;2;6;750;19/09/2017
2017057683;1;2;1;1;1;750;19/09/2017
2017057684;1;2;4;1;6;750;19/09/2017
2017057685;1;2;2;1;3;750;20/09/2017
2017057686;5;2;1;1;6;750;22/09/2017
2017057687;1;2;1;1;6;750;23/09/2017
2017057688;5;2;2;1;6;750;24/09/2017
2017057689;1;2;1;1;3;750;26/09/2017
2017057690;1;2;1;1;6;750;26/09/2017
2017057691;2;2;1;1;3;750;27/09/2017
2017057692;1;2;2;1;3;750;29/09/2017
2017057693;5;2;1;2;7;750;30/09/2017
2017057694;5;2;2;2;6;750;30/09/2017
2017057695;5;2;1;2;4;750;01/10/2017
2017057696;1;2;2;1;6;750;02/10/2017
2017057697;1;2;1;1;6;750;02/10/2017
2017057698;2;2;2;1;6;750;03/10/2017
2017057699;1;2;3;1;6;750;04/10/2017
2017057700;5;2;1;1;3;750;04/10/2017
2017057701;5;2;7;1;6;750;04/10/2017
2017057702;1;2;1;1;6;750;08/10/2017
2017057703;1;2;1;8;6;750;08/10/2017
2017057704;5;2;1;1;2;750;10/10/2017
2017057705;1;2;2;1;3;750;14/10/2017
2017057706;5;2;2;1;3;750;14/10/2017
2017057707;1;2;7;1;2;750;15/10/2017
2017057708;5;2;2;1;3;750;16/10/2017
2017057709;5;2;3;1;1;750;19/10/2017
2017057710;5;2;7;1;3;750;20/10/2017
2017057711;5;2;2;1;6;750;21/10/2017
2017057712;5;2;3;2;3;750;23/10/2017
2017057713;5;2;1;2;6;750;24/10/2017
2017057714;5;2;1;1;5;750;26/10/2017
2017057715;5;2;2;1;3;750;27/10/2017
2017057716;5;2;4;1;3;750;29/10/2017
2017057717;1;2;3;1;3;750;31/10/2017
2017057718;1;2;2;1;3;750;01/11/2017
2017057719;1;2;7;1;3;750;03/11/2017
2017057720;5;2;5;2;3;750;05/11/2017
2017057721;5;2;2;2;6;750;05/11/2017
2017057722;5;2;2;1;3;750;05/11/2017
2017057723;2;2;2;1;6;750;06/11/2017
2017057724;5;2;2;1;6;750;07/11/2017
2017057725;5;2;3;1;7;750;08/11/2017
2017057726;5;2;2;1;6;750;09/11/2017
2017057727;5;2;1;1;6;750;09/11/2017
2017057728;1;2;1;2;6;750;11/11/2017
2017057729;1;2;3;1;6;750;15/11/2017
2017057730;1;2;1;1;6;750;16/11/2017
2017057731;1;2;2;1;3;750;16/11/2017
2017057732;5;2;5;1;2;750;16/11/2017
2017057733;1;2;3;8;3;750;20/11/2017
2017057734;1;2;2;3;3;750;23/11/2017
2017057735;2;2;2;1;7;750;24/11/2017
2017057736;5;2;1;1;6;750;25/11/2017
2017057737;5;2;2;1;2;750;26/11/2017
2017057738;5;2;2;1;7;750;26/11/2017
2017057739;1;2;3;1;3;750;26/11/2017
2017057740;1;2;2;2;3;750;27/11/2017
2017057741;2;2;3;2;6;750;27/11/2017
2017057742;5;2;7;8;7;750;28/11/2017
2017057743;5;2;4;2;2;750;28/11/2017
2017057744;5;2;7;1;6;750;29/11/2017
2017057745;1;2;2;1;3;750;29/11/2017
2017057746;1;2;2;1;6;750;29/11/2017
2017057747;1;2;1;2;3;750;30/11/2017
2017057748;2;2;1;8;6;750;30/11/2017
2017057749;1;2;4;2;6;750;03/12/2017
2017057750;1;2;4;2;6;750;03/12/2017
2017057751;5;2;4;2;6;750;07/12/2017
2017057752;5;2;3;2;6;750;07/12/2017
2017057753;5;2;7;2;6;750;10/12/2017
2017057754;2;2;5;2;5;750;11/12/2017
2017057755;5;2;1;8;4;750;12/12/2017
2017057756;5;2;4;2;2;750;15/12/2017
2017057757;5;2;3;2;6;750;15/12/2017
2017057758;5;2;7;2;6;750;16/12/2017
2017057759;1;2;1;1;7;750;18/12/2017
2017057760;5;2;1;1;2;750;18/12/2017
2017057761;1;2;3;2;2;750;20/12/2017
2017057762;5;2;3;2;6;750;21/12/2017
2017057763;5;2;2;1;3;750;24/12/2017
2017057764;5;2;7;1;3;750;25/12/2017
2017057765;5;2;2;2;6;750;27/12/2017
2017057766;2;2;1;3;3;750;27/12/2017
2017057767;1;2;1;2;6;750;29/12/2017
2017057768;5;2;3;2;6;750;30/12/2017
2017057769;5;2;3;1;1;750;30/12/2017
2017057770;1;2;5;1;3;750;04/01/2017
2017057771;5;2;2;1;6;750;05/01/2017
2017057772;5;2;1;1;6;750;06/01/2017
2017057773;1;2;1;1;6;750;10/01/2017
2017057774;1;2;4;2;6;750;12/01/2017
2017057775;5;2;3;6;3;750;12/01/2017
2017057776;5;2;7;1;3;750;13/01/2017
2017057777;5;2;3;1;6;750;15/01/2017
2017057778;5;2;5;1;3;750;17/01/2017
2017057779;1;2;2;1;6;750;21/01/2017
2017057780;2;2;1;1;6;750;22/01/2017
2017057781;1;2;1;1;6;750;24/01/2017
2017057782;1;2;3;8;3;750;25/01/2017
2017057783;5;2;5;1;6;750;26/01/2017
2017057784;5;2;1;1;6;750;29/01/2017
2017057785;1;2;1;1;6;750;30/01/2017
2017057786;5;2;5;1;6;750;31/01/2017
2017057787;1;2;2;2;2;750;03/02/2017
2017057788;2;2;2;2;5;750;04/02/2017
2017057789;5;2;3;2;6;750;05/02/2017
2017057790;5;2;7;1;6;750;10/02/2017
2017057791;1;2;2;8;7;750;16/02/2017
2017057792;1;2;4;1;6;750;17/02/2017
2017057793;1;2;4;1;3;750;18/02/2017
2017057794;1;2;1;1;6;750;18/02/2017
2017057795;1;2;1;1;6;750;22/02/2017
2017057796;1;2;2;1;6;750;23/02/2017
2017057797;1;2;2;1;3;750;24/02/2017
2017057798;1;2;3;1;6;750;03/03/2017
2017057799;2;2;3;2;2;750;04/03/2017
2017057800;2;2;3;1;6;750;06/03/2017
2017057801;1;2;2;8;7;750;07/03/2017
2017057802;1;2;1;1;4;750;10/03/2017
2017057803;1;2;1;1;6;750;10/03/2017
2017057804;5;2;2;1;3;750;12/03/2017
2017057805;2;2;2;1;6;750;12/03/2017
2017057806;1;2;5;1;6;750;12/03/2017
2017057807;5;2;1;1;6;750;14/03/2017
2017057808;1;2;1;1;6;750;16/03/2017
2017057809;5;2;2;1;3;750;17/03/2017
2017057810;1;2;1;1;6;750;21/03/2017
2017057811;1;2;1;1;6;750;23/03/2017
2017057812;5;2;2;1;3;750;24/03/2017
2017057813;2;2;3;2;2;750;24/03/2017
2017057814;5;2;1;1;6;750;28/03/2017
2017057815;1;2;1;1;3;750;28/03/2017