num_acc;lum;agg;inter;atm;col;dep;date
2017057816;1;2;2;1;6;750;29/03/2017
2017057817;1;2;1;1;6;750;29/03/2017
2017057818;2;2;3;1;3;750;29/03/2017
2017057819;1;2;1;1;6;750;30/03/2017
2017057820;1;2;2;1;6;750;19/04/2017
2017057821;1;2;1;1;6;750;31/03/2017
2017057822;1;2;1;1;3;750;19/04/2017
2017057823;5;2;1;1;6;750;02/04/2017
2017057824;5;2;1;1;3;750;03/04/2017
2017057825;5;2;7;1;6;750;04/04/2017
2017057826;5;2;3;1;6;750;06/04/2017
2017057827;1;2;3;1;3;750;07/04/2017
2017057828;1;2;5;1;7;750;08/04/2017
2017057829;1;2;1;1;6;750;08/04/2017
2017057830;5;2;4;1;6;750;08/04/2017
2017057831;5;2;7;1;3;750;09/04/2017
2017057832;5;2;1;1;6;750;09/04/2017
2017057833;1;2;1;1;6;750;09/04/2017
2017057834;1;2;2;1;6;750;12/04/2017
2017057835;1;2;1;1;6;750;12/04/2017
2017057836;1;2;2;1;3;750;13/04/2017
2017057837;1;2;1;1;2;750;14/04/2017
2017057838;4;2;4;1;6;750;15/04/2017
2017057839;5;2;1;1;6;750;16/04/2017
2017057840;5;2;3;1;2;750;17/04/2017
2017057841;1;2;1;1;3;750;19/04/2017
2017057842;5;2;4;1;6;750;20/04/2017
2017057843;5;2;1;1;3;750;21/04/2017
2017057844;1;2;1;1;3;750;21/04/2017
2017057845;1;2;3;1;6;750;22/04/2017
2017057846;1;2;1;1;6;750;23/04/2017
2017057847;5;2;1;1;6;750;25/04/2017
2017057848;5;2;2;1;3;750;27/04/2017
2017057849;2;2;2;1;3;750;27/04/2017
2017057850;5;2;7;1;6;750;27/04/2017
2017057851;5;2;1;1;6;750;04/05/2017
2017057852;1;2;1;1;3;750;05/05/2017
2017057853;1;2;1;1;6;750;09/05/2017
2017057854;1;2;3;1;6;750;09/05/2017
2017057855;1;2;1;1;6;750;09/05/2017
2017057856;1;2;1;1;6;750;10/05/2017
2017057857;1;2;4;1;6;750;14/05/2017
2017057858;1;2;1;1;7;750;15/05/2017
2017057859;1;2;1;1;3;750;16/05/2017
2017057860;1;2;4;1;3;750;16/05/2017
2017057861;5;2;1;1;7;750;16/05/2017
2017057862;2;2;1;1;4;750;17/05/2017
2017057863;1;2;2;1;6;750;17/05/2017
2017057864;1;2;1;1;6;750;17/05/2017
2017057865;2;2;5;3;2;750;17/05/2017
2017057866;5;2;1;2;6;750;18/05/2017
2017057867;1;2;2;2;3;750;19/05/2017
2017057868;5;2;3;1;6;750;19/05/2017
2017057869;1;2;2;7;3;750;20/05/2017
2017057870;5;2;3;1;3;750;21/05/2017
2017057871;1;2;1;1;2;750;23/05/2017
2017057872;1;2;2;1;6;750;24/05/2017
2017057873;1;2;2;1;7;750;26/05/2017
2017057874;5;2;7;1;6;750;27/05/2017
2017057875;1;2;5;1;3;750;29/05/2017
2017057876;1;2;1;1;6;750;29/05/2017
2017057877;1;2;3;1;6;750;30/05/2017
2017057878;1;2;1;1;7;750;30/05/2017
2017057879;1;2;3;1;3;750;31/05/2017
2017057880;1;2;1;1;6;750;31/05/2017
2017057881;5;2;2;1;3;750;01/06/2017
2017057882;1;2;1;1;6;750;01/06/2017
2017057883;5;2;1;1;6;750;01/06/2017
2017057884;1;2;7;1;6;750;02/06/2017
2017057885;2;2;1;1;6;750;02/06/2017
2017057886;1;2;1;1;6;750;04/06/2017
2017057887;5;2;2;1;3;750;06/06/2017
2017057888;1;2;7;1;6;750;07/06/2017
2017057889;1;2;2;1;6;750;09/06/2017
2017057890;5;2;1;1;3;750;09/06/2017
2017057891;5;2;3;1;3;750;11/06/2017
2017057892;1;2;7;1;3;750;12/06/2017
2017057893;5;2;4;1;6;750;14/06/2017
2017057894;1;2;5;1;3;750;16/06/2017
2017057895;1;2;1;1;3;750;16/06/2017
2017057896;1;2;1;1;3;750;17/06/2017
2017057897;1;2;1;1;6;750;17/06/2017
2017057898;5;2;2;1;6;750;18/06/2017
2017057899;5;2;2;1;3;750;18/06/2017
2017057900;1;2;2;1;6;750;19/06/2017
2017057901;2;2;1;1;6;750;19/06/2017
2017057902;1;2;1;1;2;750;20/06/2017
2017057903;1;2;7;1;4;750;22/06/2017
2017057904;1;2;2;1;6;750;23/06/2017
2017057905;1;2;4;1;6;750;23/06/2017
2017057906;1;2;1;1;2;750;24/06/2017
2017057907;1;2;3;1;3;750;27/06/2017
2017057908;1;2;3;1;2;750;25/06/2017
2017057909;1;2;3;1;6;750;26/06/2017
2017057910;5;2;3;1;6;750;27/06/2017
2017057911;1;2;2;2;3;750;27/06/2017
2017057912;2;2;3;1;6;750;27/06/2017
2017057913;1;2;1;1;6;750;28/06/2017
2017057914;5;2;1;1;2;750;28/06/2017
2017057915;1;2;7;1;3;750;01/07/2017
2017057916;5;2;2;1;3;750;01/07/2017
2017057917;1;2;5;1;3;750;02/07/2017
2017057918;1;2;1;1;7;750;03/07/2017
2017057919;1;2;2;1;6;750;03/07/2017
2017057920;1;2;2;1;6;750;03/07/2017
2017057921;2;2;3;1;3;750;03/07/2017
2017057922;1;2;4;1;6;750;04/07/2017
2017057923;2;2;1;1;4;750;04/07/2017
2017057924;1;2;1;1;3;750;05/07/2017
2017057925;1;2;1;1;6;750;05/07/2017
2017057926;5;2;1;6;7;750;06/07/2017
2017057927;1;2;2;1;3;750;06/07/2017
2017057928;1;2;1;1;4;750;07/07/2017
2017057929;5;2;1;1;6;750;08/07/2017
2017057930;5;2;4;1;6;750;09/07/2017
2017057931;1;2;1;2;3;750;10/07/2017
2017057932;5;2;3;1;7;750;13/07/2017
2017057933;1;2;7;1;3;750;13/07/2017
2017057934;1;2;1;1;6;750;15/07/2017
2017057935;1;2;1;1;6;750;15/07/2017
2017057936;5;2;3;1;6;750;16/07/2017
2017057937;1;2;1;1;6;750;17/07/2017
2017057938;1;2;1;1;6;750;18/07/2017
2017057939;1;2;1;1;6;750;20/07/2017
2017057940;5;2;1;1;6;750;22/07/2017
2017057941;1;2;1;1;6;750;28/07/2017
2017057942;1;2;1;1;3;750;28/07/2017
2017057943;5;2;4;1;3;750;28/07/2017
2017057944;1;2;2;1;3;750;29/07/2017
2017057945;1;2;2;1;3;750;29/07/2017
2017057946;5;2;5;1;6;750;30/07/2017
2017057947;1;2;3;1;6;750;31/07/2017
2017057948;1;2;1;1;2;750;02/08/2017
2017057949;1;2;1;1;6;750;02/08/2017
2017057950;1;2;3;1;4;750;02/08/2017
2017057951;1;2;1;1;6;750;03/08/2017
2017057952;5;2;1;1;3;750;03/08/2017
2017057953;1;2;2;1;3;750;04/08/2017
2017057954;1;2;3;1;6;750;10/08/2017
2017057955;1;2;1;2;1;750;12/08/2017
2017057956;1;2;1;1;6;750;13/08/2017
2017057957;5;2;1;1;7;750;14/08/2017
2017057958;1;2;2;1;6;750;16/08/2017
2017057959;5;2;4;1;3;750;17/08/2017
2017057960;1;2;4;1;1;750;17/08/2017
2017057961;5;2;5;1;3;750;18/08/2017
2017057962;1;2;1;1;6;750;21/08/2017
2017057963;5;2;7;1;6;750;21/08/2017
2017057964;5;2;2;1;3;750;22/08/2017
2017057965;1;2;3;1;3;750;25/08/2017
2017057966;5;2;7;1;3;750;26/08/2017
2017057967;1;2;2;1;3;750;29/08/2017
2017057968;5;2;1;1;6;750;29/08/2017
2017057969;1;2;1;1;6;750;31/08/2017
2017057970;5;2;5;1;3;750;01/09/2017
2017057971;1;2;1;1;3;750;03/09/2017
2017057972;1;2;1;1;6;750;04/09/2017
2017057973;2;2;1;1;6;750;07/09/2017
2017057974;1;2;1;1;6;750;07/09/2017
2017057975;1;2;3;8;3;750;08/09/2017
2017057976;5;2;1;1;6;750;10/09/2017
2017057977;1;2;4;1;6;750;11/09/2017
2017057978;1;2;1;1;6;750;12/09/2017
2017057979;1;2;7;1;2;750;12/09/2017
2017057980;2;2;2;8;7;750;13/09/2017
2017057981;1;2;1;1;6;750;14/09/2017
2017057982;1;2;2;1;2;750;15/09/2017
2017057983;1;2;1;1;6;750;15/09/2017
2017057984;5;2;1;1;7;750;17/09/2017
2017057985;5;2;1;1;6;750;19/09/2017
2017057986;1;2;1;8;6;750;27/09/2017
2017057987;1;2;2;1;3;750;22/09/2017
2017057988;1;2;3;8;6;750;22/09/2017
2017057989;1;2;1;8;6;750;22/09/2017
2017057990;1;2;1;1;6;750;24/09/2017
2017057991;5;2;2;1;3;750;25/09/2017
2017057992;1;2;3;8;6;750;26/09/2017
2017057993;1;2;1;1;6;750;26/09/2017
2017057994;1;2;2;1;4;750;26/09/2017
2017057995;1;2;1;1;6;750;27/09/2017
2017057996;1;2;1;8;6;750;28/09/2017
2017057997;1;2;1;1;6;750;28/09/2017
2017057998;2;2;3;8;6;750;26/10/2017
2017057999;1;2;1;1;2;750;30/09/2017
2017058000;1;2;1;1;2;750;30/09/2017
2017058001;5;2;2;3;6;750;02/10/2017
2017058002;1;2;1;1;3;750;03/10/2017
2017058003;1;2;1;1;2;750;04/10/2017
2017058004;1;2;2;1;3;750;04/10/2017
2017058005;5;2;2;1;6;750;06/10/2017
2017058006;1;2;2;1;4;750;09/10/2017
2017058007;2;2;1;1;5;750;09/10/2017
2017058008;1;2;7;1;3;750;10/10/2017
2017058009;1;2;7;1;3;750;10/10/2017
2017058010;1;2;2;1;4;750;10/10/2017
2017058011;2;2;1;1;3;750;12/10/2017
2017058012;5;2;3;1;6;750;13/10/2017
2017058013;1;2;1;1;6;750;13/10/2017
2017058014;5;2;1;1;6;750;15/10/2017
2017058015;1;2;1;1;6;750;17/10/2017
2017058016;5;2;2;1;2;750;18/10/2017
2017058017;1;2;1;1;3;750;19/10/2017
2017058018;5;2;2;1;6;750;22/10/2017
2017058019;1;2;1;1;6;750;22/10/2017
2017058020;1;2;1;2;4;750;24/10/2017
2017058021;1;2;1;8;2;750;25/10/2017
2017058022;1;2;1;1;4;750;27/10/2017
2017058023;2;2;1;1;4;750;27/10/2017
2017058024;5;2;5;1;3;750;28/10/2017
2017058025;5;2;7;1;3;750;30/10/2017
2017058026;5;2;7;1;2;750;31/10/2017
2017058027;1;2;7;1;6;750;01/11/2017
2017058028;2;2;1;1;4;750;02/11/2017
2017058029;1;2;7;8;6;750;03/11/2017
2017058030;5;2;2;1;3;750;04/11/2017
2017058031;1;2;3;1;6;750;06/11/2017
2017058032;5;2;1;1;3;750;06/11/2017
2017058033;5;2;4;8;3;750;07/11/2017
2017058034;1;2;1;1;6;750;07/11/2017
2017058035;5;2;4;1;6;750;08/11/2017
2017058036;5;2;2;1;3;750;08/11/2017
2017058037;1;2;2;1;3;750;09/11/2017
2017058038;5;2;3;2;6;750;10/11/2017
2017058039;1;2;2;1;6;750;10/11/2017
2017058040;1;2;3;1;6;750;10/11/2017
2017058041;5;2;1;1;2;750;10/11/2017
2017058042;5;2;1;2;6;750;11/11/2017
2017058043;5;2;1;1;6;750;16/11/2017
2017058044;1;2;2;1;3;750;14/11/2017
2017058045;1;2;2;1;6;750;15/11/2017
2017058046;1;2;2;1;3;750;15/11/2017
2017058047;1;2;4;1;2;750;17/11/2017
2017058048;5;2;1;1;3;750;17/11/2017
2017058049;2;2;1;1;6;750;18/11/2017
2017058050;5;2;2;1;3;750;18/11/2017
2017058051;2;2;1;1;7;750;20/11/2017
2017058052;1;2;1;1;6;750;21/11/2017
2017058053;5;2;2;2;2;750;23/11/2017
2017058054;1;2;2;8;3;750;24/11/2017
2017058055;1;2;7;1;3;750;24/11/2017
2017058056;5;2;3;1;6;750;25/11/2017
2017058057;5;2;1;1;6;750;26/11/2017
2017058058;5;2;1;2;4;750;27/11/2017
2017058059;2;2;1;8;3;750;28/11/2017
2017058060;1;2;6;1;3;750;29/11/2017
2017058061;5;2;1;8;7;750;01/12/2017
2017058062;1;2;1;1;4;750;05/12/2017
2017058063;5;2;4;1;6;750;05/12/2017
2017058064;5;2;2;1;6;750;06/12/2017
2017058065;1;2;4;1;6;750;09/12/2017
2017058066;5;2;2;1;6;750;09/12/2017
2017058067;5;2;7;1;7;750;09/12/2017
2017058068;5;2;2;3;6;750;11/12/2017
2017058069;5;2;1;2;6;750;11/12/2017
2017058070;1;2;3;1;6;750;12/12/2017
2017058071;1;2;7;8;3;750;13/12/2017
2017058072;1;2;4;2;3;750;14/12/2017
2017058073;5;2;3;8;3;750;14/12/2017
2017058074;5;2;1;1;6;750;18/12/2017
2017058075;5;2;2;1;3;750;23/12/2017
2017058076;5;2;1;1;6;750;24/12/2017
2017058077;5;2;1;2;6;750;27/12/2017
2017058078;5;2;1;1;6;750;29/12/2017
2017058079;1;2;1;1;3;750;01/01/2017
2017058080;5;2;1;8;4;750;02/01/2017
2017058081;5;2;1;1;2;750;02/01/2017
2017058082;2;2;1;1;2;750;04/01/2017
2017058083;5;2;4;1;6;750;04/01/2017
2017058084;1;2;1;1;3;750;05/01/2017
2017058085;1;2;1;1;3;750;05/01/2017
2017058086;1;2;1;1;4;750;06/01/2017
2017058087;5;2;4;1;4;750;10/01/2017
2017058088;5;2;4;1;3;750;11/01/2017
2017058089;1;2;1;1;4;750;12/01/2017
2017058090;5;2;1;1;2;750;15/01/2017
2017058091;5;2;1;2;6;750;15/01/2017
2017058092;5;2;4;1;7;750;16/01/2017
2017058093;1;2;1;1;4;750;17/01/2017
2017058094;1;2;1;1;7;750;18/01/2017
2017058095;1;2;1;1;6;750;19/01/2017
2017058096;1;2;1;1;3;750;19/01/2017
2017058097;2;2;1;1;6;750;20/01/2017
2017058098;5;2;4;1;5;750;21/01/2017
2017058099;1;2;1;1;2;750;23/01/2017
2017058100;1;2;1;1;7;750;23/01/2017
2017058101;5;2;1;1;2;750;25/01/2017
2017058102;5;2;4;1;3;750;26/01/2017
2017058103;5;2;1;1;2;750;28/01/2017
2017058104;1;2;1;1;6;750;28/01/2017
2017058105;1;2;1;1;2;750;29/01/2017
2017058106;5;2;1;2;4;750;30/01/2017
2017058107;1;2;1;1;7;750;30/01/2017
2017058108;5;2;4;1;6;750;31/01/2017
2017058109;1;2;4;1;2;750;02/02/2017
2017058110;5;2;1;1;7;750;02/02/2017
2017058111;5;2;1;1;3;750;02/02/2017
2017058112;5;2;1;1;6;750;03/02/2017
2017058113;1;2;1;1;2;750;06/02/2017
2017058114;5;2;4;1;2;750;06/02/2017
2017058115;1;2;1;2;4;750;07/02/2017
2017058116;1;2;1;3;2;750;07/02/2017
2017058117;1;2;4;1;6;750;08/02/2017
2017058118;2;2;1;1;3;750;11/02/2017
2017058119;3;2;4;1;6;750;12/02/2017
2017058120;1;2;1;1;6;750;12/02/2017
2017058121;5;2;1;1;6;750;12/02/2017
2017058122;2;2;1;1;3;750;14/02/2017
2017058123;1;2;4;1;4;750;15/02/2017
2017058124;4;2;4;1;6;750;15/02/2017
2017058125;5;2;4;1;2;750;16/02/2017
2017058126;1;2;4;1;4;750;16/02/2017
2017058127;5;2;1;8;2;750;16/02/2017
2017058128;1;2;1;1;4;750;17/02/2017
2017058129;1;2;1;1;2;750;17/02/2017
2017058130;1;2;4;1;2;750;17/02/2017
2017058131;1;2;4;5;6;750;19/02/2017
2017058132;5;2;1;1;6;750;19/02/2017
2017058133;1;2;1;1;6;750;21/02/2017
2017058134;2;2;4;1;6;750;21/02/2017
2017058135;1;2;4;6;6;750;23/02/2017
2017058136;1;2;1;1;4;750;23/02/2017
2017058137;2;2;4;1;2;750;23/02/2017
2017058138;5;2;4;1;6;750;24/02/2017
2017058139;5;2;1;1;2;750;25/02/2017
2017058140;1;2;1;1;6;750;26/02/2017
2017058141;1;2;4;1;6;750;28/02/2017
2017058142;1;2;1;2;3;750;01/03/2017
2017058143;1;2;1;2;7;750;01/03/2017
2017058144;1;2;1;1;7;750;02/03/2017
2017058145;1;2;1;1;3;750;02/03/2017
2017058146;1;2;1;1;4;750;03/03/2017
2017058147;2;2;4;1;3;750;03/03/2017
2017058148;1;2;1;1;3;750;07/03/2017
2017058149;1;2;1;1;4;750;07/03/2017
2017058150;1;2;1;2;7;750;08/03/2017
2017058151;1;2;1;2;7;750;08/03/2017
2017058152;1;2;1;1;3;750;09/03/2017
2017058153;1;2;1;1;2;750;09/03/2017
2017058154;1;2;1;1;2;750;10/03/2017
2017058155;1;2;1;1;4;750;10/03/2017
2017058156;1;2;4;1;2;750;10/03/2017
2017058157;5;2;1;1;7;750;11/03/2017
2017058158;5;2;1;1;4;750;12/03/2017
2017058159;1;2;1;1;6;750;12/03/2017
2017058160;1;2;4;1;4;750;13/03/2017
2017058161;1;2;1;1;6;750;14/03/2017
2017058162;1;2;1;1;3;750;15/03/2017
2017058163;1;2;1;1;2;750;16/03/2017
2017058164;1;2;1;1;7;750;16/03/2017
2017058165;1;2;1;1;3;750;17/03/2017
2017058166;1;2;1;1;3;750;17/03/2017
2017058167;1;2;1;1;2;750;20/03/2017
2017058168;1;2;1;1;3;750;20/03/2017
2017058169;5;2;1;1;7;750;21/03/2017
2017058170;2;2;1;1;6;750;21/03/2017
2017058171;1;2;1;1;6;750;21/03/2017
2017058172;1;2;1;1;4;750;22/03/2017
2017058173;5;2;1;1;3;750;22/03/2017
2017058174;1;2;1;1;3;750;23/03/2017
2017058175;1;2;1;1;3;750;23/03/2017
2017058176;5;2;1;1;4;750;24/03/2017
2017058177;5;2;1;1;5;750;24/03/2017
2017058178;1;2;1;1;4;750;25/03/2017
2017058179;5;2;4;1;6;750;25/03/2017
2017058180;1;2;1;1;4;750;26/03/2017
2017058181;1;2;1;1;3;750;28/03/2017
2017058182;1;2;1;1;3;750;29/03/2017
2017058183;1;2;1;1;7;750;30/03/2017
2017058184;1;2;1;1;4;750;30/03/2017
2017058185;5;2;1;1;3;750;30/03/2017
2017058186;1;2;1;1;3;750;31/03/2017
2017058187;1;2;1;1;5;750;31/03/2017
2017058188;5;2;1;1;3;750;01/04/2017
2017058189;1;2;1;1;4;750;01/04/2017
2017058190;1;2;1;1;4;750;01/04/2017
2017058191;1;2;4;1;2;750;02/04/2017
2017058192;5;2;1;1;3;750;02/04/2017
2017058193;1;2;1;1;3;750;03/04/2017
2017058194;1;2;1;1;5;750;03/04/2017
2017058195;1;2;1;1;4;750;03/04/2017
2017058196;1;2;1;1;3;750;03/04/2017
2017058197;1;2;1;1;2;750;04/04/2017
2017058198;1;2;1;1;2;750;05/04/2017
2017058199;1;2;1;1;2;750;05/04/2017
2017058200;1;2;1;1;2;750;06/04/2017
2017058201;1;2;4;1;3;750;06/04/2017
2017058202;1;2;4;1;2;750;07/04/2017
2017058203;2;2;1;1;2;750;07/04/2017
2017058204;1;2;1;1;3;750;08/04/2017
2017058205;2;2;1;1;2;750;09/04/2017
2017058206;1;2;1;1;6;750;09/04/2017
2017058207;1;2;1;1;4;750;12/04/2017
2017058208;1;2;1;1;6;750;12/04/2017
2017058209;1;2;1;1;2;750;12/04/2017
2017058210;1;2;1;1;2;750;12/04/2017
2017058211;1;2;1;1;4;750;13/04/2017
2017058212;1;2;1;1;2;750;13/04/2017
2017058213;1;2;4;1;7;750;13/04/2017
2017058214;1;2;1;1;2;750;14/04/2017
2017058215;1;2;1;1;3;750;14/04/2017
2017058216;1;2;1;1;2;750;14/04/2017
2017058217;1;2;4;1;2;750;14/04/2017
2017058218;5;2;1;1;6;750;15/04/2017
2017058219;5;2;1;1;6;750;16/04/2017
2017058220;1;2;1;1;2;750;17/04/2017
2017058221;1;2;1;1;4;750;19/04/2017
2017058222;1;2;1;1;3;750;19/04/2017
2017058223;1;2;1;1;2;750;19/04/2017
2017058224;2;2;1;1;3;750;20/04/2017
2017058225;1;2;1;1;2;750;21/04/2017
2017058226;1;2;1;1;3;750;22/04/2017
2017058227;5;2;1;1;2;750;23/04/2017
2017058228;1;2;1;1;3;750;23/04/2017
2017058229;1;2;1;1;4;750;23/04/2017
2017058230;1;2;1;1;2;750;23/04/2017
2017058231;1;2;1;1;3;750;24/04/2017
2017058232;1;2;1;1;4;750;24/04/2017
2017058233;1;2;1;1;4;750;24/04/2017
2017058234;1;2;1;1;3;750;24/04/2017
2017058235;1;2;1;1;4;750;24/04/2017
2017058236;1;2;1;1;3;750;24/04/2017
2017058237;1;2;1;1;2;750;24/04/2017
2017058238;1;2;1;1;2;750;24/04/2017
2017058239;1;2;1;2;3;750;25/04/2017
2017058240;1;2;1;1;4;750;25/04/2017
2017058241;1;2;1;1;6;750;25/04/2017
2017058242;1;2;1;1;2;750;25/04/2017
2017058243;1;2;4;1;6;750;26/04/2017
2017058244;1;2;1;1;6;750;26/04/2017
2017058245;1;2;1;1;7;750;26/04/2017
2017058246;2;2;1;1;2;750;27/04/2017
2017058247;1;2;1;8;7;750;28/04/2017
2017058248;1;2;1;1;3;750;28/04/2017
2017058249;1;2;1;2;2;750;28/04/2017
2017058250;1;2;1;1;2;750;28/04/2017
2017058251;5;2;1;1;7;750;28/04/2017
2017058252;5;2;4;1;6;750;28/04/2017
2017058253;5;2;1;1;4;750;30/04/2017
2017058254;2;2;1;1;6;750;01/05/2017
2017058255;1;2;1;1;3;750;02/05/2017
2017058256;1;2;1;1;4;750;02/05/2017
2017058257;1;2;1;1;4;750;02/05/2017
2017058258;1;2;4;3;6;750;03/05/2017
2017058259;1;2;1;1;3;750;04/05/2017
2017058260;1;2;1;1;2;750;06/05/2017
2017058261;1;2;4;2;6;750;07/05/2017
2017058262;1;2;1;1;6;750;09/05/2017
2017058263;1;2;1;1;3;750;10/05/2017
2017058264;1;2;1;1;2;750;10/05/2017
2017058265;1;2;4;1;7;750;10/05/2017
2017058266;1;2;1;1;3;750;11/05/2017
2017058267;1;2;1;1;3;750;12/05/2017
2017058268;1;2;1;1;6;750;12/05/2017
2017058269;1;2;2;2;3;750;12/05/2017
2017058270;1;2;1;1;2;750;14/05/2017
2017058271;1;2;1;1;3;750;16/05/2017
2017058272;1;2;1;1;4;750;16/05/2017
2017058273;1;2;1;1;2;750;17/05/2017
2017058274;1;2;1;1;3;750;17/05/2017
2017058275;1;2;4;1;2;750;20/05/2017
2017058276;1;2;1;1;2;750;20/05/2017
2017058277;1;2;1;1;4;750;21/05/2017
2017058278;1;2;1;1;2;750;22/05/2017
2017058279;1;2;1;1;3;750;22/05/2017
2017058280;1;2;1;1;7;750;23/05/2017
2017058281;1;2;1;1;2;750;23/05/2017
2017058282;5;2;4;1;7;750;23/05/2017
2017058283;1;2;4;1;6;750;24/05/2017
2017058284;1;2;1;1;3;750;24/05/2017
2017058285;1;2;1;1;7;750;24/05/2017
2017058286;1;2;1;1;6;750;24/05/2017
2017058287;1;2;1;1;4;750;24/05/2017
2017058288;1;2;1;1;3;750;25/05/2017
2017058289;1;2;1;1;2;750;26/05/2017
2017058290;1;2;1;1;2;750;26/05/2017
2017058291;1;2;1;1;4;750;28/05/2017
2017058292;1;2;1;1;3;750;10/05/2017
2017058293;1;2;1;1;4;750;29/05/2017
2017058294;1;2;4;1;6;750;30/05/2017
2017058295;1;2;1;1;4;750;30/05/2017
2017058296;1;2;1;1;3;750;02/06/2017
2017058297;2;2;4;1;6;750;03/06/2017
2017058298;1;2;1;1;3;750;03/06/2017
2017058299;1;2;1;7;7;750;05/06/2017
2017058300;1;2;1;1;4;750;05/06/2017
2017058301;1;2;1;1;3;750;05/06/2017
2017058302;5;2;1;2;6;750;06/06/2017
2017058303;1;2;1;1;6;750;06/06/2017
2017058304;1;2;4;2;6;750;06/06/2017
2017058305;1;2;1;1;6;750;07/06/2017
2017058306;1;2;1;1;3;750;07/06/2017
2017058307;1;2;1;1;3;750;07/06/2017
2017058308;1;2;1;1;2;750;07/06/2017
2017058309;1;2;4;1;5;750;08/06/2017
2017058310;1;2;1;1;7;750;09/06/2017
2017058311;1;2;1;1;4;750;09/06/2017
2017058312;1;2;1;1;2;750;09/06/2017
2017058313;1;2;1;1;2;750;10/06/2017
2017058314;1;2;4;1;2;750;12/06/2017
2017058315;1;2;1;1;2;750;12/06/2017
2017058316;1;2;1;1;3;750;12/06/2017
2017058317;1;2;1;1;2;750;13/06/2017
2017058318;1;2;4;1;5;750;13/06/2017
2017058319;1;2;1;1;4;750;13/06/2017
2017058320;1;2;1;1;2;750;14/06/2017
2017058321;1;2;1;1;3;750;14/06/2017
2017058322;5;2;1;1;2;750;15/06/2017
2017058323;5;2;1;1;2;750;17/06/2017
2017058324;1;2;1;1;2;750;18/06/2017
2017058325;1;2;1;1;2;750;18/06/2017
2017058326;1;2;1;1;3;750;19/06/2017
2017058327;1;2;1;1;2;750;20/06/2017
2017058328;1;2;1;1;2;750;20/06/2017
2017058329;1;2;1;1;6;750;20/06/2017
2017058330;1;2;1;1;6;750;20/06/2017
2017058331;1;2;1;1;4;750;21/06/2017
2017058332;1;2;1;1;2;750;21/06/2017
2017058333;1;2;1;1;5;750;22/06/2017
2017058334;1;2;1;1;2;750;22/06/2017
2017058335;1;2;1;1;5;750;23/06/2017
2017058336;1;2;1;1;3;750;23/06/2017
2017058337;1;2;1;1;3;750;23/06/2017
2017058338;1;2;4;1;3;750;24/06/2017
2017058339;1;2;1;1;4;750;24/06/2017
2017058340;1;2;1;1;4;750;26/06/2017
2017058341;1;2;1;1;2;750;26/06/2017
2017058342;5;2;1;1;5;750;27/06/2017
2017058343;5;2;1;1;3;750;27/06/2017
2017058344;1;2;1;2;2;750;27/06/2017
2017058345;1;2;1;1;3;750;28/06/2017
2017058346;1;2;1;1;3;750;28/06/2017
2017058347;1;2;1;1;2;750;28/06/2017
2017058348;1;2;1;2;3;750;30/06/2017
2017058349;1;2;1;8;2;750;30/06/2017
2017058350;5;2;1;1;3;750;01/07/2017
2017058351;1;2;1;2;2;750;02/07/2017
2017058352;1;2;1;1;3;750;04/07/2017
2017058353;1;2;1;1;3;750;05/07/2017
2017058354;1;2;1;1;2;750;05/07/2017
2017058355;1;2;4;2;6;750;06/07/2017
2017058356;1;2;1;1;4;750;06/07/2017
2017058357;1;2;1;1;4;750;06/07/2017
2017058358;1;2;4;1;3;750;08/07/2017
2017058359;5;2;1;1;3;750;09/07/2017
2017058360;1;2;1;1;3;750;09/07/2017
2017058361;1;2;1;1;4;750;09/07/2017
2017058362;1;2;1;2;3;750;10/07/2017
2017058363;1;2;1;2;4;750;10/07/2017
2017058364;1;2;1;1;3;750;11/07/2017
2017058365;1;2;1;8;6;750;12/07/2017
2017058366;1;2;1;1;4;750;12/07/2017
2017058367;2;2;4;1;4;750;12/07/2017
2017058368;5;2;1;1;6;750;13/07/2017
2017058369;1;2;1;1;6;750;16/07/2017
2017058370;5;2;4;1;6;750;17/07/2017
2017058371;1;2;1;1;3;750;17/07/2017
2017058372;1;2;1;1;6;750;18/07/2017
2017058373;1;2;1;1;4;750;18/07/2017
2017058374;1;2;1;1;6;750;19/07/2017
2017058375;1;2;4;1;6;750;19/07/2017
2017058376;1;2;1;1;2;750;20/07/2017
2017058377;1;2;1;1;3;750;20/07/2017
2017058378;1;2;1;1;2;750;20/07/2017
2017058379;1;2;1;1;4;750;20/07/2017
2017058380;1;2;1;1;4;750;21/07/2017
2017058381;1;2;4;1;6;750;21/07/2017
2017058382;1;2;1;1;3;750;21/07/2017
2017058383;1;2;1;1;3;750;22/07/2017
2017058384;5;2;4;2;6;750;23/07/2017
2017058385;1;2;1;1;3;750;24/07/2017
2017058386;1;2;1;1;4;750;25/07/2017
2017058387;1;2;1;1;5;750;25/07/2017
2017058388;1;2;1;1;6;750;26/07/2017
2017058389;1;2;1;1;2;750;26/07/2017
2017058390;1;2;4;1;4;750;26/07/2017
2017058391;1;2;1;1;2;750;27/07/2017
2017058392;2;2;1;1;2;750;29/07/2017