num_acc;lum;agg;inter;atm;col;dep;date
2017058393;1;2;1;1;4;750;30/07/2017
2017058394;1;2;1;1;2;750;31/07/2017
2017058395;5;2;1;1;6;750;31/07/2017
2017058396;1;2;1;1;3;750;02/08/2017
2017058397;1;2;1;1;2;750;04/08/2017
2017058398;1;2;1;1;2;750;04/08/2017
2017058399;1;2;1;1;3;750;04/08/2017
2017058400;1;2;1;1;2;750;04/08/2017
2017058401;1;2;1;1;6;750;05/08/2017
2017058402;5;2;1;1;6;750;05/08/2017
2017058403;1;2;1;1;3;750;06/08/2017
2017058404;1;2;4;1;6;750;07/08/2017
2017058405;1;2;1;2;2;750;08/08/2017
2017058406;1;2;4;2;2;750;08/08/2017
2017058407;1;2;1;2;3;750;08/08/2017
2017058408;1;2;1;1;2;750;09/08/2017
2017058409;1;2;1;8;3;750;09/08/2017
2017058410;3;2;4;8;6;750;12/08/2017
2017058411;1;2;1;1;6;750;16/08/2017
2017058412;1;2;1;1;2;750;16/08/2017
2017058413;1;2;1;8;2;750;17/08/2017
2017058414;1;2;1;1;2;750;18/08/2017
2017058415;5;2;1;1;6;750;19/08/2017
2017058416;5;2;1;1;2;750;19/08/2017
2017058417;1;2;1;1;6;750;20/08/2017
2017058418;1;2;4;1;3;750;22/08/2017
2017058419;1;2;1;1;3;750;23/08/2017
2017058420;5;2;1;1;7;750;24/08/2017
2017058421;1;2;1;3;2;750;25/08/2017
2017058422;1;2;1;1;4;750;25/08/2017
2017058423;1;2;1;1;4;750;26/08/2017
2017058424;1;2;1;1;7;750;26/08/2017
2017058425;1;2;1;1;6;750;27/08/2017
2017058426;5;2;4;1;2;750;28/08/2017
2017058427;1;2;1;1;4;750;28/08/2017
2017058428;1;2;1;1;2;750;28/08/2017
2017058429;1;2;1;1;2;750;29/08/2017
2017058430;1;2;1;1;6;750;30/08/2017
2017058431;1;2;1;1;6;750;30/08/2017
2017058432;1;2;1;1;3;750;31/08/2017
2017058433;1;2;1;1;4;750;01/09/2017
2017058434;1;2;4;1;6;750;02/09/2017
2017058435;1;2;1;1;4;750;04/09/2017
2017058436;1;2;1;1;7;750;04/09/2017
2017058437;1;2;4;1;6;750;04/09/2017
2017058438;1;2;1;1;2;750;06/09/2017
2017058439;1;2;4;1;6;750;06/09/2017
2017058440;1;2;1;1;2;750;08/09/2017
2017058441;1;2;1;1;2;750;08/09/2017
2017058442;5;2;4;2;4;750;09/09/2017
2017058443;3;2;4;2;7;750;09/09/2017
2017058444;1;2;1;1;3;750;11/09/2017
2017058445;1;2;4;1;6;750;11/09/2017
2017058446;1;2;1;1;3;750;11/09/2017
2017058447;1;2;1;1;4;750;11/09/2017
2017058448;1;2;1;1;2;750;13/09/2017
2017058449;1;2;1;2;2;750;13/09/2017
2017058450;5;2;1;3;2;750;13/09/2017
2017058451;1;2;1;1;4;750;14/09/2017
2017058452;1;2;1;1;2;750;14/09/2017
2017058453;1;2;4;1;6;750;15/09/2017
2017058454;2;2;1;1;3;750;16/09/2017
2017058455;1;2;4;1;4;750;17/09/2017
2017058456;1;2;1;1;2;750;17/09/2017
2017058457;1;2;1;1;2;750;17/09/2017
2017058458;1;2;1;1;3;750;18/09/2017
2017058459;1;2;1;1;3;750;18/09/2017
2017058460;1;2;1;1;3;750;18/09/2017
2017058461;1;2;1;2;2;750;19/09/2017
2017058462;1;2;4;2;7;750;19/09/2017
2017058463;1;2;1;1;4;750;21/09/2017
2017058464;5;2;1;1;4;750;21/09/2017
2017058465;1;2;1;2;2;750;22/09/2017
2017058466;1;2;1;1;4;750;22/09/2017
2017058467;5;2;4;1;2;750;23/09/2017
2017058468;1;2;1;1;2;750;23/09/2017
2017058469;5;2;4;1;3;750;24/09/2017
2017058470;5;2;1;1;4;750;24/09/2017
2017058471;5;2;4;1;2;750;25/09/2017
2017058472;1;2;1;1;4;750;25/09/2017
2017058473;5;2;1;2;6;750;25/09/2017
2017058474;5;2;1;1;4;750;26/09/2017
2017058475;1;2;1;1;3;750;26/09/2017
2017058476;1;2;1;1;4;750;27/09/2017
2017058477;5;2;1;1;6;750;28/09/2017
2017058478;1;2;1;1;3;750;28/09/2017
2017058479;1;2;1;1;6;750;28/09/2017
2017058480;1;2;4;1;3;750;29/09/2017
2017058481;1;2;1;1;3;750;30/09/2017
2017058482;5;2;1;8;6;750;01/10/2017
2017058483;1;2;1;1;3;750;02/10/2017
2017058484;1;2;4;1;2;750;02/10/2017
2017058485;1;2;1;1;2;750;02/10/2017
2017058486;1;2;1;1;3;750;02/10/2017
2017058487;2;2;1;1;2;750;02/10/2017
2017058488;1;2;1;1;4;750;03/10/2017
2017058489;1;2;4;1;2;750;03/10/2017
2017058490;1;2;1;1;3;750;03/10/2017
2017058491;5;2;1;1;6;750;04/10/2017
2017058492;1;2;1;1;2;750;05/10/2017
2017058493;5;2;1;1;3;750;05/10/2017
2017058494;1;2;4;1;6;750;06/10/2017
2017058495;5;2;4;1;6;750;07/10/2017
2017058496;2;2;1;1;6;750;08/10/2017
2017058497;1;2;1;1;6;750;08/10/2017
2017058498;1;2;1;1;3;750;09/10/2017
2017058499;1;2;1;1;2;750;09/10/2017
2017058500;1;2;1;1;4;750;09/10/2017
2017058501;5;2;1;2;3;750;09/10/2017
2017058502;5;2;1;1;5;750;10/10/2017
2017058503;1;2;4;1;2;750;10/10/2017
2017058504;2;2;1;1;6;750;10/10/2017
2017058505;1;2;1;1;4;750;11/10/2017
2017058506;1;2;1;1;4;750;13/10/2017
2017058507;1;2;1;1;2;750;13/10/2017
2017058508;1;2;1;1;7;750;13/10/2017
2017058509;1;2;1;1;3;750;17/10/2017
2017058510;1;2;1;1;4;750;18/10/2017
2017058511;1;2;1;1;3;750;20/10/2017
2017058512;1;2;1;1;3;750;21/10/2017
2017058513;3;2;1;1;6;750;21/10/2017
2017058514;5;2;1;2;6;750;23/10/2017
2017058515;1;2;1;6;3;750;23/10/2017
2017058516;1;2;1;1;4;750;23/10/2017
2017058517;1;2;1;2;2;750;23/10/2017
2017058518;1;2;1;2;4;750;24/10/2017
2017058519;1;2;1;1;2;750;25/10/2017
2017058520;5;2;1;1;2;750;27/10/2017
2017058521;2;2;1;1;3;750;27/10/2017
2017058522;1;2;1;1;2;750;28/10/2017
2017058523;5;2;1;1;3;750;28/10/2017
2017058524;1;2;1;8;2;750;29/10/2017
2017058525;1;2;1;1;3;750;31/10/2017
2017058526;3;2;1;1;3;750;31/10/2017
2017058527;1;2;1;2;7;750;01/11/2017
2017058528;5;2;1;1;6;750;02/11/2017
2017058529;5;2;1;2;7;750;05/11/2017
2017058530;1;2;1;1;4;750;07/11/2017
2017058531;2;2;1;1;3;750;08/11/2017
2017058532;1;2;1;1;2;750;08/11/2017
2017058533;5;2;4;1;2;750;09/11/2017
2017058534;5;2;1;1;3;750;10/11/2017
2017058535;5;2;1;1;2;750;10/11/2017
2017058536;5;2;1;2;6;750;12/11/2017
2017058537;1;2;1;2;7;750;12/11/2017
2017058538;1;2;1;2;6;750;12/11/2017
2017058539;1;2;1;3;2;750;12/11/2017
2017058540;2;2;1;8;3;750;12/11/2017
2017058541;1;2;1;1;7;750;13/11/2017
2017058542;1;2;1;1;3;750;14/11/2017
2017058543;1;2;1;1;3;750;15/11/2017
2017058544;5;2;1;1;2;750;15/11/2017
2017058545;1;2;1;1;7;750;15/11/2017
2017058546;1;2;1;1;3;750;16/11/2017
2017058547;5;2;1;1;4;750;16/11/2017
2017058548;1;2;1;1;3;750;17/11/2017
2017058549;3;2;1;1;4;750;18/11/2017
2017058550;5;2;1;2;2;750;19/11/2017
2017058551;5;2;1;1;4;750;20/11/2017
2017058552;1;2;4;1;3;750;22/11/2017
2017058553;1;2;1;1;2;750;22/11/2017
2017058554;1;2;1;1;3;750;23/11/2017
2017058555;5;2;1;1;6;750;23/11/2017
2017058556;1;2;1;1;7;750;24/11/2017
2017058557;5;2;1;1;3;750;24/11/2017
2017058558;5;2;1;1;6;750;25/11/2017
2017058559;1;2;1;1;2;750;26/11/2017
2017058560;5;2;4;1;5;750;27/11/2017
2017058561;1;2;4;1;4;750;27/11/2017
2017058562;1;2;1;8;6;750;27/11/2017
2017058563;5;2;4;3;6;750;28/11/2017
2017058564;1;2;1;1;3;750;28/11/2017
2017058565;1;2;1;1;2;750;28/11/2017
2017058566;1;2;1;1;4;750;29/11/2017
2017058567;1;2;1;1;6;750;30/11/2017
2017058568;1;2;1;8;2;750;30/11/2017
2017058569;5;2;1;2;3;750;30/11/2017
2017058570;5;2;4;8;7;750;01/12/2017
2017058571;1;2;1;8;2;750;04/12/2017
2017058572;3;2;1;2;7;750;04/12/2017
2017058573;1;2;1;1;4;750;05/12/2017
2017058574;1;2;1;1;2;750;06/12/2017
2017058575;1;2;1;1;7;750;06/12/2017
2017058576;5;2;1;1;4;750;07/12/2017
2017058577;1;2;1;2;7;750;08/12/2017
2017058578;1;2;1;2;2;750;08/12/2017
2017058579;1;2;1;1;2;750;09/12/2017
2017058580;1;2;1;1;4;750;09/12/2017
2017058581;1;2;1;1;3;750;10/12/2017
2017058582;5;2;4;8;6;750;10/12/2017
2017058583;1;2;1;1;2;750;14/12/2017
2017058584;2;2;1;1;3;750;14/12/2017
2017058585;1;2;1;2;7;750;14/12/2017
2017058586;5;2;1;2;6;750;14/12/2017
2017058587;5;2;1;1;6;750;16/12/2017
2017058588;5;2;1;2;7;750;17/12/2017
2017058589;1;2;1;1;3;750;18/12/2017
2017058590;1;2;1;1;4;750;18/12/2017
2017058591;1;2;1;7;2;750;18/12/2017
2017058592;1;2;4;1;6;750;18/12/2017
2017058593;5;2;1;1;3;750;18/12/2017
2017058594;1;2;1;1;2;750;19/12/2017
2017058595;1;1;1;1;2;750;19/12/2017
2017058596;5;2;1;1;2;750;19/12/2017
2017058597;5;2;1;1;3;750;19/12/2017
2017058598;3;1;4;2;6;750;20/12/2017
2017058599;5;2;2;1;4;750;20/12/2017
2017058600;1;2;1;1;2;750;21/12/2017
2017058601;1;2;1;2;3;750;21/12/2017
2017058602;2;2;1;2;7;750;21/12/2017
2017058603;1;2;1;1;4;750;21/12/2017
2017058604;5;2;1;1;2;750;23/12/2017
2017058605;1;2;1;1;2;750;24/12/2017
2017058606;5;2;1;2;6;750;27/12/2017
2017058607;5;2;1;2;7;750;27/12/2017
2017058608;5;2;1;2;3;750;27/12/2017
2017058609;2;2;1;1;6;750;28/12/2017
2017058610;5;2;4;1;5;750;29/12/2017
2017058611;1;2;1;2;2;750;29/12/2017
2017058612;5;2;1;2;6;750;29/12/2017
2017058613;5;2;1;1;7;750;30/12/2017
2017058614;1;2;1;1;1;972;11/02/2017
2017058615;3;1;3;2;3;972;26/04/2017
2017058616;3;2;1;1;6;972;29/04/2017
2017058617;3;1;1;1;1;972;18/05/2017
2017058618;5;2;1;2;1;972;18/06/2017
2017058619;5;2;1;1;6;972;29/06/2017
2017058620;5;2;1;1;1;972;24/07/2017
2017058621;3;1;1;1;6;972;23/01/2017
2017058622;1;1;1;1;4;972;15/07/2017
2017058623;2;1;1;1;1;972;27/07/2017
2017058624;5;2;1;1;6;972;04/08/2017
2017058625;1;2;3;1;3;972;15/08/2017
2017058626;1;1;1;1;6;972;22/08/2017
2017058627;1;1;1;1;6;972;24/08/2017
2017058628;1;1;1;1;4;972;15/10/2017
2017058629;3;1;1;2;6;972;04/01/2017
2017058630;1;1;1;1;6;972;05/01/2017
2017058631;1;1;1;1;3;972;26/01/2017
2017058632;5;2;1;2;2;972;12/02/2017
2017058633;1;1;4;1;7;972;16/02/2017
2017058634;1;1;3;1;3;972;27/02/2017
2017058635;3;2;6;1;1;972;01/04/2017
2017058636;2;2;2;1;6;972;23/05/2017
2017058637;1;1;1;1;1;972;27/06/2017
2017058638;1;1;1;1;6;972;28/06/2017
2017058639;1;1;1;1;1;972;01/07/2017
2017058640;5;2;1;1;1;972;06/07/2017
2017058641;2;1;1;3;1;972;03/08/2017
2017058642;3;1;1;1;6;972;18/08/2017
2017058643;3;1;1;1;1;972;27/08/2017
2017058644;1;2;1;1;1;972;20/10/2017
2017058645;4;1;1;1;6;972;25/11/2017
2017058646;1;1;1;2;3;972;30/11/2017
2017058647;3;1;1;3;1;971;28/02/2017
2017058648;5;2;1;1;1;971;22/04/2017
2017058649;3;2;1;1;7;971;10/06/2017
2017058650;1;2;1;1;1;971;12/08/2017
2017058651;1;1;1;2;6;971;07/12/2017
2017058652;2;2;1;1;1;971;14/01/2017
2017058653;5;1;1;1;1;971;20/01/2017
2017058654;3;1;1;1;7;971;11/02/2017
2017058655;1;1;1;1;6;971;30/04/2017
2017058656;1;1;1;1;6;971;18/05/2017
2017058657;1;2;1;1;3;971;12/07/2017
2017058658;1;2;1;1;1;971;25/09/2017
2017058659;3;2;1;1;6;971;12/11/2017
2017058660;1;1;9;2;1;971;13/01/2017
2017058661;1;1;1;1;7;971;12/02/2017
2017058662;1;1;1;1;1;971;24/03/2017
2017058663;1;1;1;2;3;971;28/05/2017
2017058664;3;1;1;1;1;971;25/06/2017
2017058665;1;1;1;2;1;971;28/06/2017
2017058666;1;2;3;1;3;971;01/08/2017
2017058667;3;2;1;1;3;971;23/08/2017
2017058668;3;1;1;1;1;971;19/01/2017
2017058669;3;1;9;1;1;971;29/01/2017
2017058670;1;2;1;1;7;971;12/08/2017
2017058671;1;2;4;1;6;971;18/08/2017
2017058672;4;1;4;1;6;971;28/10/2017
2017058673;1;2;1;1;1;971;11/11/2017
2017058674;3;1;1;1;5;971;10/12/2017
2017058675;1;1;1;1;6;971;29/12/2017
2017058676;3;1;1;1;6;971;08/02/2017
2017058677;5;2;1;1;6;971;12/02/2017
2017058678;5;2;1;1;6;971;02/03/2017
2017058679;1;2;1;1;7;971;30/05/2017
2017058680;2;1;1;1;5;971;01/07/2017
2017058681;1;1;1;1;1;971;20/07/2017
2017058682;5;1;1;1;6;971;09/09/2017
2017058683;1;1;1;1;2;971;05/10/2017
2017058684;5;1;1;1;6;971;27/11/2017
2017058685;5;1;1;1;1;971;29/11/2017
2017058686;1;1;1;1;5;971;25/12/2017
2017058687;1;1;1;1;3;971;17/01/2017
2017058688;3;1;1;1;7;971;18/01/2017
2017058689;3;1;1;1;5;971;10/02/2017
2017058690;1;1;1;2;3;971;11/02/2017
2017058691;1;1;1;1;6;971;17/02/2017
2017058692;1;1;3;1;2;971;08/03/2017
2017058693;1;1;1;1;5;971;15/03/2017
2017058694;1;1;2;3;3;971;28/04/2017
2017058695;2;1;1;1;1;971;12/05/2017
2017058696;1;2;3;1;6;971;15/05/2017
2017058697;3;2;1;1;6;971;02/06/2017
2017058698;1;1;1;1;6;971;09/07/2017
2017058699;1;2;1;2;6;971;24/07/2017
2017058700;3;1;1;1;6;971;29/07/2017
2017058701;1;2;1;8;1;971;02/08/2017
2017058702;4;1;2;1;3;971;05/08/2017
2017058703;1;1;1;1;3;971;11/09/2017
2017058704;1;1;1;1;5;971;01/10/2017
2017058705;3;2;1;1;6;971;25/10/2017
2017058706;1;1;1;1;1;971;20/11/2017
2017058707;1;1;1;1;2;971;27/11/2017
2017058708;4;1;5;1;3;971;21/11/2017
2017058709;1;1;1;1;1;971;22/12/2017
2017058710;1;1;1;1;6;971;04/01/2017
2017058711;1;1;1;2;6;971;18/08/2017
2017058712;1;2;7;2;3;971;26/01/2017
2017058713;1;1;1;1;1;971;27/01/2017
2017058714;1;2;2;1;1;971;21/03/2017
2017058715;2;1;1;1;2;971;30/04/2017
2017058716;2;2;1;1;3;971;09/06/2017
2017058717;2;2;3;1;3;971;13/06/2017
2017058718;2;1;1;1;6;971;05/08/2017
2017058719;1;1;9;1;3;971;11/11/2017
2017058720;1;1;1;1;3;971;13/11/2017
2017058721;1;1;1;1;1;971;16/11/2017
2017058722;2;1;2;1;3;971;07/12/2017
2017058723;3;1;1;1;5;971;21/01/2017
2017058724;3;1;1;1;6;971;27/01/2017
2017058725;1;2;3;1;3;971;31/01/2017
2017058726;2;1;3;1;3;971;04/02/2017
2017058727;1;2;1;1;6;971;07/02/2017
2017058728;1;2;1;1;6;971;20/02/2017
2017058729;1;1;1;2;6;971;28/02/2017
2017058730;5;2;1;1;2;971;06/03/2017
2017058731;1;1;1;1;3;971;12/03/2017
2017058732;1;1;1;1;2;971;12/03/2017
2017058733;1;1;9;1;2;971;16/03/2017
2017058734;1;1;1;2;2;971;23/03/2017
2017058735;1;1;1;1;6;971;25/03/2017
2017058736;1;1;1;1;2;971;31/03/2017
2017058737;1;1;1;8;1;971;19/04/2017
2017058738;3;2;1;1;3;971;06/05/2017
2017058739;1;2;3;1;2;971;08/07/2017
2017058740;3;1;1;1;6;971;09/07/2017
2017058741;2;1;1;8;1;971;29/07/2017
2017058742;3;1;2;1;3;971;05/08/2017
2017058743;1;1;1;1;6;971;01/09/2017
2017058744;1;1;1;2;6;971;28/10/2017
2017058745;1;2;1;3;6;971;10/11/2017
2017058746;1;1;1;1;2;971;11/11/2017
2017058747;1;1;1;1;1;971;12/11/2017
2017058748;3;1;1;1;5;971;19/11/2017
2017058749;1;1;1;1;2;971;26/11/2017
2017058750;1;2;3;3;5;971;20/12/2017
2017058751;5;1;1;1;2;971;24/12/2017
2017058752;1;1;1;1;7;971;03/02/2017
2017058753;1;2;9;1;2;971;10/02/2017
2017058754;5;2;1;1;7;971;28/02/2017
2017058755;3;1;1;1;5;971;23/03/2017
2017058756;5;2;1;1;1;971;31/03/2017
2017058757;1;1;3;1;2;971;08/05/2017
2017058758;5;1;3;1;1;971;19/05/2017
2017058759;1;2;1;1;1;971;20/05/2017
2017058760;3;1;1;1;6;971;10/06/2017
2017058761;1;1;4;1;1;971;08/07/2017
2017058762;3;1;1;1;7;971;20/07/2017
2017058763;3;2;1;1;3;971;28/07/2017
2017058764;1;1;1;1;7;971;30/07/2017
2017058765;1;1;1;1;6;971;02/08/2017
2017058766;1;1;2;1;3;971;05/08/2017
2017058767;2;2;1;1;1;971;03/08/2017
2017058768;1;1;1;1;1;971;12/10/2017
2017058769;1;1;1;1;3;971;13/10/2017
2017058770;3;2;1;1;6;971;31/10/2017
2017058771;1;1;1;1;3;971;19/12/2017
2017058772;3;1;3;1;3;971;15/01/2017
2017058773;1;1;1;3;6;971;16/01/2017
2017058774;1;1;1;2;6;971;10/02/2017
2017058775;5;1;1;1;7;971;25/03/2017
2017058776;1;1;1;1;6;971;14/04/2017
2017058777;1;1;1;1;7;971;07/06/2017
2017058778;1;1;1;1;7;971;16/07/2017
2017058779;3;1;1;1;7;971;15/07/2017
2017058780;1;2;3;1;3;971;22/07/2017
2017058781;5;1;1;1;6;971;24/12/2017
2017058782;1;1;1;1;3;971;22/04/2017
2017058783;1;1;1;1;1;971;19/07/2017
2017058784;3;2;1;1;7;971;09/11/2017
2017058785;1;1;1;1;7;971;17/11/2017
2017058786;3;1;1;1;1;971;11/12/2017
2017058787;1;1;1;1;7;971;23/12/2017
2017058788;2;1;1;1;7;971;24/01/2017
2017058789;1;1;1;1;2;971;22/01/2017
2017058790;5;1;1;1;6;971;28/03/2017
2017058791;5;1;1;1;6;971;24/07/2017
2017058792;3;1;1;3;5;971;04/08/2017
2017058793;1;1;3;1;2;971;25/09/2017
2017058794;3;1;1;3;6;971;01/10/2017
2017058795;1;1;1;1;7;971;13/10/2017
2017058796;1;1;1;1;7;971;11/11/2017
2017058797;1;2;3;1;3;971;04/01/2017
2017058798;1;2;1;1;3;971;04/02/2017
2017058799;3;1;1;1;1;971;21/04/2017
2017058800;1;1;1;1;1;971;19/07/2017
2017058801;5;2;1;1;2;971;24/08/2017
2017058802;5;2;1;1;6;971;26/08/2017
2017058803;4;1;1;1;1;971;24/09/2017
2017058804;5;2;1;1;6;971;30/10/2017
2017058805;1;2;1;1;3;971;09/11/2017
2017058806;2;1;1;1;2;971;12/11/2017
2017058807;3;2;2;1;6;971;14/11/2017
2017058808;1;1;2;1;3;971;19/12/2017
2017058809;1;1;1;1;1;971;24/12/2017
2017058810;3;1;1;1;1;971;13/01/2017
2017058811;1;1;3;1;3;971;13/02/2017
2017058812;5;2;1;1;1;971;16/03/2017
2017058813;1;1;2;1;3;971;30/03/2017
2017058814;3;1;2;1;1;971;28/04/2017
2017058815;5;2;6;1;6;971;27/04/2017
2017058816;5;1;1;1;3;971;05/06/2017
2017058817;3;1;1;1;6;971;09/07/2017
2017058818;3;1;1;2;6;971;20/08/2017
2017058819;1;2;1;1;3;971;11/11/2017
2017058820;3;1;2;1;3;971;19/11/2017
2017058821;5;2;1;1;6;971;13/01/2017
2017058822;1;2;1;1;1;971;21/01/2017
2017058823;1;1;3;1;2;971;17/02/2017
2017058824;1;1;1;1;6;971;08/10/2017
2017058825;1;1;1;3;6;971;26/10/2017
2017058826;3;1;1;1;6;971;30/11/2017
2017058827;1;2;1;1;6;971;01/12/2017
2017058828;1;2;1;1;1;971;27/12/2017
2017058829;1;2;1;1;6;971;20/01/2017
2017058830;1;1;1;1;3;971;19/02/2017
2017058831;1;2;3;1;3;971;21/02/2017
2017058832;2;1;1;1;6;971;25/03/2017
2017058833;1;2;2;1;3;971;10/06/2017
2017058834;5;2;1;1;1;971;12/06/2017
2017058835;1;1;1;1;3;971;13/06/2017
2017058836;3;1;1;1;2;971;28/07/2017
2017058837;1;1;4;1;3;971;14/08/2017
2017058838;2;1;1;1;5;971;14/08/2017
2017058839;1;1;1;1;1;971;23/08/2017
2017058840;1;1;1;1;5;971;23/08/2017
2017058841;1;2;4;1;3;971;23/08/2017
2017058842;1;2;3;1;5;971;08/09/2017
2017058843;5;1;1;1;1;971;08/09/2017
2017058844;1;1;1;1;3;971;11/11/2017
2017058845;1;1;1;1;6;971;23/12/2017
2017058846;1;1;1;1;7;973;13/01/2017
2017058847;5;2;1;1;7;973;08/02/2017
2017058848;3;1;1;1;7;973;16/02/2017
2017058849;1;1;1;1;6;973;26/03/2017
2017058850;1;1;1;1;3;973;19/04/2017
2017058851;3;1;1;8;3;973;17/05/2017
2017058852;5;1;1;3;3;973;01/07/2017
2017058853;1;1;1;1;1;973;15/07/2017
2017058854;1;1;1;1;3;973;17/07/2017
2017058855;2;1;1;2;4;973;22/07/2017
2017058856;5;1;1;1;3;973;29/07/2017
2017058857;2;1;1;1;1;973;04/08/2017
2017058858;5;2;1;1;1;973;12/08/2017
2017058859;3;1;1;1;6;973;12/08/2017
2017058860;5;2;1;1;6;973;23/09/2017
2017058861;1;1;1;1;3;973;23/09/2017
2017058862;5;1;1;1;3;973;01/10/2017
2017058863;1;1;1;1;1;973;07/10/2017
2017058864;1;2;6;1;7;973;17/10/2017
2017058865;3;1;1;1;3;973;29/10/2017
2017058866;3;1;1;1;1;973;05/11/2017
2017058867;2;1;1;1;4;973;16/11/2017
2017058868;1;2;1;1;3;973;18/11/2017
2017058869;1;1;1;1;1;973;18/11/2017
2017058870;3;1;1;1;1;973;25/11/2017
2017058871;1;1;1;1;3;973;29/11/2017
2017058872;5;2;2;1;3;973;30/01/2017
2017058873;5;2;6;1;1;973;19/03/2017
2017058874;1;2;1;1;6;973;24/03/2017
2017058875;1;2;2;1;3;973;24/03/2017
2017058876;3;2;1;1;3;973;14/04/2017
2017058877;1;2;1;1;3;973;14/04/2017
2017058878;3;2;1;1;6;973;26/04/2017
2017058879;1;2;1;3;2;973;10/05/2017
2017058880;1;2;1;2;7;973;10/05/2017
2017058881;1;2;1;3;2;973;09/05/2017
2017058882;1;2;1;1;7;973;19/06/2017
2017058883;1;2;1;1;1;973;22/06/2017
2017058884;3;2;1;3;1;973;24/06/2017
2017058885;1;1;1;3;1;973;12/07/2017
2017058886;3;1;1;1;7;973;05/08/2017
2017058887;2;1;1;1;3;973;19/08/2017
2017058888;3;1;1;1;7;973;26/08/2017
2017058889;4;2;1;1;6;973;17/10/2017
2017058890;1;2;6;1;6;973;01/11/2017
2017058891;2;2;1;2;3;973;08/11/2017
2017058892;1;1;3;1;3;973;18/12/2017
2017058893;1;1;1;2;1;973;30/12/2017
2017058894;1;2;1;2;1;973;09/03/2017
2017058895;1;1;1;2;2;973;10/04/2017
2017058896;5;2;1;2;1;973;09/12/2017
2017058897;1;1;1;1;6;973;19/12/2017
2017058898;1;1;1;1;6;973;26/04/2017
2017058899;1;1;1;1;7;973;15/09/2017
2017058900;3;1;1;1;7;973;31/10/2017
2017058901;3;1;1;1;5;973;09/12/2017
2017058902;5;2;1;1;7;973;14/02/2017
2017058903;5;2;1;1;6;973;10/02/2017
2017058904;5;2;2;1;6;973;08/07/2017
2017058905;1;1;1;1;6;973;09/07/2017
2017058906;1;1;1;1;2;973;08/10/2017
2017058907;5;2;1;2;3;973;13/01/2017
2017058908;5;2;1;1;3;973;07/02/2017
2017058909;5;2;1;1;1;973;13/02/2017
2017058910;4;2;6;1;7;973;18/02/2017
2017058911;5;2;1;1;5;973;25/02/2017
2017058912;2;2;1;1;1;973;12/03/2017
2017058913;1;2;1;8;6;973;09/04/2017
2017058914;1;1;1;1;2;973;18/04/2017
2017058915;5;2;1;1;6;973;21/04/2017
2017058916;5;2;1;1;3;973;20/05/2017
2017058917;1;2;9;1;6;973;23/05/2017
2017058918;5;2;1;8;3;973;25/05/2017
2017058919;1;1;9;8;1;973;11/06/2017
2017058920;1;2;9;8;2;973;25/06/2017
2017058921;5;2;9;1;1;973;28/06/2017
2017058922;1;1;1;1;3;973;13/07/2017
2017058923;2;1;1;1;5;973;21/08/2017
2017058924;1;1;1;1;3;973;02/09/2017
2017058925;1;2;1;1;1;973;21/10/2017
2017058926;1;2;1;1;1;973;04/11/2017
2017058927;1;2;1;1;3;973;07/12/2017
2017058928;3;2;1;1;3;973;13/12/2017
2017058929;1;2;1;1;3;973;25/12/2017
2017058930;1;1;1;1;7;973;10/05/2017
2017058931;1;1;1;1;6;973;16/07/2017
2017058932;3;1;1;1;6;973;24/08/2017
2017058933;5;1;1;1;7;974;25/02/2017
2017058934;1;2;1;1;6;974;17/03/2017
2017058935;1;2;1;1;1;974;06/05/2017
2017058936;1;1;1;1;6;974;13/06/2017
2017058937;1;1;1;1;1;974;11/10/2017
2017058938;1;1;1;1;6;974;15/01/2017
2017058939;1;2;6;1;6;974;21/04/2017
2017058940;3;2;1;1;1;974;18/07/2017
2017058941;2;1;1;1;7;974;10/08/2017
2017058942;3;1;1;1;1;974;07/09/2017
2017058943;3;1;1;1;6;974;07/09/2017
2017058944;1;1;1;1;5;974;10/09/2017
2017058945;1;1;6;1;3;974;07/12/2017
2017058946;1;2;1;1;7;974;09/12/2017
2017058947;3;1;1;1;2;974;17/12/2017
2017058948;1;1;1;1;7;974;18/12/2017
2017058949;3;1;1;1;6;974;27/02/2017
2017058950;1;1;1;1;3;974;08/03/2017
2017058951;1;2;2;1;6;974;21/04/2017
2017058952;3;1;1;2;7;974;19/08/2017
2017058953;5;1;1;1;3;974;22/08/2017
2017058954;3;1;1;1;6;974;09/01/2017
2017058955;1;1;1;1;1;974;16/07/2017
2017058956;5;2;6;1;6;974;18/12/2017
2017058957;1;1;3;7;2;974;17/04/2017
2017058958;1;1;1;1;7;974;04/06/2017
2017058959;1;1;1;8;2;974;29/01/2017
2017058960;1;2;1;1;7;974;18/02/2017
2017058961;1;1;1;1;5;974;26/04/2017
2017058962;3;1;1;1;2;974;26/04/2017
2017058963;1;2;3;1;1;974;24/04/2017
2017058964;1;2;1;1;6;974;25/04/2017
2017058965;5;2;1;1;1;974;18/06/2017
2017058966;3;1;1;1;6;974;10/09/2017
2017058967;3;1;1;1;6;974;03/11/2017
2017058968;1;2;2;1;3;974;15/09/2017
2017058969;1;1;1;1;2;974;15/09/2017