num_acc;lum;agg;inter;atm;col;dep;date
2017058970;5;1;1;1;7;974;21/01/2017
2017058971;2;1;6;1;7;974;25/01/2017
2017058972;2;1;1;1;7;974;17/03/2017
2017058973;1;1;1;1;6;974;09/03/2017
2017058974;2;2;1;1;6;974;04/05/2017
2017058975;3;1;1;1;5;974;17/07/2017
2017058976;1;1;1;1;3;974;18/05/2017
2017058977;5;1;1;1;6;974;04/06/2017
2017058978;1;2;1;1;3;974;13/06/2017
2017058979;4;1;1;1;6;974;18/06/2017
2017058980;3;1;1;1;6;974;25/08/2017
2017058981;1;1;1;1;4;974;27/11/2017
2017058982;1;1;6;1;2;974;03/12/2017
2017058983;1;2;3;1;3;974;09/12/2017
2017058984;3;1;1;1;2;974;17/12/2017
2017058985;1;1;1;1;6;974;08/08/2017
2017058986;1;1;1;1;6;974;20/10/2017
2017058987;1;1;1;1;6;974;13/02/2017
2017058988;1;1;1;1;7;974;10/04/2017
2017058989;1;1;3;1;3;974;03/09/2017
2017058990;1;2;2;1;3;974;16/01/2017
2017058991;1;1;1;1;1;974;09/02/2017
2017058992;1;1;1;1;4;974;07/12/2017
2017058993;1;1;1;1;6;974;01/01/2017
2017058994;5;2;1;2;6;974;07/06/2017
2017058995;3;1;1;1;6;974;02/07/2017
2017058996;3;2;1;1;7;974;29/10/2017
2017058997;1;1;1;1;7;974;20/11/2017
2017058998;3;2;1;1;7;974;04/01/2017
2017058999;1;2;3;1;3;974;06/01/2017
2017059000;1;1;1;1;6;974;05/02/2017
2017059001;1;1;1;2;7;974;05/02/2017
2017059002;1;1;1;1;7;974;25/02/2017
2017059003;3;1;1;3;7;974;16/03/2017
2017059004;1;1;1;1;1;974;16/04/2017
2017059005;1;1;1;2;7;974;10/08/2017
2017059006;1;2;3;1;3;974;05/10/2017
2017059007;3;1;2;1;3;974;07/10/2017
2017059008;1;2;6;1;6;974;14/10/2017
2017059009;1;1;1;2;1;974;18/03/2017
2017059010;1;1;1;1;5;974;19/03/2017
2017059011;1;1;1;1;6;974;13/09/2017
2017059012;1;1;1;1;3;974;29/10/2017
2017059013;1;1;1;1;5;976;09/01/2017
2017059014;3;2;1;1;6;976;31/01/2017
2017059015;1;2;1;1;6;976;16/02/2017
2017059016;3;1;9;1;3;976;24/02/2017
2017059017;3;1;1;2;1;976;02/04/2017
2017059018;1;2;1;1;6;976;17/04/2017
2017059019;1;2;9;1;6;976;19/06/2017
2017059020;3;2;1;1;1;976;02/07/2017
2017059021;3;2;1;3;7;976;29/07/2017
2017059022;1;1;9;1;6;976;02/08/2017
2017059023;3;1;1;1;6;976;30/10/2017
2017059024;1;1;1;1;7;976;22/11/2017
2017059025;1;2;1;1;6;976;29/11/2017
2017059026;3;1;1;1;7;976;08/12/2017
2017059027;1;1;1;1;2;976;15/02/2017
2017059028;5;2;9;1;2;976;24/02/2017
2017059029;1;1;1;1;7;976;23/06/2017
2017059030;1;2;3;1;3;976;08/12/2017
2017059031;1;1;1;1;2;976;01/01/2017
2017059032;1;2;1;1;7;976;07/01/2017
2017059033;2;1;1;2;6;976;11/01/2017
2017059034;1;2;1;1;6;976;30/01/2017
2017059035;1;2;1;1;6;976;05/02/2017
2017059036;3;2;1;1;1;976;07/02/2017
2017059037;1;1;1;2;6;976;09/02/2017
2017059038;3;2;1;1;1;976;14/02/2017
2017059039;1;1;1;2;7;976;03/03/2017
2017059040;3;1;1;1;6;976;16/03/2017
2017059041;1;2;1;1;7;976;01/04/2017
2017059042;1;1;1;2;7;976;01/04/2017
2017059043;1;1;1;1;7;976;03/04/2017
2017059044;5;2;1;1;7;976;08/04/2017
2017059045;1;1;1;1;7;976;22/04/2017
2017059046;1;2;1;1;6;976;02/05/2017
2017059047;5;2;1;1;1;976;07/05/2017
2017059048;1;1;1;1;6;976;07/05/2017
2017059049;1;1;1;7;6;976;14/05/2017
2017059050;3;1;9;1;6;976;10/06/2017
2017059051;1;1;1;1;6;976;16/06/2017
2017059052;1;2;1;1;7;976;19/06/2017
2017059053;1;2;1;1;6;976;29/06/2017
2017059054;1;1;1;1;3;976;01/08/2017
2017059055;2;1;1;1;3;976;30/09/2017
2017059056;2;1;1;1;1;976;04/10/2017
2017059057;1;1;9;1;6;976;12/11/2017
2017059058;1;2;2;1;3;971;31/12/2017
2017059059;1;1;1;1;2;971;12/01/2017
2017059060;2;1;6;1;6;971;25/01/2017
2017059061;1;2;1;1;1;971;13/02/2017
2017059062;5;2;9;1;3;971;22/02/2017
2017059063;5;2;1;1;6;971;08/03/2017
2017059064;1;2;3;1;3;971;06/02/2017
2017059065;2;2;3;1;5;971;28/04/2017
2017059066;1;2;3;1;3;971;11/07/2017
2017059067;5;1;1;1;3;971;29/07/2017
2017059068;1;1;1;1;3;971;31/07/2017
2017059069;1;1;1;1;3;971;07/08/2017
2017059070;5;1;1;1;5;971;02/09/2017
2017059071;1;2;3;1;3;971;13/09/2017
2017059072;1;1;1;1;3;971;10/08/2017
2017059073;2;2;3;1;6;971;30/10/2017
2017059074;5;2;1;1;6;971;17/11/2017
2017059075;1;2;1;1;3;971;21/11/2017
2017059076;1;1;1;1;2;971;22/11/2017
2017059077;1;2;2;1;3;971;22/11/2017
2017059078;1;1;1;1;6;971;03/12/2017
2017059079;5;2;1;1;1;971;06/12/2017
2017059080;5;2;1;1;1;973;25/11/2017
2017059081;1;2;9;1;6;976;15/03/2017
2017059082;1;1;1;1;2;976;16/03/2017
2017059083;3;2;1;1;6;976;13/04/2017
2017059084;1;1;1;1;1;976;08/05/2017
2017059085;1;2;1;1;6;976;25/06/2017
2017059086;5;2;1;1;6;976;07/09/2017
2017059087;1;2;3;1;1;976;12/09/2017
2017059088;2;2;1;1;3;976;21/09/2017
2017059089;1;2;1;1;6;976;28/11/2017
2017059090;1;1;1;1;1;976;17/12/2017
2017059091;1;2;1;1;1;976;22/12/2017
2017059092;1;1;1;1;2;976;03/01/2017
2017059093;1;1;1;3;7;976;18/01/2017
2017059094;3;2;1;1;6;976;29/01/2017
2017059095;3;1;1;1;2;976;01/03/2017
2017059096;1;1;1;1;6;976;03/03/2017
2017059097;1;1;1;1;7;976;13/03/2017
2017059098;1;1;1;1;7;976;14/03/2017
2017059099;1;2;1;1;7;976;19/03/2017
2017059100;3;1;1;1;5;976;23/03/2017
2017059101;3;2;1;1;6;976;25/03/2017
2017059102;1;1;1;1;7;976;06/04/2017
2017059103;1;1;1;1;7;976;09/04/2017
2017059104;2;1;1;1;1;976;23/04/2017
2017059105;5;2;1;1;6;976;02/05/2017
2017059106;1;2;1;1;7;976;11/05/2017
2017059107;1;1;1;1;6;976;14/05/2017
2017059108;3;1;1;1;2;976;14/05/2017
2017059109;3;1;1;1;6;976;18/05/2017
2017059110;1;2;1;1;3;976;24/05/2017
2017059111;5;2;1;1;7;976;24/06/2017
2017059112;5;2;1;1;1;976;30/06/2017
2017059113;3;1;1;1;6;976;01/07/2017
2017059114;1;1;1;3;1;976;25/09/2017
2017059115;1;1;1;1;5;976;01/10/2017
2017059116;1;1;1;1;6;976;10/10/2017
2017059117;1;2;1;2;3;976;25/11/2017
2017059118;1;2;1;1;6;976;29/12/2017
2017059119;1;2;1;1;6;976;29/12/2017
2017059120;1;2;1;3;2;973;09/02/2017
2017059121;1;2;1;1;1;973;12/02/2017
2017059122;1;1;1;1;3;973;21/02/2017
2017059123;4;2;9;1;3;973;10/03/2017
2017059124;3;2;1;1;6;973;12/03/2017
2017059125;1;2;1;1;3;973;10/03/2017
2017059126;1;2;3;1;3;973;15/03/2017
2017059127;1;2;1;1;3;973;14/03/2017
2017059128;5;2;1;1;6;973;26/03/2017
2017059129;1;2;1;2;7;973;08/04/2017
2017059130;1;2;1;1;5;973;12/04/2017
2017059131;1;2;1;1;3;973;13/04/2017
2017059132;5;1;1;1;3;973;15/04/2017
2017059133;1;2;1;1;6;973;22/04/2017
2017059134;1;2;1;1;5;973;10/05/2017
2017059135;1;2;1;1;3;973;10/05/2017
2017059136;1;2;1;1;5;973;07/06/2017
2017059137;1;1;1;1;3;973;20/06/2017
2017059138;3;1;1;1;1;973;23/06/2017
2017059139;1;2;1;1;2;973;01/07/2017
2017059140;1;1;1;2;2;973;06/07/2017
2017059141;1;1;1;1;3;973;15/08/2017
2017059142;2;1;1;1;1;973;28/08/2017
2017059143;1;1;1;1;3;973;30/08/2017
2017059144;1;2;1;1;3;973;29/08/2017
2017059145;5;1;1;1;3;973;17/10/2017
2017059146;1;2;1;1;3;973;21/10/2017
2017059147;5;2;9;1;1;973;01/11/2017
2017059148;1;2;1;1;3;973;24/11/2017
2017059149;1;1;1;8;6;973;29/11/2017
2017059150;1;1;1;5;1;974;12/01/2017
2017059151;1;2;1;1;6;974;12/02/2017
2017059152;3;1;1;1;7;974;24/02/2017
2017059153;1;1;3;1;3;974;06/11/2017
2017059154;1;1;6;1;7;973;07/01/2017
2017059155;1;2;3;1;3;973;09/01/2017
2017059156;1;1;6;1;3;973;12/01/2017
2017059157;1;2;2;1;3;973;12/01/2017
2017059158;1;2;1;1;6;973;04/02/2017
2017059159;4;1;6;2;3;973;05/02/2017
2017059160;5;2;1;2;7;973;05/02/2017
2017059161;1;1;1;1;3;973;07/02/2017
2017059162;3;1;1;1;7;973;08/02/2017
2017059163;1;1;1;2;1;973;18/02/2017
2017059164;3;2;1;1;1;973;24/02/2017
2017059165;1;1;1;1;6;973;28/02/2017
2017059166;5;2;6;1;3;973;12/03/2017
2017059167;5;2;1;2;3;973;09/04/2017
2017059168;3;2;1;1;1;973;16/04/2017
2017059169;1;1;1;1;3;973;26/04/2017
2017059170;3;1;1;2;6;973;27/04/2017
2017059171;3;1;1;5;7;973;06/05/2017
2017059172;1;2;1;1;6;973;10/05/2017
2017059173;1;1;6;1;3;973;26/05/2017
2017059174;5;2;1;1;6;973;11/06/2017
2017059175;1;2;1;1;6;973;15/06/2017
2017059176;1;1;1;1;2;973;09/07/2017
2017059177;1;1;1;1;6;973;20/07/2017
2017059178;3;1;1;1;6;973;21/07/2017
2017059179;3;1;1;1;1;973;24/07/2017
2017059180;1;1;1;1;2;973;01/08/2017
2017059181;1;1;1;1;1;973;20/08/2017
2017059182;3;1;1;1;1;973;20/08/2017
2017059183;1;2;1;1;6;973;24/08/2017
2017059184;5;1;1;1;3;973;30/08/2017
2017059185;1;2;1;1;1;973;04/09/2017
2017059186;2;1;1;1;6;973;07/09/2017
2017059187;1;1;1;1;3;973;10/09/2017
2017059188;3;2;1;1;6;973;11/09/2017
2017059189;1;1;1;1;6;973;14/09/2017
2017059190;1;1;1;1;2;973;05/10/2017
2017059191;5;1;6;1;3;973;05/10/2017
2017059192;1;1;1;1;2;973;09/10/2017
2017059193;5;1;1;1;3;973;21/10/2017
2017059194;1;2;1;1;3;973;06/10/2017
2017059195;2;2;2;1;3;973;04/11/2017
2017059196;1;1;1;1;6;973;09/11/2017
2017059197;2;1;1;1;6;973;17/11/2017
2017059198;3;1;1;1;6;973;18/11/2017
2017059199;1;2;1;1;6;973;30/11/2017
2017059200;1;2;1;8;3;973;09/12/2017
2017059201;1;1;1;1;3;973;10/12/2017
2017059202;4;2;1;1;6;973;21/12/2017
2017059203;3;1;1;2;6;973;23/12/2017
2017059204;1;1;1;2;1;973;29/12/2017
2017059205;1;1;1;1;2;973;30/12/2017
2017059206;5;2;1;1;6;974;17/02/2017
2017059207;3;1;1;2;3;974;15/04/2017
2017059208;2;2;2;2;6;974;14/04/2017
2017059209;1;2;3;1;6;974;23/04/2017
2017059210;5;2;1;1;3;974;08/06/2017
2017059211;2;2;3;1;3;974;02/08/2017
2017059212;2;1;2;1;1;974;12/09/2017
2017059213;1;1;1;1;1;974;23/09/2017
2017059214;1;1;1;1;2;974;29/10/2017
2017059215;1;1;1;1;5;974;06/11/2017
2017059216;1;2;1;1;6;974;18/11/2017
2017059217;1;1;1;1;1;974;31/08/2017
2017059218;1;1;9;1;7;974;17/05/2017
2017059219;1;1;1;1;3;974;13/01/2017
2017059220;5;2;3;1;1;974;11/02/2017
2017059221;1;1;1;1;6;974;12/02/2017
2017059222;1;2;1;1;2;974;25/02/2017
2017059223;1;1;1;1;7;974;19/03/2017
2017059224;1;2;1;1;6;974;05/04/2017
2017059225;1;2;1;1;1;974;13/04/2017
2017059226;4;2;9;1;6;974;23/04/2017
2017059227;1;2;1;1;1;974;04/05/2017
2017059228;1;2;1;1;7;974;17/05/2017
2017059229;1;1;3;1;2;974;06/06/2017
2017059230;1;2;3;1;3;974;06/07/2017
2017059231;1;1;2;1;7;974;11/07/2017
2017059232;2;2;1;1;7;974;18/07/2017
2017059233;3;1;1;1;2;974;15/11/2017
2017059234;1;1;1;1;3;974;20/12/2017
2017059235;3;1;1;1;6;971;13/01/2017
2017059236;5;1;1;1;2;971;28/06/2017
2017059237;3;1;1;1;1;971;28/09/2017
2017059238;1;2;1;1;6;974;14/03/2017
2017059239;1;2;6;1;3;974;18/04/2017
2017059240;3;1;1;1;6;974;30/05/2017
2017059241;1;2;6;1;5;974;22/06/2017
2017059242;3;2;3;1;1;974;18/08/2017
2017059243;1;1;1;1;6;974;30/08/2017
2017059244;3;2;4;1;3;974;06/09/2017
2017059245;5;2;1;1;5;974;18/09/2017
2017059246;3;1;1;1;7;974;22/09/2017
2017059247;3;2;1;1;7;974;31/10/2017
2017059248;2;2;1;7;6;974;06/11/2017
2017059249;3;2;1;1;6;974;25/11/2017
2017059250;3;2;3;1;3;974;22/12/2017
2017059251;1;2;2;1;3;974;24/12/2017
2017059252;1;2;2;1;3;974;28/12/2017
2017059253;1;2;6;1;3;974;21/01/2017
2017059254;1;2;1;8;1;974;05/02/2017
2017059255;1;1;1;2;1;974;07/02/2017
2017059256;1;1;1;1;7;974;27/02/2017
2017059257;3;2;1;1;1;974;28/03/2017
2017059258;5;2;4;2;2;974;29/03/2017
2017059259;1;2;6;1;3;974;01/04/2017
2017059260;1;1;1;3;6;974;02/05/2017
2017059261;1;1;4;3;3;974;02/05/2017
2017059262;1;2;3;1;3;974;18/06/2017
2017059263;3;1;1;1;6;974;30/07/2017
2017059264;3;2;1;1;1;974;19/08/2017
2017059265;3;1;1;2;5;974;08/09/2017
2017059266;1;2;1;1;6;974;17/09/2017
2017059267;1;2;1;1;6;974;12/10/2017
2017059268;1;2;1;1;1;974;02/12/2017
2017059269;1;2;1;1;6;972;18/01/2017
2017059270;3;1;1;1;6;972;27/01/2017
2017059271;1;2;1;1;2;972;11/02/2017
2017059272;1;2;6;1;2;972;21/02/2017
2017059273;5;2;1;1;1;972;05/03/2017
2017059274;3;1;1;1;5;972;15/04/2017
2017059275;5;2;1;1;1;972;30/04/2017
2017059276;1;1;1;3;1;972;08/05/2017
2017059277;3;2;1;1;6;972;05/06/2017
2017059278;3;1;1;1;5;972;17/06/2017
2017059279;1;1;1;1;6;972;07/08/2017
2017059280;1;2;1;1;6;972;14/08/2017
2017059281;3;1;1;1;7;972;03/09/2017
2017059282;1;2;2;1;3;972;07/11/2017
2017059283;5;2;1;1;6;972;15/11/2017
2017059284;1;1;1;1;1;972;25/11/2017
2017059285;2;2;1;1;2;972;07/02/2017
2017059286;1;2;1;1;6;972;08/02/2017
2017059287;1;2;1;1;6;972;15/05/2017
2017059288;3;2;1;1;7;972;10/10/2017
2017059289;1;2;1;1;3;972;15/10/2017
2017059290;3;2;1;1;6;972;20/10/2017
2017059291;3;1;1;1;1;972;01/01/2017
2017059292;3;1;1;1;6;972;05/02/2017
2017059293;1;1;1;1;1;972;26/02/2017
2017059294;5;1;1;1;6;972;01/03/2017
2017059295;1;2;2;2;1;972;20/03/2017
2017059296;5;1;6;1;6;972;02/04/2017
2017059297;1;2;1;1;1;972;09/04/2017
2017059298;3;1;1;1;1;972;16/04/2017
2017059299;1;1;1;1;5;972;28/04/2017
2017059300;1;2;1;1;3;972;29/04/2017
2017059301;5;2;1;1;1;972;14/05/2017
2017059302;1;1;9;1;6;972;19/05/2017
2017059303;1;1;2;1;6;972;12/06/2017
2017059304;1;1;9;1;1;972;17/06/2017
2017059305;1;1;1;1;3;972;10/07/2017
2017059306;5;1;6;1;7;972;16/07/2017
2017059307;1;1;1;1;5;972;16/07/2017
2017059308;1;1;1;1;5;972;06/08/2017
2017059309;3;1;9;1;5;972;10/09/2017
2017059310;1;1;1;1;5;972;18/10/2017
2017059311;1;1;1;1;6;972;26/10/2017
2017059312;1;1;1;1;1;972;17/11/2017
2017059313;3;1;1;1;7;972;19/11/2017
2017059314;1;1;1;1;2;972;21/11/2017
2017059315;3;2;1;1;7;972;21/12/2017
2017059316;1;2;1;1;6;972;20/01/2017
2017059317;1;2;1;1;7;972;23/01/2017
2017059318;1;2;1;1;2;972;31/01/2017
2017059319;1;2;1;1;7;972;02/02/2017
2017059320;1;1;1;1;7;972;04/02/2017
2017059321;5;2;1;1;1;972;22/02/2017
2017059322;1;1;1;1;6;972;11/03/2017
2017059323;1;2;1;1;7;972;30/03/2017
2017059324;3;1;1;1;1;972;14/05/2017
2017059325;1;1;1;1;7;972;24/05/2017
2017059326;1;2;1;1;3;972;25/05/2017
2017059327;1;1;1;1;1;972;09/08/2017
2017059328;3;1;1;2;6;972;21/08/2017
2017059329;5;2;1;1;6;972;02/09/2017
2017059330;1;1;1;1;1;972;14/10/2017
2017059331;3;1;1;1;1;972;21/10/2017
2017059332;3;1;1;2;1;972;10/11/2017
2017059333;1;1;1;1;6;972;30/12/2017
2017059334;2;1;1;1;6;972;03/01/2017
2017059335;1;2;3;1;1;972;07/01/2017
2017059336;1;2;1;1;6;972;12/01/2017
2017059337;3;1;1;2;1;972;15/01/2017
2017059338;3;1;1;1;2;972;15/01/2017
2017059339;3;1;2;1;1;972;28/01/2017
2017059340;2;2;1;1;6;972;22/02/2017
2017059341;3;1;1;1;1;972;01/03/2017
2017059342;2;2;3;1;3;972;03/03/2017
2017059343;3;1;1;1;7;972;15/03/2017
2017059344;1;1;1;1;2;972;17/03/2017
2017059345;1;2;1;1;6;972;02/04/2017
2017059346;1;2;1;1;6;972;21/04/2017
2017059347;1;1;1;1;6;972;21/05/2017
2017059348;1;2;3;1;3;972;22/05/2017
2017059349;1;2;1;1;1;972;11/06/2017
2017059350;5;2;1;1;1;972;15/06/2017
2017059351;1;1;1;1;5;972;21/08/2017
2017059352;1;2;1;3;6;972;30/09/2017
2017059353;3;1;1;1;6;972;23/10/2017
2017059354;1;1;3;1;2;972;07/11/2017
2017059355;2;2;6;1;7;972;19/11/2017
2017059356;1;1;3;1;5;972;24/11/2017
2017059357;1;1;3;1;1;972;30/12/2017
2017059358;1;2;3;1;6;972;03/02/2017
2017059359;5;1;6;1;7;972;17/02/2017
2017059360;3;1;1;1;6;972;09/07/2017
2017059361;1;1;1;1;6;972;16/07/2017
2017059362;1;2;1;1;1;972;04/09/2017
2017059363;5;1;1;1;6;972;20/10/2017
2017059364;5;2;6;1;1;972;25/11/2017
2017059365;5;2;1;3;6;972;22/12/2017
2017059366;5;2;1;1;7;972;15/02/2017
2017059367;2;1;1;1;1;972;24/03/2017
2017059368;1;2;3;7;7;972;15/07/2017
2017059369;3;1;1;1;2;972;29/10/2017
2017059370;3;1;3;1;5;972;01/11/2017
2017059371;1;2;1;1;6;972;17/11/2017
2017059372;1;1;1;1;2;972;11/01/2017
2017059373;1;1;1;1;6;972;17/01/2017
2017059374;3;1;2;1;3;972;26/01/2017
2017059375;2;2;1;1;5;972;17/02/2017
2017059376;5;2;1;1;7;972;18/02/2017
2017059377;5;2;1;1;7;972;28/02/2017
2017059378;1;1;1;1;1;972;05/03/2017
2017059379;1;1;1;2;2;972;09/03/2017
2017059380;1;1;1;1;7;972;17/05/2017
2017059381;3;1;1;1;1;972;18/06/2017
2017059382;1;2;1;1;3;972;02/12/2017
2017059383;3;1;1;1;6;972;17/12/2017
2017059384;3;2;6;1;6;974;12/02/2017
2017059385;5;1;1;1;1;974;17/03/2017
2017059386;3;2;4;1;1;974;09/07/2017
2017059387;1;1;1;1;2;974;07/09/2017
2017059388;1;1;1;1;5;974;07/10/2017
2017059389;3;1;1;1;2;974;05/10/2017
2017059390;1;2;1;1;7;974;25/10/2017
2017059391;1;2;1;1;7;974;17/11/2017
2017059392;1;1;1;1;7;974;06/01/2017
2017059393;3;1;1;1;6;974;08/01/2017
2017059394;3;2;1;1;6;974;10/02/2017
2017059395;1;2;1;1;1;974;10/02/2017
2017059396;5;1;1;1;6;974;26/02/2017
2017059397;1;1;1;1;2;974;26/02/2017
2017059398;5;2;1;1;3;974;28/02/2017
2017059399;3;2;3;1;6;974;03/03/2017
2017059400;3;1;6;1;6;974;01/04/2017
2017059401;1;1;1;2;6;974;30/04/2017
2017059402;1;2;1;1;3;974;12/05/2017
2017059403;1;2;3;1;6;974;01/06/2017
2017059404;1;1;3;1;3;974;06/07/2017
2017059405;1;2;1;1;2;974;23/07/2017
2017059406;3;1;1;1;1;974;06/08/2017
2017059407;1;1;1;1;3;974;14/09/2017
2017059408;5;2;1;1;1;974;23/09/2017
2017059409;1;2;1;1;6;974;13/10/2017
2017059410;3;1;1;1;1;974;24/10/2017
2017059411;1;1;1;1;6;974;27/10/2017
2017059412;1;1;1;2;6;974;22/11/2017
2017059413;1;2;1;1;7;974;30/11/2017
2017059414;4;1;1;1;6;974;25/12/2017
2017059415;3;1;1;1;7;974;07/01/2017
2017059416;3;2;1;1;1;974;09/01/2017
2017059417;1;2;1;1;3;974;20/02/2017
2017059418;1;2;1;1;3;974;22/02/2017
2017059419;4;2;1;1;6;974;11/03/2017
2017059420;1;2;1;8;3;974;26/03/2017
2017059421;1;2;1;1;7;974;01/04/2017
2017059422;1;1;1;1;7;974;22/04/2017
2017059423;1;2;1;1;1;974;15/05/2017
2017059424;5;2;3;1;3;974;14/06/2017
2017059425;1;2;1;1;7;974;20/06/2017
2017059426;5;2;6;1;3;974;16/07/2017
2017059427;1;2;1;1;1;974;24/07/2017
2017059428;5;2;1;1;1;974;05/08/2017
2017059429;3;2;1;1;6;974;06/08/2017
2017059430;5;2;1;1;6;974;11/08/2017
2017059431;1;2;2;1;3;974;31/08/2017
2017059432;1;2;1;1;7;974;13/10/2017
2017059433;5;2;1;1;2;974;22/10/2017
2017059434;3;2;1;1;6;974;27/10/2017
2017059435;3;2;1;1;1;974;12/12/2017
2017059436;1;2;1;1;6;974;19/12/2017
2017059437;1;2;2;1;3;974;21/12/2017
2017059438;5;2;1;1;7;971;31/12/2017
2017059439;1;1;1;1;3;971;05/02/2017
2017059440;1;2;1;1;3;971;06/02/2017
2017059441;5;2;1;1;3;971;24/03/2017
2017059442;5;2;1;1;6;971;11/04/2017
2017059443;3;2;3;1;2;971;23/06/2017
2017059444;1;2;3;1;3;971;30/09/2017
2017059445;1;2;3;1;3;971;13/10/2017
2017059446;5;1;1;1;1;971;02/12/2017
2017059447;1;2;1;1;6;971;31/01/2017
2017059448;5;2;1;1;1;971;16/02/2017
2017059449;1;2;1;1;3;971;04/03/2017
2017059450;5;2;7;1;3;971;05/04/2017
2017059451;1;2;3;1;3;971;06/05/2017
2017059452;5;2;1;1;6;971;13/05/2017
2017059453;1;2;1;1;7;971;19/05/2017
2017059454;1;1;1;1;7;971;03/06/2017
2017059455;1;1;3;1;7;971;08/06/2017
2017059456;1;2;1;1;2;971;05/07/2017
2017059457;1;1;2;1;3;971;25/07/2017
2017059458;2;2;3;1;3;971;21/08/2017
2017059459;1;2;1;6;7;971;18/09/2017
2017059460;1;2;2;1;3;971;11/10/2017
2017059461;5;2;3;1;3;971;18/11/2017
2017059462;1;2;3;1;6;971;30/11/2017
2017059463;5;2;7;1;2;971;14/12/2017
2017059464;5;2;1;1;2;971;24/12/2017
2017059465;1;2;3;1;5;971;01/01/2017
2017059466;1;1;1;1;7;971;01/01/2017
2017059467;5;2;3;3;6;971;02/01/2017
2017059468;3;1;1;1;1;971;06/01/2017
2017059469;5;1;1;1;7;971;06/01/2017
2017059470;5;2;9;2;7;971;12/01/2017
2017059471;1;2;4;1;3;971;13/01/2017
2017059472;1;2;9;1;3;971;14/01/2017
2017059473;1;2;3;1;3;971;04/01/2017
2017059474;3;2;1;2;7;971;14/01/2017
2017059475;1;1;1;1;2;971;18/01/2017
2017059476;5;2;1;1;2;971;21/01/2017
2017059477;5;2;9;1;3;971;26/01/2017
2017059478;1;1;3;1;3;971;05/02/2017
2017059479;1;2;1;1;7;971;06/02/2017
2017059480;5;2;1;1;7;971;11/02/2017
2017059481;1;1;1;1;4;971;14/02/2017
2017059482;1;2;3;1;6;971;15/02/2017
2017059483;5;2;1;1;3;971;18/02/2017
2017059484;5;1;1;1;7;971;18/02/2017
2017059485;5;1;1;1;7;971;23/02/2017
2017059486;2;2;1;1;6;971;13/11/2017
2017059487;5;2;1;1;2;971;11/03/2017
2017059488;1;1;4;1;3;971;06/03/2017
2017059489;1;1;1;1;3;971;22/03/2017
2017059490;5;2;1;1;7;971;23/03/2017
2017059491;1;2;1;1;7;971;18/03/2017
2017059492;5;1;1;1;7;971;25/03/2017
2017059493;1;2;3;1;3;971;30/03/2017
2017059494;3;1;1;1;1;971;02/04/2017
2017059495;1;2;2;1;2;971;04/04/2017
2017059496;1;1;1;1;1;971;07/04/2017
2017059497;1;2;6;1;7;971;12/04/2017
2017059498;3;2;1;1;3;971;16/04/2017
2017059499;1;2;1;1;7;971;19/04/2017
2017059500;1;2;1;1;7;971;24/04/2017
2017059501;1;1;4;1;3;971;27/04/2017
2017059502;1;1;6;2;2;971;29/04/2017
2017059503;5;2;9;2;6;971;29/04/2017
2017059504;1;1;1;1;3;971;05/05/2017
2017059505;1;1;1;1;3;971;06/05/2017
2017059506;1;2;1;1;7;971;26/04/2017
2017059507;1;2;1;1;3;971;15/05/2017
2017059508;5;2;6;1;3;971;27/05/2017
2017059509;5;1;1;2;1;971;28/05/2017
2017059510;1;1;1;1;6;971;01/06/2017
2017059511;4;1;1;2;6;971;04/06/2017
2017059512;2;2;1;1;3;971;23/03/2017
2017059513;1;2;1;1;3;971;10/06/2017
2017059514;5;2;1;1;7;971;13/06/2017
2017059515;1;1;1;1;3;971;19/06/2017
2017059516;5;2;9;1;6;971;26/06/2017
2017059517;5;1;1;1;6;971;28/06/2017
2017059518;4;1;1;1;7;971;24/06/2017
2017059519;3;2;2;2;1;971;03/07/2017
2017059520;5;2;1;2;6;971;05/07/2017
2017059521;4;1;4;1;1;971;09/07/2017
2017059522;1;1;1;1;3;971;11/07/2017
2017059523;1;2;1;1;6;971;11/07/2017
2017059524;1;1;1;1;1;971;16/07/2017
2017059525;1;2;1;1;6;971;18/07/2017
2017059526;1;2;1;1;1;971;19/07/2017
2017059527;5;1;6;1;7;971;23/07/2017
2017059528;5;2;1;1;2;971;29/07/2017
2017059529;3;1;1;1;2;971;06/08/2017
2017059530;1;1;1;1;5;971;08/08/2017
2017059531;5;1;1;1;1;971;09/08/2017
2017059532;3;1;1;1;6;971;13/08/2017
2017059533;1;1;1;1;2;971;06/08/2017
2017059534;3;1;1;1;2;971;17/08/2017
2017059535;5;2;1;1;6;971;18/08/2017
2017059536;5;2;3;1;3;971;18/08/2017
2017059537;5;2;1;1;2;971;02/09/2017
2017059538;4;2;2;1;3;971;02/09/2017
2017059539;1;1;1;1;6;971;01/09/2017
2017059540;1;2;1;1;7;971;11/09/2017
2017059541;5;2;2;1;6;971;17/09/2017
2017059542;1;2;1;1;2;971;20/09/2017
2017059543;5;2;1;1;3;971;22/09/2017
2017059544;5;2;1;2;6;971;30/09/2017
2017059545;1;1;1;2;6;971;30/09/2017
2017059546;1;2;2;1;5;971;30/09/2017
2017059547;5;2;1;1;5;971;08/10/2017