num_acc;lum;agg;inter;atm;col;dep;date
2017060125;1;2;1;1;2;973;30/10/2017
2017060126;1;2;1;1;6;973;31/10/2017
2017060127;1;2;1;1;3;973;02/11/2017
2017060128;1;2;1;1;3;973;02/11/2017
2017060129;5;2;2;1;3;973;04/11/2017
2017060130;5;1;1;2;1;973;05/11/2017
2017060131;1;2;1;1;2;973;07/11/2017
2017060132;1;2;1;1;6;973;07/11/2017
2017060133;1;1;1;2;3;973;08/11/2017
2017060134;5;2;2;1;3;973;08/11/2017
2017060135;1;2;1;1;3;973;09/11/2017
2017060136;1;2;1;1;6;973;09/11/2017
2017060137;1;2;1;1;2;973;10/11/2017
2017060138;1;2;1;1;3;973;10/11/2017
2017060139;5;2;1;2;2;973;10/11/2017
2017060140;5;2;6;1;3;973;12/11/2017
2017060141;1;2;6;1;3;973;14/11/2017
2017060142;1;2;3;1;3;973;14/11/2017
2017060143;1;2;1;1;3;973;14/11/2017
2017060144;1;1;1;1;2;973;14/11/2017
2017060145;1;2;1;2;7;973;14/11/2017
2017060146;1;2;2;1;3;973;15/11/2017
2017060147;3;2;1;1;3;973;15/11/2017
2017060148;1;2;1;1;3;973;17/11/2017
2017060149;1;2;1;1;1;973;17/11/2017
2017060150;1;2;1;1;3;973;17/11/2017
2017060151;1;2;1;1;3;973;16/11/2017
2017060152;2;2;1;1;6;973;21/11/2017
2017060153;1;2;1;1;3;973;21/11/2017
2017060154;2;2;1;1;3;973;21/11/2017
2017060155;1;1;1;1;7;973;21/11/2017
2017060156;1;2;1;1;6;973;22/11/2017
2017060157;1;2;1;1;5;973;22/11/2017
2017060158;3;2;1;1;6;973;23/11/2017
2017060159;1;2;6;1;2;973;28/07/2017
2017060160;5;1;1;1;3;973;24/11/2017
2017060161;2;1;6;1;6;973;25/11/2017
2017060162;1;2;1;1;3;973;25/11/2017
2017060163;1;2;1;1;3;973;26/11/2017
2017060164;1;2;1;1;3;973;27/11/2017
2017060165;5;2;1;1;7;973;27/11/2017
2017060166;1;2;1;1;1;973;28/11/2017
2017060167;3;2;1;1;2;973;28/11/2017
2017060168;1;1;1;1;3;973;29/11/2017
2017060169;1;1;2;1;3;973;29/11/2017
2017060170;3;2;3;1;6;973;30/11/2017
2017060171;1;2;1;1;2;973;01/12/2017
2017060172;1;1;1;1;6;973;02/12/2017
2017060173;1;2;3;8;3;973;05/12/2017
2017060174;5;1;6;1;3;973;05/12/2017
2017060175;1;1;1;1;6;973;07/12/2017
2017060176;1;2;1;1;3;973;07/12/2017
2017060177;1;1;1;1;6;973;07/12/2017
2017060178;1;2;1;1;3;973;07/12/2017
2017060179;1;2;1;1;3;973;08/12/2017
2017060180;1;2;1;1;3;973;10/12/2017
2017060181;1;2;1;1;2;973;10/12/2017
2017060182;1;2;2;1;3;973;13/12/2017
2017060183;5;2;3;1;3;973;14/12/2017
2017060184;5;2;9;2;7;973;17/12/2017
2017060185;2;1;1;2;6;973;19/12/2017
2017060186;1;2;1;1;3;973;16/12/2017
2017060187;1;2;2;1;3;973;20/12/2017
2017060188;1;2;1;1;6;973;20/12/2017
2017060189;1;2;1;1;3;973;21/12/2017
2017060190;1;2;1;1;3;973;22/12/2017
2017060191;3;2;1;1;3;973;22/12/2017
2017060192;1;2;1;3;2;973;23/12/2017
2017060193;5;2;1;3;7;973;25/12/2017
2017060194;5;2;8;2;6;973;23/12/2017
2017060195;1;2;2;1;6;973;22/12/2017
2017060196;1;2;1;3;2;973;27/12/2017
2017060197;1;2;2;1;6;973;30/12/2017
2017060198;5;1;1;1;6;974;01/01/2017
2017060199;5;2;6;1;6;974;26/12/2017
2017060200;5;2;1;1;6;974;01/01/2017
2017060201;5;1;1;1;2;974;01/01/2017
2017060202;1;2;1;1;2;974;03/01/2017
2017060203;1;2;1;1;6;974;05/01/2017
2017060204;1;2;1;1;2;974;07/01/2017
2017060205;1;1;1;1;6;974;01/01/2017
2017060206;5;2;2;1;1;974;01/02/2017
2017060207;1;1;1;1;3;974;03/02/2017
2017060208;1;2;1;1;3;974;08/02/2017
2017060209;1;2;1;1;6;974;15/02/2017
2017060210;1;2;3;1;1;974;23/02/2017
2017060211;1;2;1;1;6;974;24/02/2017
2017060212;1;1;6;1;3;974;28/02/2017
2017060213;3;2;1;1;3;974;28/02/2017
2017060214;1;1;1;1;6;974;01/03/2017
2017060215;1;2;1;2;6;974;05/03/2017
2017060216;1;2;3;1;3;974;07/03/2017
2017060217;1;2;1;1;6;974;10/03/2017
2017060218;1;1;3;1;3;974;25/03/2017
2017060219;1;2;1;1;3;974;27/03/2017
2017060220;1;1;1;1;2;974;31/03/2017
2017060221;1;2;1;1;2;974;07/04/2017
2017060222;4;1;1;1;2;974;10/04/2017
2017060223;3;2;1;1;7;974;08/04/2017
2017060224;1;2;1;2;3;974;14/04/2017
2017060225;3;2;4;1;3;974;16/04/2017
2017060226;2;2;1;1;6;974;16/04/2017
2017060227;3;1;1;2;4;974;02/05/2017
2017060228;2;1;1;1;6;974;05/05/2017
2017060229;3;1;1;1;7;974;07/05/2017
2017060230;5;1;1;1;3;974;06/05/2017
2017060231;1;2;1;1;7;974;20/05/2017
2017060232;4;2;1;1;3;974;25/05/2017
2017060233;1;1;1;1;1;974;02/06/2017
2017060234;2;1;1;1;2;974;04/06/2017
2017060235;5;2;1;1;6;974;07/06/2017
2017060236;5;2;1;1;3;974;11/06/2017
2017060237;1;1;1;1;2;974;14/06/2017
2017060238;1;1;1;1;2;974;13/06/2017
2017060239;1;2;1;1;3;974;21/06/2017
2017060240;1;2;1;1;6;974;23/06/2017
2017060241;1;2;1;1;6;974;26/06/2017
2017060242;2;2;3;1;3;974;29/06/2017
2017060243;1;2;1;1;6;974;01/07/2017
2017060244;1;1;1;1;7;974;30/06/2017
2017060245;2;1;1;1;3;974;30/06/2017
2017060246;1;2;1;1;2;974;18/07/2017
2017060247;5;1;1;1;3;974;19/07/2017
2017060248;5;2;6;1;3;974;23/07/2017
2017060249;1;2;1;1;2;974;05/08/2017
2017060250;1;2;1;1;2;974;08/08/2017
2017060251;1;1;1;1;4;974;09/08/2017
2017060252;1;2;1;1;2;974;10/08/2017
2017060253;1;2;2;1;6;974;10/08/2017
2017060254;1;1;1;1;6;974;13/08/2017
2017060255;1;1;1;1;2;974;21/08/2017
2017060256;1;2;1;1;6;974;22/08/2017
2017060257;1;1;1;1;4;974;23/08/2017
2017060258;1;2;1;1;2;974;24/08/2017
2017060259;3;2;1;1;7;974;10/09/2017
2017060260;3;2;1;1;7;974;01/07/2017
2017060261;1;2;1;1;6;974;31/08/2017
2017060262;3;1;1;1;2;974;15/09/2017
2017060263;1;2;6;1;1;974;09/10/2017
2017060264;5;2;2;1;3;974;12/10/2017
2017060265;1;1;1;1;6;974;25/10/2017
2017060266;5;2;1;1;3;974;26/10/2017
2017060267;3;2;1;1;6;974;14/08/2017
2017060268;5;2;1;1;2;974;19/08/2017
2017060269;5;2;1;1;6;974;15/11/2017
2017060270;1;1;1;2;3;974;22/11/2017
2017060271;1;2;1;1;6;974;28/11/2017
2017060272;3;2;3;1;3;974;02/12/2017
2017060273;1;2;1;1;6;974;16/12/2017
2017060274;5;2;7;1;6;974;19/12/2017
2017060275;1;1;2;1;3;974;22/12/2017
2017060276;5;1;1;1;2;974;23/12/2017
2017060277;1;2;1;1;6;974;25/12/2017
2017060278;1;1;1;2;3;974;27/12/2017
2017060279;5;1;1;1;6;974;17/12/2017
2017060280;1;2;1;1;4;974;12/11/2017
2017060281;1;2;1;1;6;974;31/12/2017
2017060282;1;1;9;1;1;974;18/02/2017
2017060283;1;2;1;1;1;974;20/12/2017
2017060284;5;2;1;1;6;974;08/04/2017
2017060285;1;2;6;1;6;974;30/04/2017
2017060286;1;2;1;1;3;974;29/11/2017
2017060287;3;1;1;2;1;974;04/05/2017
2017060288;1;2;1;1;6;974;09/06/2017
2017060289;1;2;9;1;3;974;08/07/2017
2017060290;1;2;1;2;4;974;16/08/2017
2017060291;1;2;1;1;3;974;26/08/2017
2017060292;5;2;1;1;6;974;11/09/2017
2017060293;1;2;1;1;7;974;28/07/2017
2017060294;1;2;1;1;6;974;25/09/2017
2017060295;1;2;9;1;3;974;03/11/2017
2017060296;1;2;1;1;3;974;10/08/2017
2017060297;1;2;1;1;6;974;07/12/2017
2017060298;1;1;1;1;6;974;11/11/2017
2017060299;1;1;1;1;1;974;26/11/2017
2017060300;1;2;6;1;7;974;14/12/2017
2017060301;1;1;1;1;6;974;14/12/2017
2017060302;1;1;1;1;2;974;21/12/2017
2017060303;1;2;1;1;2;974;25/01/2017
2017060304;1;2;2;1;3;974;04/02/2017
2017060305;1;2;4;1;1;974;10/02/2017
2017060306;5;2;3;1;1;974;13/02/2017
2017060307;5;2;1;2;5;974;19/02/2017
2017060308;3;2;1;1;7;974;12/03/2017
2017060309;5;2;1;9;6;974;26/03/2017
2017060310;5;2;2;1;3;974;25/03/2017
2017060311;1;1;1;1;2;974;25/03/2017
2017060312;1;1;1;1;6;974;07/04/2017
2017060313;1;2;1;1;6;974;07/04/2017
2017060314;4;2;1;1;6;974;09/04/2017
2017060315;1;2;1;1;6;974;11/04/2017
2017060316;1;2;1;1;6;974;10/04/2017
2017060317;2;2;1;1;6;974;06/05/2017
2017060318;1;1;1;1;6;974;14/05/2017
2017060319;1;2;8;1;6;974;18/05/2017
2017060320;1;2;1;1;6;974;20/05/2017
2017060321;5;1;1;1;6;974;12/06/2017
2017060322;1;2;1;1;3;974;20/06/2017
2017060323;3;2;1;1;6;974;29/06/2017
2017060324;1;2;1;1;7;974;30/06/2017
2017060325;5;2;1;1;3;974;13/07/2017
2017060326;1;2;1;1;6;974;15/07/2017
2017060327;1;2;1;1;6;974;27/07/2017
2017060328;1;2;1;1;6;974;16/08/2017
2017060329;5;2;1;1;6;974;24/06/2017
2017060330;1;2;1;1;6;974;24/08/2017
2017060331;5;2;1;1;7;974;01/09/2017
2017060332;1;2;1;1;6;974;13/09/2017
2017060333;5;2;3;1;6;974;19/09/2017
2017060334;1;2;2;1;3;974;23/09/2017
2017060335;1;2;1;1;6;974;29/09/2017
2017060336;1;2;1;1;6;974;12/07/2017
2017060337;1;1;1;1;2;974;04/10/2017
2017060338;1;2;1;1;3;974;06/10/2017
2017060339;5;2;3;1;3;974;14/10/2017
2017060340;3;2;1;1;1;974;19/10/2017
2017060341;1;2;2;1;2;974;25/10/2017
2017060342;5;2;6;3;3;974;30/10/2017
2017060343;1;1;1;1;6;974;23/10/2017
2017060344;1;2;1;1;7;974;06/11/2017
2017060345;5;1;1;1;4;974;07/11/2017
2017060346;5;2;1;1;6;974;09/11/2017
2017060347;1;2;3;1;3;974;25/11/2017
2017060348;5;1;1;1;2;974;26/10/2017
2017060349;5;2;9;1;6;974;23/09/2017
2017060350;1;1;1;8;5;974;08/12/2017
2017060351;1;1;1;2;3;974;16/12/2017
2017060352;1;2;1;1;6;974;19/12/2017
2017060353;1;2;1;1;1;974;20/12/2017
2017060354;3;2;1;1;2;974;21/12/2017
2017060355;5;1;1;1;6;974;01/01/2017
2017060356;1;1;3;1;3;974;05/01/2017
2017060357;5;1;1;1;2;974;06/01/2017
2017060358;1;2;1;1;3;974;24/11/2017
2017060359;1;1;1;1;6;974;10/01/2017
2017060360;1;1;1;1;7;974;22/12/2017
2017060361;1;1;1;1;2;974;05/01/2017
2017060362;5;2;1;1;6;974;02/12/2017
2017060363;1;1;9;1;1;974;10/01/2017
2017060364;1;2;1;8;3;974;16/01/2017
2017060365;1;2;1;1;6;974;02/11/2017
2017060366;5;1;1;1;6;974;16/01/2017
2017060367;1;2;6;1;3;974;17/01/2017
2017060368;3;1;9;1;5;974;02/12/2017
2017060369;1;1;1;1;6;974;27/12/2017
2017060370;1;2;3;1;6;974;23/01/2017
2017060371;1;1;1;1;6;974;25/12/2017
2017060372;1;2;1;1;3;974;27/01/2017
2017060373;5;2;2;1;3;974;23/11/2017
2017060374;1;2;9;1;6;974;26/01/2017
2017060375;1;1;1;1;3;974;10/02/2017
2017060376;2;1;1;1;3;974;09/02/2017
2017060377;1;1;1;1;3;974;12/02/2017
2017060378;5;2;3;1;6;974;14/02/2017
2017060379;1;2;2;1;3;974;17/02/2017
2017060380;1;1;1;1;2;974;12/02/2017
2017060381;2;1;1;1;7;974;19/02/2017
2017060382;1;1;1;1;6;974;20/02/2017
2017060383;2;1;1;2;5;974;21/02/2017
2017060384;1;2;1;1;7;974;01/03/2017
2017060385;1;2;1;1;2;974;05/03/2017
2017060386;1;1;1;1;5;974;10/03/2017
2017060387;3;1;3;1;1;974;11/03/2017
2017060388;1;1;1;2;7;974;13/03/2017
2017060389;5;2;1;1;7;974;07/03/2017
2017060390;1;1;1;1;2;974;17/03/2017
2017060391;2;1;1;1;7;974;19/03/2017
2017060392;5;2;9;2;1;974;22/03/2017
2017060393;1;1;1;1;2;974;19/03/2017
2017060394;5;2;1;1;6;974;27/03/2017
2017060395;1;1;1;1;6;974;31/03/2017
2017060396;3;1;1;1;2;974;01/04/2017
2017060397;1;2;1;1;1;974;07/04/2017
2017060398;2;2;1;1;6;974;07/04/2017
2017060399;5;2;1;1;7;974;05/03/2017
2017060400;3;1;1;1;7;974;08/01/2017
2017060401;3;1;1;1;6;974;22/01/2017
2017060402;1;1;3;1;3;974;31/03/2017
2017060403;1;2;1;1;6;974;04/04/2017
2017060404;3;1;1;1;6;974;12/04/2017
2017060405;3;1;1;1;1;974;17/04/2017
2017060406;5;2;1;1;6;974;21/04/2017
2017060407;1;2;1;2;2;974;02/05/2017
2017060408;1;2;1;1;3;974;04/05/2017
2017060409;1;1;9;1;7;974;24/04/2017
2017060410;3;1;1;1;3;974;08/05/2017
2017060411;2;2;1;1;6;974;09/05/2017
2017060412;1;1;1;1;2;974;26/02/2017
2017060413;1;2;6;1;2;974;10/02/2017
2017060414;2;2;6;1;1;974;21/05/2017
2017060415;5;1;1;9;2;974;21/05/2017
2017060416;2;1;1;1;3;974;25/05/2017
2017060417;1;1;1;1;2;974;30/05/2017
2017060418;1;1;1;1;3;974;30/05/2017
2017060419;1;1;1;1;7;974;03/03/2017
2017060420;1;2;1;1;3;974;08/03/2017
2017060421;5;2;3;2;6;974;06/06/2017
2017060422;5;2;1;1;3;974;02/06/2017
2017060423;1;1;1;7;3;974;14/06/2017
2017060424;1;2;1;1;6;974;16/06/2017
2017060425;1;1;1;1;7;974;12/06/2017
2017060426;5;2;1;1;6;974;17/06/2017
2017060427;3;1;1;1;6;974;18/06/2017
2017060428;1;2;4;2;6;974;20/06/2017
2017060429;3;1;1;1;6;974;30/04/2017
2017060430;5;1;1;1;6;974;24/06/2017
2017060431;1;1;1;1;3;974;24/06/2017
2017060432;1;2;1;1;7;974;25/06/2017
2017060433;5;2;3;1;3;974;25/06/2017
2017060434;1;1;1;1;6;974;29/06/2017
2017060435;1;1;1;1;4;974;24/04/2017
2017060436;1;1;1;1;6;974;01/07/2017
2017060437;1;2;1;1;1;974;06/07/2017
2017060438;5;2;4;2;7;974;09/07/2017
2017060439;3;1;1;1;7;974;28/05/2017
2017060440;1;2;3;1;2;974;10/05/2017
2017060441;1;2;1;1;1;974;12/07/2017
2017060442;3;2;6;1;3;974;13/07/2017
2017060443;1;2;1;1;3;974;14/07/2017
2017060444;1;1;1;1;1;974;29/06/2017
2017060445;1;1;1;1;3;974;18/07/2017
2017060446;2;2;1;1;4;974;25/07/2017
2017060447;3;1;1;1;6;974;26/07/2017
2017060448;1;2;1;1;2;974;29/06/2017
2017060449;5;1;1;1;1;974;29/07/2017
2017060450;1;1;1;1;7;974;31/07/2017
2017060451;1;2;2;1;6;974;02/08/2017
2017060452;5;2;1;1;7;974;29/05/2017
2017060453;5;2;1;1;6;974;01/07/2017
2017060454;1;2;3;1;6;974;04/08/2017
2017060455;1;2;1;1;2;974;04/08/2017
2017060456;5;2;1;1;7;974;04/08/2017
2017060457;3;1;1;1;2;974;05/08/2017
2017060458;2;1;1;1;3;974;07/08/2017
2017060459;1;2;1;1;7;974;05/07/2017
2017060460;1;2;3;1;6;974;03/08/2017
2017060461;1;2;1;2;6;974;10/08/2017
2017060462;3;1;1;1;6;974;14/08/2017
2017060463;1;2;9;1;3;974;14/08/2017
2017060464;1;1;1;1;3;974;18/08/2017
2017060465;1;2;1;1;1;974;20/08/2017
2017060466;1;1;3;1;3;974;20/08/2017
2017060467;3;1;1;1;5;974;20/08/2017
2017060468;3;1;9;1;6;974;23/06/2017
2017060469;5;1;1;1;7;974;31/08/2017
2017060470;3;1;1;3;6;974;01/09/2017
2017060471;2;1;1;1;6;974;01/05/2017
2017060472;3;1;1;1;2;974;04/09/2017
2017060473;1;1;1;1;4;974;05/09/2017
2017060474;2;2;1;1;2;974;06/09/2017
2017060475;2;2;1;1;2;974;15/07/2017
2017060476;1;1;1;1;7;974;03/07/2017
2017060477;5;1;3;1;3;974;06/09/2017
2017060478;1;2;1;1;7;974;10/08/2017
2017060479;3;1;9;1;7;974;21/08/2017
2017060480;1;1;1;1;6;974;07/09/2017
2017060481;2;2;1;1;2;974;02/07/2017
2017060482;1;2;1;1;6;974;24/07/2017
2017060483;1;1;1;9;1;974;11/09/2017
2017060484;1;1;1;1;6;974;31/08/2017
2017060485;5;1;1;1;3;974;12/09/2017
2017060486;1;1;1;1;2;974;22/07/2017
2017060487;1;2;1;1;2;974;27/07/2017
2017060488;1;2;1;1;3;974;14/09/2017
2017060489;1;2;1;1;2;974;15/09/2017
2017060490;3;1;1;1;7;974;16/09/2017
2017060491;1;2;1;1;7;974;04/07/2017
2017060492;1;1;1;1;1;974;22/08/2017
2017060493;1;1;1;1;6;974;21/09/2017
2017060494;4;1;1;1;5;974;22/09/2017
2017060495;2;1;1;1;6;974;24/09/2017
2017060496;5;2;1;1;6;974;26/09/2017
2017060497;1;1;1;1;3;974;27/09/2017
2017060498;1;2;1;1;2;974;28/09/2017
2017060499;3;1;1;2;6;974;01/10/2017
2017060500;1;2;1;1;6;974;03/10/2017
2017060501;1;2;1;1;5;974;03/10/2017
2017060502;1;2;1;1;3;974;04/10/2017
2017060503;1;2;1;1;4;974;02/10/2017
2017060504;1;2;1;1;2;974;07/10/2017
2017060505;1;2;1;1;3;974;11/10/2017
2017060506;5;2;1;1;7;974;14/10/2017
2017060507;3;2;4;1;3;974;15/10/2017
2017060508;1;1;1;1;4;974;17/10/2017
2017060509;1;1;1;1;7;974;19/10/2017
2017060510;1;1;1;7;4;974;29/10/2017
2017060511;1;2;1;1;1;974;31/10/2017
2017060512;1;2;2;1;3;974;03/11/2017
2017060513;5;1;1;1;2;974;05/11/2017
2017060514;1;2;1;1;6;974;06/11/2017
2017060515;5;2;1;1;7;974;07/11/2017
2017060516;1;1;6;1;2;974;03/11/2017
2017060517;1;1;1;1;6;974;07/11/2017
2017060518;1;1;1;1;6;974;03/11/2017
2017060519;1;2;1;1;6;974;11/11/2017
2017060520;1;2;6;1;7;974;14/11/2017
2017060521;1;1;1;1;1;974;23/11/2017
2017060522;1;2;2;1;3;974;23/11/2017
2017060523;1;2;1;1;3;974;25/11/2017
2017060524;5;2;2;1;3;974;30/11/2017
2017060525;1;2;2;1;3;974;02/12/2017
2017060526;1;1;1;1;6;974;04/12/2017
2017060527;1;1;1;1;6;974;04/12/2017
2017060528;1;1;1;1;2;974;05/12/2017
2017060529;1;2;1;1;2;974;07/12/2017
2017060530;3;1;1;1;7;974;28/07/2017
2017060531;1;2;6;1;6;974;04/09/2017
2017060532;1;1;1;1;7;974;01/12/2017
2017060533;1;2;1;1;3;974;12/12/2017
2017060534;5;2;1;1;6;974;17/12/2017
2017060535;1;1;1;1;4;974;18/12/2017
2017060536;1;2;1;1;7;974;17/12/2017
2017060537;1;2;9;1;6;974;18/12/2017
2017060538;2;1;1;2;5;974;16/12/2017
2017060539;3;2;1;1;6;974;19/12/2017
2017060540;1;2;2;1;3;974;31/12/2017
2017060541;5;2;1;1;7;976;02/12/2017
2017060542;1;2;1;1;6;976;12/12/2017
2017060543;2;2;1;1;6;976;02/12/2017
2017060544;1;2;1;1;6;976;15/12/2017
2017060545;1;2;1;1;6;976;15/12/2017
2017060546;3;1;1;3;7;976;12/12/2017
2017060547;1;2;1;1;6;976;16/12/2017
2017060548;2;2;3;1;3;976;04/12/2017
2017060549;1;2;1;1;2;976;31/12/2017
2017060550;2;2;1;3;1;976;05/12/2017
2017060551;1;2;1;1;3;976;02/01/2017
2017060552;1;2;1;1;2;976;31/12/2017
2017060553;3;1;1;1;7;976;05/01/2017
2017060554;1;2;1;1;2;976;31/12/2017
2017060555;2;2;1;1;4;976;10/01/2017
2017060556;2;1;1;1;2;976;08/12/2017
2017060557;1;2;1;1;6;976;12/01/2017
2017060558;3;2;1;1;6;976;08/12/2017
2017060559;1;2;1;1;6;976;14/01/2017
2017060560;1;2;1;1;3;976;15/01/2017
2017060561;1;2;1;1;6;976;14/01/2017
2017060562;1;2;1;1;6;976;22/01/2017
2017060563;1;2;1;1;6;976;21/01/2017
2017060564;3;2;6;1;3;976;01/01/2017
2017060565;2;2;1;2;2;976;19/01/2017
2017060566;1;2;1;1;3;976;01/02/2017
2017060567;1;2;1;1;6;976;16/02/2017
2017060568;5;2;1;1;1;976;28/12/2017
2017060569;1;2;3;2;6;976;10/02/2017
2017060570;2;2;6;1;7;976;02/02/2017
2017060571;1;2;4;1;2;976;09/02/2017
2017060572;1;2;1;2;7;976;06/02/2017
2017060573;2;2;1;1;3;976;15/02/2017
2017060574;1;2;1;1;6;976;08/02/2017
2017060575;2;2;1;1;6;976;03/02/2017
2017060576;5;2;1;1;3;976;28/02/2017
2017060577;2;2;1;1;6;976;28/02/2017
2017060578;1;2;1;1;6;976;28/02/2017
2017060579;3;2;1;1;3;976;23/03/2017
2017060580;1;2;1;1;3;976;21/03/2017
2017060581;1;2;1;1;7;976;22/03/2017
2017060582;1;2;1;1;3;976;10/03/2017
2017060583;1;2;1;1;6;976;26/05/2017
2017060584;2;2;1;1;3;976;23/03/2017
2017060585;3;2;1;1;6;976;14/03/2017
2017060586;5;2;9;1;6;976;12/05/2017
2017060587;5;2;1;1;6;976;16/03/2017
2017060588;4;2;1;2;6;976;02/04/2017
2017060589;3;2;1;1;3;976;28/04/2017
2017060590;5;2;1;1;3;976;08/04/2017
2017060591;1;2;1;1;6;976;05/04/2017
2017060592;1;2;1;1;6;976;15/04/2017
2017060593;1;2;6;1;6;976;25/04/2017
2017060594;1;2;1;1;1;976;06/04/2017
2017060595;1;2;1;1;6;976;07/04/2017
2017060596;1;2;9;1;6;976;18/04/2017
2017060597;2;2;1;1;6;976;12/04/2017
2017060598;1;2;1;9;6;976;29/04/2017
2017060599;3;2;1;1;3;976;14/04/2017
2017060600;2;2;1;1;6;976;07/04/2017
2017060601;1;2;1;1;5;976;14/04/2017
2017060602;2;2;1;1;7;976;01/05/2017
2017060603;1;2;9;1;3;976;24/05/2017
2017060604;1;2;1;1;1;976;03/05/2017
2017060605;2;2;1;1;7;976;04/05/2017
2017060606;1;2;4;1;3;976;06/05/2017
2017060607;2;2;1;1;3;976;17/05/2017
2017060608;3;2;1;1;7;976;27/05/2017
2017060609;4;2;1;1;2;976;16/05/2017
2017060610;5;2;1;1;6;976;30/05/2017
2017060611;1;2;1;1;6;976;25/05/2017
2017060612;1;2;7;1;2;976;29/05/2017
2017060613;1;2;1;1;2;976;01/05/2017
2017060614;1;1;1;1;7;976;23/05/2017
2017060615;2;2;9;1;3;976;12/06/2017
2017060616;1;2;1;1;6;976;09/06/2017
2017060617;2;2;1;1;6;976;09/06/2017
2017060618;1;2;1;1;6;976;09/06/2017
2017060619;1;2;1;1;6;976;16/06/2017
2017060620;1;2;1;1;7;976;06/06/2017
2017060621;3;2;1;1;7;976;14/06/2017
2017060622;1;2;1;1;6;976;13/06/2017
2017060623;1;2;1;1;3;976;03/07/2017
2017060624;1;2;1;1;2;976;15/06/2017
2017060625;1;2;1;1;6;976;18/06/2017
2017060626;1;2;9;1;7;976;20/06/2017
2017060627;1;2;1;1;1;976;10/06/2017
2017060628;1;2;1;1;6;976;23/06/2017
2017060629;1;2;1;1;3;976;29/06/2017
2017060630;2;2;1;1;3;976;07/06/2017
2017060631;2;2;1;1;6;976;09/06/2017
2017060632;1;2;1;1;5;976;15/06/2017
2017060633;5;2;1;1;6;976;04/07/2017
2017060634;2;2;1;1;1;976;02/07/2017
2017060635;2;2;1;1;6;976;06/07/2017
2017060636;1;2;1;1;6;976;07/07/2017
2017060637;1;2;9;1;6;976;18/07/2017
2017060638;3;2;1;1;3;976;22/07/2017
2017060639;1;2;4;1;6;976;19/07/2017
2017060640;3;1;1;1;6;976;27/07/2017
2017060641;1;2;9;1;1;976;28/07/2017
2017060642;5;2;1;1;3;976;10/07/2017
2017060643;5;2;9;1;6;976;30/07/2017
2017060644;1;2;1;1;6;976;30/07/2017
2017060645;1;1;1;1;6;976;31/07/2017
2017060646;1;2;1;1;6;976;01/08/2017
2017060647;1;1;1;1;2;976;08/08/2017
2017060648;3;1;1;1;6;976;09/08/2017
2017060649;1;2;1;1;6;976;09/08/2017
2017060650;2;1;1;1;2;976;12/08/2017
2017060651;2;2;1;1;3;976;15/08/2017
2017060652;1;1;1;1;6;976;18/08/2017
2017060653;2;1;1;1;2;976;23/08/2017
2017060654;1;2;1;1;6;976;27/08/2017
2017060655;1;2;1;1;1;976;10/09/2017
2017060656;1;2;1;1;6;976;19/09/2017
2017060657;1;2;1;1;3;976;05/09/2017
2017060658;1;2;1;1;7;976;22/09/2017
2017060659;1;2;1;1;6;976;23/09/2017
2017060660;1;2;1;1;6;976;08/09/2017
2017060661;1;2;1;1;6;976;08/09/2017
2017060662;2;2;1;1;1;976;15/09/2017
2017060663;5;2;1;1;1;976;09/09/2017
2017060664;3;2;1;1;7;976;10/09/2017
2017060665;1;2;1;1;7;976;10/09/2017
2017060666;1;1;1;1;1;976;12/09/2017
2017060667;1;2;1;1;2;976;25/08/2017
2017060668;2;2;1;1;6;976;27/09/2017
2017060669;2;2;1;1;3;976;15/09/2017
2017060670;1;2;1;1;6;976;16/09/2017
2017060671;1;1;1;1;6;976;09/10/2017
2017060672;2;2;1;1;3;976;19/10/2017
2017060673;1;2;9;1;3;976;09/10/2017
2017060674;1;1;1;1;2;976;14/10/2017
2017060675;1;1;1;1;2;976;05/10/2017
2017060676;1;2;1;1;6;976;09/10/2017
2017060677;3;2;1;1;2;976;07/10/2017
2017060678;3;1;1;1;6;976;01/10/2017
2017060679;1;2;1;1;6;976;07/10/2017
2017060680;1;2;1;1;3;976;08/10/2017
2017060681;1;2;9;1;6;976;09/10/2017
2017060682;1;2;1;1;7;976;13/10/2017
2017060683;1;1;1;1;2;976;02/10/2017
2017060684;1;2;1;1;3;976;22/10/2017
2017060685;1;1;1;1;7;976;05/10/2017
2017060686;3;2;1;1;6;976;07/10/2017
2017060687;1;1;1;1;3;976;03/10/2017
2017060688;1;2;1;1;3;976;19/10/2017
2017060689;1;1;9;1;6;976;31/10/2017
2017060690;1;1;1;1;2;976;14/10/2017
2017060691;3;2;1;1;7;976;07/12/2017
2017060692;3;2;1;1;6;976;07/11/2017
2017060693;3;2;1;1;6;976;10/11/2017
2017060694;3;1;9;1;1;976;10/11/2017
2017060695;1;2;1;1;1;976;12/11/2017
2017060696;1;2;3;1;1;976;14/11/2017
2017060697;1;2;1;1;6;976;19/11/2017
2017060698;1;1;6;1;7;976;25/11/2017
2017060699;2;2;1;1;3;976;26/11/2017
2017060700;1;2;1;1;3;976;28/11/2017
2017060701;3;2;1;1;6;976;30/11/2017